racket_angle,traj_dir,spin_before_x,spin_before_y,spin_before_z,spin_after_x,spin_after_y,spin_after_z,v_in_x,v_in_y,v_in_z,v_out_x,v_out_y,v_out_z
0,037,-4.233297221085575,50.79911017346203,-9.535189976421885,0.8329869024928671,11.52155743528834,22.371648537826356,0.22065068985394862,0.0,-4.868567121121386,0.8465777529812488,0.0,3.82398911094547
0,053,-14.384414039097921,164.0260762906887,-14.53450174963794,7.295644095602247,10.293176494601553,21.475271342388105,0.40281423438510083,0.0,-5.457486904442859,2.49943380623276,0.0,4.270560248825975
0,251,-33.350991182611324,432.31480155268946,-15.117070625361078,15.295431744836305,76.36056662236047,26.527330925515404,0.8983763249454835,0.0,-8.749081782803659,6.10329148863335,0.0,6.23188946577591
0,141,-14.519369171066836,195.38386039048615,-9.515600080672757,5.093258207686833,45.00332732157661,20.257863825538966,0.8322074554038535,0.0,-6.8381421824052095,3.190506228325407,0.0,5.27553727444333
0,154,-22.991879770789716,246.89436717700252,-18.35680073917939,11.261684812391245,-2.9904745494231926,19.654954911225058,0.295690662701975,0.0,-4.943536820293091,3.541941210873722,0.0,3.9493705495577474
0,331,-47.63707400271038,400.8309952811422,-20.34941072415185,7.250481909514851,59.64103272801503,30.74357405008399,1.0244172811914019,0.0,-7.977163615925654,5.657002266343851,0.0,5.8458828784021915
0,003,16.641512892960538,-249.54703152245813,15.08137848427842,-19.891867276496473,35.80720554400642,11.980868483978588,0.24757460499581949,0.0,-4.28082453091978,-3.3794317388404127,0.0,3.4925562969369075
0,151,-24.918874667759823,273.46737925875385,-10.374660425208614,6.417831975909617,47.33509991406568,15.608483841364132,0.7816001704561044,0.0,-7.654868276060396,4.13756805303553,0.0,5.512987164080922
0,048,-16.503550610371825,144.94954961483577,-0.6011517732804711,-2.6787767143165233,50.391974459524285,25.445080687013878,0.9529559321536215,0.0,-7.034645328811399,2.466931073364981,0.0,5.3710129024553614
0,152,-27.023642365700745,287.33469802300795,-23.375144835335945,5.678480422849444,45.36840358303012,25.991306446177653,0.7985385299057284,0.0,-7.78810355258315,4.296444714499168,0.0,5.784477878353327
0,164,-49.59325434037278,486.03112260132417,-21.21505788227806,19.47824851008453,61.55200123495118,26.822843534769166,0.7237632197809933,0.0,-5.422132463432577,6.526613152924025,0.0,4.027091739099479
0,193,15.476213285870367,-172.77126346385091,26.807349201877095,-14.710720176548223,38.390092429061006,24.322901786972757,0.45189065575597404,0.0,-8.558241025408856,-2.1903498239650783,0.0,6.219124953826891
0,248,-28.922968237130036,416.1029348959653,-35.13694198210127,8.850117709846906,56.95977764079207,27.857578262318558,0.9649185090400595,0.0,-8.096559549127418,5.797138171800979,0.0,6.2682149632540725
0,249,-52.50587745449329,412.94103719267576,-13.403316935732422,-4.26075872327382,67.89292524327925,12.555533908440275,0.9407870269208526,0.0,-8.40928587506028,5.878107076217877,0.0,6.087163522772049
0,221,-14.900786361650399,79.16998441998824,1.363472479110795,-7.917407964095366,34.55942390439948,14.355326284050829,0.6619054041353698,0.0,-8.505345301935998,1.4449906665589995,0.0,6.47531843774519
0,262,13.96614962493207,-345.23020583790833,31.264171098971165,-24.15354800232017,34.198832543757995,13.438150312465005,0.5012669180241319,0.0,-6.650011746583822,-4.319152058158159,0.0,5.1012492125630775
0,222,-9.66168810806624,82.50888864419925,-1.1044123027719672,-2.7416329562349935,37.26876316058084,18.46365730579389,0.7236658345386138,0.0,-8.99549175708664,1.467430903805453,0.0,6.6756115705485755
0,205,11.206082744663394,-149.20843431939574,12.24645265280419,-12.17483765442262,56.47221548424353,23.93800163367779,0.5939702921515555,0.0,-9.699977472039919,-1.6606364096743382,0.0,7.0103636475632864
0,102,18.848330576122354,-225.6624843327964,15.806749321652513,-17.46992202761431,64.85444121072395,16.165586395030275,0.8144999202725204,0.0,-5.926093456169397,-2.7777543851651427,0.0,4.7448053290873355
0,107,4.5985585710875485,-63.457285894307844,3.1890105984654453,-6.402252693222576,25.164802483978214,18.904694792610954,0.19778683883766585,0.0,-4.519586663350515,-0.8077677887916852,0.0,3.706769097602854
0,223,-15.034620953091151,79.58967678509273,9.965567052867305,-10.7801234697963,39.4393601324736,20.949472833266555,0.6354716325930242,0.0,-8.93220317798068,1.454980283770126,0.0,6.777553309602136
0,188,24.382448859326463,-315.2673360172821,35.919435076270055,-17.452531719011425,26.345682247674322,10.281075987005185,0.18315829528150557,0.0,-7.90845442558093,-3.9493811854270966,0.0,6.023073027660461
0,100,11.49997790782699,-205.6286061258936,15.0709575821928,-17.818902185013798,61.439198963469366,9.95437559520185,0.7685674578255546,0.0,-5.830554305993227,-2.702522708388197,0.0,4.508042364888192
0,075,-26.2892874020399,331.8589781439957,-27.381703900806446,11.469409458111672,27.602651205239077,23.037725895253597,0.46351262286658773,0.0,-7.024936684678869,4.73221871365069,0.0,5.167298988304644
0,134,-10.746497706673614,139.25441412081483,-12.84006831238444,3.1523909354993687,46.73555162121646,22.329278819263333,0.9017992846796874,0.0,-7.343393824618671,2.371494810000699,0.0,5.662307319487266
0,002,14.46371605465176,-229.9569681219539,10.538085875053522,-17.493977756005233,29.737137207116618,11.014114744311158,0.13638572939840274,0.0,-3.927685148811577,-3.171082023734289,0.0,3.3457118957476037
0,099,15.249547602045363,-188.84877038801866,12.124872967805674,-13.969215858164935,66.57789559126336,16.61734504501492,0.8048488162698084,0.0,-5.446346026065156,-2.464743601521309,0.0,4.202340406197395
0,229,-24.18220427233865,191.71175135677197,-13.48376856012667,0.6134567432627346,40.389355812975076,27.626717395767603,0.7177787461548073,0.0,-8.426138094365799,3.0632894170056733,0.0,6.177946191771892
0,166,-56.59604009186041,561.4979473324341,-32.40725481444531,16.670676907105708,85.01866215937136,25.686615045466194,0.8444815705407742,0.0,-6.42549621413737,8.154108914396053,0.0,3.9601733161625035
0,105,-2.741086914334102,-49.70028099728742,0.024027126716592753,-7.159519520847925,6.470324734378292,18.342305916815583,-0.043161662146582944,0.0,-3.812470485333233,-0.6191240852559011,0.0,3.1646716580876246
0,136,-12.451838398716058,104.19080193985096,0.7937497205019347,-3.8738391698898953,45.04208002290515,18.340119286801933,0.796305327957551,0.0,-8.019912211408084,1.8493459889879014,0.0,5.73198949460473
0,339,-43.163184248510255,661.0043333926242,-23.030614491008212,15.71681731611573,98.16535164846687,24.606959590037125,0.6932015526080144,0.0,-7.01672224434607,8.186212547623754,0.0,5.383298544300944
0,081,-49.48375124947347,535.1827901078473,-43.92275036238432,26.67977944434622,79.47733270552189,23.052178467971597,0.7781440933568875,0.0,-5.886550333046756,7.362460957402939,0.0,3.9978211874804384
0,190,25.138681944245647,-308.7595977026334,32.44502955996216,-21.01389788469879,24.527909309352136,15.39100815142434,0.23827335521801984,0.0,-8.308561747494858,-3.915138729916278,0.0,6.0455635667114995
0,203,2.2668417613501695,-92.91702813564063,8.614730404445119,-17.029013446247532,59.80565704976419,24.158146136883655,0.7796987543359505,0.0,-8.863423092764213,-0.8278750168452943,0.0,6.599455440327308
0,233,-19.722608526738703,183.95151819509255,-13.396516108154378,-1.2334944508713965,50.89864967608835,20.78683980543176,1.0608875763312633,0.0,-8.983049955343892,2.997134067352432,0.0,6.68863587974512
0,117,-1.8988437523381791,0.3863048510074807,1.4957666005111612,-7.7602594040418005,47.32076653763774,17.853547199787087,0.777425478835358,0.0,-6.518325828213809,0.36521958596295356,0.0,5.074832059034162
0,323,-24.82577040219848,290.39336074610816,-20.076893533202448,-2.6915939355549523,47.53153839162254,27.775468547453535,0.9518283717347944,0.0,-8.122755854164932,4.366273089264336,0.0,5.8848317681752045
0,212,-12.872348753198581,-0.558972746007175,11.509726067067191,-13.87373187157691,41.65627193813517,18.27174346178471,0.6034862380707917,0.0,-8.84085925658199,0.371272697351074,0.0,6.635245690496819
0,032,-3.5988299383847657,7.242921244912897,-4.68327085176882,-3.532751039774598,21.602850721197466,21.554069826371503,0.24071568334115973,0.0,-4.742715889328997,0.3397219042121182,0.0,3.8060445331935853
0,056,-11.729076357406448,201.8193346926804,-8.037631956005272,4.283959743446549,43.71066436925696,24.406244752920212,0.8576548985938434,0.0,-7.087294717469313,3.152963256082584,0.0,5.49125993725931
0,129,-13.165262696972794,107.68386464400656,-15.437897523848347,3.972716172205259,1.7666084978738101,21.975806908466552,0.12455160114616579,0.0,-4.636322761175315,1.6952096774911665,0.0,3.720063918032552
0,275,12.26672513607011,-302.9121006966373,28.808002962156497,-17.70600672071109,37.31485808875748,16.82389429180024,0.3708991383984048,0.0,-7.20418789125983,-3.8502612064545985,0.0,5.539229828591138
0,156,-20.7768416826886,305.60142982424753,-24.51738192375394,16.199610693154565,2.8182603766763736,14.699064486074889,0.23523752443982587,0.0,-6.20943987664396,4.361359942323453,0.0,4.67991363662869
0,327,-28.354055162701567,267.3024785550425,-15.500568841611726,-0.5296362537853487,36.50766766536426,14.35335788497607,0.8149361885996675,0.0,-7.97775075935751,4.026870930403231,0.0,6.0735952177814445
0,022,1.0487319625390539,-56.91318334366588,-0.26632747112043453,-7.877837693993341,16.831007106714825,19.734675955598767,0.08830084787366363,0.0,-4.231146157514353,-0.7412539077771617,0.0,3.3721269481560574
0,120,-6.598912592497279,42.914441569752064,-11.05910156863797,-0.8070486353287418,4.654624259696065,21.197562580247244,0.013822290416875454,0.0,-4.371954747604176,0.7770881278252133,0.0,3.4597756930872534
0,218,0.5994177006886628,-83.38964527939368,20.163691767414495,-11.442290306293282,40.84207456207846,22.22899059103136,0.41219779961932673,0.0,-10.080158994278232,-0.7853200734173842,0.0,7.2735666310956155
0,125,-5.190923323202667,51.982804307692554,-9.192939025181625,-3.750445317286558,51.323598000685955,20.689146714929855,0.8634622536218063,0.0,-6.632947390638447,1.1713371974499265,0.0,5.218106376373915
0,093,9.807505255154286,-142.0818995536909,8.401868298835536,-12.134938452974161,13.190014316908144,13.195431205152634,-0.06909879261893503,0.0,-3.767315755432409,-2.0146531942154766,0.0,3.0874945546062453
0,260,12.525175547010424,-332.2846772629115,29.524797521837645,-27.030262364643054,38.76355763412813,21.46315340995169,0.43643907727595,0.0,-6.184728514865552,-4.226075498015337,0.0,4.773959033608524
0,122,-4.000655822096463,51.76856974119141,-11.719978662441013,1.7483843199459401,13.501048891585059,19.14254777685325,0.08548934264621708,0.0,-4.677852669809382,0.7563146067035326,0.0,3.953279524983604
0,177,31.323405599755088,-374.16129053828695,18.112070530165724,-25.95756073945996,31.262891705230373,17.61763966130024,0.4651727989379757,0.0,-7.580575117747995,-4.781200589623788,0.0,5.556169989440132
0,215,-2.201373200153615,-68.60564346827178,9.145994503477157,-12.4449635564986,40.982154177287946,22.13203716445076,0.5206975051371013,0.0,-9.568014180453236,-0.6421194415006166,0.0,6.971016386085341
0,217,3.3552592898849003,-75.68232549796006,11.117589085338945,-11.560740231025203,44.96330177732728,14.767114823928301,0.3246467254002567,0.0,-8.444173723741496,-0.5928294054589863,0.0,7.1210479375966775
0,008,28.798583424442377,-306.31038662138957,29.68481704857074,-24.787854685730114,46.046766092419716,13.248823409348125,0.5182921368468273,0.0,-5.546053512490671,-4.069575257575397,0.0,4.513175199309215
0,030,-6.852555517016365,9.934073778313648,-5.229707246531717,-2.9682409241769023,-2.860311373191037,21.31573414342585,-0.08387113624388592,0.0,-3.9413241687246425,0.235095674339863,0.0,3.1844607456116907
0,062,-19.508299730335967,240.51722735806842,-20.54677988920729,8.528039314013684,24.237841674152797,23.880311668896013,0.623315391302293,0.0,-6.372154929060486,3.6800761230597625,0.0,4.700313827481029
0,054,-12.748905203264938,175.11463918071092,-15.345866481484677,8.818135609993059,21.87277767457277,18.727530519793532,0.5383698347459491,0.0,-5.946426705892857,2.695271453833253,0.0,4.716977408367337
0,337,-46.104053782093686,439.16666616025844,-5.05698993031145,6.6763718943259915,84.3916976707413,30.145595928215506,1.184720503597151,0.0,-8.61987886796472,6.091080754737411,0.0,6.375968347276544
0,244,-43.551331437147205,384.0973857696092,-22.365582256420172,1.1850034089933537,55.924606041074966,26.44884888328497,0.9867409785293807,0.0,-7.96231586698226,5.553520719100766,0.0,5.647010659496638
0,175,29.066903518918405,-353.88718121021213,19.527056826007794,-23.411286994683433,43.3800682313335,20.37146313351618,0.589728842537521,0.0,-6.603431664302403,-4.4253926135711605,0.0,5.193523979579772
0,109,4.860472937692709,-79.72241639014675,5.188504023635435,-9.16403858130099,51.582832692530026,14.373562826271005,0.5826128288644815,0.0,-5.27237543011205,-0.9283174795376692,0.0,4.283103833189652
0,047,-9.688941509339099,134.16232556455307,-12.029061761394463,4.909337270896421,35.88870092735542,21.388124996141137,0.7766642336686547,0.0,-6.68116502403733,2.2229986423980397,0.0,5.093563281146258
0,092,26.07078107344201,-315.96383119604116,21.36669772604322,-22.327139332887903,43.707934707244036,23.515115690751117,0.4676758699537271,0.0,-5.855785118013953,-4.143333033656024,0.0,4.724687892949214
0,005,15.03143733333578,-285.09335630625964,20.353194787291798,-25.77290446917591,62.757491882464,8.889604395661916,0.6253773130089003,0.0,-4.922251198865985,-3.639351608844419,0.0,4.195662650786503
0,265,7.9583215738575435,-376.7088259259197,35.72406220626227,-24.752731080103715,35.704050023466344,23.887957052377825,0.4506315528094446,0.0,-6.975401147685259,-4.821189802410415,0.0,5.424898298004703
0,096,9.680010455654656,-178.44955159894425,9.083266857160943,-21.203046685181366,55.22139720296823,14.495662464245173,0.6084767216950737,0.0,-4.8981152190594095,-2.2860617308413413,0.0,3.9985654805260262
0,073,-35.429751089615316,339.8217926235351,-23.823701968152115,11.137572820165444,24.96524930713378,25.87225702948098,0.4580403801846313,0.0,-7.167370904860303,4.894659844420057,0.0,5.38277344130785
0,071,-15.548194260822877,304.71174473217286,-26.250258815104473,15.637480087930966,4.81133254422003,18.872381501374957,0.2773854350568731,0.0,-6.4982772409423,4.353191285307429,0.0,4.769815106866703
0,123,-2.854488414376126,54.587144464667524,-11.155285092192223,2.089458433555373,27.43483944106438,17.867736053958218,0.47070872716309536,0.0,-5.333548428108496,1.0315424551365076,0.0,4.297994401535328
0,185,28.5616469233105,-287.49319813816845,28.563837153321266,-15.953032478332524,46.90707917565172,5.598702267279131,0.5675369289367178,0.0,-6.96303144076224,-3.6753866323721374,0.0,5.467002124375593
0,028,10.788753183802127,-114.34642446976683,11.280611295250983,-10.930998171730735,44.62278175690657,16.016547492369384,0.5453592491018344,0.0,-6.826357688825951,-1.4552884415181844,0.0,5.079298851826842
0,224,-10.26405219919403,38.406816751597084,-0.8931520241481161,-7.238946895751594,39.46220797356524,27.9550104378475,0.5279757872701221,0.0,-9.307671909790466,0.9695457367040959,0.0,6.598102607056429
0,180,25.85624465739632,-402.418290368465,41.15694531265078,-23.847918297928963,35.475975568492515,22.10209669658856,0.6083047355706268,0.0,-7.654570145945358,-5.047912033881405,0.0,5.788795037005952
0,020,15.731933520876224,-248.3258333249959,20.450359658168306,-19.7127614945429,52.57879333374836,18.071551953783597,0.6561982233223933,0.0,-6.241880588820087,-3.1815113782194793,0.0,4.768019746999332
0,140,-17.405801964335385,201.77817663097105,-13.681851694399361,4.912131254725316,39.706872212053675,29.266791835865966,0.8115140965901361,0.0,-6.518686915064274,3.280642065282651,0.0,4.985605868806992
0,148,-25.312778766514956,265.68810976013657,-15.524815249596998,9.17891018719093,39.260365780850435,24.63465693336068,0.7451535120202023,0.0,-6.895753921399263,4.031026905574923,0.0,4.996560341765616
0,277,18.287616278668768,-298.7676409620896,27.145478483277326,-18.31058420552854,28.451975471283674,13.930841375349946,0.4113518314243971,0.0,-7.5999158088186105,-3.937629600453054,0.0,5.885985883494617
0,082,-56.84506142311441,560.9211080789418,-29.721169008440857,14.168552659295353,76.8715491745505,18.1187112393458,0.8608729614401891,0.0,-6.572694089287804,8.04668675486235,0.0,4.323654272874993
0,110,7.816879465500573,-87.34311785807948,7.9935561734069465,-10.908650319751095,48.92211081556269,14.032183870371544,0.5503629564686564,0.0,-6.1506503529781655,-1.0580260195491213,0.0,4.640056410545572
0,143,-17.325795233444726,194.89298426929858,-6.617240116620474,3.1066932908537095,44.129075801487275,27.7141462233351,0.8395552189918842,0.0,-7.905975881928194,3.0825224285707202,0.0,5.6614678778678105
0,135,-10.062372479457904,116.66175825365266,-4.881782356742522,0.22981648551422323,44.92430924901388,21.04432338708234,0.8045695444279474,0.0,-7.710925941870893,2.04686945185134,0.0,5.634593566618272
0,220,-7.681432685601048,97.16742696854384,-3.0231059439260433,-2.9066105858102573,46.7346636613409,15.34432002585551,0.8204109724475539,0.0,-8.977220986705031,1.7645329368625144,0.0,6.240916112909594
0,023,1.9418774408026451,-61.64698378951796,0.6124636171252704,-9.14840239543092,30.87599936838356,16.51931136352996,0.28614335704438343,0.0,-4.506509434725589,-0.7441005434271561,0.0,3.6667322371595086
0,149,-22.9116062098227,288.9337059979961,-26.668898687807715,7.996016837213358,53.53689475628061,29.7900713473883,1.131672582360778,0.0,-7.2498940018897615,4.3851660026582,0.0,5.531383820987603
0,201,7.6716322269841415,-28.54396446257679,2.7062577731150808,-2.223219949209491,53.773317505561955,23.78537277453066,0.9124055157745888,0.0,-8.236032815470313,-0.059580325494502595,0.0,6.177254525089843
0,228,-11.988279866795336,185.11192798734794,-9.986717316393717,6.508829185663796,38.23122428048074,18.98488051423992,0.7119441831877403,0.0,-8.119851529731115,2.951838791695179,0.0,5.888149648777679
0,306,-6.076491786625853,-90.76715452494274,20.55993462993743,-16.690482543980806,36.547656647717595,25.98657570779108,0.43168950900091624,0.0,-10.193878775885961,-0.8837057485705941,0.0,6.998364810956912
0,043,-0.44240745798449194,24.518039650715853,-4.545657648313844,-2.7463636510958156,41.953572894166314,18.85521009590037,0.5357936581278256,0.0,-7.951294321199998,0.7417524480600992,0.0,5.958586740023401
0,019,19.40201996276632,-232.77384223735237,17.941116620177798,-13.732827911684993,58.700605790160076,14.796114189721568,0.7051460124900596,0.0,-5.889227218332232,-2.9962165896981836,0.0,4.7095730662804565
0,077,-37.70841760539596,374.44253149677,-28.940761306366625,20.414534703624746,-10.749243124346847,15.867010304527437,-0.13135488578100318,0.0,-4.32612235312079,4.995639361297589,0.0,3.375737938757972
0,184,24.501501342890528,-271.5718833306815,24.544815195193806,-19.227880759356232,61.77101929673057,11.623812600443346,0.7045865280601173,0.0,-6.663100816912038,-3.385118046305496,0.0,5.16227998397459
0,336,-17.517468422499736,424.6853669081307,-28.97282482880553,4.143985363962729,67.04274532759997,16.258968619600775,1.0996387821129918,0.0,-8.456907907166112,5.870517573429069,0.0,6.269251249444688
0,074,-27.49496669186642,354.4909609730618,-23.477082278347297,14.663449695377878,18.375052075762255,25.217640866131042,0.4048171329461657,0.0,-7.24335030825374,4.998380516457872,0.0,5.319461891751894
0,247,-48.86547493642437,402.0670480343412,-13.796376324571982,4.7978990677426525,55.06336186374107,16.336998656293623,0.831071545163114,0.0,-8.265110768570507,5.76321105410065,0.0,5.951822456533935
0,255,-55.09466492247151,691.4912128853082,-33.01266418638083,15.307035515480413,117.85472456270574,21.122481267044147,0.7155989457775426,0.0,-7.229711740236696,8.81106729642409,0.0,5.362763696835217
0,119,-4.58304594011983,-16.630590317337518,6.356126271396076,-12.25663403983506,46.482919416015264,17.68061429153487,0.6863097269745565,0.0,-7.383714751824904,0.012085331597820213,0.0,5.877535673906892
0,016,23.012716353328656,-191.358678949078,13.846686247422483,-17.463506884866145,69.4042144979486,6.2735755264734445,0.8092234923296963,0.0,-5.1957882693772905,-2.4015187353162393,0.0,4.202619240504824
0,246,-49.02701185932796,416.1200072848739,-17.69725537077831,2.6838107725551326,75.05945222517578,25.87665360085458,1.1311952389697577,0.0,-7.929247447249588,5.946454914389318,0.0,5.9536290084969
0,124,-0.2928847116844113,65.06691591644946,-9.731744242278783,2.548855347765206,40.16922133252254,20.71551789027484,0.6785525826772043,0.0,-5.988760541168241,1.252843777222387,0.0,4.87570699165414
0,279,20.82880802732338,-314.22992761442157,29.557594491978755,-22.004962924010176,25.56660477659653,14.374124850518267,0.4042329828875064,0.0,-7.976777035381054,-4.033170907401894,0.0,5.965942915855081
0,168,-37.75660633723909,616.419652559354,-33.711415553563256,23.507399552145916,90.28596884074035,25.609139946744442,0.9199429366211084,0.0,-6.675933794502218,7.898652408098659,0.0,5.009245272594144
0,111,14.183929738245583,-136.2233056881596,18.381359794103837,-11.467007846230013,37.48264680466499,19.44742303654321,0.381488251124352,0.0,-6.99122657746276,-1.786718366369236,0.0,5.431977382659387
0,039,0.8110341200787714,48.58221726521279,-7.984725726939701,0.03249628500789004,40.138793262747235,14.424725880920182,0.6171222431526192,0.0,-5.988949407562807,0.9758755483522462,0.0,4.629773423195517
0,259,-54.65342299263439,800.5969594162812,-40.02853161430896,20.13395258465281,149.80980673839156,31.367547896444496,1.207813405600088,0.0,-7.992140836286925,9.806571678632633,0.0,5.896688618268547
0,273,18.331884209711085,-290.6766537390373,27.093489145978765,-18.055968633981138,40.26969522179768,5.356926748090618,0.5396788627652392,0.0,-7.009707091915725,-3.7038253970595663,0.0,5.463433135163689
0,333,-30.462502280325634,419.9924721688731,-17.973394375710477,2.4223031304699703,70.14154216483732,25.939851565523202,1.0853480095505779,0.0,-8.346714592716252,5.895795745294609,0.0,6.145298225761124
0,230,-7.428789897527125,197.23079234462767,-14.22367432037476,10.24002657201891,51.08419690643148,22.68702344391218,0.8812601129905984,0.0,-8.589765990054907,3.1263868471095138,0.0,6.424780383251011
0,307,-19.604334694092913,105.00292034378005,1.3208349637242687,-8.485238771185792,36.31568493440414,23.396310462348403,0.8099491087162131,0.0,-8.259632242824143,1.7601491820193556,0.0,6.100644065200193
0,068,-16.546182377015487,214.186054228966,-18.062998935161673,11.692692683341637,-17.621296116635495,19.492582301620658,-0.12063609136799507,0.0,-4.292307424278216,3.095310481440336,0.0,3.402967733807981
0,147,-21.22580238880475,241.60508944867274,-13.301463876126327,10.637928312118811,19.540078060375173,18.819723740638295,0.5969787552996335,0.0,-6.281579424299973,3.6297395269356336,0.0,4.72047949564988
0,038,-3.6513823277659214,50.04727656083202,-7.628826194206933,-0.3797824484992763,25.368011217411226,18.51158154785152,0.4278711109918427,0.0,-5.390916557461424,0.9518393365729987,0.0,4.25864024564481
0,145,-19.96736564156163,191.7798747930485,-23.423222667741886,9.570312342781909,-6.460044566884465,23.80328975320733,0.060889451298662765,0.0,-4.904130108113371,2.847206182245192,0.0,3.7524655758875887
0,049,-8.103325250789336,134.45237433028288,-8.38236611046561,0.4780157787897225,46.12638676937897,21.355771434944064,0.9015643016839859,0.0,-7.270338497083082,2.250825444459871,0.0,5.630413206371089
0,095,12.108204526750342,-170.09618611058124,6.37629817425683,-15.97836275888928,33.84351952174624,12.026580350218017,0.22575212099558087,0.0,-4.471732202988665,-2.3136054808334725,0.0,3.516983009519914
0,208,-1.3301824066737773,-165.25170752997167,16.70500954701545,-21.289602294881828,42.664392219195136,34.04660116909173,0.33055792457599287,0.0,-10.562416520583623,-1.8276075523990885,0.0,7.473680916939082
0,040,-6.315745196099974,62.97548213011074,-7.955564209499105,-4.067558435697513,54.531287013302,22.07318344350504,0.9120811877690523,0.0,-6.843872414866924,1.3779248173934069,0.0,5.22694349684256
0,261,24.364344825097785,-343.9997160306246,24.181367245554263,-22.92852584445292,44.192304606178034,16.237767810938347,0.6129887481987505,0.0,-6.165668055728856,-4.510177918755605,0.0,4.881486732828419
0,340,-8.804099672201254,492.5259661719022,-43.021832822532716,8.60995364820757,112.50411181838115,33.99864277507701,1.0147872702327199,0.0,-7.828250895371238,8.707882346780117,0.0,5.7291330517571035
0,163,-35.25632694588124,412.348888363466,-42.55982667104634,19.508048816761153,9.359845584015254,19.751452547776733,0.07633079499102216,0.0,-4.752031094057312,5.524895936464172,0.0,3.657561024036585
0,257,-61.32693902311538,756.9135925194805,-55.655807662337764,8.506559697103379,146.28181512506282,17.686513432621318,0.9301340208556104,0.0,-7.961538267171159,9.602243039877301,0.0,5.802041161238349
0,206,8.968139355942524,-150.69311872959318,24.98449232553849,-14.544435418602392,47.33315557336597,8.831277309396782,0.577634671055396,0.0,-10.818880817004441,-1.7548804588988884,0.0,7.41762405012419
0,017,18.545601897924808,-218.21435431826768,14.333744689783973,-22.603660957613712,61.671016353052224,15.628067782803985,0.6896773672489611,0.0,-5.764672883260624,-2.73072636872658,0.0,4.511451066264448
0,182,27.458884518281724,-407.3943358718837,34.68294528172267,-20.782762323541483,23.8647055576185,24.929272788858672,0.21797156374361032,0.0,-8.340686411510685,-5.234769502186646,0.0,6.060079891059698
0,137,-14.960823379336318,144.72194558417377,-14.62371962128204,6.2638127838053395,-3.6623813633972033,22.966338415528494,0.080473063811035,0.0,-4.7207543503258185,2.1750326184490825,0.0,3.67505702715734
0,146,-26.43717236402565,203.99629391044508,-23.57010278772155,10.254571839182795,0.8569568010918652,21.22102767477879,0.18512465984382048,0.0,-5.446205822437537,3.0529739762368258,0.0,4.142788137575426
0,334,-44.949969988314244,418.7471817864615,-9.972887545222788,2.8324178194681817,59.470960332522765,22.15637322753856,0.9949954367754855,0.0,-8.472352983882969,5.833103151245597,0.0,6.333160187947457
0,087,20.915576732262142,-248.09202918235283,15.590323687676937,-17.96610437294071,32.48096399291162,12.89844221929734,0.23680805222919643,0.0,-4.1745433474725795,-3.3853413867615325,0.0,3.498116473895287
0,296,4.398630151716168,-145.78332415741772,14.09000573937042,-14.112823123944963,44.77388286764667,16.884596073440115,0.626240933006404,0.0,-9.684463814440427,-1.7704231568211295,0.0,7.11997065487409
0,050,-6.475431491208054,126.0024083603589,-4.425221340447872,1.6840218605434059,47.92655089115622,20.164884444129754,0.8539773758911632,0.0,-7.635777153475307,2.153724424012625,0.0,5.869153815998438
0,157,-27.376670413570857,347.25848368190407,-23.739316111456933,10.50938756223169,41.4646836181514,15.602961443739902,0.6391219255054181,0.0,-6.839131670851791,5.092056986660202,0.0,5.01373385790493
0,258,-69.47014179707338,749.4676940489587,-43.571786884313404,22.73649630776003,110.03827318933449,24.555810086668185,0.8553631699993751,0.0,-7.534355163357087,9.438509127524467,0.0,5.751520443624264
0,178,40.1504808839142,-382.87865149842185,32.58537737790682,-24.206266696413916,37.85929386404857,16.72697283126862,0.5408697908151449,0.0,-7.359175796071303,-4.846181082459398,0.0,5.8186846146820175
0,150,-24.583234467028966,293.6851529321522,-20.091491382562296,5.277927940163032,52.65426707049735,20.33689141027302,0.9635348523575347,0.0,-7.417126118657878,4.46755385540831,0.0,5.7609685088442255
0,114,-3.43370015319207,3.1225852446301334,-4.807517094114149,-5.305735201004335,22.307372999588633,19.967505787031,0.262685769840805,0.0,-4.857861918594967,0.3162173471631831,0.0,3.7644216951152503
0,118,0.5853443612574084,-1.6600786447539746,-1.3090086713262716,-8.239461569239644,53.281637046479325,19.639893512063658,0.7782197119551351,0.0,-7.529297672778741,0.3623267554796351,0.0,5.451165168853258
0,239,-14.288550699612658,275.1396317645738,-20.691253520922217,9.484896603928451,42.290146732170406,16.564514596993433,0.7758725121299559,0.0,-7.976261187018958,4.029704148604208,0.0,6.119821456154728
0,051,-10.481850553954274,116.96035726565562,-8.510812035775423,-1.9095191851678073,47.1766213783472,19.86271683690517,0.8381708357938407,0.0,-8.205519456994796,1.9634140272947689,0.0,6.050363702519009
0,245,-30.155549501929578,367.00720049958943,-24.475811256068464,12.325638348219178,51.50902724796481,15.230705495579448,0.6722325739523759,0.0,-7.611723985030727,5.296628132100113,0.0,5.628086406065928
0,202,0.1826490620165232,-61.47944114054817,10.69872704910389,-13.552243330554132,60.93250388138143,10.276382068138497,0.8127507305164716,0.0,-8.475867264499664,-0.4698733710545235,0.0,6.316326293398387
0,059,-13.18856154964503,199.97384285271374,-19.33044890904985,7.609636440824246,37.63363222514277,18.701879675477784,0.872018923198603,0.0,-8.145517320177806,3.1140809305960047,0.0,5.8323779135361296
0,225,-11.895848902552297,50.42116831605352,-5.397359119030997,-8.657613468362792,47.272623993788464,20.453558262934223,0.7373777459244361,0.0,-9.772676011848745,1.107040820350461,0.0,6.738442262007151
0,195,9.914958913252281,-212.58714537250356,38.038197989763574,-17.660146771350444,32.13147471449687,17.71147732154558,0.31097541682131685,0.0,-9.338707859636067,-2.694585082861816,0.0,6.830552671110718
0,280,32.96161881985176,-286.77814002711017,35.34454564488513,-10.289726471618591,19.425557083916004,22.82034689113542,0.12261180621276364,0.0,-8.120779573125203,-3.717923226779822,0.0,5.8533697162811755
0,025,2.2928626959004723,-75.26210260964002,5.527318450076133,-10.095418454123362,36.85653699190305,17.855382968801287,0.43298018449555237,0.0,-4.8842600279866994,-0.9147332493233687,0.0,3.9641668866353417
0,276,23.975588050002578,-303.6619951848662,32.29011658621,-15.844387586052441,20.605485921133557,15.694459700164101,0.43338142248257683,0.0,-7.499733819412779,-3.9292369638768467,0.0,5.737170901335972
0,170,14.909507990076982,-220.27705401184596,9.82550720103392,-14.54858505707407,18.439376472727325,7.585226604478987,-0.06722861268982183,0.0,-3.5257952261277357,-3.073693553022097,0.0,3.0836302050319984
0,349,22.14081698433309,-344.0247180075451,25.37391334670476,-21.25451433502266,36.80729360928863,12.786904955717164,0.5154239767562536,0.0,-6.817706811577612,-4.407994401068575,0.0,5.05655434884785
0,240,-24.44270784683333,284.9046919088078,-14.545565637841362,5.131741151708067,42.313663005152954,25.934398190721193,0.8048685507151634,0.0,-8.729970357036228,4.222092531598756,0.0,6.218158821316384
0,226,-20.0546500919499,53.943381187453205,5.963109973374682,-16.014288672159832,42.91847190464051,26.709307025989037,0.7244903826938851,0.0,-10.36647695684437,1.1473451206107335,0.0,7.123214527047619
0,084,-26.186743605664685,609.7919839942219,-24.878264798955723,20.563542412108095,84.80687465197363,18.472567259498543,0.716863210915756,0.0,-6.544619625228189,7.9026074982284324,0.0,4.997924501326124
0,035,4.878420018737796,-1.3678634569316168,1.9954730525759936,-2.4140894076143113,52.51143974735818,12.513082969605268,0.7844061677564758,0.0,-6.526451550412231,0.3531058933044818,0.0,5.14434129803997
0,057,-23.208534557122203,179.4554482597206,-7.878530036621274,3.084617543198997,41.3540907572697,22.673021000855,0.8119111309396125,0.0,-7.387667758113513,2.9245706465389185,0.0,5.464756181644357
0,069,-21.27408835757332,243.66894821767787,-14.300922577118179,11.029129628520874,-6.014269168211173,21.2088332202135,0.09178812264751743,0.0,-5.075796716656169,3.5069372849704212,0.0,3.974767242579991
0,133,-14.784203111441311,137.85580049814615,-6.55816594154022,-2.2751740251364314,43.908447002529684,25.009235311411246,0.874740498195186,0.0,-7.009395370481298,2.2352924868785755,0.0,5.263416998906044
0,072,-24.409218684982992,330.26131556595,-23.986414022057264,14.858490933887444,34.54431933110567,21.141568739480082,0.6570046289200646,0.0,-6.800720834918857,4.793290944974873,0.0,5.148180403948928
0,207,17.244063254492218,-147.54684633930054,11.612377188630601,-6.850162928983451,35.04579390714544,18.527051959639124,0.38479727250720847,0.0,-11.620994748267133,-1.6550425053503501,0.0,7.484517006683048
0,139,-14.426038099549407,185.67566027800225,-15.880518931603355,10.811532381912047,24.214260119901653,20.761714205570453,0.6264877650696268,0.0,-6.228022369735078,2.9581958783526434,0.0,4.684564088257461
0,332,-28.57806365048427,409.36391135928864,-25.901784960497302,4.611709499428506,61.65666841087786,29.145099652645776,1.0281305986093576,0.0,-8.046368574447207,5.745434245155021,0.0,6.00426317048705
0,052,-14.649310753096847,130.48843984780027,-10.677873734278194,4.9947009833611355,-10.585350932160008,20.19802037552018,0.004248389095573051,0.0,-4.547122914378554,1.958177894982728,0.0,3.6198078002203617
0,042,-5.924211420505856,24.330904406956538,6.327075851316436,-6.504745345193428,39.24525737455731,19.728635823125128,0.6148303851743551,0.0,-7.699393203478484,0.6480049285671241,0.0,5.765884237751344
0,115,-2.0963692108099314,-4.587693097055986,-1.6918004739685764,-4.542702044731534,30.772031072900244,20.095231962338428,0.4099589886002672,0.0,-5.1891522548632025,0.21228706460547453,0.0,4.106406478382397
0,213,-5.258252694846341,-20.816422272163017,9.983348825643604,-11.01789368400698,37.17935327122251,18.632758027797447,0.5995361499727629,0.0,-8.017361951426112,0.0005438571109128119,0.0,6.537509188666273
0,060,-14.866203543482204,187.7853259794801,-18.27348256892731,10.56886155438997,-8.892432097902798,17.36200277374649,0.026322085663610478,0.0,-4.7845175446390185,2.792323125255408,0.0,3.6742405435731573
0,174,27.47572740530054,-339.79083471913253,9.795428846574577,-26.229265434287168,38.08928710771907,16.858697616168293,0.4830299550971263,0.0,-6.55479394061575,-4.40523915173737,0.0,5.080205058822997
0,328,-13.27180771324199,268.42476993902136,-24.330484016323503,2.0085384868918177,48.915887855272665,16.059828673138906,0.9476411607824181,0.0,-8.317022059168606,4.093057006234907,0.0,6.158302562969239
0,210,0.35087591408001906,12.31987664412814,-6.452941720315739,-4.119423941415011,34.988411593986044,22.939742673214408,0.48316706863333647,0.0,-8.648533985500286,0.39956781247505574,0.0,6.269183141776593
0,191,16.80743656966165,-313.4827520297581,36.461236786036835,-15.080536674939705,20.909083708078757,20.88166938130181,0.041647802052367754,0.0,-8.21381019487283,-3.9428986284420366,0.0,5.921020182626532
0,076,-29.684211395735858,323.7456507079927,-31.310134845267104,18.865550811042517,-34.36451805952918,16.578870121113894,-0.6381665668392762,0.0,-3.9114950251990175,4.124682756053246,0.0,2.7596456722383915
0,237,-23.09980982845638,283.79044293082205,-20.501730890010116,5.829055892872846,39.912072941496085,26.842692207650675,0.8046227631926955,0.0,-7.725985126953179,4.218762808451527,0.0,5.7638325159402495
0,250,-27.85608061122348,425.71026403327375,-29.36994353015945,14.133314111027888,66.09425745724333,26.589617851088605,0.8991818886232095,0.0,-8.670113076468144,6.000091831039089,0.0,6.326930572300384
0,176,31.39555893995948,-360.9662835466223,35.42195143317591,-21.876251631118258,36.442791866506255,15.731595826496276,0.48844418654936095,0.0,-7.019409706957428,-4.61098166377814,0.0,5.436743565673567
0,013,7.837333328794704,-155.56176967812723,10.269926595958115,-12.319884360494235,23.44009344551548,14.171794225907373,0.0942977653438098,0.0,-4.142269755906943,-2.1480592075652654,0.0,3.3210322261169427
0,044,-5.443523125422837,109.53728065803172,-8.124325611112221,5.022646065235924,4.695490375140683,14.446723955796928,0.17295393894328726,0.0,-4.595825888600329,1.7194451806166418,0.0,3.755889795826271
0,027,9.746929290887854,-94.83612859249673,6.080107233083021,-10.769489692749437,47.22367932967754,15.928623922115014,0.5431082852145178,0.0,-6.22378680940697,-1.1104125397744582,0.0,4.709511544054046
0,058,-13.974888756330813,197.46261372430962,-6.389212951028817,7.851577335680181,48.82739638974856,19.598798281471623,0.7608415770905173,0.0,-7.5179687936460855,3.183852451609623,0.0,5.732019884645814
0,187,23.4585567546998,-312.7137533640013,34.54462277479029,-26.65285612318442,23.386119793602457,23.4349201246186,0.30112186127750085,0.0,-8.386210078564638,-4.000014114054388,0.0,6.144946976830571
0,232,0.1765297481041857,199.67317784126246,-14.62307515358278,11.275556709683547,50.70048735045504,21.8235315559323,0.8969630626903076,0.0,-9.172198589374846,3.198275848782515,0.0,6.969574771835208
0,171,12.213852868880691,-229.6035259097848,12.017860483787029,-19.715723552254435,29.69805990177063,7.059273445152098,0.14513320071280783,0.0,-3.915675483829563,-3.0884329332938028,0.0,3.3377680045133866
0,041,-3.826053119744991,54.926965807018185,-4.684027629320345,-2.4829594257761167,52.6555916835304,18.188932889534758,0.9232680097492528,0.0,-7.342963374199817,1.1622368902349052,0.0,5.539076382101825
0,090,21.209074922158614,-302.0309767165055,16.065633324367994,-21.78587238916644,59.6150380466928,11.565836823205638,0.6993518060504997,0.0,-5.1295208119395,-3.928621645957081,0.0,4.2726617478405045
0,214,5.770736498818701,-42.0922558517308,0.1783968659728168,-6.00775140774818,40.0361509796226,25.234016077145622,0.3791296159255615,0.0,-8.318502250703638,-0.3154352898821073,0.0,6.966032165122036
0,067,-30.644724564723166,280.8130414247704,-21.964506840370575,4.1060565785587215,43.52436641083651,30.607416336973174,0.7221226511246264,0.0,-8.136321063239262,4.239422842766864,0.0,5.882612229503293
0,319,-10.557002361350936,178.64178173621886,-12.09189199207004,5.715572085920049,40.666841335593276,18.20478581300627,0.8907430831531924,0.0,-8.833749537711487,2.770764937336294,0.0,6.267638305670153
0,085,16.12512983986321,-220.67803981046777,14.779876642794129,-14.79378932817006,9.756418632602841,13.706683475241059,-0.17472535947324722,0.0,-3.5404000298669174,-3.119538985160881,0.0,3.0168948535133233
0,158,-22.240530612811664,348.7418027039302,-14.991170461032496,12.216310927721791,28.496590322181262,19.686699406993835,0.4919437326128426,0.0,-7.167094151350123,4.959947643949432,0.0,5.195561821160872
0,126,-1.3538886078157557,68.28684594702446,-3.0596171823167615,-1.4921394460152746,48.562231288605254,20.730048653104,0.8778069062190138,0.0,-7.4975794245735505,1.2756277146404127,0.0,5.735404844822174
0,320,-23.980449539483207,190.3846410147269,-6.614497462277423,-6.086571228477563,47.876304990367146,15.874911709484406,0.9650173263044055,0.0,-9.663467390325382,3.113125391193204,0.0,6.752220384534654
0,235,-19.076783908906275,184.03960768187216,-6.2173810680878026,-0.4709997978989497,57.20414786003624,29.81211993784199,1.165483486117221,0.0,-9.334435782093287,3.0159661523673518,0.0,6.890195537186088
0,009,22.022971056852573,-321.49723301105803,19.130866496458182,-24.83549978952781,44.84994933565682,21.896240532828376,0.38273602295006415,0.0,-5.955669818892716,-4.314951913683178,0.0,4.804054089302286
0,046,-3.7218836018435586,119.96289303484184,-5.723766088568228,5.3226813799911,27.682784152173316,15.084542882647751,0.5435171837217027,0.0,-5.766656065534044,1.9605372346963048,0.0,4.549274376185183
0,153,-20.274975833090423,200.4480918266537,-20.132708573934725,13.030349553798446,-28.9149619182628,19.296709834353557,-0.30772576454187217,0.0,-4.4125876141229705,2.8062512724259348,0.0,3.436564345696813
0,269,21.15695643385259,-389.5308010220005,33.87594997948279,-26.143518841933506,24.025924200849733,18.35160854389148,0.3355632585535923,0.0,-8.01123856645305,-4.940661908741851,0.0,6.0758551921449735
0,284,11.297827634517981,-195.0792226679874,11.423366379340402,-18.558107232717827,34.11513519332152,22.372129224220238,0.47318883297126024,0.0,-8.784443777007322,-2.506769032734351,0.0,6.581431304193657
0,254,-50.96740000308579,678.8008678542117,-47.39741366390407,23.77673665383694,95.78314789279618,27.60131462123988,0.7928309358839376,0.0,-7.173611929891013,8.430627717907228,0.0,5.461907908879917
0,301,5.307838454944357,-43.95553037371877,0.9198709463055115,-4.823986040222893,38.521845359616265,21.88789484259527,0.5250134279715177,0.0,-9.40246382801763,-0.3250774895823832,0.0,6.824145714908985
0,236,-27.824264278463485,291.76986853867413,-18.63985732010418,1.35990940927611,48.494200617024106,22.13056323508318,0.8800841071761039,0.0,-8.022605812730577,4.326854518020077,0.0,5.901075318112663
0,165,-45.26582651180438,534.4025643621413,-26.820198520127718,14.8908773201321,62.21516818192248,21.010876198374635,0.7037966909724106,0.0,-6.263047251161003,7.150143145614543,0.0,4.681179957948295
0,094,8.427285616973043,-154.1162393782559,8.397528591644976,-15.316756949846788,22.583141176062416,14.123720964582754,0.035009034103326564,0.0,-4.14662718574546,-2.1399620795715846,0.0,3.3266451540085833
0,104,17.052118874107595,-256.30584083702126,24.08836292142555,-24.275362723511492,52.79172687983714,11.480160714587289,0.565733055707556,0.0,-6.250224385603873,-3.2366873163146903,0.0,5.023883853687548
0,055,-22.02540573280498,205.2196380087582,-12.54129327735735,3.8256377651140814,40.079296752955536,28.77294757801831,0.7868785324343233,0.0,-6.599479183156113,3.239443294679583,0.0,5.076995890316119
0,144,-24.99845968319906,182.63437844414216,-15.435178164591099,0.6400897389236422,41.497892288090114,25.054411674711883,0.7491926342439613,0.0,-7.567256251231903,2.964263396159577,0.0,5.778509671989872
0,015,11.648334690518412,-180.12913464683146,10.682620033913775,-19.922959779078933,47.033637594275866,16.929447210559196,0.4381396934549995,0.0,-4.899115585216772,-2.379461739833097,0.0,3.9804601450481187
0,131,-16.04702910055819,116.08243352104124,-14.28410181063394,-0.11670856635989861,23.969244810666847,22.449491942814866,0.4553821674718061,0.0,-5.930626774684144,1.9181443434905343,0.0,4.542008383015905
0,309,-8.629245194331011,92.45529282387126,-4.343396711051875,-2.2352486365478574,33.72702095821652,15.700273655178759,0.8954744240223897,0.0,-8.921158338042849,1.4825247520274127,0.0,6.359156791418466
0,347,21.058478352123576,-334.97045299705206,20.105552056491376,-19.368050614690542,49.68767341381698,16.923460092470908,0.612154476913989,0.0,-6.352077069689808,-4.215727771512724,0.0,4.978688446201508
0,086,16.908181139863967,-234.30209107649955,6.6814339798610725,-17.22192306237384,27.456469380623947,10.362182550789985,0.07879149655755215,0.0,-3.8889147220186016,-3.2166182831321217,0.0,3.313924664703726
0,070,-21.376358054576237,270.10348972537963,-19.987528866740742,10.067446288183067,10.516451006953313,19.16147619964446,0.28767632903406315,0.0,-5.5922453828018135,4.0095836136579335,0.0,4.349072471633737
0,001,15.392874397183494,-206.72195398595736,8.922482234328985,-12.232152204986216,16.6946142070678,12.841258356583149,-0.060577577776790584,0.0,-3.6892293142562758,-2.830923211223438,0.0,3.04904693131503
0,021,1.1800071289173941,-58.861018281828414,2.1995570102387783,-4.828490746924225,4.590603684898012,15.293806193734499,-0.1430519936203705,0.0,-3.7473697487602604,-0.7738119303432132,0.0,3.082347921195803
0,160,-32.329853457004496,353.2702617811819,-16.950927859275378,7.707905747708031,37.21425237904214,25.1592988135561,0.7081265758700045,0.0,-7.134062589147309,5.069525665318385,0.0,5.4097690327246815
0,113,-2.8968055156382055,7.819693839172383,-4.861158343281722,-2.044445933063368,5.978966274613846,21.029966517184157,-0.0012779435339419557,0.0,-4.250803979022939,0.17271234259126308,0.0,3.3873715161574878
0,061,-14.933888111113758,223.77714526432086,-25.956702790308125,12.059738098658432,17.60465859318297,23.691424538012082,0.4772701665032985,0.0,-5.356520524790919,3.431525514163833,0.0,4.224021165766359
0,112,-4.717158939899061,14.844062046974416,-7.289061874011945,0.2710827185059449,-1.762140487356349,16.550352755900953,-0.1430599511143161,0.0,-4.006878028195603,0.30113278111775155,0.0,3.1242519130241213
0,004,18.453113384363743,-276.70776891087274,17.5814016540935,-19.923571049512518,52.54205004274315,15.29782991988711,0.43554213942311926,0.0,-4.404200988873478,-3.5987622322913797,0.0,3.7368063633532547
0,186,26.080217263617005,-306.0014127124793,33.09041803215329,-21.81137302084302,37.23679434251953,26.996837353992117,0.4013193412758702,0.0,-7.513301040084984,-3.823661225636581,0.0,5.529979185359643
0,138,-14.29056693900033,165.13762673651928,-12.681478118067872,6.231642445146232,11.514569159264582,19.471688648415583,0.33487575975475725,0.0,-5.360636961196703,2.597253750413913,0.0,4.1549809623459995
0,106,2.9484923625986883,-60.37157512799449,3.1997665156133093,-6.878743862155762,14.029398254833207,16.614023667336994,0.03611161495735451,0.0,-4.213032902210832,-0.810056618699364,0.0,3.3674948242535656
0,116,1.1256733099108267,20.79985462659615,-3.635781208564247,-2.7031719953482076,44.81730766213534,17.9906958599697,0.6655421908976633,0.0,-5.9736187106281085,0.5971806855282852,0.0,4.693277668559708
0,282,6.158974846727581,-153.04746522855274,17.144588505546903,-10.043232547970787,37.8114450822489,20.139600927498936,0.5199143051051304,0.0,-7.954744674430965,-1.9658228413618857,0.0,5.94360955904514
0,243,-27.84364966506598,283.7454604764737,-21.538992937490434,1.4035419402542288,51.090047241533014,18.220237593879524,1.002680572555737,0.0,-8.955012349014671,4.255463999350213,0.0,6.437156567128691
0,330,-32.574086831952314,376.0139557151174,-25.02247911377049,3.3907898254000264,56.163906048845675,19.18582564912896,0.8984966156034111,0.0,-7.71180963806349,5.326181756047821,0.0,5.789919644417223
0,064,-23.57098080942287,275.62448002887913,-16.85393755760139,12.327092039646558,50.77264821861906,25.724352790245607,0.9301412353817264,0.0,-7.234825243447037,4.260500228352654,0.0,5.3989324587653735
0,159,-32.981299495889665,343.2184359409053,-17.882080958416452,9.969185452679957,18.918156417925953,19.692851235343564,0.4923831254935166,0.0,-7.053064388274101,4.780193032327239,0.0,5.314984220873141
0,132,-4.462233138501501,144.67909369142725,-12.665893282793554,7.336066722274205,42.142575787177336,19.764145491202868,0.8054782735276387,0.0,-6.754480872563355,2.407671877973568,0.0,5.1603217578362095
0,007,22.048594763296173,-300.9815964985336,16.404208716616477,-20.51221109533818,57.505523112204976,16.200272797889788,0.5802674265452613,0.0,-5.207425432347397,-3.890056518698009,0.0,4.33687476646364
0,263,19.955827092269114,-368.6257252901831,22.251667338418216,-25.78854545834536,36.725161473376126,19.017961321808322,0.5253419927932349,0.0,-6.772062699181767,-4.713296370832409,0.0,5.2931019842870315
0,011,10.188379415307297,-140.9389856855227,9.469214698151205,-10.36802319784965,12.427020953482998,16.780791680240373,-0.10332552355692551,0.0,-3.7969822318587494,-1.99184866496243,0.0,3.1322313020883095
0,045,-13.270583324265237,109.23069552373059,-10.696511109077598,1.830429413484432,13.869432273899442,20.660961199123093,0.304416404551954,0.0,-5.277285724317997,1.7776801820210804,0.0,4.077511734143419
10,037,-2.894601807928315,53.25542871978592,-10.572351118222189,-6.5333178060372,90.51697931210126,7.0850645412986415,1.6394077525789221,0.0,-5.7635363404047695,1.294641002163442,0.0,4.624557296471086
10,329,-36.43077162907066,440.72585296853384,-30.465821628817352,-10.278399377390812,140.8416826286434,11.277207548783242,2.5353866300587944,0.0,-8.247719487287263,6.73467935954906,0.0,6.222804172062482
10,053,-19.861086642749104,189.692850574153,-18.98660848313544,-7.7327059686436925,88.34174260422219,9.065253759144392,1.8754750093520962,0.0,-6.6884563626202205,3.2799357924678834,0.0,5.0530308438919525
10,141,-19.695968803855735,184.4887377719217,-12.201719780527899,-10.685846966566832,86.3403726273509,7.836267656171557,1.7836211259419232,0.0,-6.259595927153894,3.2725731330346695,0.0,4.9570899152373835
10,003,19.953716068061468,-246.50003117774773,10.706918868865316,-8.122320405954113,70.20669993379803,2.62862594413996,0.9916679990206465,0.0,-4.111707232612766,-3.1109018012875014,0.0,3.3839629389527133
10,151,-22.67006252848325,270.88924534703534,-19.91793454469343,-7.6875867673177325,103.41419723063026,6.86436815666761,2.027665497215582,0.0,-6.909457198053109,4.466984010704397,0.0,5.4351430033422865
10,048,-13.203290337150952,132.8431898036924,-15.639553769046191,-14.700733571917196,115.62777185218062,-3.9614974106733714,2.293693952977643,0.0,-7.63876906114655,2.591340720995301,0.0,5.76873307955208
10,164,-27.98465430792268,377.0835665108935,-47.37222655674609,5.291181587554171,24.742286196721935,8.785569277824969,0.5413956322767042,0.0,-4.4390394012198735,5.30027882636075,0.0,3.436639198100485
10,193,29.35791181931073,-313.32803562108177,40.98360370408409,-4.851280972699188,89.95012002725912,3.6779674964334244,1.6333669620494287,0.0,-7.9506710272235805,-3.4329751929327528,0.0,5.8486584507104755
10,031,3.482042259345689,-2.0657614131382123,-1.9849722465750974,-6.496996094835622,112.27189094478031,7.7406685696466875,1.9066390604478773,0.0,-6.550951666711305,0.6423793334932231,0.0,4.955541679350032
10,248,-29.367987661925994,403.69598525773324,-24.955349326551683,-11.439424500694818,123.42373499596327,-0.47264390472619966,2.2782263668085636,0.0,-8.309226813254664,6.181206602463932,0.0,5.716909802451806
10,249,-22.656665807269263,387.7882542368184,-40.08850761097013,-8.35735495262805,119.81371784008404,0.7388814860259922,2.0139062525119593,0.0,-7.561941847171718,5.893904245345766,0.0,5.585936888840299
10,221,-4.424940382547867,85.98952876917518,-7.4828232383757864,-8.258648960436714,118.33450620395777,-6.449908885321835,2.3374747383943815,0.0,-8.861425426938833,1.9695325706864795,0.0,6.244126691395155
10,262,28.608912733125763,-343.38523532893714,32.278417078937935,-8.559352554592307,83.277890097801,-11.271727497012074,1.593031965286663,0.0,-6.593620329216152,-4.1202458759382825,0.0,5.081980799408152
10,222,-11.82240864364954,80.9190300226436,-4.739838767928627,-13.721527660279435,120.85466811174166,-1.0707524770193144,2.2371229650986417,0.0,-8.440936865763423,1.9521234355183077,0.0,6.354178487048937
10,322,-38.595883984108944,291.7405713050026,-5.788666693733112,-24.285680832519635,121.3869319429084,3.7775388485091517,2.5172452799096763,0.0,-8.348007772032917,4.876009916212498,0.0,6.380130289603854
10,102,16.269215316090868,-231.04891540618914,19.951437194345203,-14.949677054772346,106.57436484400279,-4.110426035907291,1.7301823441634254,0.0,-5.727638451253343,-2.747638533371083,0.0,4.470387101955619
10,264,29.610832669223626,-382.56369716244814,43.03329929271659,-8.833226121242536,78.66284772132857,-5.75658177576828,1.7090660808903861,0.0,-6.957279186742776,-4.430686621032368,0.0,5.34803221175615
10,107,5.334883781575503,-66.30741032180762,1.7685937298477648,-10.256128196690028,85.68222964408808,1.6759846291086233,1.3153798381362742,0.0,-4.9281222481734765,-0.5450470113002494,0.0,3.885131906098888
10,223,-9.080348500644213,57.454251764841366,-0.7737425736442205,-16.172420220739333,120.41120237470676,-3.340720203123831,2.2488875421919126,0.0,-8.546158108697142,1.5438924594346402,0.0,6.589007350436177
10,127,-0.9487540783450035,42.93478169441319,-7.384737988675339,-10.077860722078961,114.93214326412541,1.600981498034425,2.0676394831060003,0.0,-7.1444742948402,1.3654559660514327,0.0,5.420937947791774
10,188,26.70476279681774,-287.0426184498243,32.60022818812765,-13.0341784155424,107.98253249563184,-9.997612700310818,1.7910912187155685,0.0,-7.245679398554121,-3.2961906340039677,0.0,5.281017551797076
10,100,17.030258113063248,-214.67220493143788,18.785208841078486,-16.948831507393326,111.27960136639825,-4.56834603480443,1.6388751179796508,0.0,-5.4192938785681335,-2.514152395637068,0.0,4.355799395637135
10,075,-18.38907335258855,377.69396409425764,-46.43219553910678,4.7745118223329985,28.497483641535528,5.919404215247417,0.6944576017106642,0.0,-4.516854759228668,5.4362100292514,0.0,3.5382644093955005
10,134,-12.209051400361197,137.9200450872679,-6.620683601380547,-12.402116669703426,105.61464170665694,4.974225610940666,2.1146672173689844,0.0,-6.681104671903516,2.57336172727098,0.0,5.21913256116454
10,099,19.069579905277607,-194.52304736229934,17.633074864181218,-9.751304280212612,114.76419820413999,-9.104514788811038,1.6627658821403086,0.0,-5.310270603516921,-2.2119039428048737,0.0,4.089018531210628
10,063,-27.08056501608475,299.61013828852043,-20.610177062834577,-17.335644798409234,125.4540891321599,-7.7464996583798715,2.289337205527079,0.0,-7.040655975806077,5.075183031851285,0.0,5.287237419817869
10,229,-17.089586909609093,176.04380403027807,-7.325339922998106,-16.053737040829414,112.17209866620432,1.4477352068339329,2.211701858256721,0.0,-8.649222029738526,3.3201483314206954,0.0,6.19908027609137
10,024,5.088754116403489,-114.75954503010792,14.640687229985328,-16.586765692058425,102.53162887216136,-0.8105262929029227,1.6025919657950718,0.0,-6.4342239428812835,-1.2011035319839938,0.0,4.788212652408906
10,166,-39.59109863068306,491.53813625644284,-40.0387962868412,-1.4085257443370003,87.73280234102495,8.793347626106366,1.421527058170096,0.0,-5.201658876914815,6.9585072585182415,0.0,4.125129388198022
10,105,1.6133114876382855,-58.3325982357078,1.2095395503700122,-6.884153089315929,54.66446898157735,6.18593962320921,0.8227223472648955,0.0,-4.223853277323085,-0.6601634536126484,0.0,3.354844751568865
10,136,-5.583397356166428,113.74462435204805,-14.356831960773468,-8.471771495159555,111.55367668609216,4.508880809053218,2.2291128000312597,0.0,-7.549760479830721,2.2997348601561844,0.0,5.684820542168576
10,290,-0.21687195924541758,-179.34350463119128,42.3349057119767,-19.2441913923808,112.93376396710829,-14.853807839570893,2.0507536594984836,0.0,-10.11044076737184,-1.7061401069258086,0.0,6.907847684909912
10,339,24.23933220979141,-324.6295330458957,24.738939110601756,-8.125833702026606,91.50619158984698,-7.96384797170824,1.6183208839880727,0.0,-6.032325919905493,-3.848174433886254,0.0,4.697738411088125
10,289,2.7885765764453154,-199.2429287193531,34.053229521404816,-15.607605547759434,115.63896647848397,-15.837222089158484,2.0568438263588757,0.0,-9.421378188672705,-1.9767538897487693,0.0,6.758168242100396
10,081,-56.83517623309926,609.9362396431653,-44.11783557214819,-11.231605985542124,123.41542966057465,4.840281274226428,1.804706611275461,0.0,-6.400914229919808,8.519424066270949,0.0,4.769222410370674
10,238,-40.211538984470266,281.36342519696575,-11.834115532909006,-26.954934988757202,110.19508025110285,10.731355582941902,2.216105603370143,0.0,-8.076295584710332,4.666167562853274,0.0,6.012655003183382
10,190,19.18893059514393,-300.5572185674465,38.61803419406561,-9.742190210630305,101.56819292077724,-14.39753841892662,1.6089895435568446,0.0,-7.293186977195354,-3.488055583589888,0.0,5.649599721026609
10,233,-13.10270240528511,176.65014837564433,-10.841227956211457,-14.35324168884188,132.76911307452562,1.4843243576757552,2.4950801680400474,0.0,-8.59939323764113,3.3671797232606853,0.0,6.361586676120578
10,117,0.7091362909797218,-2.054567277395094,-6.650126943657543,-8.461510484347006,76.76125155491317,8.512628630859748,1.3354771467292723,0.0,-5.164808330772483,0.39616491226991535,0.0,4.110571747728644
10,323,-19.15940518730703,297.4261665001355,-28.257725378881624,-10.384515795945541,131.12774552799095,17.05974971456966,2.5821246144710193,0.0,-9.030691147496645,4.971229821849379,0.0,6.330357280585874
10,212,1.8744438918279316,-10.969096793770456,-0.802941601937453,-15.379558824749047,128.1224657322234,-3.034721862439137,2.403867643803492,0.0,-8.620805553546372,0.673390063755323,0.0,6.278330184197884
10,314,-24.667432674627896,178.57520606235815,-8.88868543351493,-19.42011142004584,130.30846064728888,0.36903601285480914,2.5542869262395924,0.0,-8.871086896530116,3.402608650406956,0.0,6.587163623529988
10,169,-78.4695373249171,598.2235913515406,-65.00047925356941,-2.6657262478025463,132.99223625050936,20.890500603696193,1.9789728878518937,0.0,-6.552878473320026,8.619176137038613,0.0,4.7637059105953
10,032,3.490611154757429,1.6579741239578403,-3.6691594231742464,-12.031071748880725,120.28906278795645,3.182424951623288,2.012157853614983,0.0,-7.07618957035216,0.7338251718580822,0.0,5.420533778761906
10,056,-16.96701919817389,196.76648909607732,-11.614406779776978,-10.972177316315122,114.74445042551912,-1.1383262272187817,2.2526773704937373,0.0,-7.589367012918454,3.5632452480073935,0.0,5.5096411347261665
10,196,17.299107705056617,-180.92093377583336,27.000204433032543,-9.971240011072439,112.52057587024589,-11.814569823381383,1.7656302852717753,0.0,-8.047546899154003,-1.9530802742122617,0.0,6.01704124523296
10,129,2.349277982617998,17.77406788066358,-1.110223302824807,-6.592805500512682,110.2209281026894,-4.979490456297114,1.973379864453117,0.0,-7.601858990066667,1.0084429127984385,0.0,5.831709954064087
10,275,28.892739318866656,-323.66595397162286,43.01143933483196,-9.267913268814162,94.89602111869854,-6.800715252153295,1.5432880130827253,0.0,-8.083365400587798,-3.716348886717709,0.0,5.854030114638578
10,156,-20.43025797032288,262.61670193266156,-24.79506423662277,-4.287966940615913,51.58904103331545,6.5129060387600255,1.2071361340337865,0.0,-4.987306616655984,4.106440621119464,0.0,3.942803438186662
10,305,-6.795886989988918,72.39508516438808,-14.938125718938865,-10.550073876717011,125.21833924489609,-3.455375402211227,2.4914913701376262,0.0,-9.250056370642852,1.690411767581577,0.0,6.672667555299296
10,155,-25.124926498006236,237.87333321047237,-23.884857093633894,-2.8506500572669653,37.93036248110701,4.799177852456215,0.9387832615883525,0.0,-4.634453968728626,3.7244599424279374,0.0,3.553232980874454
10,327,-44.69712970399036,396.8236708241112,-30.167033392652982,-12.830293001435512,117.97020106867157,6.499976900886134,2.2572248914715702,0.0,-7.785603369505792,6.083363520139251,0.0,5.70765159227811
10,022,7.191452318605375,-76.90356377658601,3.1134509253028746,-10.329661742933254,99.293683328802,1.4484842547130423,1.6182768131408383,0.0,-5.323509571960541,-0.7266263146434601,0.0,4.263120867039921
10,120,5.267431409244077,-6.810812157815306,-3.852544720167405,-7.530476767363885,111.128463001133,-8.422587240749769,2.0125449822920616,0.0,-7.081842496771433,0.6054801453138074,0.0,5.4994573127604145
10,218,-0.5124441098202963,-104.65367019466548,19.48745893724167,-23.687338138137534,146.75530673425368,-12.047826130202102,2.5370208461340216,0.0,-10.691090067665545,-0.3836926532339504,0.0,7.829717252820555
10,125,1.138122048141514,47.461126430195144,-11.222031077300963,-5.259525134356046,87.38229328426077,0.8345654438869524,1.5806374714523566,0.0,-5.768796697981982,1.1372063019070113,0.0,4.524715048585976
10,093,27.373806965454122,-314.4952558366192,33.267043930442114,-13.15729621052337,93.86971516184147,-3.5770319041922023,1.403866808409529,0.0,-5.622318032647837,-3.8617620349870854,0.0,4.625552473712364
10,266,29.524685283719982,-393.2023127767066,40.33151645202652,-13.575940162219363,88.84658710146014,7.480426069818436,1.8576644054328266,0.0,-7.508055911576928,-4.466517361311844,0.0,5.707324997545727
10,260,27.98546968925711,-340.79649775869996,20.159890834964116,-11.653371741538185,95.48977445377352,0.7986653984800836,1.779673771229481,0.0,-6.061981592123008,-3.9478443053559458,0.0,4.7832810166944775
10,122,-5.501461901834114,49.1385159550069,-11.882728007643102,-5.123122499764159,43.405105177074965,10.6945120165999,0.7976793809498439,0.0,-4.316967061662396,1.0320380490781207,0.0,3.48686558054494
10,078,-55.88578244805839,535.747655703683,-52.76231952647755,-12.823568452878813,96.33827824281762,9.3862215437442,1.6024293637065017,0.0,-5.836347702935603,7.6169418282847925,0.0,4.391662318955602
10,252,-54.09251484723814,670.6260017053542,-54.8615265043554,-5.039324752820846,160.96660105893739,13.46516254598737,1.8997487818012182,0.0,-6.962163468675966,9.16762708296875,0.0,5.0696999148220705
10,177,29.315271227343246,-322.53219448642864,34.46904574882035,-15.377607165889238,89.78041203616165,-1.5120464962239424,1.5507504626948294,0.0,-6.289105798975958,-3.863208343562888,0.0,4.6672289934609115
10,291,12.802892464973848,-202.7261008998127,30.481465188214763,-14.305777441569603,112.90737470386138,-8.127614077968365,2.1059273377317287,0.0,-10.372287152466837,-1.984144042019357,0.0,6.726647043815163
10,303,-11.52090342898466,98.3681191343299,-1.9132499571842982,-19.186761828440787,120.0563753187795,-5.792039580726215,2.3409461984823956,0.0,-8.991879833170215,2.1988463414685713,0.0,6.640782009596373
10,162,-45.51752447965669,360.4947862732482,-27.10926196610632,-13.848271646851185,98.5116526556268,7.869666811556018,1.9441885441416513,0.0,-7.027845958017432,5.62266957281777,0.0,5.33477395464331
10,215,-6.72562358075706,-55.32461535297778,11.21482272227303,-22.196107706013404,132.23470515813636,-9.257738307744024,2.1191563164628886,0.0,-8.751893145751405,0.035777726021928524,0.0,7.212274125855944
10,008,19.309003180466657,-316.07831766125156,35.14818658716158,-15.923617129448202,79.27041297066908,-0.3153128611955589,1.4485694435417928,0.0,-5.981824952652323,-3.767061850736338,0.0,4.50093932941649
10,198,17.410837602778894,-225.47112453574465,32.37895769589748,-15.306554290230967,101.05268665076903,-12.112978526859655,1.814824056516087,0.0,-8.862581200048227,-2.3877453925164636,0.0,6.315535535683663
10,030,1.2155704128445153,4.949419224669293,-5.2792458816980625,-8.98332737766305,97.20875753123043,10.10858871944753,1.6055493698561683,0.0,-5.515064819364158,0.6790686669144816,0.0,4.458561440392513
10,062,-22.469047820984112,278.66436887055227,-23.250892601586905,-16.99163185592989,126.43214614414046,-18.73406995498682,2.165874943407424,0.0,-6.652267866676614,4.75981830888006,0.0,4.650006271519187
10,054,-15.954339007494601,196.5988051772847,-15.301052958499522,-14.126519876564062,104.28715387301169,-3.5414227876169555,2.057675050547895,0.0,-6.792665935630719,3.527067697355215,0.0,5.3060186539095
10,175,26.57998402868874,-261.16558205531453,17.992698306401476,-10.354892940445211,90.18851202900801,-3.5086695175884097,1.256662893365309,0.0,-4.53990539648286,-3.1724033572998382,0.0,3.704287309816273
10,047,-4.010307976780476,155.94772425096474,-13.326533949534264,-10.518106613017146,124.54529256630155,0.6964543059475277,2.3428358846241144,0.0,-7.496746484813453,3.089032433274329,0.0,5.6474153678854195
10,167,-29.90040996214831,547.8676907021427,-16.501776323056507,-13.03455120986232,128.2948446294119,10.033722898637583,1.6796999448707295,0.0,-5.697417087001688,8.2922583973704,0.0,3.604808113535679
10,231,-7.249631350865045,172.92431146133973,-16.8216025950788,-5.269939650548718,116.12520432542885,6.876504635671884,2.248678094047879,0.0,-8.51854597216611,3.2039390268014403,0.0,6.289844736973909
10,092,27.242720110350536,-313.36062512282416,26.91711152718345,-17.62327582394804,98.45524031073558,-1.9689677036018132,1.4590376696213165,0.0,-5.366093088208493,-3.757609194015,0.0,4.276634429547215
10,265,29.070155715891495,-374.4525505565325,41.44032786817536,-9.40817125399259,91.63484310267356,-7.118583671878695,1.7486427260458837,0.0,-7.502644713000119,-4.171003836564496,0.0,5.615343972077772
10,096,13.090525003772992,-157.64612661306472,12.848668287780246,-6.452490015498069,61.755406414228325,-2.4881149813197267,0.7556293127793294,0.0,-3.98746558323784,-2.0027391454311365,0.0,3.321023119219963
10,073,-31.963928342946414,364.75659571628944,-31.55583074499936,-10.185116148905209,98.79187208412398,4.389717966336815,1.9922687633113418,0.0,-7.194734450257844,5.675542939916652,0.0,5.371412660748317
10,071,-36.040611206224554,369.12668851164995,-33.11797356708825,-11.636280920407007,95.74934794944868,-0.7559290944832138,1.8945031731107287,0.0,-7.327892819165959,5.753339109365837,0.0,5.309952656617043
10,123,-2.148130664895572,47.75256081273043,-8.934133952012429,-4.456939670821456,54.38743999207014,9.307801896090734,1.0033571411001352,0.0,-4.696361922765884,1.0042497800378047,0.0,3.7751930620897687
10,185,29.72584324298359,-404.39110531760787,51.394754463089704,-19.12247864642122,88.42289448182628,-1.0933586382063143,1.8160025536465467,0.0,-8.12097862770246,-4.55589130639319,0.0,5.874126625340337
10,028,0.03128192152822551,-3.8833930014679874,-4.706048417687692,-6.41790230097206,63.084519463539834,10.213633548770598,1.05780704305761,0.0,-4.694911055144269,0.27835468093905547,0.0,3.722038158869262
10,224,-10.93219705843256,64.26720262313172,3.783738693177205,-18.09810785945634,124.05581012154916,-10.12028839795585,2.42164075461399,0.0,-9.114280160421227,1.6426510414739193,0.0,6.871546439523509
10,272,25.13094139390931,-304.3167614941381,39.058708513055215,-11.713685865515746,102.25380675884863,-11.480029319548578,1.7851028424629585,0.0,-7.468558877743015,-3.50946947746868,0.0,5.561161031126834
10,020,2.7408605265508394,-64.26585435982452,0.9130337563359272,-9.777443230263717,72.21472632780271,9.461768904900957,1.0607979875426583,0.0,-4.515075802994489,-0.5465157732397669,0.0,3.58378694531082
10,299,15.917509344323282,-127.59327150263799,9.830278012264834,-6.020650099963925,126.2605485556102,-7.27557485036896,2.229078139178423,0.0,-10.420101631787624,-0.9180337382922825,0.0,7.1399744591679175
10,140,-8.319057662431527,183.45656416791755,-19.78145772078919,-0.48767425610875037,77.30565006080464,6.418291594505769,1.6354057398852457,0.0,-6.192406925911714,3.2282059038932207,0.0,4.525879539567095
10,287,8.618481526007923,-132.25644554910338,12.15039016294224,-14.57336311363261,136.5519151245163,-8.989819746491651,2.4248897655195076,0.0,-9.347601299925936,-1.1284545173990024,0.0,6.82091078312754
10,148,-17.667143660381516,245.3249645800516,-19.685295934004934,-4.557540526019941,75.95689303826607,11.261137266241578,1.6669411227913953,0.0,-5.962916071869385,4.0240224418513275,0.0,4.688602710688569
10,012,10.969370788742008,-187.2972965246001,13.206604567680222,-15.48867393397952,95.57387677553608,0.6503936080893493,1.3291253253332844,0.0,-4.6053240240791,-2.2442693771530893,0.0,3.872251140478882
10,082,15.33666340554595,-211.68006474205532,16.2891921544323,-11.178185513608968,47.492386091378656,-4.4275909047756254,0.4898656132653403,0.0,-3.659022898038329,-2.821874004393602,0.0,3.135837148909645
10,128,1.5721944862550838,29.332971370233185,-4.601655075186555,-5.858241594791349,112.85003114185956,-6.699669990567722,2.0012150551989256,0.0,-7.699186099525646,1.0658370719547796,0.0,5.710403284219364
10,110,3.4121695029340358,-82.71459523928608,6.1544786061714305,-13.652183270398876,105.93238655325851,-5.717176734222168,1.6426918906790473,0.0,-5.702518661649624,-0.708445211197636,0.0,4.577970995037139
10,143,-10.212259318100932,182.00554644303668,-11.5275160584872,-9.930426754026831,102.95167097095283,5.177590020826264,2.020189632714114,0.0,-6.889358383474653,3.2658300475367876,0.0,5.372015445193284
10,315,-13.020742533307786,170.28769546523142,-12.801149360721066,-13.216192609169951,133.84149538955623,5.517076748164988,2.651482591860419,0.0,-9.314884763612488,3.2537492312105094,0.0,6.5904152249729275
10,034,-6.694966638028685,45.6462474899417,-8.996924466364089,-4.912610457673443,39.74060222537539,12.95511314303801,0.7351357200344717,0.0,-4.393463269327631,0.9105473542188559,0.0,3.4671403450744007
10,135,-6.701018457057403,109.44209997536299,-6.799993678750554,-8.316825682714638,101.39621997388936,-0.22750530065942787,1.8664810934219727,0.0,-6.818822325206352,2.21511639710788,0.0,5.267996482615904
10,220,-8.727941607721052,93.7748130463538,-10.269202094417883,-11.23840007385062,116.89120428822798,-6.0957593195727995,2.156904335108585,0.0,-8.255328511569624,2.147069337222746,0.0,6.307257679601863
10,103,22.425641312829548,-256.02123089431007,25.894592558749135,-18.2662810113769,118.2386024048407,-6.549767603799644,1.762628487478218,0.0,-6.1368036026871104,-2.8965955574450084,0.0,4.801529095754979
10,023,6.447494531025179,-89.69251442424334,7.601114004405724,-10.382170966911374,105.37869383851512,1.9111286606916666,1.6664788231173113,0.0,-5.996453542797609,-0.8372825828315655,0.0,4.55938487035796
10,312,-18.93968162219845,193.4334868013876,-12.319679250537641,-15.44795515136258,122.26324985571345,6.386919738354905,2.4107465661196277,0.0,-8.531876415309672,3.492402477931292,0.0,6.484803211770682
10,149,-24.463998209154653,265.274987651396,-18.55490001199496,-10.505702823259444,92.34800461298157,9.727663896939879,1.9397564457059824,0.0,-6.619844335975084,4.3035986716392856,0.0,5.19282972861944
10,228,-18.558788520388056,179.04306502382565,-12.55086608790528,-2.7029713334401553,103.1546372800848,7.940863813625942,2.0601282413077495,0.0,-7.525693031662121,3.208430550330768,0.0,5.727528669427886
10,306,-0.6232389731765271,74.48854647147677,-2.154559203244377,-12.690214493276267,133.7725784992756,6.422885869688903,2.4635432986808277,0.0,-9.183372416007668,1.9106074781424787,0.0,6.7624904848472225
10,241,-2.703563074562008,292.59630391471916,-25.942063730159774,7.549294690649301,125.06850152453165,4.210439112763488,2.6392170692533172,0.0,-8.880381044126578,4.917624914826544,0.0,6.339287058192108
10,310,-14.225578189832861,204.39846770781614,-18.95608767741644,-8.719978768290744,127.3892747137012,-2.311183304253218,2.4290737620507064,0.0,-8.912989918326133,3.6785793173821073,0.0,6.3193222472042905
10,043,-10.177907858895333,108.24749090895097,-9.1096994082291,-6.718832793221262,61.8220053509051,11.204468473183216,1.2159388979220382,0.0,-5.110311723609124,1.9933477444031624,0.0,4.0158701468895455
10,298,7.217652430557019,-99.79052815516161,18.82018423681628,-13.508595836741344,126.9058552229554,-16.813164644212915,2.315952325683079,0.0,-10.183361609537739,-0.5049938018718764,0.0,7.112578319133422
10,077,-23.810087869541242,478.4882017839569,-51.80343534850372,12.516253642643967,68.99953068144113,9.497994154563003,1.2891455893216626,0.0,-5.742545597930102,6.755075113890785,0.0,4.320484439989898
10,184,36.94807269734387,-403.7976366584555,46.43611386791336,-11.853244743551361,105.38033832888092,-9.573695093776244,2.088550211747357,0.0,-7.254888895347722,-4.5276218889803355,0.0,5.558986531088431
10,074,-30.974844863524993,327.2230153886975,-35.02186654073711,-1.0680431981478686,9.036749734175125,6.275769202246261,0.14672487248843358,0.0,-4.087756660974805,4.5674847094192295,0.0,2.8992646065743624
10,247,-48.34744579591599,438.4208512052583,-35.26054728597368,-23.998331539136032,144.37378012003037,7.843776451580708,2.7698167742559248,0.0,-8.629099129177506,6.788118028517458,0.0,6.0308465117495045
10,255,-60.4097612595385,750.1286149927968,-44.18218281032701,-15.837976827162196,187.4806965895433,7.670721633260397,2.393733903348409,0.0,-7.506302194147742,9.734644432506329,0.0,5.564670639096171
10,119,2.5137802952731323,-12.124082863286477,0.3692665412640211,-11.561674355658791,102.40457217432659,-3.193050414269001,1.8113095213051391,0.0,-6.373930292369302,0.32176001701800383,0.0,4.9199727904122055
10,246,-28.943618721404277,402.18096908594265,-27.05176792112536,-2.003416541207327,122.14105819601649,7.156122699761165,2.283050185807378,0.0,-7.483603138171127,6.152145181931048,0.0,5.671437051146263
10,234,-9.626040006855803,157.5783470858637,-15.28038119517014,-8.136314642094089,134.1988058441729,-1.6829497923194157,2.505666075395732,0.0,-9.024566908927625,3.17946553447094,0.0,6.421751860410652
10,124,-1.0548094565409198,31.611971150447417,-4.490304902805838,-10.670102091159329,72.32385594343044,4.697041585201257,1.2568372174637354,0.0,-5.295316073490949,0.9003702884762512,0.0,4.083079618691675
10,199,16.303926495808057,-214.93274964592402,38.76173372685117,-11.603153494446607,94.16127956320724,-4.497480346166509,1.6634185590393635,0.0,-8.754476155782902,-2.4703008917791385,0.0,5.850266289379224
10,279,17.49385352819614,-207.4717530423865,27.855970916410193,-14.98161553661892,113.79751566841223,-0.5068219169768087,2.152644221399677,0.0,-8.757923259588619,-2.0267771899569818,0.0,6.36623593623197
10,168,-40.55874776244328,561.968084759242,-49.68812929737281,-5.689940456849877,113.47061308628551,9.492911061656013,1.7286651839355949,0.0,-6.070701282038198,7.95000913584991,0.0,4.643432644026365
10,111,12.374125097488896,-107.32060713978233,12.196165107316544,-9.661934553330124,100.14847881271707,-2.318662589177302,1.7271931304892136,0.0,-6.838209344560004,-1.069487877855567,0.0,4.8372332348589415
10,039,-4.661466936424568,68.14449999202145,-3.5938023062199504,-12.152474213732987,112.98804532805319,5.193885140727806,2.1668465602752427,0.0,-7.187549269366645,1.5934716258054007,0.0,5.5595303879934015
10,259,25.549642111289916,-326.24012817332584,31.883098390012762,-16.159861627103123,93.54753416294797,-8.699528884528192,1.707383128576271,0.0,-6.178774394094845,-3.94043429336462,0.0,4.669232710600008
10,273,19.03783587154999,-319.2099591180594,36.557901679515616,-13.902109408313901,87.88057309662283,2.0789810835510436,1.5991767732947755,0.0,-7.780672189490879,-3.6735461385533386,0.0,5.804738519979948
10,142,-17.15142681342424,190.37086436494224,-14.228960316475218,-9.259818474844796,104.54800274781633,8.408314424625852,2.0017478888513103,0.0,-6.675946589717884,3.4438136707294227,0.0,5.190445543465895
10,333,-66.36622960618794,665.9466136503974,-46.66604396956833,-9.221910528655727,160.5153417734695,16.310658204108773,1.9918848037675672,0.0,-7.235204085447711,8.995391107685375,0.0,5.207493865276219
10,230,-31.096520113949943,186.71297961784379,-8.638777184081738,-22.77527212979389,113.65316969475589,3.032353650330098,2.307781214168197,0.0,-8.226349606967082,3.3802294421012435,0.0,6.290789675704086
10,307,-12.252585881708956,67.3688499218647,1.5373902977100524,-23.04053725929265,139.62533628127073,-10.306855890220247,2.7640064329884235,0.0,-10.166107840481562,1.9224422678851814,0.0,7.077653745332661
10,293,-3.2910795900396037,-6.219941613036573,-0.31549475525899934,-16.79069359312222,112.44064642716391,-2.457496212198871,2.036814841887304,0.0,-8.379865837161386,0.5825476340388094,0.0,6.40256304365582
10,068,-29.671164222941893,288.6802461449951,-22.09276021725405,-9.684665052912496,68.42222032476002,3.6863066496643406,1.582003812037102,0.0,-5.903022689561767,4.558706537277828,0.0,4.378468322714861
10,147,-17.489200170722192,224.06292566427655,-28.23312124406117,-8.00597823025069,60.75204072690665,13.960271996157433,1.2954020700657964,0.0,-5.375568810840399,3.645851989867546,0.0,4.222597013020286
10,038,-1.6328227990325166,60.72112949772764,-14.850728037274497,-11.169999482002124,109.96488682014684,11.886036336026669,1.9778687337209695,0.0,-6.660703197669369,1.484032579708664,0.0,5.102937082890328
10,145,-17.05624471956081,179.36281814603848,-19.359515084832445,3.1235917235015984,102.1135701896713,10.01241571874374,2.0810826950045307,0.0,-7.364066619529175,3.337381309643542,0.0,5.498744176531582
10,049,-18.16950107064034,115.0432594911996,-9.92980656029719,-17.03780000069482,113.09301822139743,2.612825660589337,2.315520747001379,0.0,-7.760055309524979,2.3449534086243684,0.0,5.752162524522454
10,208,13.31278448963959,-159.38802708755986,5.907315995825565,-12.208795681505446,136.8301655859971,-0.6385415024029004,2.3198509263941505,0.0,-9.849608953645717,-1.295866124214784,0.0,7.099718706668736
10,040,-5.651520598097367,61.47587663848819,-7.560336148856261,-9.927241599267917,121.3315415488598,5.334175863109858,2.1461319938883596,0.0,-7.731715420754204,1.5895472297076063,0.0,5.918340578959647
10,340,29.262325424982244,-339.44748828096243,36.93911005003619,-14.93644653304473,99.98229275003773,-4.99242106966485,1.7658535273956786,0.0,-6.218826211770918,-4.033091974780097,0.0,4.9714233759289845
10,163,-36.83013693805702,332.41969288202546,-39.39799435405638,-0.2297384221086295,10.881478098962187,6.892093262067215,0.1856036379876861,0.0,-4.08706025191091,4.704378197059926,0.0,2.958652030371971
10,206,12.048608101128872,-123.99026255580941,11.68269872151357,-7.856207474880415,135.56431936163497,-17.502789474833687,2.4211792726884047,0.0,-9.377541548228576,-1.0438039614757217,0.0,6.839041575488659
10,121,-3.951358993931698,-41.51894075330365,10.483416246504794,-18.284581341989977,116.60188988403965,-8.924272877203457,1.986753773900392,0.0,-7.236814931853418,0.030620303224915157,0.0,5.756504226154229
10,182,29.97709318278162,-367.90788758652735,28.450343094678573,-14.785725644263144,96.22777591858794,-7.626975216353429,1.670879192229979,0.0,-6.98579973514216,-4.269014482774313,0.0,5.47004204401245
10,181,30.14675643728867,-357.0746557925761,25.265386134257287,-12.367268179273639,76.54486860910288,-7.558105337736562,1.6198871956000862,0.0,-7.234941866445075,-4.227938774745157,0.0,5.205833270377976
10,308,-11.085941599305324,186.0407878840872,-3.209003123232515,-8.044718736831397,111.73818568059316,4.49596814723202,2.1405380538270373,0.0,-7.461775916915959,3.348546561667973,0.0,5.724234281406447
10,326,-40.14985138176824,410.5347688141473,-25.842709462480975,-8.898754601926916,131.60450038808517,8.397677689280346,2.514624722869507,0.0,-8.170233951238332,6.428258428250889,0.0,5.8762544029885415
10,146,-16.87299291562635,195.90800979428275,-28.790489505447734,-4.491124912687761,37.605148309179604,10.284261808538513,0.8799115101228285,0.0,-4.664515584863272,3.114415886984162,0.0,3.730693575728
10,304,-14.979924695842582,73.89705357588737,-5.535259517271764,-18.95605688087222,131.6394604388565,0.5271605825685057,2.422925635083009,0.0,-8.980874764374937,2.003659211925503,0.0,6.67421314183807
10,130,-6.042352206108895,105.0800167661277,-11.524120972409321,-2.2926217312912476,44.479539716329874,7.981962314586857,0.9506073579613344,0.0,-4.7433575985884895,1.8592749208388462,0.0,3.7292056641396507
10,334,-63.65970090395385,692.116189247945,-36.1311043345997,-6.432336784161711,166.8683763695589,11.067905119520017,2.070619760189859,0.0,-7.33653504223619,9.264368446964884,0.0,5.310780988988421
10,297,7.154528323277445,-64.66117318128754,7.907510261930749,-19.018718615899775,128.95442042300297,-5.371406580155466,2.2899398168392913,0.0,-10.540864812190781,-0.04532704784994368,0.0,7.511409586022282
10,216,3.608052202872597,-84.97647793663079,17.620656177713524,-23.200997663584566,130.0964543548099,-6.924665102139227,2.380818531769097,0.0,-10.437791795820582,-0.3233025553273364,0.0,7.237791519749461
10,189,23.032873766396378,-284.7452495226324,32.96090568491644,-10.15758729534513,107.78434845358328,-6.8675122841579075,1.7811448670239742,0.0,-6.961081255611388,-3.2554071379895237,0.0,5.371833687351561
10,296,6.945597638433149,-109.4991179729786,9.747205414008139,-16.162082056119086,120.22820440196791,-1.9072887327653278,2.173991118519409,0.0,-9.113944685777794,-0.8441747393354875,0.0,6.772998316479456
10,050,-15.016731709586315,149.92328220937856,-13.113089430667552,-3.445629185308211,39.481898430252144,7.169885318468148,0.9426886564313663,0.0,-4.732871557337731,2.4758838097170197,0.0,3.7246032815319574
10,157,-25.84325119378182,275.65833561178573,-25.989950138113667,-0.7909484833565298,64.38680505215811,8.027159834153327,1.3123016791553785,0.0,-5.574563686282524,4.416828402692625,0.0,4.2608559738177325
10,258,-124.3958067235317,792.3866394350027,-66.37457648984082,-11.490125698538959,208.26127925036008,6.472186530865281,2.4097317357117247,0.0,-8.089409705630844,10.66599323007362,0.0,5.82888938235078
10,267,28.710741881653036,-403.85617259842707,45.285151093938936,-18.702709292786768,82.64857489888063,11.403719966933762,1.8944538535552167,0.0,-8.17325129541424,-4.486891899760602,0.0,5.822814855070284
10,080,-68.3077800333851,593.9581190385923,-50.084752263448095,-29.985972265110682,145.4933086272657,-16.80069334623753,1.9236841489945267,0.0,-6.424773921985333,8.667805101328065,0.0,4.4295502287178845
10,286,4.339860432881809,-67.49895231500196,9.718708350051305,-16.601224764822014,132.24660274700264,-8.38612043586469,2.4101825427131094,0.0,-8.804954914321094,-0.08376256946869998,0.0,6.132561823046483
10,178,20.165708529156827,-336.04322178673954,33.79050713720021,-17.073768082720445,98.03851390740913,-2.737769499597677,1.7345760136883284,0.0,-6.505924296775625,-3.9816998022111596,0.0,4.893975366496617
10,150,-28.49923124894243,277.23044929572427,-25.298275807720515,-10.082624179364107,106.27089320257413,11.21946163500511,2.2469494152808402,0.0,-7.342195597636846,4.545153268331638,0.0,5.443572643173841
10,256,-71.99317104997095,747.6517494267734,-44.29769884179358,-22.553265051202892,199.25877304688368,12.597963160756015,2.1807061663019214,0.0,-7.725368652953239,10.026127212885683,0.0,5.581661164323123
10,118,3.193086915769259,-7.199990407198871,-4.368901785486164,-5.228874726334131,94.18575639060859,-4.481937234442517,1.512144927492669,0.0,-5.504151805963339,0.44749862193007406,0.0,4.42308797086458
10,239,-19.827893390594312,290.8127000104126,-27.128718109520676,-6.947150939550333,122.88967796483131,3.985420870472086,2.5270940230558687,0.0,-8.626347248187605,4.898801197661276,0.0,6.217085010279414
10,051,-14.537281214514518,163.87949838198014,-16.362117081956317,-1.5094346940303203,65.89759769207623,7.159870938989829,1.430896721828676,0.0,-5.381228405300313,2.871085096820685,0.0,4.142072490572274
10,242,-31.00711222654642,305.0424426041078,-19.30576441980584,-25.12188520366123,128.2526056328315,6.493379446139621,2.5600438214637125,0.0,-8.897181511148228,5.1037475279679905,0.0,6.5900390400254825
10,245,-30.387109456023644,389.3117930512239,-31.041572982029276,-5.580287936655028,116.231907826263,8.009688198625684,2.239274333641908,0.0,-7.573582624961219,6.016388874640184,0.0,5.697095370910776
10,097,16.55362008883485,-168.7403763928641,11.185584069914587,-1.78510721912269,81.45886343088671,-3.6204615348575677,1.0812413741230007,0.0,-4.455353489177555,-1.993694458630961,0.0,3.5388754429748013
10,059,-27.24015575583965,242.36327830923054,-18.135482727846718,-9.66198492992412,73.84835451899676,11.597125282663642,1.585274833184747,0.0,-5.5496250870878105,3.9712444677431904,0.0,4.302928142133624
10,225,-13.461069119489483,71.68433353015446,4.6249880580035665,-22.359709989143425,127.21628320808273,0.9040641844566202,2.398222606371466,0.0,-9.58679634841625,1.8362882571810548,0.0,6.893073823919221
10,318,-41.617883855047054,288.18236641538545,-18.33878539952634,-21.632760843691422,116.74389551270632,7.098152257202298,2.340615062630751,0.0,-8.169341157766517,4.759969391742132,0.0,5.8911946946048515
10,280,11.068174432746698,-222.7281644786069,42.12339330764147,-17.96213612427915,121.76272418720441,-11.003754456289919,2.2870302143145858,0.0,-9.753187869450887,-2.1830412095741036,0.0,6.689414284969626
10,278,16.53145561931957,-176.4833801022675,19.561783524038184,-9.650614796017425,122.82203527092855,-5.831161881814996,1.9882979183521368,0.0,-8.134887303813864,-1.6259844996883088,0.0,6.099518183810748
10,170,-66.72142822598832,624.7567332832363,-44.484789380571776,-11.475270181591384,129.3578182639285,8.094649407819213,1.9571586440605184,0.0,-6.544831048993449,8.57655834527668,0.0,4.87396505259502
10,324,-36.61355466967283,381.71245051591757,-36.211472965535066,-11.796677768432891,115.97417118529279,2.7982387411242757,2.206054798655611,0.0,-7.33386479607176,5.910344185755693,0.0,5.54599352965546
10,240,-31.04131941212057,308.05956724147273,-17.001623335491857,-13.657754886071713,135.03232726289528,0.2829531652550745,2.6042736590148245,0.0,-8.489994241019309,5.0773544814798175,0.0,6.313250904579535
10,274,21.11777069585117,-270.3749898066602,33.62472098376028,-14.509382805228999,97.75783692061887,-4.6190713639685095,1.716493919161563,0.0,-7.689010065366292,-3.041238708771844,0.0,5.778798442486287
10,226,-10.847165104371651,64.25592494533666,6.606832855412225,-17.687135212692837,131.39502707614395,-14.25314450093646,2.4589014628326336,0.0,-9.626431661928944,1.7228200850098203,0.0,7.06919905942415
10,035,-4.598597751115567,41.944432088284735,-11.846662132892895,-3.2133320778360526,56.5518505057025,12.604766827389847,0.9865677563420243,0.0,-4.717256957351705,0.9835062029413291,0.0,3.7144490019234935
10,295,-4.169391531812545,-50.89904803318733,14.359286091154262,-19.291658553392562,125.09913320616727,-12.926284086192076,2.1744378591069093,0.0,-9.104040024135243,0.12981939125859365,0.0,6.570363900182577
10,091,32.79304386014505,-310.96190605402876,17.714284559950485,-9.805509096337005,99.88117016808161,0.766796023145166,1.535678746222731,0.0,-4.936086240220644,-3.704918586515019,0.0,4.061236036842396
10,057,-23.844467821972888,173.50288262639333,-8.306296236741423,-17.71860948030874,106.69418078937854,3.508596930815999,2.020665898204267,0.0,-7.51404682248507,3.2836056446146697,0.0,5.4465640003248685
10,069,-26.322768742663985,317.14725970114614,-32.95667403242042,-6.786685106698338,67.65825814220361,6.967511973847486,1.4888788146961252,0.0,-6.227069068861138,4.856225101717703,0.0,4.8567206818075075
10,133,-6.4508330145056245,118.90393929899773,-12.851667060301278,-7.341389620862142,92.34574665528262,4.237796275142406,1.7741085267513135,0.0,-6.391997592167218,2.2864231979229332,0.0,4.831145006198498
10,072,-29.057223824029492,352.51925611968005,-28.2617798004269,-7.844263005594887,81.76623773378016,-3.8522133450051133,1.8294712705954446,0.0,-7.465914109932265,5.327538518515365,0.0,5.440989626794312
10,207,16.390601976156663,-148.54126494686616,21.643205754082793,-11.003761167943436,142.71750714540073,-22.334789629306144,2.4323809282716966,0.0,-9.898690942892488,-1.1420197088096777,0.0,7.003799806611792
10,139,-20.725387122492936,170.77466580535543,-10.71631087994641,-5.5955375988653575,57.309398974934346,12.164189875519288,1.3319951207201672,0.0,-5.119269734295042,2.8615552011641445,0.0,4.203553366647839
10,332,-47.15310295464059,653.9850038762628,-51.7601021526394,-4.9752883953300975,149.7234560395991,3.8428526104211587,2.049330016645384,0.0,-6.679753736798785,9.244315858233442,0.0,4.693025089835768
10,172,21.509095314928622,-231.94959045963668,29.195540784528184,-9.031772409752673,62.31314629586241,0.13699729675576178,0.8145897386838165,0.0,-3.792750789931297,-2.997185386945884,0.0,3.195987748094409
10,271,20.462042772679222,-320.247570400741,29.77687260686635,-7.537709892332382,98.04195016123815,-9.296924494718219,1.6266278335828894,0.0,-7.164851444305623,-3.634278241965392,0.0,5.616132274808531
10,052,-17.515859141664677,182.78862167798894,-20.74300128793167,-4.47754920502261,76.61267316966183,2.3105219786889353,1.581377009274868,0.0,-6.058675341049019,3.202259086200383,0.0,4.52952857152871
10,042,-8.278734477894186,100.43868560820457,-10.405670468679551,-1.0832585811077067,42.666790028892606,13.555635970315976,0.8865354717860833,0.0,-4.626952701995059,1.7277328459378212,0.0,3.635265382998332
10,194,20.026201336691187,-302.5911885878852,39.151250712142996,-13.208636503713706,107.10447663013589,-9.18143870893828,1.8431216363683485,0.0,-8.499803607327621,-3.4006331171164725,0.0,6.350354185795811
10,300,-14.490931031946996,113.15921795680579,-6.092938229623035,-13.48478532447976,119.93483943296769,-11.07967065491518,2.3651644521986506,0.0,-8.57019339389727,2.3515266664319756,0.0,6.234684681085273
10,115,-4.185074248704891,15.75675862357042,-7.115131260603592,-3.4380788437194765,51.59869603575232,9.353560795750855,0.892508422051234,0.0,-4.374534288363762,0.5777611662175247,0.0,3.5020546096558585
10,213,-5.06211813371147,-56.65186671311186,14.015417949094802,-22.14826769402168,111.64793996141968,-6.2534706871276695,2.0207494571700733,0.0,-8.476806065686254,-0.04143573307316073,0.0,6.266801313020885
10,060,-22.6688454972796,252.96622222005703,-27.703656829753275,-5.6890819363078435,81.3877370167032,8.173544196513289,1.8103828048651804,0.0,-6.294476954408032,4.135578262885907,0.0,4.8469287284986065
10,079,-38.84177201395805,559.7388590631911,-42.13373839506106,-20.684716235111264,123.37084502094652,-5.879623590298024,1.8229479885183553,0.0,-6.333249278263207,8.048467501096107,0.0,4.42358590970853
10,174,28.474036098723346,-243.9617059841789,13.958216635613319,-7.003615076620148,72.73089733057553,0.44598415780071266,0.9694172451660066,0.0,-4.203642452516844,-3.0630942003537562,0.0,3.5183916428797253
10,328,-30.986519124782976,396.2307828082282,-25.16379188553747,-9.49920044290606,116.97698009428248,9.020799466570072,2.2882582082731813,0.0,-7.657471011153711,6.062001153706918,0.0,5.636085481946854
10,066,-19.148526240843093,217.28364836223008,-24.270969215954135,0.7105757560258384,23.815466385768772,1.4539267903717277,0.6371295216942101,0.0,-4.470915802053556,3.4431448772218203,0.0,3.460175115840064
10,210,9.601225591900686,-182.73844049228512,25.674387784704493,-18.035310020306973,123.78643418352222,-2.4272841051113185,2.2787528576549954,0.0,-10.374869881233204,-1.5723245295658022,0.0,7.669505571825062
10,191,18.22765512430291,-301.77257685004156,37.221595850339014,-13.180078355483563,95.61472977741549,-7.145234905202093,1.7440513137176892,0.0,-7.468596809093052,-3.4974164804927246,0.0,5.624108674789752
10,292,8.528247875818831,-23.04072632279096,-4.939192974226501,-8.053467235675512,107.47424900735686,1.408916801337982,1.9444836694359726,0.0,-7.90968089137099,0.1992670796027376,0.0,5.8694477284472235
10,285,-1.6900675745480416,-60.402355864892705,5.618535883992019,-20.535067148923847,119.87934226017659,4.3961749791118105,2.212327637836322,0.0,-8.178576530396562,-0.11849014807251812,0.0,5.735193800576722
10,076,-50.592616620197305,413.9891814015336,-50.824096663775904,5.227771432117648,45.02249538555899,8.91943713140509,0.7480680200190954,0.0,-5.106447574600403,5.970798734365621,0.0,3.9149199824638754
10,237,-23.17372040672329,296.4240480988898,-20.063477929360737,-12.3947757942637,126.07566332203272,-3.046240632370953,2.4420645936664442,0.0,-8.471777936162818,4.9212778425344155,0.0,6.114971239031168
10,294,-3.1200397355154386,-38.93224711348681,8.608823345935543,-18.24032491397693,117.08840020108335,2.2382830974391363,2.1975909167691814,0.0,-8.66240348041516,0.16596634187125114,0.0,6.5091480916543665
10,250,-46.10033487413214,401.25576292382584,-21.168452332851984,-18.556374678141015,123.25868046182059,2.8002101758750837,2.367389134952617,0.0,-7.916273665655962,6.091020586983604,0.0,5.972702268201804
10,176,28.31365830551485,-291.02993610943537,18.019298780322003,-10.956502449622846,106.10305550344172,-3.899006167335533,1.5338266536571723,0.0,-4.752247320090012,-3.3998824859551116,0.0,4.036356961544041
10,302,-14.554044505202322,94.2858454969907,-6.86046450809665,-22.647364464980278,118.89870875477128,-0.045738521243974706,2.3636291336484936,0.0,-8.581525690633633,2.007780309484538,0.0,6.335889792435059
10,013,14.938546556022061,-197.70713778331057,17.044381075958366,-17.347717558828347,110.36922941787873,0.10295020410223099,1.6741969794070473,0.0,-5.283614744674872,-2.340624310637466,0.0,4.148480639438031
10,044,-11.937973746736116,128.14030570598152,-16.005165283345427,-6.39977257548785,81.55632190543841,8.8938612771066,1.5828193522294907,0.0,-5.708143397423885,2.3528974259132425,0.0,4.533561515557083
10,027,-3.306626821839653,9.995750078408511,-6.456540437521561,-8.484199307149698,50.36000499218162,10.954659615050343,0.799803411060288,0.0,-4.291752523437933,0.5089390572331571,0.0,3.429207042393245
10,058,-22.817323905424836,197.4878757198623,-25.104630839143635,-2.1487693917049806,50.172844271989774,6.125211565568489,1.0091935651058563,0.0,-4.820511814696322,3.2441513495243575,0.0,3.825603560392458
10,187,23.17332191527435,-275.59682392553856,31.644537213469988,-14.91930214592148,118.09723084250186,-12.904744602736901,1.913385231700984,0.0,-6.772700612580323,-3.1786952014766983,0.0,5.105388576283764
10,018,3.408213018000164,-62.11468906820807,3.2983950893402603,-8.727920906563794,54.985952133579424,1.6630616186138676,0.8153304705066563,0.0,-4.151725747611499,-0.6271473999391927,0.0,3.34606843419827
10,232,-19.666940637725403,177.5610309134128,-4.01064957595547,-18.035941316570437,122.9494503496317,-2.4777733297699305,2.453900167166043,0.0,-8.639125862682336,3.308348189682904,0.0,6.569321787967702
10,036,-5.519388263914195,46.254397756216335,-11.473351768422816,-7.552372249330274,71.45483637804651,12.129075990821555,1.3043061982949136,0.0,-5.1377138160909315,1.0497213577923983,0.0,4.135350508981723
10,171,17.54801840001214,-209.21799104099813,15.571978758877844,-7.4275391127297485,53.12934328023917,1.0149654318679644,0.5711978726856715,0.0,-3.776075003943024,-2.65075880827225,0.0,3.1433486450774173
10,211,-2.437767514642352,-7.464667528487214,5.867132677841907,-15.094649919089026,105.97728439476388,-5.3132332246797604,1.938809464567483,0.0,-8.231789055132497,0.44061507798005706,0.0,6.1118221375759845
10,214,-1.7840734109517822,-78.33824161457925,11.78084121967214,-23.64385382795872,121.791034807881,-1.880244658735894,2.19121939081472,0.0,-8.865062794327407,-0.40101118524519497,0.0,6.6147256358254864
10,006,17.61391093489469,-301.06040538944177,21.36125961371039,-13.517320751588938,102.35508477574301,-3.2926810098325063,1.492221869407659,0.0,-5.188772356125724,-3.4937751433244086,0.0,4.154323811910932
10,067,-27.886421942286628,256.4997734608587,-20.652564312178605,0.8803693491580697,46.50670199569511,9.175927317218058,1.0897171708585738,0.0,-4.899258258593527,4.027907549548309,0.0,3.8668157521487068
10,319,-16.527445141291032,293.61293361632227,-23.19951066470913,-8.391239224908896,128.63144292196333,9.523585015198249,2.480130502774524,0.0,-7.982489398310494,4.969041977230733,0.0,5.898843438241142
10,158,-24.71530299508325,318.6505492503814,-25.08356619168785,-9.402534436575483,68.8033773984335,1.9260906625861203,1.4599560889535204,0.0,-6.067637671984407,4.9668276313671536,0.0,4.628352244807503
10,126,0.980868534417782,52.95825153958283,-1.7056432860637276,-8.014028023115069,107.38222659486564,-5.163868371101019,1.8904533827154002,0.0,-6.225299968203463,1.3699665747771568,0.0,4.954823210895856
10,316,-28.76063183772354,294.5821140687665,-35.73277559856935,-7.248679245570017,114.42973716436403,20.09788541003873,2.2187981915503077,0.0,-7.527236836265054,4.862092743353348,0.0,5.638398086053637
10,320,-28.25343144450598,299.3220008215744,-20.294897451931902,-12.929852545669384,128.55314540776095,4.104485618313431,2.538665861764585,0.0,-8.342376134308536,5.010082524657946,0.0,6.228461299262313
10,235,-28.464569442049633,285.0561064367065,-21.291081618133255,-14.056487390389426,113.53412619087277,8.187136444772351,2.301960448759049,0.0,-7.777627403736185,4.7078431344885,0.0,5.797988020442402
10,009,8.655357832702103,-139.08606966274724,9.226437929884641,-7.7354033511566564,49.640324854456395,8.56289956898397,0.5296479275532877,0.0,-3.7696263881535748,-1.7272001675513782,0.0,3.033318404568645
10,321,-47.26569263235811,307.7560891118335,-4.00669154118312,-28.701552381425056,132.2497055922886,0.9932970988420955,2.5138389706002027,0.0,-8.395911594889402,5.037797701086734,0.0,6.384617559953689
10,192,27.882671313834436,-292.39680669680956,37.81977096951128,-10.80004546057124,90.7451260207878,-13.277434519033402,1.557452615196949,0.0,-7.827919643945863,-3.3528069868163266,0.0,5.508210790132875
10,108,5.49124547269521,-72.85175116071404,5.538290548950081,-14.314706635892241,96.82719552419866,-2.265090663873622,1.5136311811408285,0.0,-5.3837836313155485,-0.6448851945356617,0.0,4.2581752120355185
10,046,-13.856245518460216,156.75576750688404,-7.756445032927745,-13.335634038884626,112.23351444310585,-0.3889851510398252,2.268445084435204,0.0,-6.996261525344759,2.8709496371921936,0.0,5.568960305079558
10,161,-34.52833804548793,355.2494753157553,-17.52415296219113,-11.856098441706607,85.92575788781824,-0.374941399612023,1.6085629494896971,0.0,-6.809103034484499,5.491916446536991,0.0,5.168616120729018
10,204,4.7337710564985365,-82.13570467742986,9.814430493782732,-16.897736663365823,115.20255158234394,-8.275754799694706,2.3812737300130684,0.0,-8.24907329512586,-0.33453946885513286,0.0,6.325292147120201
10,153,-19.78603119758639,265.9961016719551,-15.671510261802025,-3.8789392144735824,92.6074118963187,-4.044173769344013,1.9641264750655059,0.0,-7.099366768944932,4.428020013961867,0.0,5.439197020493875
10,269,15.296136520350466,-279.8308683636679,30.506862604841086,-10.460439098688106,100.84879250393743,-8.759115604832536,1.7891245709577248,0.0,-6.528732338748359,-3.3103082747196124,0.0,4.899164075471506
10,033,-1.6352639845244212,-10.907683248862398,4.219633906147749,-16.9173016099334,115.68655994742521,2.9632862741856276,2.1577153882944575,0.0,-8.050048630762877,0.49817058342191667,0.0,5.810529736575678
10,010,8.419711240777637,-163.04588672170638,11.082230390412203,-9.098695258298836,63.46942363824106,6.345708047420575,0.7496831027900883,0.0,-3.9644981117916642,-2.0273973476770175,0.0,3.224684439403109
10,254,-72.41686170728777,716.5706392888333,-62.273603633765376,-15.914392822339927,171.5042407133605,2.411244108034762,2.3767827017976577,0.0,-7.427601912143186,10.652349353453207,0.0,4.5198087858233436
10,301,-11.826446490272515,92.67444731720698,-3.95439827790315,-19.729654417668257,136.03860953449106,-2.8850668511176547,2.3165477966966597,0.0,-8.128189633223739,1.9727705141526295,0.0,6.253333473563714
10,236,-27.671740485914405,284.053003457651,-21.900209784926442,-17.04809731145829,108.62814181156459,-4.976539470112626,2.22325234803861,0.0,-8.229651141087562,4.680153980953727,0.0,5.884237241216268
10,165,-37.79891294278808,425.3602165691569,-52.495850488850884,9.043988214537798,49.24682870084369,6.788575475541219,0.8263337200556427,0.0,-4.964271569502941,6.069792945777449,0.0,3.775489165257663
10,089,25.436466416079487,-291.1138295441126,20.784488233339893,-14.43426818573378,104.89636383605983,-0.6452262810556828,1.5628953718888172,0.0,-4.9411288486504565,-3.436422697242858,0.0,3.9582252567566134
10,270,25.31276014900123,-289.56475628787297,32.003898241568535,-10.150979658556446,100.23141496301545,-7.393788273864088,1.7917826364802774,0.0,-7.193236715638875,-3.2604537027847966,0.0,5.272828063169124
10,094,11.759122098889103,-145.71449899068887,10.552350634136213,-5.65932295618606,52.56366321041969,5.036686275478203,0.567405373866889,0.0,-3.710366586156164,-1.8256272768193336,0.0,3.030194361656346
10,104,1.5966186223237977,-55.66219032470026,2.012937087526903,-7.643001505810648,42.68697130255274,5.6052941795953455,0.5577673409726875,0.0,-3.8701580940438434,-0.5697103077806914,0.0,3.0558725974979764
10,055,-17.433705405693956,187.39155509716724,-6.897758620660191,-13.127358520263261,103.75777558039294,-7.240038662928606,2.074521929919309,0.0,-7.04274426221763,3.394645316594455,0.0,5.384483664612032
10,026,-2.4572714589595224,3.9052485310537977,-5.805709168192905,-5.360713304898174,32.633628010837604,11.52280814563781,0.5088274295127575,0.0,-3.899250368372573,0.2893353181659315,0.0,3.0694952042981227
10,144,-9.917590132135686,175.47394407908055,-14.302185044984222,-8.443311944199069,104.39074220981689,7.734561575626138,1.923143358314071,0.0,-6.911493444256725,3.242977379191638,0.0,5.1980750453008255
10,015,18.928406583158367,-253.63923943906696,20.623807740885464,-13.085886426922869,109.99930944954944,-0.8197933796108634,1.7055784173144923,0.0,-5.941972694178168,-2.9211527039868,0.0,4.762711464608097
10,131,-12.524574438549202,115.6180069960027,-4.966643562186577,-10.064615686752026,63.9312256063701,8.185594091744608,1.2725148498705312,0.0,-5.255667851924575,2.0682678927532434,0.0,4.044564675976835
10,309,-12.156425633036715,191.84748766632148,-19.94644387810929,-14.511859662997674,117.30911559262786,-0.9811005280735732,2.2457813138124534,0.0,-7.728084755386429,3.470788976431784,0.0,5.759594652805984
10,065,-31.563475183194058,281.06114996877096,-19.29329531708362,-17.85255412374754,100.15972653953384,-2.865876970635359,2.143994722781165,0.0,-7.795920300159769,4.637401947409094,0.0,5.783150793969041
10,325,-54.21117436915238,395.4278337247714,-39.73429397486898,-29.351836456781776,123.08062674970056,6.944589268929816,2.335898984623082,0.0,-7.516436687692543,6.132599708947591,0.0,5.740733306156292
10,029,1.5112741227836057,-5.110261786636762,-2.933634745220487,-10.021761222546106,79.50817812860464,12.384301519904412,1.3265484207434834,0.0,-5.136652083384263,0.40968376534849704,0.0,4.1215296505689984
10,227,-7.485450131223869,194.8406901987937,-17.003182488274874,-5.337293461842537,113.03161765917464,-2.465787374667216,2.186732194647253,0.0,-7.754003550301322,3.5327972353415014,0.0,5.822115450286592
10,098,17.379625696748388,-175.9482584839072,15.98099823538984,-11.661637462176232,91.70332889849925,-2.7596933157946175,1.306098466291861,0.0,-4.89831348922143,-2.2012035310480584,0.0,3.829954206796446
10,219,-11.92077997914156,101.99611294215902,-9.768963432280076,-18.946221469691118,120.38478839238536,2.561512466152977,2.2481488815766855,0.0,-7.860671366264168,2.27655162636835,0.0,6.021738591886837
10,086,25.844058880083303,-253.16802161465483,20.207894960018393,-8.90610774313306,72.61206367040084,-6.4989005360905265,1.024811171621198,0.0,-3.9960481766094866,-3.2129519568380474,0.0,3.421560887674815
10,070,-37.95387594570174,348.94428516681313,-24.370138291967606,-11.400103863775147,96.15710296441084,9.087000646048324,1.9200003357802027,0.0,-7.003545837012305,5.467610896500325,0.0,5.028097679911432
10,021,4.032202354928655,-67.21607669699671,3.8657945438446557,-10.843772001596347,88.25973509556368,3.856585763602667,1.325813640314911,0.0,-4.939818143241404,-0.5548665779061431,0.0,3.869534863259824
10,160,-36.329216095164,365.07097552765873,-21.674340875460302,-8.634316236053948,98.01429433203332,4.383879356737723,2.0257122473117706,0.0,-6.98772156380012,5.644376275036328,0.0,5.310341441049224
10,113,-3.3456838327875245,9.846443503602512,-5.798393270414502,-3.857563232231811,33.33260804255958,6.762447834070955,0.549192641120268,0.0,-3.9241566216441264,0.38481831157424295,0.0,3.1869618989042876
10,061,-27.95820629297769,281.05608091607996,-24.625418672397736,-12.706034870766201,101.91872586839648,3.510947969863021,2.141598048211559,0.0,-6.892278748559403,4.6787429926999735,0.0,5.013136760053513
10,112,11.610219793544577,-142.87086282643244,17.93571839869887,-13.218169964070567,108.04789558901341,-12.050877996878754,1.6713286212293377,0.0,-6.896810630854282,-1.4619761116756478,0.0,5.2659760594387235
10,004,18.58830095792627,-274.12429923649125,21.609033948922516,-19.579991724190172,88.38091691572654,2.586848892869669,1.2668896083715513,0.0,-4.439439138938033,-3.281621780542477,0.0,3.591027706491858
10,338,-63.767703566364254,770.7629756733578,-56.97838718023265,2.208615535523261,195.30178893145464,19.272497631413422,2.178101104174579,0.0,-7.77079699811664,10.174026802892387,0.0,5.542413253545369
10,138,-10.726589830876675,136.6363901402226,-15.49687570483205,0.7927660390322275,35.14678737863938,9.540214558439638,0.8531808994997191,0.0,-4.7040002519536435,2.2378085948910083,0.0,3.659236611207832
10,116,0.6846319534766233,-0.6788758659987391,-6.370483356379514,-1.9281171826167407,68.45307112029852,7.765383792475359,1.1282009576842724,0.0,-4.807363451546568,0.402229766421214,0.0,3.7548011368409364
10,313,-11.687013915749406,193.91275399531247,-6.022035352909882,-11.425752793787215,132.59683192196374,5.884228055429225,2.6518967064596315,0.0,-8.884276720427447,3.543515686259185,0.0,6.662909388542381
10,243,-39.62470793467024,370.8573910624142,-25.007946100377275,-14.511220161869497,108.44630394941423,11.191834836186262,2.169244749546201,0.0,-7.233956880892271,5.697071191526597,0.0,5.525453274239169
10,330,-45.13235478187721,441.6317017614374,-36.270470027907464,-20.21297971516059,145.31735860271536,7.872357624826002,2.5864950558960897,0.0,-8.285091906124286,6.7633263896762905,0.0,6.20164973175497
10,064,-23.909760062974204,296.54113583616515,-28.329409424262174,-8.014229919744572,114.06938321420704,4.289545940921653,2.1758260980640225,0.0,-7.343371607374363,4.948447197305574,0.0,5.557281789122699
10,159,-47.498076225670225,338.2887057721977,-23.70385166133214,-12.32402669618513,89.1318379695423,5.4124212721245115,1.8347712214769656,0.0,-6.541448472332683,5.320648656671684,0.0,4.953493191395702
10,132,-6.38332816613957,129.30337528444994,-19.22140576171613,9.015382168434646,81.08852824362131,3.8372483568829745,1.6241337050138571,0.0,-5.7259577467608445,2.45878595898392,0.0,4.459586324073472
10,263,37.165273005137294,-362.78144524101685,27.348000776797825,-20.201832156446372,89.501867311274,-2.4211826674697727,1.7572278969833124,0.0,-6.798037722552893,-4.284649201177317,0.0,5.401593584133179
10,311,-27.833912339772297,194.07074106517123,-14.806665555934316,-18.916368388481686,124.59307014115811,6.340349510117077,2.3880255467289677,0.0,-8.803286622198309,3.6078807286611223,0.0,6.4245678679122875
10,011,5.451705708954716,-168.61344269037514,10.61582857702884,-19.06262768875131,81.09105146605395,4.465072144912823,1.0711340469677575,0.0,-4.360126982960573,-1.9950595850419446,0.0,3.5769654830734754
10,281,5.6165523143004705,-212.26859759295294,46.385903945191664,-17.93227751336309,82.38182172486879,-1.9149686459705444,1.8119180765064065,0.0,-9.724816329977326,-2.360663928846348,0.0,5.900918978845456
20,037,-0.6624734739242184,50.91485095293517,-8.081350382804208,-8.98040423827955,78.05243740001673,7.1404965059342,1.4808464634377343,0.0,-4.135485477099705,1.167840777422211,0.0,3.2732228208807417
20,329,15.678164371596665,-322.5036600390499,36.36738717050096,-17.651530337161567,131.85759263632403,-9.903171451120151,2.700803233868532,0.0,-5.705776952423124,-3.356767906851374,0.0,4.37060895132628
20,053,-7.41303290966775,150.38584235852656,-20.87937453796768,-6.739651726413209,102.46355548651529,11.80088917002467,1.9803248374552924,0.0,-4.83315604106191,2.7629331841812133,0.0,3.7925010380778654
20,209,-6.674992483442261,165.95679414089497,-19.11634226159199,-7.165853592608191,109.17673284369037,11.259807781692729,2.162791512107034,0.0,-5.006699900347267,3.017785694022201,0.0,3.874223988359647
20,251,16.98600461206134,-352.9831062300746,34.232939128923576,-6.186010314848536,139.68111485303436,-8.682186116053431,2.7768788256232293,0.0,-6.046158203687524,-3.7262114113974594,0.0,4.869480484052901
20,141,-13.04590571155032,244.2955697197766,-34.57252792513136,-6.040083117824222,130.81585519250837,13.292948113566823,2.629382890278776,0.0,-5.568860149878096,4.267296604460311,0.0,4.312533466868144
20,394,-18.901052977817393,273.7263995142218,-26.073246026865405,-17.959092829267504,188.08228676355202,8.740516849390524,3.8494906513443894,0.0,-7.948645361943925,4.981983866934204,0.0,5.740568877512805
20,003,8.3951552137797,-244.41694784119326,22.385449022509437,-15.367309063192234,98.86100672760134,-6.5972892473613465,1.6159732303345726,0.0,-3.9583937667612856,-2.835929492992629,0.0,3.2346548834235893
20,151,-24.731881656504456,356.4147400453611,-30.444500250081063,-18.77354712067069,155.01680579235867,2.884647716497378,3.22398642045164,0.0,-6.817422967404978,5.860195465769686,0.0,4.850725480074793
20,048,-9.808167330709995,142.64466323336697,-12.319735189138353,-19.564783667937007,170.29194831200493,11.164322733160722,3.302802095490729,0.0,-6.48178766939256,2.924759012983798,0.0,4.926363051702471
20,152,-12.063795791862185,365.920036453582,-36.10243372579774,-1.1206441714563038,163.46634208138775,5.278108278037559,3.1374172573557573,0.0,-6.963459121875447,5.978447449206098,0.0,4.987801491675329
20,164,10.183451301023771,-269.7354354346489,22.647373509320396,-16.231001694660673,103.44227948038795,-9.262279422446252,1.9211284544437381,0.0,-4.161485356167197,-2.8896497249900865,0.0,3.422673201058373
20,193,-4.349588695123377,42.58113317024315,-8.3852419272334,-10.441682850249993,91.88579443386888,5.344638210941412,1.7744136623340165,0.0,-4.513179962277647,1.147590778010958,0.0,3.5235773157750785
20,375,-8.21055186976902,70.91461427940736,-4.280226591456798,-26.58102258204348,194.3807769373994,-9.298851882531281,3.773506132710585,0.0,-8.174518570834856,2.096468679190684,0.0,6.192394762660639
20,031,0.8326237416721527,-5.683601021480947,-6.034385444794863,-10.289513010262677,104.5166913847535,4.99810576202698,1.7609395796088305,0.0,-4.377962836912795,0.5034004828577139,0.0,3.4652788339037075
20,248,5.4219726403810835,-325.01445547935464,32.4916699370397,-15.422751304426567,135.55620252662496,-14.4543289818967,2.7303387949724067,0.0,-5.760771928484399,-3.4401774150907216,0.0,4.360977054590451
20,249,21.74132455653817,-334.6657336992907,33.9673134095319,-9.675237519581362,145.8372788649705,-11.043847235269038,2.7800876654749755,0.0,-6.026019699519426,-3.5129856401432376,0.0,4.625733393342997
20,221,-19.382959569768207,277.0957691284278,-24.050231445031553,-14.401580818965275,173.0054221597273,-1.4832430432612544,3.4175538429093213,0.0,-7.183113358765998,4.764839294121639,0.0,4.976310521997616
20,396,-25.760313109696,390.4383260427394,-36.83727078462964,-13.105198023932829,179.792425076749,11.364118865613754,3.341690537094027,0.0,-6.9901179743145505,6.250873187469393,0.0,5.31807042284602
20,425,-10.914535485536787,-71.38629150811386,20.400955501152207,-34.75660878736244,193.59698720859924,-12.245624293404267,3.7633803140437414,0.0,-8.742177890720193,0.16752965924454943,0.0,6.203352111649844
20,262,22.759490510254786,-310.10326501845714,37.534621123481365,-4.853084143686791,157.92781549095068,-20.65146345009733,3.01878489667951,0.0,-7.537150586569829,-3.0946959128168805,0.0,5.312518046091855
20,222,-31.554532334573835,292.35220612860337,-15.285593210802485,-18.57771763093971,178.5817753932195,4.8343295064072525,3.382453147110862,0.0,-6.800582793118182,5.16307841777759,0.0,4.9970218164082425
20,341,12.42809446113719,-300.1437154462433,34.42849309863593,-12.680892163373885,140.55495958443623,-13.310215273399681,2.912715520662898,0.0,-6.695187087503663,-2.8933905702729885,0.0,5.131687619473135
20,383,-14.084504131833079,190.84432519106352,-28.555949470110328,-31.308384949138308,194.5839282567404,9.528407836207897,3.949457543971513,0.0,-8.35244440927313,3.8106776521237244,0.0,6.085942735394633
20,335,21.527284417357883,-373.1774384324918,34.5453606596694,-17.096448752973572,136.84480751626512,-12.958316561216613,2.837784384762471,0.0,-6.674779700418493,-3.8758874710187334,0.0,5.1441547650007875
20,371,-13.951009205910745,89.7911825667042,-3.9580609971075242,-24.78622138742672,185.88271801980858,-3.980051741137048,3.3593827699535903,0.0,-7.301312535423748,2.380610631139569,0.0,5.597075884309887
20,205,-13.095445796637101,112.71808440474295,-7.075836199526009,-16.307789437010488,162.06505209690005,-3.3812922553512927,3.0722129838513124,0.0,-6.541253367202909,2.4644133925897296,0.0,4.843772279130475
20,322,-43.68004167185927,666.9582940496587,-50.00792625710862,-4.00984635341656,213.2169734772897,9.205375519155496,2.8443253665647754,0.0,-6.213269661094212,9.013925260391076,0.0,4.648949146735813
20,102,-0.4020804415546313,-60.742970029962166,1.0209556835849776,-15.85078099151913,90.32544996318224,3.007733826665662,1.451629543211964,0.0,-3.913596796119287,-0.42975766540100335,0.0,3.1096106532071786
20,107,6.464024680866166,-111.28108389215332,13.465835919226327,-14.115645541247787,160.56858060252648,-3.5401449344144558,2.7163594458357587,0.0,-6.186589784398886,-0.7853872231024099,0.0,4.573539577579558
20,083,15.407494228162527,-229.85608184072558,29.238469202570666,-7.364914745718501,87.12124987813934,-2.79614682177971,1.364530379743132,0.0,-3.7075743871820315,-2.7548980018740443,0.0,3.0843267397034784
20,223,-25.44752655336348,274.2141082175165,-27.427432701716896,-15.881986703883669,163.5727894697308,4.499104191554063,3.4146354375875703,0.0,-7.224305301184561,4.861392607178168,0.0,5.185202559444734
20,127,-7.088398926977527,136.02692012747727,-11.178383470202428,-16.802815153680676,165.89384738204956,8.13084069561145,3.226909629883773,0.0,-6.3544122825655425,2.858994976229803,0.0,5.011840075308424
20,188,5.23438228790403,-5.415596787286362,-4.58779711500327,-7.492188016570942,142.79737400575235,-2.8342671009227365,2.3489358522067865,0.0,-5.061814482298404,0.5773015674988025,0.0,4.062990979510628
20,100,12.373985110663822,-249.13415405954262,26.01885781906001,-10.273865478524224,150.74452458751742,-11.919300525469403,2.7872954408441757,0.0,-5.672585170439742,-2.5294164894089226,0.0,4.369959787267861
20,014,8.83681528413231,-202.59374591579387,20.37552021544905,-13.386962395517125,149.09689866443642,-7.047612508196674,2.397719724999086,0.0,-4.759049128807703,-2.0371546835816354,0.0,3.82178034020403
20,075,-30.739286812627977,378.52463478702543,-40.708254884622164,0.794660786198865,63.680766886524154,6.944376115590858,1.4205169976635457,0.0,-4.34856284400333,5.565040442422742,0.0,3.342014712079709
20,134,-8.839523562016282,197.931522843954,-17.501126691376093,-5.5639260409900615,153.1934178413117,10.871988746553365,3.0271761786770286,0.0,-5.9933313659183325,3.7274872331836457,0.0,4.714552035110588
20,385,-29.08339960247516,185.14154320216545,-19.14251012545104,-32.99052915811443,213.03704702121047,-3.3305552668880454,4.184375106594802,0.0,-8.644316728043803,3.9586733366396474,0.0,6.266606206085951
20,173,9.262229640561033,-151.69301853968653,11.067493797706259,-11.82808065287841,100.68295392517558,-0.4549236346006813,1.5309882337955065,0.0,-3.908634501470213,-1.6725362776371133,0.0,3.080230574731998
20,002,14.668346916472673,-231.17334015664076,15.350552087761967,-5.337007206107871,91.80032722140666,-5.877763683136122,1.4478139540318296,0.0,-3.7669013159714044,-2.6735925001431213,0.0,3.0413413810824634
20,361,2.474350690726091,-181.45939547755015,24.557089230143383,-30.036170853480915,204.17004577126116,-14.930296341022933,4.003983021418595,0.0,-10.008070104526059,-1.0570784036677636,0.0,6.548048763964365
20,099,14.054275070001939,-230.7165598101156,24.15279531298887,-11.955202791939817,157.45693395652674,-0.9319646765471505,2.7836075715079627,0.0,-5.572040504803036,-2.1799667591724075,0.0,4.181824288587614
20,063,-15.618003247831073,286.0411334414632,-25.61265049372235,-12.059107333616742,162.79143505475375,7.588639481544693,3.130343336723582,0.0,-6.207160937838237,4.95837852888977,0.0,4.797477280422591
20,024,6.25618709422694,-65.31299648711554,4.998681419412478,-10.805471437391171,152.82221427806988,-6.12795714971381,2.6174186280658316,0.0,-5.038164736201306,-0.25798685823836753,0.0,3.98757524268019
20,136,-16.57147177445142,198.95960236321756,-16.241586106756856,-11.7907462985051,167.41298037890294,6.273059204253361,3.329923516364361,0.0,-6.780924550328349,3.7995190326108483,0.0,5.078213754867105
20,290,-10.443478731876738,88.66627252505866,-7.683435644222559,-24.839191807026474,188.8476650695768,2.6428821869295636,3.510514023216191,0.0,-7.533713101400591,2.40229504930712,0.0,5.62613076582354
20,339,22.717537405146995,-288.1843901849165,26.509006561923663,-11.215833916566536,147.3508909677067,-5.043324177285469,2.9003579779142195,0.0,-6.10928908113535,-2.9269859681181756,0.0,4.589062203536642
20,238,-19.285419336916906,199.26210519606863,-23.162319117245996,-5.400133411503931,80.71861720861503,5.476513693520239,1.73649312883382,0.0,-4.591564943143333,3.2956180355658296,0.0,3.6526752951590287
20,190,3.043347248459932,-20.997242776020308,1.737737529777446,-19.946668349078546,173.3016523974425,-8.60944447286495,3.101947314886991,0.0,-6.572743216404466,0.5989181232406946,0.0,5.07555565451903
20,423,-7.01222392798447,-17.775127505238686,13.326325056876687,-26.044720899418287,186.25586164019407,-16.932097517870496,3.5739031484975072,0.0,-7.95224964564739,0.7160484573432249,0.0,6.037222900879321
20,203,-5.064513287182383,123.90102903773384,-6.285808278125447,-11.026096147681763,142.95146095112992,8.517080582351955,2.772729245968726,0.0,-5.673357805269325,2.486340416692852,0.0,4.587168399615078
20,233,-31.768453817231716,569.3893742646886,-63.175452426952575,13.818085453286539,171.43705972154814,19.27043575919849,2.6208172679893984,0.0,-5.677347678048273,8.008557242217794,0.0,4.088355886762074
20,253,20.291009012802007,-357.50060980102853,43.84899692247349,-10.102471512645982,131.44153992044468,-16.903149655374847,2.848564587824555,0.0,-6.480878037234997,-3.8304902442852766,0.0,5.066938073868596
20,117,3.102886502506609,44.91850517539552,-10.321549675195504,-1.5188609448632957,120.96587826537163,6.180383536813509,2.138672509105025,0.0,-4.934346220300773,1.2946300438235068,0.0,3.8412486449302308
20,212,-16.326991377791096,187.14952121031595,-14.534266996092272,-14.326891144046744,161.4767352568594,11.337854580867191,3.1639485922537123,0.0,-6.525840473955998,3.5742253516048295,0.0,4.888533004305307
20,314,-26.09234704911255,384.5710191914323,-33.32514497222577,-23.075015557673254,173.17352333003984,3.470432927677349,3.3044270998778096,0.0,-6.912828902535991,6.133921012396384,0.0,5.165598737398261
20,169,19.910413561495687,-323.49166748027807,33.968565382727505,-10.525368799281152,118.88025935164323,-10.699731916501499,2.4422715410682376,0.0,-5.074430643452815,-3.4187563848904126,0.0,3.975525024767208
20,032,0.6833778905705634,0.24801266011341017,-3.0930147388275553,-10.723482581225722,124.11570232818863,6.037504361060589,2.1206741665742133,0.0,-4.833517003004712,0.5924425778318034,0.0,3.799596322852073
20,056,-11.74916106549848,184.59760283083588,-20.063923329250457,-12.280283071490345,158.57695212699457,7.11534195952058,3.1868967340435583,0.0,-6.580368734738529,3.4901911951489613,0.0,4.989649512827488
20,196,5.029624135102408,49.43661584868667,-4.484380744151675,-12.04937886093176,159.16359119315473,0.9598608875787331,2.810155525964787,0.0,-5.818127258559563,1.5138110842205388,0.0,4.662422744535325
20,129,-6.356790437759678,107.02963338933029,-10.831618148938137,-20.940554652941827,170.38662720837212,8.556747517589532,3.1751591447386605,0.0,-6.780941648235184,2.486693286348399,0.0,5.1082389743747125
20,156,-25.81297660899373,378.73679450341075,-47.09274084738813,3.628243852020685,64.17340157193105,8.73990733409753,1.3974954020121737,0.0,-4.341241942646684,5.520351661541176,0.0,3.377308125475035
20,389,-21.68026252763532,288.7119939144932,-26.69787892640193,-21.31670594870875,191.43437291413827,17.1078395217769,3.594782383737421,0.0,-7.344935085863714,5.051963785857784,0.0,5.468952243310736
20,305,-23.040392355388153,291.40616714842355,-27.342612435908023,-14.233175894876746,185.3212944560775,8.92028898154775,3.7780803287838953,0.0,-7.6138812637340045,5.181785859594885,0.0,5.200587260759498
20,422,-5.9692759581995825,12.851580525344847,0.37198097215281667,-25.72157556457066,183.81557159535498,-10.011845351307535,3.412835637541718,0.0,-7.452810266920095,1.2320699831321462,0.0,5.662766910150541
20,155,-39.45432677961921,329.6895876387923,-42.821964368742016,-3.5426872714284086,37.99430347970272,6.670328482131667,0.8915783052068016,0.0,-4.042383165321556,4.822760365559548,0.0,2.801114382136845
20,327,-68.32845592457187,737.9630236785976,-86.55500678797198,-21.59041016021304,223.80008247730424,4.103958084492612,3.1017493854473113,0.0,-7.351969948588414,10.11152390178988,0.0,5.115805826165701
20,022,5.19029657803935,-67.54489728804285,2.9614138535117487,-13.183362181461172,127.16738952733834,-2.874041724830577,2.0142955592600935,0.0,-4.440952276483908,-0.41725214748070194,0.0,3.630935930233821
20,350,14.052401623252779,-215.80895184529396,32.305269355198284,-19.64512799709043,171.02003892391605,-8.288900938119331,3.3415288138602555,0.0,-8.25680006223411,-1.6914614351307042,0.0,5.852948021431873
20,120,0.35073680902562265,26.668281585169634,-4.143865846874715,-16.24415041245646,175.8918808243806,1.131008252884805,3.181612154218417,0.0,-6.503857174999955,1.3234040783123453,0.0,4.9964305343898285
20,218,-11.687529468543032,258.48409705027467,-28.410771667279,-8.185779448811898,134.67030116895793,9.08778825701225,2.7161996327702242,0.0,-5.775055717989468,4.346767167121627,0.0,4.36083642410038
20,406,-31.452844852756627,717.1220243345654,-97.41854561926652,-9.855876268839046,231.48413361267478,10.496449903321558,3.2070419680902766,0.0,-6.747821794134952,9.763841026061181,0.0,4.935342826046744
20,125,-3.8371959784616356,108.68022644215561,-19.614975412235058,-13.091662609825434,125.56611131890011,7.623710828915577,2.419957559769857,0.0,-5.384395931552872,2.2897131733040856,0.0,4.164074852588118
20,093,9.853184610562355,-134.76560351440554,10.956544679754618,-10.782176848323289,84.77905304939245,1.2365432055030858,1.2284429178993495,0.0,-3.6913135941359823,-1.5246573709104052,0.0,2.9365541393662857
20,266,18.795227477804026,-326.908490570063,41.07384368802797,-7.516124095206155,163.2747464553145,-19.873063438117654,3.2457713212781676,0.0,-7.750834015350899,-3.2061604152185454,0.0,5.720095532113316
20,260,19.17689979925278,-305.07690900069673,32.080052357285,-14.709415911334442,159.39400362710407,-11.917480703664623,2.9795097941652258,0.0,-6.777356918221744,-3.1047148903392943,0.0,5.066698696042498
20,122,-19.658397762295223,53.54772432021162,-2.7007237582358745,-32.88057109327742,190.8257080086139,-10.410317876819375,3.762589465252574,0.0,-7.9805537549316,1.8048006493015984,0.0,5.672665813925857
20,369,15.271623117560084,-96.87895136118614,6.336000179624404,-9.60369703251121,220.79736135362006,-23.746443684010163,4.146433997317139,0.0,-9.749402380036917,-0.027603180206388522,0.0,6.892932326599509
20,177,10.510206575631965,-231.07779475894645,22.943368932304963,-20.423719127179602,146.1787884620757,-3.455376915656084,2.56694701698576,0.0,-5.307346049961434,-2.389348705145272,0.0,4.217961548618924
20,370,4.60030790464774,-133.7458600475197,20.67083477396626,-23.70986766443742,228.56343123146092,-16.714011447794682,4.410484758014467,0.0,-10.251971598471094,-0.29366722573611126,0.0,7.334725031985783
20,291,-3.721129577392956,75.75630276221858,-6.1651129941248985,-24.538736203939198,189.88042032917147,-2.020667044875247,3.578356474090429,0.0,-7.7273891178993335,2.1638114712673615,0.0,5.77586369569085
20,268,5.206121485541136,-180.98624286928643,26.184855902712986,-23.288964812950354,186.81365818561318,-7.555554666411606,3.1574878783636358,0.0,-7.714119763091543,-1.2850271610479878,0.0,5.6389426528970406
20,303,-7.191112454346632,149.7062984820292,-18.44635871908732,-16.444064071203677,192.37046108356262,4.192727318604218,3.825808245567429,0.0,-8.193840155218338,3.2037428767513436,0.0,5.954240364460977
20,162,10.864118532992675,-237.98706500427895,16.848965097743225,-8.841551370706789,82.18154261341718,-5.717334219823575,1.3975305952033272,0.0,-3.672597119693231,-2.801517248181539,0.0,3.070084103286581
20,217,-14.874005629478043,224.9335351305466,-26.264128639782655,-8.159389537299592,106.65860063520242,9.680434584429602,2.2783419753512293,0.0,-5.241250917298783,3.833502751535148,0.0,3.944928921470459
20,198,-5.337998238335166,22.483254313827363,6.20369591460064,-23.646642844342782,173.96962154157325,-11.637620607671414,3.1965990590845297,0.0,-6.71674867665625,1.3884902853516643,0.0,5.160514203554472
20,378,-12.058715945698022,15.872479705874001,6.332613024768651,-27.77152072879213,203.28188159401563,-6.775080711657539,3.8034066551250927,0.0,-8.601065323713476,1.439678162642003,0.0,6.325579354814679
20,427,-4.751243195395951,-79.98077116402888,23.521075294622907,-29.611616259578483,209.7466715787582,-6.112961570685433,4.103176391259228,0.0,-9.744299967410802,0.2381866828125916,0.0,6.724510203630224
20,030,-1.6295618845343476,-0.4313044417083903,-4.332549913994379,-9.018904052093948,84.8510355113253,2.0785681509777962,1.489313652379394,0.0,-4.010152159755078,0.4403945005188573,0.0,3.2105338614147154
20,054,-7.155454255170663,180.59821754977028,-22.67341129198148,-5.640011414787518,129.30049092422152,4.70975796229763,2.5082106166142584,0.0,-5.357067548399358,3.2897738168820228,0.0,4.24601154316648
20,409,-96.13156497219205,761.5260146849903,-118.8920535578863,-11.169182062646648,249.04607039337395,12.396336802545108,3.1531084745837363,0.0,-6.900826787495638,10.26952924237463,0.0,5.101671123002132
20,337,22.393095957497692,-391.2953869176062,47.83120282145365,-17.53747470941825,144.90873660918095,-6.298602566111073,3.093828138562634,0.0,-7.798830319840426,-3.997211417491706,0.0,5.296182855459065
20,368,10.745966659491643,-99.89574619304085,15.096386413853164,-18.123691318254394,199.93568506362737,-18.396566336339106,3.787781082355725,0.0,-9.235615004019563,-0.0886770765274072,0.0,6.836403762404126
20,244,-12.953546767706458,282.80497916183185,-28.812195453702756,-9.149830918606234,170.90802091805958,12.82561600683552,3.286356810199949,0.0,-6.677198854893765,4.797717633883409,0.0,5.236773289939018
20,175,12.301816635848027,-181.1618455593422,14.404571758834592,-16.027266678428596,131.08101720351183,-4.058930736331295,2.0925187757781023,0.0,-4.501485552086525,-1.9826956209725308,0.0,3.58494690395526
20,109,-0.8418212585115037,-1.452414613716755,-7.130655713819978,-10.448566096410731,104.79091691415047,4.059693972452351,1.8071575517710117,0.0,-4.495851533873573,0.5531713031380561,0.0,3.4841257081233543
20,419,1.862044447860976,-155.68998460688698,27.91612373299086,-23.611101204574524,210.1275158259399,-23.33465239978817,3.990164079676744,0.0,-9.547069384545637,-0.8416189553504909,0.0,6.770833532960165
20,402,-34.505497198206356,421.08957293267764,-35.511088874079974,-20.20986532295911,202.39553337080434,11.073208858879415,3.9007103344671816,0.0,-8.089518032033556,6.735333370515104,0.0,5.780214940527209
20,412,12.498972620580235,-353.299768095406,32.009729728989626,-17.213638957982404,145.33406357715597,-1.8503812699217184,2.671832461532498,0.0,-5.99541737750389,-3.7999046503154297,0.0,4.815398899083436
20,047,-6.973335834917027,145.43939793880966,-17.57759646581428,-9.884984360242452,154.02296338412793,5.560738355389603,2.8831138706838586,0.0,-5.855549363674225,2.883494958576474,0.0,4.636969809266263
20,167,14.490544195364656,-295.9716983116128,25.733253257982078,-8.856252555186565,131.8371316668523,-9.653389062027866,2.2954993708045333,0.0,-4.838621909511358,-3.0906731833891214,0.0,3.9673206543685184
20,401,-38.376217926708534,416.9371293161736,-29.526532030833863,-26.679842639018354,196.8679474541208,9.565276079726893,3.8015565682619252,0.0,-7.665182963436605,6.780444385269088,0.0,5.355798738473679
20,231,-24.554511623282547,424.4003458558238,-63.807103511815356,9.802247657662342,93.86870146210438,6.406563411168419,1.7769884587236222,0.0,-4.749791425453506,6.217125660889062,0.0,3.6145082592724824
20,092,20.697918581471463,-318.8078835894374,28.78522784970206,-17.79619198960896,121.96864091418715,-7.3159209542792265,2.450770558635967,0.0,-5.626284182465793,-3.3656031528312855,0.0,4.287263705201824
20,005,10.515843764717467,-301.92939225416177,19.984847473590833,-16.04229069256569,115.32404966190872,-5.41987373021419,2.296378429377355,0.0,-4.46688273229213,-2.921397330104893,0.0,3.6496391371308965
20,364,5.593085204615755,-28.100599982320738,-1.5074867814787436,-16.720068162537057,180.2823727104399,-1.6291795387293595,3.4099709966507428,0.0,-7.69300978158369,0.637849370972082,0.0,5.785425725547753
20,265,20.115448214066348,-297.7245080341235,46.45482172010331,-14.422871082217641,158.2697375643656,-13.893730625776879,3.0233205148639746,0.0,-7.552226058083663,-3.011466478627257,0.0,5.536972630442056
20,424,-5.004411228977517,-34.897758323873106,13.882765346920921,-26.979730907302127,192.83621513630578,-14.367788980308832,3.693461343343099,0.0,-8.36932091401601,0.776357835651831,0.0,6.196762632180574
20,073,-27.04814437422661,370.8015575116445,-25.49498870865435,-16.438729337707223,167.17105309603085,8.932719755750155,3.177766633551479,0.0,-6.881183481511607,6.07964422958524,0.0,5.097784759521463
20,071,-28.76954727813317,331.31291357177236,-21.145773355942897,-17.168644362296995,137.01534973482552,-1.3874049647951558,2.751502078747967,0.0,-6.238828044373913,5.504199515230876,0.0,4.678354547819705
20,123,-3.036975866837837,97.35899605728316,-12.000915627538728,-4.2773043091925285,81.1191924480141,6.385755617459014,1.5725805475445456,0.0,-4.27325022222962,1.8652195957067683,0.0,3.412210640402009
20,185,7.576688089435483,-130.62773491086674,16.105863373354747,-12.643110781898521,157.94161572891701,-9.514598798891747,2.61041962094734,0.0,-5.94114432040149,-1.0225518575066586,0.0,4.517259474881863
20,224,-17.45005383615677,322.8899795013028,-36.41972077361124,-6.745513410617,123.23704477444107,2.444745639083994,2.528156847129028,0.0,-5.982224134612568,5.066867216775414,0.0,4.4909213142651225
20,180,0.32861472330746855,-58.78400573298147,1.6159374099659423,-10.79950439813478,96.26471558682626,4.741552194032817,1.5345089270858305,0.0,-3.9677242864863325,-0.2934123246440943,0.0,3.093002067312213
20,428,-0.9044049018683396,-104.69292127351831,20.405500054368577,-24.68057005586679,211.30339368210338,-8.250030470802795,4.16539225596087,0.0,-9.847406078688163,-0.3346922103923067,0.0,6.951899049688793
20,397,-36.635927546753315,386.60778307676406,-33.280188729255684,-24.267109271535055,177.3610302750722,11.691422745274004,3.490491921626761,0.0,-7.078987314662884,6.224458301719594,0.0,5.239613131180475
20,344,12.541901873583717,-297.2802251753496,35.82616300361623,-13.959443984476978,139.66132413806588,-10.243214962039623,2.936046399830741,0.0,-7.606675389652519,-2.9897321798181404,0.0,5.18230950957481
20,393,-23.334182766506707,283.97847213861826,-21.102209565193476,-20.262328944421306,193.3494062654552,7.920060263317633,3.792634569132118,0.0,-7.866214591763911,5.142988245111826,0.0,5.799950478130262
20,410,5.351766992490001,-338.5861941006013,32.45940159170594,-16.223619544701148,132.5934836052661,-12.523583176762846,2.7175711520632126,0.0,-5.457323975564153,-3.4155404513196945,0.0,4.272804315522283
20,408,-6.8009399399474155,740.0618956396205,-65.80937821342535,-5.142680575589961,232.9675733961696,15.280646448387781,2.980744476952741,0.0,-7.026060944784585,9.950324235759789,0.0,5.047839201462137
20,140,-7.893639726404041,230.32610188675082,-34.10588269160743,-1.0132268046273274,111.43425196436746,5.963181626462353,2.3219530963615123,0.0,-5.154933955632849,3.930222828418051,0.0,3.930783910352312
20,287,12.696083083070327,-127.9924997614827,10.255358676660435,-18.751847398811304,213.64262176639247,-14.59246607702168,3.9075805869646465,0.0,-9.287643304510109,-0.4481802894169151,0.0,6.70634478628689
20,148,-10.391018839289659,275.28663411452203,-31.51656467883179,-0.8197233504847226,110.22821728455187,6.450469708414789,2.173569267734006,0.0,-4.984964718980434,4.487515535523787,0.0,3.7112173454581807
20,277,6.0925048452335755,-86.71780424915963,12.702118969820269,-15.188445470169967,199.08679171477326,-21.20303788328556,3.7923993616228007,0.0,-7.811098354566315,-0.17739455249805958,0.0,5.706297537579193
20,012,9.534876792478858,-166.35526466375669,12.636638273124166,-11.915650802069836,114.80395549916442,-7.295318212910153,1.831988308573219,0.0,-4.2356809755557565,-1.7885935149663188,0.0,3.3119713325865248
20,390,-12.18316431677619,278.93336614580176,-23.523606854545513,-10.747050404577818,177.2425234395587,3.412110294679197,3.55806918802136,0.0,-7.471434331419715,5.012433665754365,0.0,5.552041360136924
20,082,17.355435612722193,-214.8371925318113,17.19261313789511,-6.6346209033776145,74.42714822734273,-8.260716827731741,1.1260022043644098,0.0,-3.454557157076004,-2.5846109920675904,0.0,2.8883813038837878
20,128,-2.5048789860466965,119.16241746973621,-14.232708968618137,-8.557872024545217,167.09491460259267,-1.8861664411150096,3.2161993907695448,0.0,-6.743823455132147,2.653463613954089,0.0,5.045237610940919
20,400,-32.829844556536,430.64944537615,-37.140073042836036,-14.12118026701739,198.24918533385687,5.985452446596041,4.1208399270701115,0.0,-8.09517050035902,6.8887858203563335,0.0,5.683008284479641
20,110,2.693297648277339,-0.14805173215183223,-5.5272393009284295,-11.34519612558478,123.14784756320135,0.3681679150703059,2.2272961783286105,0.0,-4.941914350617601,0.6496185188727319,0.0,3.8996461226263683
20,143,-6.242304566910327,279.63404439694614,-29.635017127177857,-10.05017470927638,164.13781408554456,7.4057320614016175,3.267693247498563,0.0,-6.548458732672913,4.811458044261886,0.0,4.781549675512013
20,315,-30.485076196012706,378.29112337973373,-35.743440436481755,-13.258832934259036,174.0881503035248,4.02275686525904,3.392979953474727,0.0,-7.399167955047121,6.157053721549057,0.0,5.185556886890542
20,374,-1.284860035563974,75.34818289973722,-7.200491788584633,-21.014799760500985,198.99294742422697,-4.314146452958802,3.7547719229657415,0.0,-8.464199066426739,2.310756805387234,0.0,5.968262186931195
20,135,-11.317035783923963,198.67787245841683,-16.180064307580878,-13.224929550417139,164.584820617144,7.331410664099605,3.2116985600063823,0.0,-6.645968198913042,3.8077984440279877,0.0,4.827758659045472
20,220,-22.31137237582735,282.96103024391334,-28.48334668020611,-15.814415287459465,167.22920806692758,13.46985875913449,3.516620298488563,0.0,-7.091141426396326,4.65447233730741,0.0,5.051402098805784
20,103,3.618639195986824,-65.12760430068639,5.870384411108894,-12.278078336578973,109.65918653087223,1.2622413870756746,1.8399259080704147,0.0,-4.346751361912903,-0.413332885251638,0.0,3.4158737691488423
20,101,2.262183100159471,-49.07498068924048,-0.5857713536626377,-7.642177749221608,77.31844972631897,2.105867856318795,1.2076473189998083,0.0,-3.606176946129246,-0.3760854399339837,0.0,2.9646343092732885
20,312,-18.703399738197877,289.67142577819175,-21.9108484928631,-17.91960265561894,199.65068759971777,-1.2293447757564016,3.8388745679161866,0.0,-7.820990255509291,5.222933506190695,0.0,5.838386251948453
20,149,-15.367114566731443,297.8610291011286,-31.282067715089752,-5.283763377049318,121.26214849484543,14.117445876139513,2.5411925274040006,0.0,-5.657248016386242,4.826058595624519,0.0,4.210312461648254
20,228,-29.122312476013548,358.91238499129213,-31.288237672483316,-2.9315061559511313,157.4796907914935,9.834709699355285,3.242692100956916,0.0,-6.820330761784376,5.9391773868805755,0.0,4.855784454510479
20,306,-23.51931651495286,288.3626056470862,-23.424400294661346,-14.413679328215323,183.7304616537313,1.2685477991324374,3.6411176526158693,0.0,-7.801040965491794,5.171402704575008,0.0,5.64008464684585
20,241,-11.61602702467883,294.35268828565097,-33.98411058497346,-8.460712138159952,179.4683305043543,7.375273499511326,3.1355746648419514,0.0,-6.124243820194661,5.369936394208971,0.0,4.272976219359791
20,360,9.093041859624625,-176.04969497857448,28.884664658626402,-29.48780327581462,222.46108013221198,-18.836450585756133,4.131703584984775,0.0,-9.363584039100378,-0.9364947711274991,0.0,6.759731168230745
20,387,-19.454427917605308,283.09482180863597,-26.03349051077634,-8.160121863100297,168.86938652633114,14.742210750183737,3.5773026625928197,0.0,-7.460115369310079,4.912189828351243,0.0,5.3215120207379325
20,363,1.4528461062286282,-9.076235273206867,-1.1904498889794919,-18.502292691426415,183.0803141409277,-6.879392186258267,3.370540269509647,0.0,-7.293293006760658,0.9680792346030032,0.0,5.526934190766875
20,310,-18.012063295031208,273.05157016765435,-24.405007023221,-15.813948894560973,183.03363235264388,8.961836608460448,3.6222657249407413,0.0,-7.415608298726649,4.8615576589484855,0.0,5.626703511335895
20,043,-2.75963489639152,44.31959394446385,-3.3508984660077283,-21.160463088391015,175.66380030864923,-3.1286804152493843,3.3671755205457172,0.0,-7.184005251370119,1.539702163360417,0.0,5.417822536002007
20,298,-20.28735547826296,221.65802898360803,-16.474685525762858,-23.745235020530966,202.63409829918575,5.6239190069772755,3.7719502743156688,0.0,-7.706519806058726,4.385634815438258,0.0,5.769315527951537
20,405,-48.13663569236709,688.9356119532383,-61.11898800011532,8.915907858327545,217.84828255889042,18.02358538662144,2.954041364048801,0.0,-6.644967284641512,9.320926651800724,0.0,4.840928660309418
20,019,1.1019653526838968,-58.21580832183073,-0.001305964204769694,-8.918780427830672,74.45273101602208,3.938023697547974,1.1802500407113117,0.0,-3.6458116994009564,-0.5196878488128704,0.0,2.996190068085707
20,184,5.233527665976424,-101.31892209942028,10.865800799143642,-14.189713608605095,145.06553521183486,-5.747004871206096,2.470097569998254,0.0,-5.515552920664458,-0.8324016689895717,0.0,4.2548484611578745
20,336,20.021371886277187,-393.7194987314934,45.49432282701477,-19.29784880360597,135.98263377811344,-0.9625510716362919,3.1075664889473007,0.0,-6.9785913134654285,-4.1112771275412205,0.0,5.244763673622244
20,355,-2.4631409210847695,-60.80397494286031,10.515181273910708,-21.64146388310124,189.41986065062713,-13.867909360668978,3.448297845087069,0.0,-7.289618835627726,0.17417172020295624,0.0,5.628375677549178
20,074,-17.908517495031866,325.6949552756901,-66.29297382224777,5.541480767977877,39.391087381491374,7.596855799136138,0.8858758635509847,0.0,-3.9525341602307176,4.7671347238783275,0.0,2.803067808308621
20,247,-17.748945101636316,229.0149911659179,-21.443214821020664,-10.095389339692586,101.79565960665323,9.706171631557194,2.051928205618112,0.0,-4.777377254707837,3.827319778437141,0.0,3.636472004264962
20,119,-0.17044452975360302,41.14216561826715,-6.076631841827861,-12.029201061426274,160.17648553667215,-1.306597932014697,2.846713699518336,0.0,-5.893743339157399,1.3761087575067577,0.0,4.691223889206276
20,016,17.633241434468296,-230.66353977541715,20.724408749870122,-11.348670370203932,154.22313670552813,-13.233210080584861,2.7370273423998457,0.0,-5.286457809874515,-2.3311209065556673,0.0,4.18756742269645
20,246,-14.848620818065678,301.04530595587056,-37.96291966910537,-12.228872692435257,181.91045506294085,10.402724140071335,3.6598552232641093,0.0,-7.664459757127832,5.330010571314132,0.0,5.258722475946099
20,234,-41.793468929942534,598.865064628076,-62.45204882778272,-5.489610002935237,169.5542956151885,20.846326140206255,2.804151526765949,0.0,-6.402563649184759,8.492381470833495,0.0,4.570150073410748
20,124,-6.0849263552668384,111.54317650084401,-19.832574880698097,-8.949101653825593,105.04286094519884,7.693286991309526,1.998918971717333,0.0,-4.802670849525549,2.1567681170889337,0.0,3.820539885405031
20,199,-4.2718013984396634,14.080639264428742,-0.6982572653864766,-20.952134075596778,178.38967668835286,-9.697345278989461,3.165925710530548,0.0,-7.265486569147809,1.248556896493993,0.0,5.477379148013592
20,039,4.4580424563289665,50.663995680603705,-12.968501200353275,-6.491326207875558,117.46831414669589,4.878746667144483,2.1416658059023144,0.0,-4.95549166342273,1.3050873939620709,0.0,3.9637202066164265
20,259,11.537957764584018,-296.8632332635278,28.181337685243143,-17.111076071228858,157.1835203246539,-17.38095490801716,2.927968784038321,0.0,-6.360965774320736,-2.990850483351762,0.0,4.915390143478085
20,142,-16.206819949074198,269.59076911654415,-27.030246060620442,-13.010233669023357,153.3542004269205,9.85749109400533,3.0407624308734524,0.0,-6.513648977485378,4.6210333609521035,0.0,4.784508854609511
20,307,-20.697182819045267,297.11734810809554,-22.551338406112066,-13.60534197189645,187.3521888592029,11.355229438431097,3.5645730014841432,0.0,-7.463882217805573,5.239874721774416,0.0,5.552380430816267
20,293,4.7287305173967535,66.96654514438453,-5.688244875530644,-16.507946688809938,201.287550371268,-7.403060001698137,3.7095798047498185,0.0,-8.168963854563424,2.131223455089419,0.0,6.077011372151317
20,147,-14.84510633294235,227.51952891539386,-29.263387715734076,-4.481448114641464,71.64887049424621,5.931025152366399,1.490067563860698,0.0,-4.273684926941539,3.7131908649430594,0.0,3.3328571026262894
20,145,-15.931010597623583,265.20010472675324,-23.28567456329308,-14.628777187021605,160.67662688335344,10.811857035205952,3.258909773997,0.0,-6.803281818994996,4.636588459974417,0.0,4.908671658755546
20,049,-0.246044084309208,147.4476712406841,-13.16909130084582,-10.254046106773238,175.49785083744766,2.6462640187692266,3.438903852645434,0.0,-6.961089486067084,3.0423990248742765,0.0,5.238236333857607
20,095,8.9335698450473,-163.42915327605553,12.637546480456825,-13.597796470670698,124.92820669464874,-3.4863125439970455,1.9115360423838514,0.0,-4.090377532014222,-1.6752529444293585,0.0,3.3632778340784113
20,208,-9.031168532861706,148.77248184307038,-20.55160695324186,-6.0694827673606575,85.45347906067664,12.026662722693937,1.6824041593979313,0.0,-4.458017834151775,2.6520757919613,0.0,3.4951629141171523
20,261,18.16589033955276,-285.6030637371891,39.399022538552714,-11.426840631626403,144.25298438624358,-16.42160295413117,2.8415807985400257,0.0,-6.8458952905124395,-2.9380424459082106,0.0,5.187713645687165
20,340,12.634333817089123,-280.3758385646579,36.37395136099665,-17.70488295125211,143.23630561347383,-11.05316861336463,2.9002218220827882,0.0,-6.534902477140251,-2.855445723357205,0.0,4.83684416250728
20,345,23.828624909930227,-322.7419111065564,49.76463063523073,-15.348854651829896,141.86384332235653,-17.122837992150266,2.7135964927993785,0.0,-6.818640357178045,-3.2496666590095686,0.0,5.5241859398024005
20,163,18.669783339474144,-258.9734339917126,14.035816435071833,-7.735294260375452,102.49204371725202,-2.079420245538862,1.6314617841776817,0.0,-3.793657824192877,-2.9360066309531003,0.0,3.133266698538855
20,257,22.407361277860566,-405.5803475678899,44.0118662191308,-16.86421050475391,159.37148547524026,-11.160406765436266,3.348223132610401,0.0,-7.56324508169428,-3.9720436736935922,0.0,5.639576630689135
20,395,-26.334220747300925,366.05555735475673,-28.423894636717655,-20.909615693382708,168.2484615212498,4.817637591980941,3.2603188601099276,0.0,-6.858970700323699,5.980821923482078,0.0,5.162689077389649
20,206,-12.784757074931164,124.44016874535237,-5.88256854633709,-25.504356677650364,179.2751180333517,9.757863618021634,3.4061474390661184,0.0,-6.897564466404006,2.7965742036999433,0.0,5.255482075353133
20,121,-6.940718800587092,28.690217689842264,3.709728764857733,-21.424277487999454,175.83381077593327,-10.315688964679406,3.1987585479508898,0.0,-6.978615922102811,1.3134096412605087,0.0,5.397264964701231
20,179,2.4651128219148237,-57.41249723655631,1.6038254083001904,-8.186870123400931,72.89729297453452,3.113781442581792,1.1109898780439447,0.0,-3.555144676275985,-0.4753753451219045,0.0,2.867761597709081
20,181,0.7544543746116006,-65.38938644976658,3.5188544142079943,-12.388749022601926,106.81960774700423,2.3276785737279626,1.7597362635063876,0.0,-4.231636490325411,-0.44628917549081193,0.0,3.3844106312242865
20,137,-5.520721182345698,201.69334168011062,-17.69995339566553,-12.58250099850456,175.2315744665205,5.570550852707412,3.383492700889625,0.0,-6.823872655530012,3.881905857651102,0.0,5.236663566389171
20,308,-9.909827506979738,287.070234249701,-26.42691777132704,-6.98537442991668,195.20491567367984,2.608760854748549,3.826118373699514,0.0,-7.701895684182259,5.24654636178991,0.0,5.6478484336073125
20,326,-47.14148451342088,715.6257548694364,-48.736958870976956,-3.54566624830608,213.17476970824376,8.28607155944962,2.8366791444024186,0.0,-6.949474843073848,9.810327783508322,0.0,4.912001312772318
20,146,-21.920373315020306,284.41257323141843,-27.57209861524575,-15.348674280589467,169.58703116016875,11.623676018644323,3.2738137120378776,0.0,-6.97310704773515,4.997704372313286,0.0,5.3253994226899675
20,304,-5.4066056481691795,147.91736732814442,-16.042875383241956,-20.032239109296682,199.080847095822,3.262069303746033,3.815614027532468,0.0,-8.232786341322587,3.2959795763985533,0.0,6.107919029880028
20,130,-9.416500543312862,99.87305855493643,-13.72385317983131,-22.121952943622283,182.00539926561132,-2.5049672137421206,3.5082590997264274,0.0,-7.4768485037818095,2.4829400972737155,0.0,5.393200872625084
20,334,16.28525455079781,-363.00873736070633,26.56692370912156,-10.39371729222561,131.12252226234835,-6.515655094315383,2.978970012545873,0.0,-6.507073951372062,-3.6630339753046135,0.0,4.953160739764984
20,362,-4.035429605394592,-187.86585072553743,43.932171703124965,-32.208476304238154,209.87761600258534,-22.523517294610656,4.426140542696934,0.0,-10.64755801862795,-1.2633576294967923,0.0,6.804391608751933
20,407,-47.92074209742532,722.1915672844891,-68.27344923773745,-8.109780005662072,209.93330654715854,5.184264028945037,3.1542262074240446,0.0,-7.1347215118986504,9.779334842826882,0.0,5.232828474834945
20,216,-9.284632430965313,188.64842739475904,-23.325083271195624,-5.008477541297202,78.78817701881215,7.989197252403624,1.717681205007312,0.0,-4.596548612367472,3.1378215512925407,0.0,3.5789429051910475
20,087,16.029000379139312,-291.4898786258645,22.181843838549508,-16.818985186525317,121.0098841612604,-5.006270505202963,2.2282706082514334,0.0,-4.4898269006489455,-3.054425140394277,0.0,3.739499233512348
20,414,-6.080659327115139,-30.47668846797258,7.841908489722254,-25.738665349653782,202.41844531982514,-9.428926795333057,3.747522309270844,0.0,-7.599381796844403,0.7221630441898828,0.0,5.779132181104276
20,189,7.588906996700148,-17.553748317873215,-0.2895993120911222,-9.140691843097876,165.67324338570594,-4.54021524774337,2.9134730853649344,0.0,-5.9923981191092395,0.6204020696965804,0.0,4.552249097274446
20,296,-2.077681862215317,41.196829058035874,-0.8060644909421499,-18.00260331970889,213.10846294517773,-12.510868635016791,3.941922628114999,0.0,-8.806577609154742,1.8279902056937367,0.0,6.5653738644366495
20,050,-9.44512010983221,128.27299216221493,-7.3272660177772,-19.450282637888918,177.8412964709664,6.684025968851153,3.44335238564204,0.0,-7.073232682527295,2.8259653732600265,0.0,5.33354787599213
20,346,18.012520470372294,-324.58716290302124,50.95811216976202,-10.210164216747152,148.2804889170798,-18.7925785656801,2.9841068127704986,0.0,-7.782735612098275,-3.2386763543253227,0.0,5.371386625526947
20,157,-10.135236182426507,431.21104536808065,-45.89646639098932,5.972495181670793,95.32526846978062,8.825193727702404,1.848690624385043,0.0,-4.770956781030356,6.284031871625985,0.0,3.5952789665717404
20,267,14.457089055644094,-171.2194910171622,22.612530127090075,-13.993575272761793,176.07536471987933,-8.351813204361422,3.085270234267481,0.0,-7.137286910560583,-1.442273311426428,0.0,5.295982907659416
20,080,-36.6649713874736,556.7673041707726,-50.37358081936185,1.2987310779813503,153.08251767400697,18.777528228009263,2.3103196538349544,0.0,-5.368631457228012,7.635793917510087,0.0,3.8321371544992493
20,286,-0.2280600338063712,-96.7059295522385,13.270463352775977,-26.428273975622687,212.8577694962692,-13.997099405110735,3.885302181847543,0.0,-9.138077240482943,0.1010418752460076,0.0,6.62002963954599
20,403,-36.647421260892806,644.7325120376254,-32.67514944234232,7.654098378622996,203.79207789733314,23.631544019042,2.8656624649657245,0.0,-6.25682482496286,8.789239085583022,0.0,4.551953488823477
20,150,-22.308985476382517,312.531547056908,-34.46619689366189,-5.845859154872388,122.27122389467802,11.838449130225289,2.60380850494215,0.0,-6.274446718833581,5.077268966365863,0.0,4.508143080261917
20,256,32.00479077608924,-390.27780014268626,43.16317510375087,-6.310717946996552,147.6923905870849,-13.145190973219375,3.269677940482514,0.0,-7.399941623868354,-3.9764926474722158,0.0,5.368591434575708
20,114,-1.5220869928130556,-36.18729367841322,7.332801565174874,-22.829643661582992,178.78243133208898,-12.062820700380117,3.279866530811786,0.0,-6.931302467373158,0.4077759740632836,0.0,5.405913566927717
20,118,1.094711426437059,54.11585570901133,-5.560486227834631,-11.8450704388884,143.4571541997837,9.021215283653746,2.53132627634529,0.0,-5.464929021788322,1.5439950726245328,0.0,4.259504055623442
20,239,-14.52876498715515,232.6759314547002,-20.86801374742398,-8.04257808301531,114.18483596944797,5.4838715612513305,2.253410268448143,0.0,-5.1048857502128255,4.01130348104097,0.0,3.9681050233432806
20,242,-18.312366894406143,299.4845286603795,-23.757761707488633,-11.086774199859423,183.6896175030071,9.472573186989633,3.2905164792675596,0.0,-6.441416564291915,5.270454820814061,0.0,4.745313619055471
20,245,-30.2602217020373,296.7891156183256,-24.14317935544824,-19.45936795194238,179.34261268021154,1.6397296090051316,3.4443288653432713,0.0,-7.024888664388558,5.1786467295289516,0.0,5.40566455935248
20,202,-10.111062784470016,116.6921966683034,-10.809271086811256,-7.7147063473770086,127.87856298442945,2.6364803220164523,2.562125940632977,0.0,-5.575491665904117,2.3112558390131133,0.0,4.239243542704404
20,097,14.104030296397061,-198.35680005700053,14.810034709480881,-14.239428908327998,144.71633864727272,-4.872218274608608,2.4758701317879845,0.0,-4.8544711819003545,-2.0101253220944018,0.0,3.756309092323922
20,059,-9.672860866316102,180.08714924348118,-12.67195302833671,-12.831946531779549,167.49442799805718,-1.2901632288738787,3.317411689447099,0.0,-7.175529783491732,3.53226924829214,0.0,5.136366554221029
20,225,-23.944731021017617,345.0405613527859,-29.051535321546474,-4.551226310308246,152.40605796941583,9.775576913700615,2.980805138181571,0.0,-6.283475625753919,5.572698937803867,0.0,4.792305232115124
20,392,-22.57948800253787,282.639055128459,-18.479280719618735,-18.994625879592725,194.40740062016553,8.921002837392457,3.826860854137518,0.0,-8.446942400775063,5.119104901625228,0.0,5.809134567597788
20,318,-16.39159733652756,430.1229411024789,-35.81929805181906,-5.9357596883347306,204.89618508859883,7.486412792389142,3.8209942492495665,0.0,-7.7959557506990125,6.927185936412366,0.0,5.782556617399543
20,183,5.014873324025351,-77.06860937931361,5.397148329116979,-11.444679517160871,143.87480465041932,-0.7451014519990178,2.364613906144945,0.0,-4.969207274689297,-0.46504751998743643,0.0,3.93181113741802
20,195,-0.4211444170884153,50.42714724274996,-12.620697842102103,-12.243528946976186,141.15361252631973,2.251660650283082,2.637060303147198,0.0,-5.572560081416678,1.4385034800276824,0.0,4.3008060876863805
20,280,12.904115427890012,-183.75893774537303,23.58374106599138,-26.581255335266487,204.30774302253707,-2.439845872451513,4.124821298027232,0.0,-10.176532003039565,-0.9278992765177132,0.0,7.0634157630299566
20,025,7.598806016769754,-95.36773880835905,9.662523672544186,-17.29432878817492,155.62554536891338,-9.842749116522809,2.6368657491468435,0.0,-5.594767796044114,-0.6551685928579023,0.0,4.325356759166953
20,276,3.2559780028974066,-69.51922013467968,7.054576795543962,-23.820178657910542,184.35385855030896,-1.705469811848678,3.569061249339132,0.0,-7.709118813289284,0.03190360272598358,0.0,5.449374374187923
20,349,10.804532601376545,-218.54062435298408,32.100801115220946,-13.370912990299635,176.22883724388842,-14.111842973258723,3.44634953552813,0.0,-8.371012752331,-1.9059910848537875,0.0,5.823189302946231
20,324,-38.67460782162737,714.3380708951065,-54.74222986266613,-3.4090906642782617,239.68908462746094,10.625526075480103,3.2632535042366015,0.0,-7.153371873167368,9.82167406653532,0.0,4.94310131277525
20,240,-6.586131554129399,257.2887939782009,-17.565288175113963,-3.5266509631117113,137.56660870345704,9.323178670134961,2.7335437335722474,0.0,-5.784368838932158,4.389944439530467,0.0,4.468284818941375
20,416,-0.3023632422243674,-98.242684577126,10.151881239369297,-26.451602306023926,229.08036889636207,-11.815509729699777,4.202363246646157,0.0,-8.364252938104089,-0.012457245862968147,0.0,6.249876887915918
20,084,18.567728440210924,-253.36716500647472,21.51677818505407,-10.28139355485856,84.7269906098288,-12.070433585650688,1.6290191928135882,0.0,-3.9068245682476874,-2.8407228900980206,0.0,3.195788153423493
20,421,-0.9752164002413473,-193.0572061803516,33.32031427512636,-24.217063893597114,206.62810249487254,-16.572299542446178,4.096614576063541,0.0,-9.615314661942145,-1.31578474118044,0.0,6.716446071966411
20,035,-1.7415889380139278,3.917022813587513,-5.566867270360863,-19.61251617101707,184.76626404472663,-4.232637352962289,3.2472991909442674,0.0,-6.736211862833853,1.1256892222127195,0.0,5.167983708674422
20,295,-1.6426598245888275,62.9999338397875,-8.106640425882633,-18.18434863822795,203.53450240043838,-7.619665285534062,3.941871197129527,0.0,-8.681349825425803,2.114602790774128,0.0,6.465287476404853
20,373,-8.319389803797504,88.17845672940574,-8.028399332362216,-22.747075311925975,195.60577207465974,-8.518781475452489,3.7024904541283723,0.0,-8.148784345632915,2.4277220009257947,0.0,5.998546893014491
20,091,17.907819232337854,-309.1266308952949,25.012376030338945,-14.340701068090139,134.91254652368812,-3.193069485233047,2.320309883481411,0.0,-5.101751580513977,-3.3428122543302776,0.0,4.032157841725421
20,057,-12.758545544641649,189.49419394673944,-11.336067539212408,-19.445730842490605,158.51352722697047,7.003311443173948,3.276338855151236,0.0,-6.786318020508639,3.6976911576250338,0.0,4.800201730497271
20,398,-20.984004076488546,411.0756248862163,-36.276423217763515,-9.686150291634759,188.28026348960455,12.740361411195051,3.6955862679851723,0.0,-7.660119440751747,6.667353359252083,0.0,5.326818419787333
20,069,-13.072307714861791,309.14032564946433,-29.864167907337173,-4.758098697928646,124.97096802480182,1.5292644657218777,2.502146707598236,0.0,-6.194504104598562,5.037273252624107,0.0,4.51703084730404
20,133,-6.122825268320337,190.02446805487392,-22.83751654425758,-5.244448101773473,131.89223679788418,7.046897449571594,2.5604852731165035,0.0,-5.392361380380612,3.4477085347869183,0.0,4.1967675904615245
20,072,-20.976891261176746,336.4762229401989,-30.454320787261317,-13.829336954148367,141.8664031590513,6.255700912214639,2.7600276058282045,0.0,-6.394814150003629,5.47231245110882,0.0,4.822715305028593
20,207,-12.032231941500287,105.42811994510764,-6.719719226430069,-25.656983387311467,184.3079922092445,-5.471926136840758,3.471185216373685,0.0,-7.032079219673095,2.5908473999133186,0.0,5.4223969388859725
20,139,-6.227192861988533,204.25401912161962,-31.61103376750672,-0.7532681151244771,87.10105779563801,7.690095894860563,1.8371867343935624,0.0,-4.575931476105299,3.438384338626325,0.0,3.5237574099963602
20,332,19.481280350751913,-347.55226306442114,40.89569928189578,-3.8221175085018313,151.20290168293852,-14.8805707947587,2.943343597074955,0.0,-6.50124839499291,-3.620490870572854,0.0,4.8487691560185
20,172,6.577494945889642,-139.48097706438588,10.576491943206445,-11.996098624568976,81.28327765070902,1.554425940270138,1.2663074999670885,0.0,-3.652071517473964,-1.652102907900499,0.0,2.9242624736132523
20,052,-7.87235346698632,141.16701581455754,-18.42262290656734,-3.6442884472350436,78.65267750274819,10.220308688384437,1.6671585689955437,0.0,-4.491536934519054,2.494226312987027,0.0,3.5221206644766783
20,042,-2.7245818718766084,54.159098302806534,-3.3946473150791627,-18.535715704579925,174.14332758965395,-3.2900592261276214,3.239845442975118,0.0,-6.632070530794922,1.6893949528459076,0.0,5.0860589334113255
20,194,-0.2858874340922677,48.13918313319767,-13.145431384201574,-8.797843486730986,120.54783049517273,8.969978701325086,2.1131927256228273,0.0,-4.9262457187951405,1.3198124107786506,0.0,3.839900674864344
20,343,19.550505226744292,-298.77792775228164,36.83206069117827,-7.885087033451115,158.2690234030419,-20.150291043067813,2.984925351859945,0.0,-7.193411085478582,-2.8508867753853555,0.0,5.284079564648802
20,300,-21.926332301610774,188.5202970274937,-17.036674399900598,-24.716717977638563,187.8580103782412,13.164711651427972,3.7337235849968584,0.0,-7.795022738520137,3.7203579297758638,0.0,5.976924056539888
20,429,-0.15299098048743076,-113.03620004293829,28.761407996057002,-15.866354089770185,221.39351090593638,-20.797818556067156,4.431605604972124,0.0,-10.535511580085613,0.07086298642434352,0.0,7.185609032726957
20,386,-18.47817301430618,163.16415117520202,-4.194449365984027,-27.432486524457424,199.31452137208575,8.366111803558017,4.259581353670521,0.0,-8.738616082770823,3.3463069961472147,0.0,6.1814582417632415
20,213,-7.61079399088932,186.65289006752383,-12.278349449932763,-15.934904730979998,166.08801496288234,10.555468379453249,3.074936450298352,0.0,-6.3962375250324595,3.629206320253359,0.0,4.94239584945986
20,060,-7.740974706982103,205.343960942498,-27.89991088356278,-2.0000626466860516,89.42176504004212,9.002079591676974,1.8609103387807504,0.0,-4.512007155298634,3.3762649603194816,0.0,3.513525607027492
20,174,7.354686753030769,-164.57036239601223,13.401218975655702,-12.552363615765294,111.50067603856566,-7.620202733963596,1.8139522744408931,0.0,-4.215111899353313,-1.8185087836287297,0.0,3.3262493310155734
20,328,-54.53997221588733,765.6568610913033,-52.97219702268308,-7.350657497999565,251.1529607623293,15.763834501911258,3.396955988311697,0.0,-7.840633262848,10.424152669764418,0.0,5.3282505926288035
20,066,-13.541728138456428,220.85142266179975,-26.09705575172112,-3.6940872337603023,66.84648640766044,4.374607222401159,1.504064170428807,0.0,-4.2741795146295845,3.6012379696320638,0.0,3.2944298412675472
20,210,-8.504212569197318,195.81981777018794,-20.61638831815803,-8.408794789808583,132.4410260218177,10.518126561353053,2.58605272551997,0.0,-5.444891508372097,3.521961742843899,0.0,4.32436145717202
20,191,-0.9032938498948588,-42.23805720353885,3.3212763893242654,-15.119635010170063,174.28801916181698,-8.606296681426327,3.196029648040599,0.0,-7.094839788362495,0.336498520737764,0.0,5.196137386319334
20,292,-3.39073067043118,81.23132934485936,-11.954117898047645,-17.12720878563693,195.41731595279714,-3.2825390914507993,3.7977553645474567,0.0,-8.3393478022936,2.317952011323968,0.0,6.033170005706963
20,076,-21.091004618005037,411.8758082466878,-42.506623432763874,2.034882659815738,80.54816876412681,5.687516795120838,1.53993914990279,0.0,-4.5029151707906525,6.012735461498302,0.0,3.4527640290168335
20,294,-7.183541709437071,59.228972865986314,-9.087921219564073,-23.346808661757436,209.1743855892727,-8.277454711362468,4.075404040015136,0.0,-8.749327305388336,2.1365391759110848,0.0,6.25892246101527
20,176,9.426173245584412,-192.90313893370174,14.29807943902684,-15.303343017479499,142.9541425240599,-2.3867025007731755,2.4480430461576663,0.0,-4.927011189369282,-1.9906888284554858,0.0,3.7556453083573746
20,197,-0.8522629933504746,41.87155369818276,-3.87301516618097,-17.646528796825542,167.71091805746389,-8.670604991587005,3.0844719900548236,0.0,-6.509311996361091,1.5255600723788754,0.0,4.8476962502046685
20,302,-19.97378596554273,156.71444433963782,-10.372014512792274,-34.372128106629326,186.4129614217943,-4.452677493042075,3.8205677713491126,0.0,-8.340634062126858,3.2720142069898173,0.0,6.10844187817802
20,357,-0.9369092185712429,-117.44115371136746,18.989384560783147,-24.410812271326023,206.25080840502162,-18.944508192957052,3.699125653858308,0.0,-8.069433275084034,-0.42508024646942455,0.0,6.141183258155308
20,013,9.14655762606025,-184.43549190374975,13.504804115455986,-14.95789775141237,134.28554247318513,-6.407610459786665,2.1697447960796916,0.0,-4.512340733057132,-1.8923789640057072,0.0,3.517802363525764
20,044,0.2734881949895159,33.81523352497616,-1.8854386731701085,-13.317841702860148,180.19855625600442,-16.613641798123613,3.3268730114185896,0.0,-7.396242572375035,1.5041345020015922,0.0,5.685453889643556
20,027,13.903950971171867,-142.67252523765094,19.079341588482535,-12.804933925461047,163.37911404646496,-21.54213583543352,2.7678696731005585,0.0,-6.819266856625599,-1.1017656041024555,0.0,5.007696833208038
20,058,-8.249784239466333,187.57572379304284,-13.405083182377771,-17.260438714591704,167.910254176287,5.241383681981819,3.2227115985644468,0.0,-6.922601228713639,3.663229853484326,0.0,4.896461537051071
20,187,2.2636204065847907,-4.18794863288735,-6.0960400200739775,-9.385808446169492,123.70684903127857,1.4989868222826872,2.1504520113812498,0.0,-4.812984295850266,0.5890558949967653,0.0,3.76773415141616
20,018,18.74748381350927,-257.65505847679304,30.214570039223386,-16.454738106384912,161.28631167828053,-9.141937039088315,2.800075182797198,0.0,-5.761565826305671,-2.574791688250785,0.0,4.411835338423023
20,411,16.824684133917756,-344.0195699922722,34.80052760145672,-18.792923364259206,139.9464474577335,-8.009910836601549,2.7230060426806353,0.0,-6.031232234485911,-3.6079427527664523,0.0,4.489472957914598
20,283,8.099231291732162,-52.04343262820116,7.94903752216401,-17.240283969010513,192.8010567699521,-18.351845597477684,3.5464317516072468,0.0,-8.39286971001627,0.4363535968182293,0.0,6.04965027187062
20,232,-5.716569071613225,475.3927741174127,-59.86031471562431,8.252690690649366,120.92194345139863,4.082849751429294,2.1158803397762713,0.0,-5.236127494148105,6.876199874618955,0.0,3.8474048219790347
20,426,2.432941931828236,-100.44639518042733,12.619847391771703,-23.910257611611396,199.70169405568774,-7.396516626029865,3.9706663200479455,0.0,-9.272940438065627,-0.20351231881326126,0.0,6.470381960292084
20,036,0.6588564425214365,-26.78942449814532,8.447999592887708,-25.190355758168444,185.95456042200618,-14.639547792992651,3.4916398681513687,0.0,-7.485983573706596,0.606847608959268,0.0,5.631601067678187
20,171,13.59905753224544,-313.31718015051814,31.4808722737967,-14.033848731113567,134.63230993380054,-5.810411089014334,2.4307234585868343,0.0,-5.4930533240251895,-3.3720646483697303,0.0,4.253284584491273
20,211,-6.204143036647757,194.3351785138942,-24.026872404898025,-3.2496295373512405,147.44895720905728,8.70161461437609,2.846469152640269,0.0,-6.000403378634989,3.550674618665191,0.0,4.65881752163677
20,041,0.3140874019744757,65.00102018263756,-8.773788365028146,-14.419195589590814,163.65930236239095,0.048363744128970154,3.1038752772478944,0.0,-6.30206860409072,1.7753696377991608,0.0,4.704789207640878
20,214,-18.454462951902705,182.68926304908953,-12.211708151127382,-18.2637253533684,166.18302034002565,6.52454305010127,3.326323398179326,0.0,-6.955598404951863,3.5486702464626463,0.0,5.0321676765577354
20,006,10.02930798932282,-117.30204792580183,15.64016123023304,-10.522638097049263,136.4836733230171,-11.73262600619994,2.397777129084993,0.0,-4.96430246292626,-3.1815694377605546,0.0,4.02739272547854
20,067,-15.455859166933946,251.45258420547302,-30.202713517419138,1.8374260044200676,91.99693059462594,10.769927314853147,1.9359352324123624,0.0,-4.733079873298234,4.1577047942432666,0.0,3.613088684239366
20,319,-30.875434585140408,403.5224080193316,-28.81388364280695,-20.02048338323486,195.64326894589854,16.43811881255501,3.6927688279715376,0.0,-7.834587598373537,6.653008091754128,0.0,5.638614841887254
20,085,11.998485178437257,-285.23956355363623,24.453642203601405,-12.930924742421777,119.84550920783376,-5.880104726572714,1.9571074407093234,0.0,-3.9765546838116266,-2.9015706144184463,0.0,3.404947970323815
20,126,-7.8784791386330015,124.66173326436073,-9.740144450485417,-14.679300214973555,149.84250212447293,8.428719784810996,2.7961633144122957,0.0,-5.885069074842175,2.639841586518428,0.0,4.578958692564919
20,316,-40.30726208580556,398.19096027833285,-26.36166175177678,-17.131781915772667,183.64504613934253,11.476653211777794,3.379422607267823,0.0,-7.095297242404929,6.439569678113415,0.0,5.2788390268012275
20,320,-33.17656884252615,425.98695646243897,-39.56626495528901,-13.415215928498267,201.75980075392812,2.211460019479685,3.9242347096263517,0.0,-8.260718502938293,6.921475875446641,0.0,5.795013676039957
20,235,9.639672864233738,-215.52069886989963,17.823133369611092,-14.070362184907653,74.24791360459189,-1.2440393325534904,1.1085445304599792,0.0,-3.468155036742642,-2.583437447029972,0.0,2.8547255522056623
20,391,-23.613620265847086,275.11155546376307,-20.133943906135556,-20.734381480300673,177.67068419263225,5.113285248437952,3.5923704324435013,0.0,-7.396254443940629,4.801586243145595,0.0,5.596254620749896
20,009,7.255375175285197,-321.844354812839,25.563291842048955,-11.662276787608869,135.04941597440043,-9.351399269509944,2.4782116067067896,0.0,-5.636848003059415,-3.481927827425293,0.0,4.2605584927853295
20,192,-3.698185446547896,43.53646907189139,-9.083881507239441,-8.84683631842458,82.90191395935669,7.996876767088457,1.4678926280728695,0.0,-4.126954382602363,1.1230667317278784,0.0,3.246845947598154
20,108,3.285989671221345,-144.91704053639157,13.772456233004066,-19.743696209797157,160.36557980721855,-7.048627993922589,2.8504541020225584,0.0,-6.39182575848876,-1.2416877614220012,0.0,4.872625850622512
20,046,-2.613868320156095,116.00018732669021,-12.105652999847985,-9.805115298616371,126.57537109116636,3.4051390433367232,2.419504937721501,0.0,-5.38821978028538,2.3556772713387466,0.0,4.182026779684203
20,161,8.32626200003704,-221.29177877533328,20.14512435381823,-11.985692349388248,75.37783583467511,-3.6442188962244733,1.0954087728299922,0.0,-3.4642522994957003,-2.659112226781857,0.0,2.835387893925796
20,356,-0.68034901318648,-53.65405542707198,8.494790498573071,-22.60939212347113,201.62067609207168,-11.339523473959979,3.7515079247155527,0.0,-7.800302374472272,0.37496728210553676,0.0,5.848627650694041
20,204,1.5238092234599878,124.52418560556306,-9.95398532584142,-11.756866882497874,163.31825357608838,4.514056748929647,3.0873555985661993,0.0,-6.166610055580893,2.636568389340537,0.0,4.847720151000751
20,153,-25.98710892973211,366.1680385738378,-29.538732966171995,-18.11512820937349,151.55794208312855,3.94194736636155,3.0802988860486846,0.0,-6.70577679087798,5.9892896225656695,0.0,5.090232594116333
20,269,7.872831269126878,-213.1656048536516,21.45546357660637,-20.183782989778603,186.66235394081488,-5.367098034181163,3.376373794092033,0.0,-8.10617835384241,-1.685406802546106,0.0,5.908040844691647
20,033,4.156142185927915,-4.671502215354169,-3.6595152961422803,-13.090103219926833,141.6344104349411,1.6660005589206728,2.476282064500431,0.0,-5.2307358617326996,0.6631182309703438,0.0,4.151516336129441
20,254,22.96037666392924,-374.50601933915436,39.420999254730404,-16.077299693333764,150.3354834015052,-7.040610391135438,3.0147337231847975,0.0,-6.649675337240738,-3.8816620177977224,0.0,5.110130730962057
20,301,-9.005149403994906,185.80271049127774,-8.88588703427937,-18.33377336566024,191.90153039757044,3.8281872142894677,3.81146038983781,0.0,-7.919441110456963,3.706573201779205,0.0,5.984493175043359
20,236,13.355854740722732,-230.46470714648547,15.446981790398931,-8.566145056777529,89.97766004182303,-2.6117049669274084,1.381591098630325,0.0,-3.6952758627741438,-2.706432429473077,0.0,3.0341823046404603
20,165,20.052936420072818,-286.866415038963,23.768925913051003,-10.782774524972371,133.59250062896427,-0.24127648400508583,2.2569778233749735,0.0,-4.517198955153497,-3.1086166706274785,0.0,3.645501183972679
20,089,23.10389553030364,-306.5799314638425,22.266519103466297,-6.559196452250355,122.91364723102308,-8.485888089585242,2.439638743929328,0.0,-4.924833251632155,-3.169002153157333,0.0,3.8912424584540197
20,270,7.375153227360094,-226.31575237306546,34.78244996893214,-20.658338188735613,176.60807031148323,-14.514745465744447,3.4210620235523383,0.0,-8.582884188628425,-2.0321557995109045,0.0,5.709587085040109
20,094,9.167991564201433,-162.77211299627095,12.533777095866869,-13.269546521403091,97.61567453497224,2.38664714030618,1.439122048517882,0.0,-3.736914206457544,-1.7944290441896849,0.0,3.0362303036598353
20,104,4.701327500494635,-66.79366024363401,6.066716403593457,-9.471562276301114,122.65446833917021,-5.3579632525805465,2.0375616636962244,0.0,-4.531766914306094,-0.3984958835462892,0.0,3.6170810705110656
20,317,-26.89704263705692,385.90928127096186,-31.387719733560978,-13.993873240680728,175.27688344482337,11.196664632986572,3.484672874306002,0.0,-7.234740498388969,6.376674755772541,0.0,5.16805414102971
20,376,-3.078268005042965,48.24316447145253,-0.99282920701995,-18.829461938736735,202.49137467158417,-11.691637388151644,3.915594547148011,0.0,-8.715825246355077,1.8904174359587964,0.0,6.180520131778485
20,055,-5.333064785061271,186.20096087573546,-19.870890826032486,-7.6679393424735,147.03182749241662,6.467938249530377,2.8326212167008302,0.0,-6.019757714135317,3.390526740267833,0.0,4.809012652370136
20,144,-16.23380045868167,277.06593190342863,-22.24008083383273,-10.319109451109014,169.30023295190895,9.95354733199499,3.1674651100260784,0.0,-6.60104894601586,4.839225621257404,0.0,4.921094408722503
20,415,2.337178431222605,-46.5387227571495,3.895624182529565,-25.62371665357419,214.0700621921674,-9.7919228149981,4.058204641451859,0.0,-7.996184742714894,0.5517173996231117,0.0,6.032379405492014
20,372,-8.398871058115352,68.77422788300176,-12.886319819764884,-14.11447888643047,183.0246563856568,-12.838106384452072,3.5945797154882944,0.0,-7.842973006254897,2.035804801507981,0.0,5.649688754779156
20,384,-8.043488247422033,187.49319326856877,-17.756108230294803,-21.986569516684018,205.78075175742538,8.10270336827299,4.097273296599406,0.0,-8.379162489110849,3.8582349239541287,0.0,6.219573744526402
20,015,13.82098533543725,-218.19210860967917,20.558040548573963,-16.70485627452414,149.66931702315077,-5.279144507473114,2.569464888320236,0.0,-5.130432336304661,-2.283173873164475,0.0,3.912166519866209
20,131,-10.008671241335868,149.73654277718464,-17.60038022882341,-9.331849076966757,83.51165623822223,9.060184206346982,1.6903547059824582,0.0,-4.429729075659131,2.6611256020533007,0.0,3.4846803654297807
20,309,-14.009312355304875,277.725337489035,-27.19420979084463,-8.889642403858515,179.31243680581193,10.12137053932037,3.677327192595237,0.0,-7.657026715473876,5.030312345763955,0.0,5.689622197281452
20,065,-19.98263647602704,280.337727886646,-30.04012298091099,-11.702854343121963,171.42605121025227,13.477020866051511,3.2662443767890155,0.0,-6.711059739684925,4.782764158569072,0.0,4.9915097917452815
20,325,-51.281888885947936,715.2514359795344,-71.04957025807886,1.463865221910539,227.52437426145283,6.014974659443983,3.028596975863409,0.0,-6.596191849612843,9.786012015562754,0.0,4.7725514583823685
20,029,-2.252076126154313,12.350107747467137,-7.872598174501988,-5.981898978360222,69.58433145936164,5.759914012682573,1.2472652854051736,0.0,-3.8235719522262617,0.6094804685563501,0.0,2.9912427052905053
20,227,-15.044978077843496,349.3808479958433,-34.648246883940686,-9.561072422602232,142.8282846216989,7.562089875365544,2.792824809782926,0.0,-6.551398392729389,5.68300798424366,0.0,4.938303444241068
20,367,-6.479243718812254,-104.06059210498155,27.061685190748612,-26.89289563129865,195.79536599867382,-15.97398002785103,3.6343469151552146,0.0,-8.621358513817029,-0.3909435847760032,0.0,6.420952326850211
20,288,7.346046922762233,-122.83535895120853,9.145566885533015,-27.958513672221645,222.67279912317082,-13.17480640398467,4.22103686978315,0.0,-10.267353149758517,-0.0054031592523204885,0.0,7.282876673058122
20,347,13.203394378728929,-158.46653449611645,14.731307078532991,-15.69206709347749,169.64159308403742,-12.434972945352694,3.0911608283938046,0.0,-7.057384804739498,-1.2332228280269302,0.0,5.347975750330038
20,098,13.787533383260083,-215.47295898387847,19.598839635543058,-16.463014213281674,153.30632074074077,-9.069370360809625,2.7133187282252225,0.0,-5.208693466546597,-2.096116062624171,0.0,3.961980383177866
20,219,-23.49403477444502,272.8003151995,-22.70601981584486,-12.508901739060196,151.1142598693296,9.562077425932008,3.0757921965393034,0.0,-6.477777398038928,4.643291045412851,0.0,4.6862876138262
20,070,-31.855067518972636,335.0585740496476,-21.63913866954553,-14.1531305527747,144.2590354299521,8.519922111958063,2.8583486848087825,0.0,-6.0386080430409255,5.508657352554899,0.0,4.584855721800588
20,001,14.442327403759133,-208.97332601303282,14.142862232529733,-7.015795161493906,83.0617660164579,-5.119979278099654,1.217606452616062,0.0,-3.556263119950983,-2.455137880563555,0.0,2.9533801249411735
20,021,3.7991184817269428,-69.66206990522319,5.036995597564894,-8.942703310530478,111.9251360743293,-2.6047627199761987,1.809311334657263,0.0,-4.399148394849427,-0.40287160764547203,0.0,3.3187033786302034
20,160,-69.71923281938811,607.4936468221762,-58.20601083578245,-1.4797633670751242,185.64052486573505,17.48626118309301,2.853407724801271,0.0,-6.334326056016664,8.54562573266385,0.0,4.492837022804164
20,388,-26.9902662092298,300.73554941350983,-27.822734416486483,-17.804246522797893,191.86454868028508,2.550557573123574,3.728291830667265,0.0,-7.46243914263303,5.088502823951178,0.0,5.667223960073851
20,061,-11.236863415143238,232.92914717985863,-39.36260439643943,-5.50808134998109,115.63711356168102,2.904376698420859,2.33488703183542,0.0,-5.301901534258079,3.9863380816983276,0.0,3.9289519035911207
20,342,17.160843351602523,-322.7250355365942,38.01903386025647,-17.42656299689586,166.92092129112214,-17.210712364198322,3.0365116603410716,0.0,-7.409101495616584,-3.103074000138319,0.0,5.387705183600001
20,112,3.6737950394842183,-5.792953066471872,-5.064292160553391,-14.458754571524986,160.65573809331602,-2.49295398639699,2.8686083476035806,0.0,-5.8788043242066905,0.7075800813387512,0.0,4.5396042040719005
20,004,20.022037057448753,-273.8699902138072,16.82983452447492,-6.447971462223677,104.41398630589714,-7.060061616377547,1.9433733864222256,0.0,-4.164373318818749,-2.9204283022471507,0.0,3.440786582562436
20,338,15.572236140274896,-404.87416344326124,36.20012739085948,-13.235483026320738,142.0296986437283,-3.6046931584655675,3.0832318411248,0.0,-7.40046987781708,-4.1467122476534595,0.0,5.459020749862832
20,138,-11.842090392458223,194.7851812253728,-17.763804371566636,-15.932331580275992,177.23087649363896,2.5814643423298724,3.4245554094266955,0.0,-6.99157296603763,3.826851822345141,0.0,5.317279673186121
20,106,2.040818698948166,-84.85200643981871,6.174961285920416,-11.853964375018778,159.25152679561316,-5.027935511274068,2.6479765694282396,0.0,-5.481241747029393,-0.42703158451883816,0.0,4.33069840252874
20,116,-1.6581997117435674,45.360181648931295,-11.326812071431089,-6.970974389154026,99.48135839240862,5.353812628517971,1.7675104500165917,0.0,-4.39698203428806,1.1969668479822624,0.0,3.5112021388677124
20,399,-34.958795266716,400.4794353449152,-41.838816134358225,-17.940935518580588,186.49919704710288,13.156539482696722,3.609146453442279,0.0,-7.513765165712583,6.499735735001993,0.0,5.550782159399745
20,313,-15.748558427215904,381.80303668332937,-46.100537075987695,-11.646933362856924,179.2520899429808,7.7185270248283615,3.4831128061023873,0.0,-7.0003828914130395,6.231416153191487,0.0,5.096300635205187
20,282,-7.102223257570354,-32.14862529643796,13.483700750782907,-22.59875606357633,180.857367319484,-16.127471158326244,3.383553530362417,0.0,-7.810095353811696,0.5410868396050701,0.0,5.863418683078217
20,330,23.888286888104183,-345.9087244457325,21.77376976068681,-8.354570670772352,142.43824861854267,1.2957351628451894,2.652214051280364,0.0,-5.6933718822395365,-3.623755416624422,0.0,4.572149265058816
20,064,-16.386408408281355,274.65075950429645,-22.68294317784761,-14.471709929285481,164.01882879550323,7.4888750404927364,3.260344712962187,0.0,-6.469884186374976,4.806908227813593,0.0,4.8719292282147055
20,159,-41.92570120497436,585.3403167105959,-58.13330003080027,3.600034740253564,176.65987281076852,22.365296495320287,2.6491246109591047,0.0,-5.777073878778074,8.081167235140654,0.0,4.267620219136046
20,007,21.995066459232454,-307.0244443867874,26.72123799404836,-8.30802155082124,126.10972177328702,-14.983728808092444,2.4755720697918053,0.0,-5.3143842345301024,-3.303282440664801,0.0,4.154032185052906
20,263,18.035064282055686,-335.62661036537287,50.257519752404946,-16.699886169772412,154.43395945750066,-22.42335283862007,2.9857302276862354,0.0,-7.432378343024446,-3.427457902582475,0.0,5.534386973358047
20,311,-22.88127827756109,279.9985728742867,-29.248538169622513,-20.762000313678474,185.37413635016162,3.0953510140459333,3.7970189190988446,0.0,-7.944366072614923,5.084140826672778,0.0,5.798906095627733
20,011,6.5608326026876975,-158.16903572100222,12.9325292025364,-7.731623942865968,102.06511411192446,-1.5801170546928165,1.4733102853521847,0.0,-3.836934738287474,-1.7450250540724288,0.0,3.051983009775819
