racket_angle,traj_dir,spin_before_x,spin_before_y,spin_before_z,spin_after_x,spin_after_y,spin_after_z,v_in_x,v_in_y,v_in_z,v_out_x,v_out_y,v_out_z
0,037,18.823623316577535,-208.65033847257214,8.393148592241259,13.483361410956824,-125.99262510139376,10.015269800086605,-0.10831029279856354,0.0,-3.6135165751700202,-1.1909068517955879,0.0,2.5160354322322718
0,329,10.956186243264366,-131.40365802650498,11.892571076982088,8.103735843953746,-86.14967966941452,7.087515514280303,0.31753855725706304,0.0,-6.508706255766888,-0.12633842734549486,0.0,4.895617114845177
0,209,15.162357101007942,-228.23217348220464,14.509805015931969,6.0917351354922324,-127.29510944152888,17.60044268565721,0.18527230120241653,0.0,-3.8312870781515156,-1.094674518166217,0.0,2.6781246563418017
0,251,-20.57731818408013,255.17910617022488,-15.382923007520755,-10.102515199707522,178.93585232644838,-7.89133882072202,0.7417209113876362,0.0,-7.010603587450606,1.8598415196180138,0.0,5.038633958675512
0,154,29.32503281924746,-346.9575534242612,33.23100968281322,12.52192984958354,-189.4751350179287,31.965953119287082,0.4780553325665064,0.0,-6.568845227893342,-1.5824338579438315,0.0,4.474717768672025
0,331,11.35749413687699,-107.5149991332235,12.50747727019253,6.886800797481218,-70.70337029297282,18.152997997707153,0.4422504870324377,0.0,-6.424562450196093,0.07242340528525928,0.0,4.5460170004321725
0,003,25.205517415566568,-317.12639612615817,21.830192151253105,10.648676869725454,-176.94777321005415,19.48294183669278,0.45692214360498784,0.0,-6.1407193123381605,-1.3478753318713173,0.0,4.252150213787257
0,151,-3.169215704532646,-2.1874259422678843,-5.298494299764214,-0.6941461243967714,3.1852597343635867,12.836057938407539,0.23387847303224593,0.0,-4.849918875357408,0.28190252566177837,0.0,3.5391455166793864
0,048,-14.361898724758815,167.607991660402,-11.48981450745651,-8.051494328736265,133.7849964586319,-2.331196080391811,0.9195677659209018,0.0,-9.285685008432283,1.4817568894507533,0.0,6.737508559436377
0,375,19.436142846057944,-267.56496839182967,19.219381596147496,7.7906282284226815,-135.64022088606916,8.89104895387871,0.5797071089908661,0.0,-4.7159563359089525,-1.0119926986505539,0.0,3.3600211196231724
0,248,-11.362957061537518,104.0899320444939,6.414489080405492,-15.61495211418522,86.18359215740217,23.596834246513346,0.7685315428582726,0.0,-9.666970212633453,1.1901095450956618,0.0,6.660009455483996
0,249,-30.467418532172314,263.9381658412204,-11.430709469411857,-28.529389872504037,185.82486176534775,5.2965685888811604,0.7014849854189921,0.0,-7.5637203953021945,1.9602266568234756,0.0,5.13696762708346
0,221,-28.750946610948585,519.6211016661276,-48.5622129072426,-7.441866582131558,280.39088321599826,-14.830548482734692,0.5279949382495255,0.0,-5.935283861186116,3.812322349109274,0.0,3.977760965172231
0,262,-2.351134864375197,6.830118820736197,2.1642354380876956,-2.8556244619380533,5.275707586818797,13.161736417960313,0.5706653856606084,0.0,-10.010141276516467,0.840563041403688,0.0,6.871924736728986
0,222,-28.59061048131784,290.62012796860444,-17.031892039045893,-22.08053089543971,209.78954423124227,-1.4194936602889558,0.8352680874451328,0.0,-8.143384125475594,2.123933447867475,0.0,5.647923034853633
0,341,3.3611556540048992,-59.20050677061563,0.9910967105725788,1.0074712333959641,-43.96364750598608,8.070249087177894,0.0566198710921561,0.0,-4.246315099176414,-0.12047943475219379,0.0,3.0157929315073977
0,335,6.684362479436494,-67.79261194536066,2.9280888682283757,-1.3661676579003263,-40.92678634725612,9.110567883028223,0.629410635149247,0.0,-5.475831783409226,0.35042272242041267,0.0,3.933153208376712
0,371,16.046058191219274,-291.5954284053704,27.80410244423189,2.1115301806271907,-141.99321146638113,23.85337054853808,0.537427931718473,0.0,-5.219491132268942,-1.246144461504055,0.0,3.7305439466598673
0,205,18.001066092348047,-262.10809283283567,14.832912213404658,5.660575146468116,-136.39159895432536,13.879445680102062,0.4639569915343546,0.0,-4.551640727642612,-1.1368806553540207,0.0,3.2626893507347434
0,322,16.70123655680597,-149.3805400260051,24.736324213505178,-1.5788088532393751,-105.15678985833456,29.59258680085301,0.5231952354787252,0.0,-10.565419933737703,-0.26544476827868746,0.0,6.972172692763306
0,102,2.882705348358311,-124.310011814908,19.34376179981303,0.10512266847558717,-72.58412076247828,23.90630164611845,0.7955519513985705,0.0,-9.296357585052439,0.27009830111828587,0.0,6.313318973903635
0,264,-4.24326226355894,15.891370898778597,3.6713997578333077,-4.750716375052481,10.743811483209234,9.50356845615696,0.6733273879378977,0.0,-9.839999486974563,0.9712511185523118,0.0,6.397503841950882
0,107,-2.73030582753768,154.2194963901404,-8.62071811822232,-4.403182359209587,120.10652961752969,5.537516462252012,0.971986392668333,0.0,-7.631541204869351,1.3768987517242897,0.0,5.673730658169266
0,083,-17.152407897090267,209.05998806699773,-17.87851255466834,-8.452517287293244,138.86302681220954,-5.281476317189489,0.25059520581578093,0.0,-5.4077219206904505,1.2467201253282472,0.0,3.8646278718733713
0,223,-36.446342929709374,465.28788841078506,-33.848785790846506,-17.48752498304224,253.18679045708643,4.3246997204624815,0.4026981053761891,0.0,-5.3593612951138025,3.3047080686256094,0.0,3.5168214093511767
0,127,-3.0368176600169017,68.5092610241912,-7.17377962118537,-2.5021381167646632,59.05512449108161,6.05150188798349,0.9729622094279298,0.0,-6.807431116018588,1.0400368928885477,0.0,4.944855859393423
0,100,5.242497263436438,-129.08108761258802,21.931026114287853,-1.7330069403605235,-59.073744584092715,27.91061602363648,0.896272093478798,0.0,-9.988618932251292,0.3105204541159475,0.0,6.959568975039903
0,014,-63.83020677329765,624.2985949874902,-34.086617933133525,-28.837593791570363,305.72623102573374,9.841348686553347,0.5292404686278755,0.0,-7.03065926943037,4.869819635619797,0.0,4.855490490444168
0,075,-24.504652641774133,289.9852324551304,-12.346421886213246,-14.739618416804985,197.38116632766426,1.8140842769789327,0.9364355127993756,0.0,-7.775630160459039,2.2408407165748914,0.0,5.474315283314393
0,173,2.910642459185097,-60.84782121925407,2.5192343602225735,0.46157873867366356,-43.64764932605057,7.242870941757906,0.06147466254068605,0.0,-4.112455024496561,-0.12777091761163853,0.0,2.98820050226992
0,002,27.064956859312048,-339.57304914674086,30.32237208954656,10.734861563071336,-174.6970011795658,27.329848466886855,0.6350672394409757,0.0,-6.4390405708016685,-1.4188468607428473,0.0,4.365102612930625
0,099,-8.970492160982355,159.17226853677337,-17.20490292182774,-3.4910578012801667,112.07187726651746,-8.179508838808365,0.22657993582620176,0.0,-5.072398367648386,0.9895413092163106,0.0,3.8268859378825635
0,229,-31.270655074213884,327.6635890423222,-32.46049882725843,-11.996563416596947,158.91235722662236,-5.707903950015716,-0.5060904179957413,0.0,-3.770397110637914,1.8368365678610705,0.0,2.3513387302737248
0,024,-52.978862120636684,404.96608288847784,-23.04592126854941,-34.36617344910799,267.17447869337025,6.678822224081718,0.9791050815472158,0.0,-8.209864989780689,3.08869760432221,0.0,5.45960555442265
0,105,-9.097709187042602,128.8040157492701,-7.402827524128471,-9.486879766250105,107.1064410572752,6.847276405509035,0.8356748978925141,0.0,-7.707416382035473,1.1963829849042307,0.0,5.6985577307399975
0,136,32.08397948972726,-326.08891585115157,33.099048262517094,13.766512439938337,-190.2107856178168,34.38341821661843,0.24174317169965412,0.0,-7.983918432777701,-1.4600813335663043,0.0,5.367400940368709
0,290,1.3152467533457382,-56.875245420725705,5.032649944427754,-2.716056025704645,-40.251076236007414,17.893671435285025,0.662921837687747,0.0,-9.610117813168973,0.6398015796539135,0.0,6.688232637340553
0,339,3.1853728430064634,-54.82982142667688,2.8351789978067248,-0.27643598489174903,-32.82643741440076,4.5705295644263515,0.3200571943268029,0.0,-4.591693456219139,0.15804396328312245,0.0,3.3404612075873366
0,289,-15.30580939759237,121.61269750469394,-8.923133401063339,-3.508992783504867,104.36633606200586,-8.673849565102465,0.573728772497817,0.0,-6.093239157407323,1.0598103191437347,0.0,4.293888961043283
0,238,-20.919959526893415,212.08301735556898,-2.2770699736914897,-17.051046492407444,166.09482297466803,1.3868427157155192,0.8845013457867843,0.0,-8.779163840051437,1.6716722194677418,0.0,5.957818357323423
0,190,-41.86525484054516,390.46612971217155,-20.645683801556167,-29.784446138350994,258.7202345935119,-5.0445541364752895,0.8713581920560974,0.0,-8.250177139422943,2.849347246498617,0.0,5.273488768145986
0,203,23.512896332618663,-293.80436126358586,11.52790683964281,12.054217727630915,-145.46368137902732,19.567070068017536,0.7191894877863098,0.0,-4.943122284251588,-0.5921080373041654,0.0,3.66736669186441
0,233,-22.113003044712713,330.3333542791115,-19.52100373968939,-13.903979879127128,212.9466756847837,-7.54814802095567,0.3928115964759371,0.0,-6.865079236711775,2.2194379683561976,0.0,4.61738976777564
0,253,-31.5148957101907,271.0411950875747,-10.371551385130791,-22.410877937959377,208.48303573793376,2.036067770037396,0.8475704371219737,0.0,-7.276958988167156,2.0418297992116625,0.0,4.895328443201336
0,117,-6.599281307035809,107.85650834491375,-15.772546326995087,-5.727830422055731,83.59863095927042,-10.306560363592926,0.24856338666306088,0.0,-5.2374180455321655,0.7390006318200748,0.0,3.6824973568321093
0,212,-22.232347360616057,316.02874551363135,-28.014827131317624,-9.650360614317272,211.2175340153627,-13.273584501028308,1.2670864735973701,0.0,-9.011260433909058,2.7543098075259405,0.0,6.29505331528228
0,314,-2.493482344599006,-34.721784840990786,8.463845201783597,-4.7868441379526105,-18.659895165578877,22.765234890618263,0.4581319166031945,0.0,-8.91081357252669,0.42861407529605927,0.0,6.337426433014702
0,169,2.6303528071532813,-70.43453647543018,2.991953477371893,-0.11616154784758603,-44.60555969931746,6.97295346438418,0.3879754914225393,0.0,-4.9660751928547375,0.09510834759138892,0.0,3.5496607766563506
0,056,-19.755762195525048,165.14391408671003,-6.864716902816699,-17.58960974547961,130.49553552393172,4.529591476059198,0.6726447661863412,0.0,-8.160028621953913,1.255853599559989,0.0,5.794381774600186
0,196,-68.80272826334306,419.9501746287021,-32.853220519565085,-22.597107431906668,277.8024302329271,-5.800049136557309,1.024085853976902,0.0,-8.563145217599809,3.1935517704436274,0.0,5.852864990841945
0,129,-5.931466472271272,64.0832808301088,-5.850684481660363,-3.653976519054851,53.64418585115606,13.17555272620773,0.5929880334072795,0.0,-5.942620291120893,0.8226668550307641,0.0,4.561469803982405
0,275,-12.092730171004552,156.7742569822643,-19.452992320102258,-7.775281662888918,108.16813162926998,-14.400668664326732,0.24970984188146778,0.0,-5.24857214726324,0.9686062324519709,0.0,3.67242477405755
0,327,-4.347231687035799,20.76689186790701,-1.822844637819544,-2.783114435968892,15.543351746376429,2.0683105026075084,-0.061244649201809664,0.0,-4.018907914890477,0.14988551689692114,0.0,2.9983194421422734
0,022,-54.73944227291767,414.23648773136694,-29.72671750630491,-28.034351592622716,255.9361602831298,-10.395756792599306,0.9420971721309014,0.0,-8.31228772236645,3.2395059614478936,0.0,5.762908094498063
0,120,10.535346583817624,-211.71248660339046,38.688697537635804,4.735964331412413,-127.29402804853468,36.72699354590346,0.49581185962520197,0.0,-7.726377497268247,-0.37520041307638924,0.0,5.837346489963341
0,218,-26.136779112338576,291.500174554001,-23.657984682008422,-15.370345856320727,200.04589052117805,-0.8653500385670744,0.841096510926515,0.0,-8.651582718648182,2.18249978281995,0.0,5.853306546832796
0,125,-4.448350036649222,73.49456222934425,-3.1878130544211594,-6.681659061922719,73.59012910196391,7.272351327397332,0.984109983443195,0.0,-7.761057967337448,1.1479163588093826,0.0,5.530335076942091
0,093,-15.39544399996948,203.74769909600496,-7.886168154251174,-16.461145947874186,166.88532660388947,13.699030415741042,0.832064236509024,0.0,-6.942300982398265,1.6202816842601766,0.0,5.07822052028789
0,260,-1.8801823607712522,-33.690104496061934,7.677532426238125,-1.8012457150675525,-27.32969178158101,20.09902544428962,0.4384329576903373,0.0,-9.334411237228332,0.6069156739137448,0.0,6.591144672404605
0,122,-3.974511316697058,-177.28396968278773,30.208562929572253,-9.192106612798637,-114.69797243535537,31.01733716064395,0.427031081012931,0.0,-8.306005118027809,-0.4320541991208375,0.0,5.667613450858231
0,252,-2.637741345221494,88.86317908052521,-9.092191305198813,-5.203441600540809,79.65398532796495,2.9344042441782316,0.7033305275007946,0.0,-8.789438941429864,1.0490508406865824,0.0,6.1232649025526475
0,369,25.01947869397737,-303.8028187255994,14.958122812478994,8.699126282516755,-157.4949608054896,16.807304876746446,0.5295831063961323,0.0,-5.559393053396133,-1.3796420825114604,0.0,3.8033470496175323
0,370,34.99214337844531,-407.426667060053,41.35985123023143,10.323191913986951,-191.66885567659457,35.91855182143536,0.31235452043439094,0.0,-7.918139616040894,-2.2665573135351975,0.0,5.304290750776
0,268,7.058712421498738,-106.93340394871849,12.000451917264822,7.79076370024731,-69.19757691866319,7.081688434619543,0.33847788876460494,0.0,-10.71642786700653,0.1842482448759536,0.0,7.187737615956646
0,303,-4.78437220503886,64.34046419654713,-7.836426653693984,-4.131595347051078,59.22691515018946,4.212487797298842,0.6964749691733794,0.0,-5.928045025968108,0.9181438581792855,0.0,4.339503379923924
0,162,29.069490274250562,-334.30256036294713,23.67220282242735,9.939760797532399,-175.0412750493804,15.098723218747871,0.5186898396089564,0.0,-6.473012565269791,-1.4966643909251294,0.0,4.406455621871198
0,008,-62.964255940077905,717.7816698003488,-43.70354655659949,-41.6658048895507,397.5817044488215,8.89794626245723,1.0368281417887226,0.0,-7.322403521792028,6.015079692942749,0.0,4.898667151239934
0,198,-44.10473603534234,425.5829966467745,-15.436214495250262,-28.433361944874747,252.4788899020457,-4.8331233771031625,0.9609773218442301,0.0,-8.552202649594353,3.301519010645847,0.0,5.9496274425649895
0,378,24.335218277638642,-365.1621344519287,27.163303191091636,16.415654146488624,-190.76111574669775,15.364244603795992,0.40336494815819807,0.0,-6.804450331277213,-1.8465437817700963,0.0,4.764546076463378
0,030,-47.95923309820902,390.598528278911,-13.916419061760653,-26.92788062092588,257.6364521185994,11.075261446024259,1.004395244592301,0.0,-8.10998306462649,3.036428484766996,0.0,5.409645785045475
0,062,-20.151491433336474,179.1857807183279,1.8041748567425537,-19.838776032633444,152.76598760488199,-0.406795806019763,0.7049922770989367,0.0,-8.2997949097737,1.3838597100953742,0.0,5.639343101697775
0,054,-11.413197762272926,165.36762885179337,-4.454389707842131,-13.33822233393879,131.33157166340692,1.5166517954101109,0.7309470388654808,0.0,-8.166110293529506,1.33831225943984,0.0,5.929243688706568
0,337,3.8412176312161113,-72.49807851261029,4.891314466967891,-1.1911979437915108,-38.400763427330176,11.844432633737519,0.506333450261053,0.0,-4.920858566364764,0.22797993381417564,0.0,3.6405258435521164
0,368,23.611260254822028,-268.0650278754747,30.354038674063176,6.206613263202032,-160.98128653469513,15.078987239559439,0.4471993941837582,0.0,-6.788345086685127,-1.1128563000171694,0.0,4.4591783880625355
0,244,-4.272717740895164,57.52099708488249,5.6981715168641465,-4.497609781876723,54.01484555987349,15.005974805471189,0.6336624384572295,0.0,-9.87042072033421,1.0107475836609723,0.0,7.175709776554874
0,175,1.0144264861557495,-44.86555136746717,0.2799451751732922,-0.050922001547610805,-30.582095162840478,4.312677942670346,-0.04021335838867671,0.0,-3.9484577784731556,-0.1386620098646025,0.0,2.8798170847125744
0,380,31.737892283514444,-350.4047704525078,32.502296467900045,11.782854721081877,-185.11856119213374,34.07675645109786,0.36503976408006555,0.0,-7.053144348082206,-1.8052866713742304,0.0,4.580710262313255
0,109,-10.196790463820896,149.1208877690574,-13.586308839544316,-6.988727937957009,126.04971164287478,-1.567209216069985,0.9198188494898988,0.0,-7.458804777838801,1.3416556934009436,0.0,5.4434649162064135
0,351,15.255658509313719,-217.90594320602344,17.520034971625496,6.256918544211952,-119.58459711594458,18.120584866105567,0.6240699991871613,0.0,-5.6455311662476,-0.6368357751349771,0.0,3.855301511439793
0,047,-70.38114775192611,490.8584927899571,-33.65415309746684,-5.232749564459509,145.50319924197512,31.90977600059998,0.7425342031838406,0.0,-5.5372769041040675,4.385102739117952,0.0,4.3167551352179006
0,167,6.937336136218999,-71.99028257466506,5.388075680636822,2.469546698825338,-42.22516776350915,14.7193390449431,0.5736476702573883,0.0,-5.455365562674377,0.28809044932510997,0.0,3.863242596127806
0,092,-3.78192568550412,1.5910410523534098,-1.2487540001865272,-4.96704312810044,7.360767261007926,8.073750314679698,0.712623682525967,0.0,-8.860351931271696,0.848946913677195,0.0,6.30986017157465
0,005,-56.23623203367656,781.4286872966825,-58.704227936279686,-28.052969794996088,357.8802528993738,9.574341343882718,0.7605329794435175,0.0,-8.328859628458083,6.454689134897504,0.0,5.629490895867807
0,364,30.770658684207707,-301.62036977497985,19.210392457002456,13.740331339264179,-162.69285378877544,19.514395869254447,0.5579583640403173,0.0,-7.673605211473294,-1.2850296072737095,0.0,5.1367836573065295
0,265,-21.983645407946373,200.4626400538389,-4.10849720503187,-13.215653781742477,155.88852909817294,-0.1230774073856182,0.9337098955590843,0.0,-7.556776673876778,1.636907789755068,0.0,5.435609004068941
0,096,13.347895735599892,-154.47441045906078,22.778423563310696,5.415013854116669,-111.07910495198563,8.037126689735898,0.28636639437625944,0.0,-9.265436347021419,-0.14721261730923899,0.0,7.119496349683199
0,073,-23.635179893449514,278.3065074303009,-11.968044663118755,-14.599279581879415,192.91494095622562,-3.3371549434175862,0.7256792046129437,0.0,-7.7281937650064245,1.9632262369293176,0.0,5.155340166370463
0,071,-20.598344614594186,258.08265657846215,-14.759924825327527,-17.3396338320398,186.10332880174568,-1.009848581996955,0.5966568558868605,0.0,-7.193759363759927,1.713596311283029,0.0,5.0838972495353
0,123,-5.553876533461837,48.3805354701598,-0.05436628988167968,-6.5015593307483925,35.79075655590688,9.209598502727982,0.7300078660467768,0.0,-8.214503954584336,0.8384179011751951,0.0,5.691823841165796
0,180,-55.61342625109254,698.5880310182065,-50.63422456024585,-19.865700321733822,365.2586322419258,4.457248764319078,0.4280391563339411,0.0,-7.340691170799946,5.154418754363599,0.0,4.5882308909255825
0,272,7.104572249709196,-90.61727308797623,17.162846197074916,3.0041181624044304,-72.53090114883435,30.51586113256825,0.5058609522170473,0.0,-9.832423535181507,0.34359197481738696,0.0,6.676849393879011
0,344,20.428652742623463,-251.6972307019612,23.881506400782822,10.084946437063934,-160.623461466945,33.52798052213136,0.18083211888431952,0.0,-9.4070491336145,-1.1844532518204731,0.0,5.631382781153743
0,020,-42.418692145695594,403.35038330370253,-22.895839795154814,-33.333286513257114,263.60257874239153,-8.674120361429619,0.8355860463209508,0.0,-8.101739649056794,2.8394463656912183,0.0,5.6907774752351905
0,299,1.0160180444674884,61.31981076736437,-0.014798875487151322,-3.378240421878737,57.444858614859356,0.1862549021609141,0.8524690635725723,0.0,-7.774920611548676,1.1154096537224205,0.0,5.437241807499901
0,140,14.772535122664804,-262.6966118035462,29.220367980537425,10.09573168597985,-149.89424607715134,16.542971188906453,0.34863786386342116,0.0,-6.802372003454568,-1.0392117927708104,0.0,4.958740788795734
0,287,-11.082788886175251,123.88285996641159,-12.802040683991024,-9.021824727074069,105.2656563200073,0.114195744551018,0.6383579859412118,0.0,-6.656101287254365,1.1678829956256818,0.0,4.873769548163651
0,148,34.237131570810234,-379.8671501833781,37.02937040823858,15.161711165366615,-195.51570252198619,35.866926344261735,0.4061164797460136,0.0,-7.883411673249353,-1.9003000215505264,0.0,5.175818383839985
0,277,-13.062746180071949,145.25582063229268,-14.765738897068983,-7.742832961343417,101.78917594596503,-3.198572474332675,0.10153126523261882,0.0,-4.82294434985031,0.8915801678797756,0.0,3.358722174775418
0,012,-57.89819732950331,652.9533149039394,-41.399190829071344,-22.706872407144097,271.8241513897061,0.6169001975750248,0.6336905177572915,0.0,-7.028917342111297,5.742857859080393,0.0,5.114332463268085
0,082,12.416622103689889,-93.05625547159494,7.437042511678817,12.380246752004014,-63.53442656397849,16.31691034381443,0.43146524519576956,0.0,-10.226831485680144,0.21222963732238645,0.0,7.12690141738629
0,128,37.09593378489012,-312.28366186512267,33.83484430949108,15.202327425433335,-189.0637797979542,28.887281854430988,0.16601564612735342,0.0,-8.702884752395791,-1.5298540845726054,0.0,5.249132072739159
0,143,3.9632772892826935,-1.4550494286082025,-2.105991796330165,3.134673623809169,0.10105243351317812,-8.281373451441898,0.6949828232447075,0.0,-7.3553150367569335,0.7745199156280926,0.0,5.31613376129952
0,315,2.3268266747064863,2.610620738370966,-3.877009127465575,-0.35497543661128483,10.297628472000719,9.047446871302082,0.8112792804818598,0.0,-6.725656996280329,0.8554500732031407,0.0,4.931765424312994
0,034,-29.73010254431477,260.0198426651027,-20.342997002818777,-21.878767002333213,176.07813823140134,-0.8537200156428012,0.6925929041395473,0.0,-8.482689991215967,1.9152322048431565,0.0,5.8073426309338485
0,135,-6.182279685344907,45.81449806904702,-12.855978618256081,-4.083253873330763,38.48511754626437,-0.4482727985069047,0.17422359393152392,0.0,-4.5277523131939965,0.4513256377682429,0.0,3.5342803966737986
0,220,-24.420128907686934,282.3870897793803,-9.709008283867702,-20.06556115968283,199.93438600184967,-10.914498718420743,0.8557260738441456,0.0,-8.477209374491048,2.176021048197854,0.0,5.6239444467180615
0,103,-16.215764098663527,104.69902622979521,-6.772604849024808,-20.017560115941382,107.5943127051185,1.7778576125011578,0.7528000612906841,0.0,-7.869855255465493,1.1364765682420215,0.0,5.451334315195293
0,101,-15.382396222331511,146.83108963840473,-15.300040636776188,-7.575347538441616,92.39646998217921,-0.7241355481232545,0.053660042933802596,0.0,-4.701175037798376,0.7928706099363277,0.0,3.3561626047270168
0,023,-31.08589238410806,330.6833568290292,-33.90316105912781,-8.950030698284035,153.19504001109533,-8.406079512157294,-0.5292127548663973,0.0,-3.953380175120541,1.8164850073531753,0.0,2.5733347691388815
0,312,3.293930047846849,-48.24089076785258,6.282563627212187,4.383022387235383,-48.359841784100865,24.439595748837103,0.5786322842384086,0.0,-9.399760232582882,0.34144218979710694,0.0,6.480698515396924
0,149,0.5539184360788697,18.43924633937078,-5.301633810032394,-0.695516311802896,18.975805104872215,3.089274944034521,0.4874355757863442,0.0,-5.361095464572339,0.5900715015112319,0.0,4.0008115648186475
0,201,22.52794298310643,-291.0925766409625,20.683375788770896,4.873844660465466,-146.29892488028867,17.910080905100983,0.5513884120794725,0.0,-5.415609932874568,-1.2259324668412972,0.0,3.803894835798964
0,228,-27.042710830281713,183.63586197606315,6.25754682237549,-24.933961778038043,147.18761889821712,18.74329012084672,1.0313379326722465,0.0,-9.847729398373673,1.7029622633793173,0.0,6.474948787768199
0,306,6.8282864256873355,-91.29995168940586,21.04654556501421,-0.38179095552577635,-59.34917179941425,22.614796356898136,0.506222261047929,0.0,-9.72412667297225,0.08228445489531795,0.0,6.778892467858051
0,360,31.525510751274894,-327.03369896446935,41.385400989143896,13.588217943700505,-181.74641717075883,30.247654555106497,0.07988223465873441,0.0,-7.716645732527316,-1.7985125389181729,0.0,4.858071324576695
0,363,13.262818353085729,-154.36812445108322,9.719392548284477,6.0758903825941575,-98.38913209639064,8.55038068841394,0.043082131664965426,0.0,-3.9790792576741776,-0.6943497390895761,0.0,2.7584504100423746
0,310,9.904360593718325,-61.34374244487705,6.276428965925039,6.839831357787859,-50.63467012594899,3.015500075319204,0.4784924816415064,0.0,-9.99881443798323,0.3079022960056829,0.0,6.631915725419887
0,200,-49.363891218013144,397.2459065319937,-19.070683703714412,-36.28760282769527,263.2994882751502,-12.796988034391338,0.7144282503481458,0.0,-8.200237477168411,2.928680023743653,0.0,5.50882781034927
0,019,-47.03172377773508,422.9417132850544,-46.14990344286557,-2.085461568896651,235.08474287173897,-10.651843861150114,0.31330212173100735,0.0,-4.827676219250904,2.8725088944695107,0.0,3.316559370892417
0,077,-26.65419103116461,270.7176137033546,-20.366783674047024,-14.72890462107368,191.89591185653822,10.201091139794865,0.8857129864433698,0.0,-7.140743164990757,2.0730541003222194,0.0,5.137700065514875
0,184,-45.55901717491837,658.4893690962675,-52.714065679985694,-17.586058737190257,330.7325385976555,-7.826928050442351,0.5265060801160327,0.0,-7.3425980097263945,5.0059395503209085,0.0,4.8608274366703
0,355,14.454950924432204,-197.60294037494512,16.30534663660348,9.129306582299142,-108.03564841458292,18.848422655661,0.6270348309432614,0.0,-5.173156252216585,-0.43389086733916066,0.0,3.640892730889169
0,074,-11.136213721365563,79.13805324683213,5.602177589437927,-13.975993725903828,71.99668246249689,9.165797316116949,0.6204878784651162,0.0,-9.019372616276051,0.9851347062840373,0.0,6.179865039676936
0,247,-20.527290451379972,269.74090183578363,-12.6535456183527,-15.92234872595691,183.8026632092594,4.876376293263009,0.5874876762769191,0.0,-7.66265854040325,1.986011940984932,0.0,5.341230086354002
0,255,-24.54122124035794,267.6612233035756,-25.48395415189705,-16.821016485356253,191.18332863994937,1.0211915595270606,0.8208803658964563,0.0,-6.815358458556043,2.048604242293498,0.0,4.751066342339149
0,119,-13.017733221296602,104.05777514945166,-12.503250126369267,-10.317303876408046,72.13376366690136,-9.682527677393562,0.06357221396426986,0.0,-4.618122422537964,0.6165136059655446,0.0,3.38300908758357
0,016,-29.825910253240277,407.3601674670814,-17.213621610509666,-24.967055776348204,252.83597270355736,-2.4166434848512823,0.790086533900345,0.0,-8.250891921080902,3.0746501997761424,0.0,5.559356486633784
0,246,2.9812828200411046,67.79681582431287,-5.703365268770334,3.2572379817397636,66.17325523404685,5.242758731640294,0.8204490834734536,0.0,-9.731071979527018,1.156992827117471,0.0,6.7787452244735515
0,199,36.49977463410865,-304.8069366917214,16.840004570602545,11.49790323731613,-162.55661374401737,10.280838314362216,0.5283653336309034,0.0,-5.5974611771457505,-1.3526478140041776,0.0,3.8711831897155777
0,279,-16.411533409347218,105.61320359900088,-2.6872867231663284,-13.933338907536173,94.86609979586649,6.234143599885869,0.823999233995977,0.0,-7.909420334897071,1.1208202919650676,0.0,5.546293489560162
0,381,18.208341447729907,-236.53894127822085,8.380796960226197,2.206164905941746,-125.40669983708545,10.753345106715983,0.13372267846437605,0.0,-3.7533480752751607,-1.2550982239114064,0.0,2.703817118398256
0,111,-6.544520355372252,132.656596116638,-1.6113749465149108,-5.3599043635118,111.6238580487035,5.770547096011526,0.7560365845680601,0.0,-6.620691654807898,1.1304416433516886,0.0,4.727489468430084
0,259,-17.343322054807484,209.9298496704812,-21.964451555783583,-10.462307732462559,145.62316487559488,-5.604222901283875,0.21836032721690937,0.0,-5.203372880231737,1.302402381020753,0.0,3.6465882184519427
0,273,-19.702926259643,178.0759655949006,-10.391205914529397,-12.573923927561575,133.0625579603978,0.6058935419309999,0.5272674252233572,0.0,-5.934626263940806,1.3423871034518777,0.0,4.167337266150844
0,142,26.305946608931226,-289.9777890408743,29.564718219893322,8.134335210148715,-146.48574887627328,22.73992817376749,0.5868343072690945,0.0,-6.79923923901023,-1.0889646900334995,0.0,4.700339408963786
0,333,8.297580404387531,-98.2113947171117,8.228995207087799,1.673537833710251,-61.63834646302537,13.300547619595381,0.5633027033415064,0.0,-6.0923139935819846,0.17116711521015857,0.0,4.166267919489882
0,352,13.053639307439113,-160.2749476983809,18.97914332386283,5.053000278119511,-95.69974089307063,17.759467628068677,0.3471628715504289,0.0,-7.420310978372345,-0.3891732082004455,0.0,5.218732915654882
0,307,-7.727950022928825,44.69781429698006,-6.9835003851310145,-7.794362693452533,38.53833237076375,6.4697265477662524,0.1729573999042361,0.0,-4.766160330488193,0.4308238130174883,0.0,3.4986537031887983
0,293,-8.726012221605583,97.82576778516416,-12.980785064323438,-7.926243261586573,74.20812154914404,0.5989126244245199,0.02407242209070455,0.0,-4.666863920347151,0.6536689534041681,0.0,3.3856187287928057
0,068,-14.997838472399884,65.68816077382097,-5.356386540326771,-10.355240975822367,53.96787012516743,6.384520362991821,0.7086374399059525,0.0,-9.563588942347439,0.9963557577937227,0.0,6.560667141264325
0,147,1.0618538553235541,8.691242148726884,-1.4950750191097606,-0.8054363877000938,24.064770530315453,10.946992689754438,0.6078910614072105,0.0,-5.91464458110885,0.7258678402941574,0.0,4.26106874904566
0,354,28.319278885421582,-318.5012426421765,30.563276009307174,17.12151185252161,-173.22312703653327,19.145720044267236,0.3083244542879932,0.0,-8.216810633457577,-1.5901754674934576,0.0,5.61253580486984
0,038,-24.9852307042863,273.89333182576627,-23.323648715350778,-17.995644406917073,195.2915136702109,-2.0666546595787882,0.8185526762889355,0.0,-8.16873829119121,1.9955742335791138,0.0,5.8777920790739415
0,145,4.4894804314308665,-4.5705101869835705,-3.2309113545744785,2.1461716146633942,6.902462074886613,1.0717251586177488,0.7706521847810416,0.0,-6.543090169696759,0.7993529682408166,0.0,4.9178168555848725
0,049,-34.826400642063064,431.1527090136455,-46.19610686769357,-10.933859900537168,250.50888212413392,-15.328263393908825,0.25723220654811896,0.0,-4.87338637207959,2.8812263552901776,0.0,3.256378888231635
0,095,-15.839734847235482,195.65766361294388,-17.42458301117302,-9.67963183611197,141.22625652160883,-5.593662433555527,0.6977797027104684,0.0,-6.6288603132719865,1.434930089219526,0.0,4.782662551273991
0,208,-39.046921659237185,377.7676441184773,-18.873190012321626,-21.123428159363716,238.8770383946077,-6.852261577057213,0.8793552755775813,0.0,-8.139362727729113,2.7173601344870746,0.0,5.5710031864896274
0,040,-25.689792102200133,262.1776774313496,-19.17643634984046,-18.993108623754807,181.17618004946468,1.9739749604651224,0.6935385803460334,0.0,-8.181187951124365,2.0182769737734154,0.0,5.709506859585818
0,261,-15.061482254077822,207.49073033226605,-22.437825206847776,-7.44076851550199,137.9679702261519,-13.09769553497823,0.23073950769271934,0.0,-4.887783803979486,1.287149666376898,0.0,3.428724741894118
0,345,22.915285364468435,-254.44061227068767,26.312724727169496,6.601766070476814,-146.0371391174238,23.74600484622954,0.5864553666080846,0.0,-6.414969372593414,-0.8427492378466527,0.0,4.209038765874533
0,257,-27.22864115683783,248.1147251502305,-10.444475936303355,-17.363364491031565,169.2139916143118,-4.492270304558355,0.7209920206507376,0.0,-6.125590721499947,1.8984109543384433,0.0,4.296550506844887
0,206,-33.17244765872889,399.64502988579966,-25.208694906950395,-19.047725223943722,244.4818656871073,6.893214994172739,0.906694100990315,0.0,-8.270866915195677,3.097058911264547,0.0,5.454214023416259
0,358,27.81139806997916,-318.26000329758506,35.01229764687567,19.33764570707959,-183.9391728336972,31.234540961947467,0.18772435788518824,0.0,-7.903215678269656,-1.5034147017850097,0.0,5.497189761420581
0,179,20.722999745610455,-234.64958856551965,22.196414191660914,11.278045374452574,-127.56697005970095,14.225259538877484,0.5877195595429376,0.0,-5.798918580599283,-0.7308071608340353,0.0,4.101736642211921
0,181,12.488955300240745,-220.8495739367732,15.680054344576144,11.325232252480843,-116.88408839578484,17.20630523062233,0.6766454009840168,0.0,-5.582885533432779,-0.6248274521380908,0.0,3.800927275828624
0,137,-5.4247650741592865,42.60854090148344,-7.592733792763759,-6.6619128801900125,31.078934067273348,6.471135327860156,-0.027266874276897553,0.0,-4.33306126318849,0.2402216145905564,0.0,3.1159152225385585
0,326,9.570543100486141,-135.50388164089551,20.02869652514935,-0.09072352364250245,-78.94612663650906,15.370757641794178,1.0493583106255686,0.0,-9.847178072288441,0.17767782471313814,0.0,6.612954971034114
0,146,31.904927616545315,-390.45227722670734,39.38064008163646,14.647523630920176,-197.4899830017976,20.246360366725593,0.5774201113137745,0.0,-8.04207396654622,-2.0224383207756276,0.0,5.196288445092569
0,304,8.90838306178932,-110.69798895884668,28.514713293354987,0.4743799286773476,-71.8431953414009,13.350875936096108,0.4669964940350964,0.0,-10.407163224018664,-0.09494232501898717,0.0,6.859373124854827
0,130,31.02770166968912,-295.26392512309474,34.281840864316905,15.510401592485602,-162.499955620226,23.6999520312299,0.18931358673397947,0.0,-8.04830509170114,-1.3939811030099887,0.0,5.43811770649473
0,334,6.102522847530194,-21.834310669840686,3.577182732295335,6.065823722030736,-16.335360436690117,25.67521795746185,0.9369463460485402,0.0,-8.495505113515312,0.7637783955045788,0.0,5.890540859793888
0,362,17.02337787774248,-323.07369405453096,35.51065601844192,6.562412602894094,-169.61971987830395,29.50206695452961,0.34241229402063605,0.0,-7.333072292054415,-1.6751339774644625,0.0,5.071849344546441
0,297,-1.800757770908131,74.85036963532144,-2.102716012025056,-3.9187731817895957,63.66238667826912,10.774221830860549,0.8021664643263124,0.0,-7.999472850715813,0.9926786691790446,0.0,5.77479492562772
0,216,-30.930008649661097,271.32673534520046,-13.85823057616476,-22.96177571218816,189.2966450642961,0.8913992363927884,0.8267842277336644,0.0,-8.871064795842702,2.0876875092046348,0.0,5.712825250013575
0,087,-18.252240072750144,205.54243508423173,-15.44107086015595,-11.271261769686484,162.2083474745885,-3.800664894862094,0.7502843652394711,0.0,-7.772175614806876,1.59971516904713,0.0,5.5954789748678335
0,189,11.194568182356484,-159.46955522946806,10.950599111619974,5.873988096820497,-104.12962105093348,11.047099676617403,0.2585327761047701,0.0,-4.531000178550088,-0.5540207459348332,0.0,3.1310771879672807
0,296,-4.152620261194052,0.4527146917381213,3.655633543211342,-6.59999473352183,3.2734369115601436,18.275242819898462,0.6263404443027074,0.0,-8.789714809363009,0.8551399350792603,0.0,6.247908741754693
0,050,-21.142153332559694,181.53899065508833,-8.885994781045314,-18.33120208043912,153.26015044703416,-2.3087355490392145,0.9495868862573515,0.0,-9.579699955559107,1.635933178753742,0.0,6.2973252940387505
0,346,12.314984497789709,-213.121249020983,21.729181946942333,9.186199824700074,-121.54705330345821,20.437055975836707,0.28322921213652524,0.0,-9.16165315951806,-0.8510026503367012,0.0,6.131783052713547
0,157,-2.1513211175090223,10.490615449308986,-6.756865350199699,-1.1538484622959222,7.682095489766442,4.020645874307798,-0.1609781082035983,0.0,-3.9615492894223903,0.03515900497628707,0.0,2.8982998843819665
0,258,-13.402863850324911,118.40918120958129,-2.380385297818062,-16.27247882276879,119.09149023082931,2.1001142948165366,0.8474699454713618,0.0,-8.236656909986383,1.285100275132378,0.0,5.823084313973202
0,267,-12.855323279616764,212.98985378215608,-15.266339940285883,-8.37436494996382,173.17971406795866,-5.462202365213974,0.9036182038753159,0.0,-7.443440354604756,1.752691175605549,0.0,5.067647628934729
0,178,-84.68496289008888,747.8469590676772,-44.24366772014218,-36.86314864304034,344.44189320639015,15.221567799674283,0.9120948097363054,0.0,-7.75092316957431,6.594952700820799,0.0,5.352108379194774
0,150,29.063389211129042,-372.03332580780204,32.62413910668675,12.52417799468496,-194.19758272228094,26.998143731702044,0.4344655356347885,0.0,-7.193800701299522,-1.8686676288612762,0.0,4.938533451502487
0,348,21.63669149543278,-203.67267314896847,18.502247988464468,13.354358830684049,-133.11529470288534,18.726439685881527,0.5482414951260192,0.0,-9.234919015140722,-0.5989850149960174,0.0,5.906290891531777
0,256,-14.194847231059452,114.42449050303111,-11.172870448767258,-12.701399880788983,107.80636837301583,8.11135744227113,0.8115697722583565,0.0,-8.721913079423706,1.236197488147501,0.0,5.932063461288727
0,365,8.214156529624159,-142.495808683458,12.176748440424975,1.8798089586310245,-83.63040097715141,19.605208707203545,-0.16793458390603103,0.0,-3.608462284063695,-0.7805456510692744,0.0,2.7377018984174577
0,118,17.23291923728967,-218.1183503422386,37.32840486833847,11.572603077455774,-132.14636956490264,23.91428909975437,0.35236860089639,0.0,-9.306675963386533,-0.7440353032437308,0.0,6.172235957547723
0,239,-26.937097513592256,315.8782391684615,-20.5822066318681,-18.089085037753442,211.37775982825798,0.2830471025681956,0.3811403918523749,0.0,-6.168592684435197,2.0812123503444457,0.0,4.074435459830789
0,242,-19.481894853600924,202.93388360469456,-13.19201975065641,-15.794395872222767,165.47061224104243,-4.592368642910092,0.8594174853594426,0.0,-8.395905346192187,1.6072829454997097,0.0,5.828762816436992
0,245,-13.499336319581666,203.130609287679,-13.52466456592736,-4.67172518765456,127.70367607197657,-2.218020303251744,-0.1937183591739717,0.0,-4.494412420790491,1.0185771392569771,0.0,2.9580064572831595
0,202,-30.063446916713676,392.65298645738983,-26.40314370359135,-18.42933518536553,264.8432555938829,-10.31419117181198,0.7160373347307314,0.0,-8.515293995560578,2.7544680761221407,0.0,5.427799275230899
0,097,-12.689978188579685,177.4664728077541,-15.31922645638905,-8.36304998107507,136.5812423498179,-0.21672926174398802,0.5720437813632573,0.0,-5.85456366453143,1.3729163779470477,0.0,4.2449891889364215
0,225,-52.54985139325246,410.1538811906391,-30.686689234878166,-13.95245150201982,216.27811557572394,-0.7224363970390816,0.03481653976540141,0.0,-4.903790125715738,2.8041766655148117,0.0,3.1303716236138737
0,318,-4.879630616095734,31.198536474057224,-6.324221531979162,-5.944216803976017,21.876879593731715,10.090711920463967,0.6701215030021171,0.0,-8.703741826182004,0.7207470306076464,0.0,6.009020224087348
0,195,9.27605958332981,-145.42029514279454,10.42154765385211,6.585122839034431,-88.23106230881189,13.145412087457942,-0.11173548612296268,0.0,-3.75658119310138,-0.7185218778220057,0.0,2.76364553383329
0,379,17.507280338446048,-247.54423953495046,12.290645462294902,5.288943802519502,-129.278794734425,20.010813779302378,0.24171908291213423,0.0,-4.082016033229092,-1.1870203766114762,0.0,2.9850123769137635
0,280,9.574982360217302,7.1410444120572745,-1.8587837894873873,9.071763917725866,11.882451363732654,-5.389484178189949,0.6129687475852936,0.0,-8.816221280431106,0.8548930271568584,0.0,6.397247342515934
0,025,22.371642201618275,-287.5097133734002,20.605466242473135,6.769052306631856,-151.0713231989767,23.00809752229338,0.6416520330028325,0.0,-4.888365423231746,-1.1616734347864361,0.0,3.3541230911811386
0,170,-61.17910796932576,671.8577064047042,-37.51123200773344,-29.948354112685408,320.4171274045454,6.338191320753611,0.9848620906701236,0.0,-7.370033889152582,5.7156501069898615,0.0,5.123969697540059
0,324,8.866002836298073,-170.16860511948607,37.30558865581042,5.570084320412627,-101.51494535585992,30.116217449532193,0.5676585735718134,0.0,-10.42227982016433,-0.41739815990415935,0.0,6.9805486815617135
0,240,-15.474272922076185,215.71278471763316,-17.608411775578542,-12.981186510938931,169.085275350277,-4.3817147467510305,0.970498198045013,0.0,-8.61004768799404,1.7491706637665627,0.0,5.927711927709002
0,226,-21.651007148172898,207.97454881780422,-10.544760072988637,-22.377465332952614,179.35692487812693,-6.540254843246133,0.8139759955096362,0.0,-8.024608894436422,1.7104818486415567,0.0,5.628883665626766
0,084,-1.545743588216528,-69.52443379048488,27.16331662854642,-0.7405488840735894,-61.90406334457405,22.825518706923773,0.5950922948398749,0.0,-10.31550311344467,0.4737105914861093,0.0,6.898706851304227
0,091,-14.740669154740058,202.45383459065593,-13.300561602246386,-8.985071771578001,164.57524492786774,-4.06420281091527,0.9091616665696336,0.0,-7.379829088162344,1.605748381294924,0.0,5.252230476731239
0,057,-20.260816846070814,316.7997900559271,-11.086125327873793,-7.81463982727541,200.35745944961837,-5.471909123359286,0.20266081030047034,0.0,-6.75289524847284,1.9967572623057301,0.0,4.616076501502934
0,069,-20.53383150676586,216.7642165058693,-21.2537136379439,-10.214007762316925,132.62129957435448,-9.811664188703645,-0.12149107869133711,0.0,-4.584844055185595,1.1465725896056205,0.0,3.0319862737419685
0,072,-14.750459564813095,106.23950527097618,-3.9964343273134406,-13.481483845544743,105.73740214346266,11.273889863242536,0.7882552679980579,0.0,-9.281877536215017,1.2277166296414863,0.0,6.350311588286375
0,207,17.39577029707825,-242.01625370584543,13.15765434974376,6.657445507889591,-133.98420005743472,14.71355299117761,0.22441384141986193,0.0,-4.260229556645071,-1.1152020068505906,0.0,2.9768049230360654
0,139,3.2564157336979798,-30.601241671781132,3.6308844961546596,1.1456726369325771,-15.502443609073254,9.131985438765927,0.6276378774983948,0.0,-7.999466144318028,0.648152634726197,0.0,5.607121950287061
0,172,-47.26916705852969,648.3929262116029,-35.3725421462937,-25.398629683045414,309.80046629196244,7.337418101368215,0.8228163195240302,0.0,-7.350221620698599,5.490936539935346,0.0,4.92238327998748
0,271,-15.691980687211759,186.3944242155529,-9.532371662693519,-12.142591096087422,139.44580769526402,1.5625407095830366,0.6597635098387705,0.0,-6.612920091576802,1.3907301897396607,0.0,4.664645361404731
0,052,-21.841901391960107,185.82598117995818,-17.672546226981442,-16.535896530983923,143.94011558823036,-5.52402793603429,0.9934182216373838,0.0,-8.815085136599299,1.479434414046651,0.0,6.5450696057457725
0,042,-15.577050388694031,283.9403347110987,-24.63798003766821,-6.687690907307438,196.01173638996246,-11.197339543965784,0.7452049747018407,0.0,-8.390614572997986,2.104541716240933,0.0,5.760992933857754
0,194,-40.942733361112325,394.5285015214323,-24.552424167798442,-24.290724453616328,244.3695885019418,4.593692855723538,0.8776807036101372,0.0,-7.695703382544109,3.0732384955144636,0.0,5.597472227706453
0,366,29.21228699727623,-298.9919055966014,35.12823258135982,10.139436314980134,-164.54105868969128,28.995652176573213,0.4911595808621373,0.0,-7.221949109615453,-1.3438307271989143,0.0,4.741746833793427
0,343,3.008151953778673,-51.965222509282825,0.7520805996395507,0.1844943128674034,-36.661192527771355,11.166152867069336,-0.1490852444699174,0.0,-3.8317633197980707,-0.25519966079295286,0.0,2.8332194399379276
0,300,6.352795203848858,30.529240892363,-7.519334074921057,3.471239500129149,32.852618100683415,-2.982496284783238,0.6745895015116106,0.0,-7.762435454894576,0.9459405967882732,0.0,6.3087729070814005
0,213,15.491976150019656,-214.6035059381855,10.095002001488586,7.63464580461704,-120.68308101263291,18.711683850447145,-0.03464998314084316,0.0,-3.5491418601270843,-1.1627984234633957,0.0,2.608830882255835
0,359,12.445449099973217,-187.8577375444467,14.475277223383186,6.591714206943865,-110.08701857180456,12.564467488684333,0.45142441275653783,0.0,-4.702112473155836,-0.5628819724543215,0.0,3.3017986729485322
0,382,27.3547537158701,-336.9724817091739,34.784832654560454,7.389964436448465,-179.434143069209,32.40115338029065,0.5550379782037769,0.0,-6.425443871839871,-1.5224710662889271,0.0,4.277695971179764
0,079,-24.289795960662225,266.8702607622551,-16.38499440110043,-15.870708028800344,197.2182373924563,-4.521885708950735,0.8191508650482198,0.0,-6.911056818381334,1.9131432965919755,0.0,4.6762854391436015
0,174,-65.65145254568485,773.6331473237611,-43.46269500459444,-20.810801986729555,373.3813576456527,10.986481226164253,0.7899201472024102,0.0,-8.157507293588994,6.27070040163369,0.0,5.625701898804092
0,328,3.575140948334477,-118.68722380043485,30.694816612438576,-2.381853620838589,-73.17536627683042,22.999870780848482,0.785259818068453,0.0,-9.902004231337274,0.10284186177701567,0.0,6.3879216501902265
0,066,-5.929360598314493,53.95068202870045,-4.651562213039072,-6.620472172553121,46.86973661599599,-2.2595048264125315,0.5818316488924462,0.0,-9.139891787508935,1.0025398726616037,0.0,6.599906874969891
0,292,0.24904043415056712,-20.033800334846518,1.061810434531436,1.0188624886762245,-25.926274857810004,11.318190109480279,0.7269079994719172,0.0,-9.70197698275225,0.9027132741453688,0.0,6.679181502525673
0,285,-12.497556980854483,146.60364557729793,-11.726115334440902,-9.857277103786275,127.87297105612396,-3.186385760246263,0.8837130540025503,0.0,-7.35619857695473,1.4294370276497572,0.0,5.249773689608047
0,076,-13.17410437141725,97.61481842819305,-1.2325766473184987,-15.421392254310064,90.10039218163628,6.2199814213154685,0.7652729169279706,0.0,-8.371594888482367,1.0706553164236268,0.0,6.076374654651229
0,237,-22.796502174012325,330.95226224946066,-29.15481913658753,-8.929100413346308,209.15799193585454,-6.045925504816086,0.7042172508629987,0.0,-6.872446367548241,2.360653273946234,0.0,4.801133005519478
0,294,5.994244606509853,-19.55626546470757,-6.601271672556588,3.648181081881379,-13.76978663676649,2.2187926780049154,0.6122921987140155,0.0,-8.346133608886193,0.7391543063018097,0.0,6.426515482852577
0,197,23.41580397055207,-314.6860450995255,15.716631302612862,8.174923073318036,-158.30599496629236,23.216000107256605,0.4121870495820727,0.0,-5.69040423283838,-1.5125762944442616,0.0,4.015114558267324
0,302,8.762811349392749,-114.00766482117932,19.240678923502255,3.9635135393495298,-80.00752642017417,22.614745869267296,0.7185648457563946,0.0,-10.843221023329827,0.07189369292801474,0.0,7.377905888618556
0,044,-33.240429956156525,288.1178705363393,-20.60934794873549,-26.130960704644824,194.6536700336282,-0.2975142127467817,0.775425401197045,0.0,-7.978992282975291,2.122833668746915,0.0,5.575670399132165
0,027,11.159753138568808,-258.70175204158363,19.31402213677437,2.914020684389609,-134.56278064807907,17.511013637952786,0.4865388785373913,0.0,-4.716729211330689,-1.1033347753261489,0.0,3.3526264143282294
0,058,-16.57697218745849,179.3330678293929,-6.056297192694277,-13.846455227975815,151.23885948230566,-4.851008580408012,0.7007819635939384,0.0,-8.830851212185275,1.4133380854392696,0.0,5.826195765043763
0,187,12.515757138801138,-183.01036983783004,11.629669394203285,4.00681660729331,-105.18276009403642,14.512159172910021,0.5075089636521665,0.0,-4.899557763384824,-0.4754289790840841,0.0,3.3592618610276075
0,018,-41.54011172807896,403.4853426683466,-29.217418182638554,-25.10657408558839,258.102392400225,6.313310986737928,0.8621720163571412,0.0,-8.219112717884665,3.0245444957750647,0.0,5.7127786672716026
0,283,-12.976674707008993,168.0618715034725,-9.197949806707513,-11.955410757389958,145.53440718172294,-0.5104811923397108,1.0847067785331639,0.0,-7.809323361849836,1.5953826836061429,0.0,5.613701900634028
0,232,-11.832420060279908,184.56805085068277,-13.544371284494149,-11.652284058887938,149.75496929156347,2.340861369159912,0.9477537916081563,0.0,-8.874580909678874,1.6276449924152612,0.0,6.392405976177962
0,171,2.420350442890604,-66.02227602720305,4.085235911120259,0.17358779302385402,-42.6062951892096,13.173648162288753,0.18390382404089575,0.0,-4.545999146453019,-0.03199461075076658,0.0,3.331477367412647
0,041,-55.17658759407889,590.2629027269032,-42.674176302720376,-26.3133840145835,316.0561911123456,25.80971111224839,0.832378789759064,0.0,-6.522846487216695,5.437630567791776,0.0,3.8569812721848793
0,090,-9.17015628779862,-10.626417225435638,14.608273108439793,-7.8052866214054095,-19.011859351932117,36.2870400814558,0.5892004989800085,0.0,-9.60337742526261,0.7464765281313688,0.0,6.52665018705169
0,214,-39.03372097643722,305.8826375299419,-13.028344101856188,-23.60686240400533,205.0689659831222,20.66707685608489,0.9084134766373297,0.0,-9.105799747419972,2.4067789277101155,0.0,6.189063537722456
0,006,-51.32558793698532,748.1667732712016,-60.665505576943964,-35.60328459642002,386.4180762670122,2.821993963573626,0.8845872687623096,0.0,-7.884524317805481,6.085546523796784,0.0,5.4313647847062985
0,067,-24.26679105150175,253.78685044166681,-24.802853932152182,-11.049292074036522,165.42081848749635,-2.2750579081546594,0.19959214613947843,0.0,-5.051253560561593,1.4816006155120662,0.0,3.5780732444821863
0,319,-4.114108036138249,17.78320007149148,-3.342745294831481,-6.30483169599049,20.447316437799685,5.77908927222891,0.4192359042243989,0.0,-5.2872943408296615,0.606836706154722,0.0,4.021995274093566
0,085,-17.82093501840201,196.99298272827093,-20.691486100161246,-12.073019078051953,126.24087027505921,-0.061796379960303655,0.10139523682375255,0.0,-4.800577126316129,1.1243436160200089,0.0,3.3969939233583286
0,158,19.365073564801538,-339.8584648519752,31.809337271366903,12.614403222475547,-181.09952916872712,22.258733382304527,0.544949487123302,0.0,-5.92057626198641,-1.4896935734036536,0.0,4.153670398115219
0,126,19.644701545417366,-146.49291903405182,13.216174455878376,19.95878594525438,-97.05985726128472,11.27331000113574,0.41990386003615227,0.0,-7.803097342734944,-0.053456993635760425,0.0,5.306440927803549
0,316,5.126670853257363,-6.335358323673392,-8.525332774080002,3.1747874509008027,-6.786944810767671,4.941553672126449,0.7256994306550001,0.0,-8.598398492944957,0.6100888250793869,0.0,6.133452455963871
0,320,1.4339008126178612,-156.80295956595484,25.146122002648195,-4.970929183917125,-116.28964742798594,18.51486851931713,0.30848404703769816,0.0,-9.063691757627618,-0.3932692970283879,0.0,7.020454267393725
0,235,-29.24778447208884,355.85316708108905,-25.414114038518175,-12.501773322167402,216.31829070638125,-1.5288078992264271,0.6036047899386525,0.0,-7.397990160362086,2.4928044975615946,0.0,5.079451814672169
0,321,-1.3440734807262282,7.516877439016798,-4.848414532207867,-2.2146251855503625,10.161974860633713,-1.5236483663656524,0.24116397004519638,0.0,-4.8832248817913735,0.3146770790508248,0.0,3.52966212866068
0,108,4.208755612451693,-58.23158819461045,5.224063560454598,3.1704328665517196,-39.8620697671423,15.288624623735096,0.7784266454385498,0.0,-8.462000452317563,0.5749561732345742,0.0,5.710613926942457
0,046,-40.38953931191693,278.3590072116692,-8.256899962070358,-28.45369818427702,211.37992282728143,-7.876014583464977,0.9231403487470361,0.0,-7.603446986258803,2.0910999277469484,0.0,5.205778051000241
0,356,23.788041900256232,-322.3995887929978,34.86180057706736,8.272086312671508,-182.17174247591507,32.309571357425156,0.2984608737795559,0.0,-8.182341813962502,-1.4667068481537093,0.0,5.558680853312719
0,204,-24.02588578970189,426.95246952493375,-41.27423581241199,-14.317940606950396,269.86598964910246,-1.3407985409950274,0.9955983622356402,0.0,-8.747639338394265,3.2945932727630116,0.0,5.938149803889476
0,269,-7.29021359831112,197.83308878432595,-7.179900113101101,-6.559044947992648,158.11717071987843,-1.9369447576472618,0.787609073325988,0.0,-7.283315247972929,1.5198900085116114,0.0,5.155272643856547
0,033,18.62903040345978,-229.77558085858385,13.712676600579528,14.67058001201567,-132.86412465604747,30.176562425742425,0.07648917516828457,0.0,-3.777640881882203,-1.1767031098725875,0.0,2.62909149167546
0,284,14.730021324657923,-103.91898894422918,14.189070564406958,8.051235584924735,-79.8400715335068,30.541020592714307,0.5083365990473927,0.0,-10.215591683932132,0.2808518632992398,0.0,6.974378088508129
0,010,-78.57296863251446,676.9402380976086,-56.48647274106465,-24.509945844594863,342.00502416612807,4.3077318507548314,0.7690436149876052,0.0,-7.609406038193327,5.49839188729561,0.0,5.204643214473322
0,254,-8.60657012174365,99.96039934797996,-6.14257508166648,-5.426761511235385,86.79452284081762,-1.0697375764300026,0.7685962632256828,0.0,-8.687215087729298,1.169120435179498,0.0,6.415651404734849
0,301,-2.5494594699284203,80.30847588046265,-8.004357645423134,6.952459403605877,77.34131554195501,3.131890244566275,0.9194801692704727,0.0,-7.050477832803175,1.1589675796580894,0.0,4.938885486686603
0,236,-19.561638306773816,194.09052890017858,-12.762547424481765,-18.243067534127537,152.530596504428,-5.240938697523158,0.8028577264992501,0.0,-8.653747386473762,1.5922299864129057,0.0,6.062936217793506
0,165,8.739668712415034,-106.06381921222433,9.859244654560156,4.489604183139548,-63.22345617009689,8.805205931974687,0.42241007648129847,0.0,-6.017358217556697,0.023912205272635722,0.0,4.166808383937795
0,089,-10.14613265558639,185.47476923776017,-7.151595050245908,-5.722050738466786,146.8657224097906,-1.8788458858558674,0.8919446231301827,0.0,-7.134440299136661,1.483018910790475,0.0,5.261428242491397
0,376,30.339288601231033,-375.5064126543525,22.86380703707785,11.727960715066562,-182.29986753754878,20.173618865063066,0.5057087429511226,0.0,-7.060286452420043,-1.9285197437724046,0.0,4.907763518290116
0,055,-40.631726123225064,374.22064185633974,-19.497552615553097,-17.69095978049799,245.64528968810117,15.863518049821316,0.6852826910019877,0.0,-7.274720306866275,2.617569938877667,0.0,5.031030236979788
0,372,27.45956239632117,-387.66833130320515,48.05701962239032,12.187730364866695,-196.91344833701905,40.38259752312819,0.4288274518319912,0.0,-7.624743164772239,-2.0516127717732875,0.0,5.336988731058128
0,131,-6.054595769084284,54.55542653164071,-10.061628895361707,-5.27670340735173,50.402420711734905,-0.25658300266715245,0.43722764817948045,0.0,-5.461071648780538,0.6634742968439143,0.0,4.1044519452923725
0,309,-7.584297645921235,42.98295752246025,-5.394619529447195,-7.05573227579843,33.01450811733828,1.2401791631987165,-0.02664157951297345,0.0,-4.257646882511918,0.31100962274317057,0.0,3.1659428669418888
0,065,-24.68698830231896,286.991714257253,-28.02469126704865,-13.92612800874368,186.35776226218607,-5.534528986556251,0.509893788926498,0.0,-5.670889809258421,1.934994941715213,0.0,4.108958699642398
0,325,-3.6427298280861544,5.775549349961241,-4.126791870777006,-3.739797408594344,5.126198126743039,7.094951138319511,0.018659919363384386,0.0,-4.235905297773968,0.17482732205637347,0.0,3.215781095374871
0,029,18.48612185259081,-249.11301467723302,4.504837835519222,8.624920858703533,-138.52431009621853,13.431912965388038,0.252901178311518,0.0,-4.2442536964811035,-1.1374974876822166,0.0,3.0106226592331686
0,227,-32.11609742600734,383.3005556404652,-29.0506414710825,-15.54217658356687,210.81348887048523,3.820788869327352,0.03063777503964472,0.0,-4.5807196746187895,2.4171117505869213,0.0,2.988828026464584
0,367,19.085592913906495,-306.265495644038,28.640760890910805,6.462039066457088,-167.86387967037874,26.324060567305757,0.2466350241327712,0.0,-5.983396068819713,-1.5498681816824829,0.0,3.9581877805521315
0,347,16.02866741923903,-236.98340108396218,15.950134721681703,7.626900910546314,-124.3890486529364,16.4347705437877,0.6566427121082192,0.0,-5.757911596836631,-0.7115392498109324,0.0,4.090046564515346
0,219,-40.35656843736223,552.4392413104669,-33.02584331133513,-15.396152164344443,303.98062647820325,15.488463318240258,0.4764143770153677,0.0,-6.4125387932059335,3.8658465223127574,0.0,4.516185226536906
0,086,4.076039156244744,-75.83993724333592,7.674590713308175,3.2420203771828184,-50.58000604169489,20.497083231772812,0.5183146526465409,0.0,-10.050075870571892,0.5015955280313905,0.0,6.664704839338562
0,070,0.8692476855877292,50.01051335333398,-6.394450731758585,0.34875158013272606,38.95910184951749,6.965371266986225,0.5510293669031598,0.0,-8.712805857364838,0.8653857281977383,0.0,6.365407366390679
0,001,27.85985011036318,-361.02741383491633,29.094074248045587,11.013782076036998,-197.01609188413428,26.627709518852647,0.6051179984403019,0.0,-6.607674770248435,-1.520953295496608,0.0,4.393502751686111
0,021,-29.254359824031567,381.5181948241211,-41.6045322923918,-11.286902866116968,204.24304314698244,-6.223413365040309,0.025727799122233292,0.0,-4.500021369429226,2.4879257770189507,0.0,2.8697239277348565
0,160,30.719225357072926,-360.18402128109614,26.909262782485317,10.81737496618803,-186.7850630978407,22.739742989103924,0.6551465443722,0.0,-6.419514420541781,-1.6293577777238306,0.0,4.3344725959251305
0,113,-8.53242289316962,139.19610915434959,-6.509597690204091,-6.310962610981586,116.3933161665462,3.5420277232961896,0.637377853836064,0.0,-6.031242380026348,1.1732514168192951,0.0,4.369392641852613
0,061,-30.127491664616432,329.9652513601178,-30.655858102366707,-18.724594226511858,221.2143154093261,-4.10355051821401,0.5648564099897431,0.0,-6.947855300942563,2.2999864308360767,0.0,4.616227950287517
0,004,-44.69177079712292,770.2623755189825,-55.16476310259857,-32.11898534218553,346.6463159722669,1.078586078848854,0.690971948181454,0.0,-7.837738774744342,6.338996480612971,0.0,5.522312434112052
0,186,-54.813543975088656,650.0429512676035,-43.9553310779396,-26.616480984984875,305.5350249466871,10.37155376633481,0.6165899251857668,0.0,-6.864665777930793,5.247057174266226,0.0,4.730375323512016
0,138,39.16362765750396,-328.86103884688697,33.97387819343628,14.132101716917926,-175.2056864134385,21.37625504957179,0.28906058479063285,0.0,-7.952881759078385,-1.5360198019218236,0.0,5.344443346222621
0,106,3.4671852940798575,-79.31714537213323,7.1077572304455865,-1.1252479637057284,-40.89648872213994,17.87167130574538,0.9638748296587539,0.0,-8.4979782462934,0.7306252272660182,0.0,6.187123735466182
0,313,0.30175111559473905,-5.00319401290052,-2.9214570743428285,-0.8306837190297154,-0.4072733579991917,13.080681332660715,0.7081884365297886,0.0,-7.576439333940583,0.7593450622932625,0.0,5.312057583866388
0,282,-10.305953432465373,16.356553189585927,4.1558414184637416,-9.083598646190397,9.390501326857997,21.87808468666636,0.6887116152008361,0.0,-8.52365456412029,0.8927701390004257,0.0,6.101525384536753
0,088,0.4711434644333182,-41.268434557052004,13.919751002304954,-1.132876955909769,-32.14905559440731,19.808825808937506,0.532577199707441,0.0,-9.294096032637214,0.6741359576548527,0.0,6.489008957714077
0,243,-30.556764000914207,255.92051370072744,-17.653521152607553,-11.513591394521612,166.92080189237706,-1.7194293949934105,0.2251916976614655,0.0,-4.958554257201004,1.6565735232270409,0.0,3.3502829226259423
0,159,9.10729584465409,-136.95361242166751,13.547685728666293,5.546805154456635,-89.70744531104734,15.599479263844056,0.3611478384124839,0.0,-7.11613360694035,-0.1962621000043819,0.0,4.83184605856031
0,132,28.275485773023522,-312.7729360700526,35.037439750773046,16.34744137433852,-177.07169165827088,23.76399561561478,0.19239165345797357,0.0,-7.700729465477264,-1.428965511770091,0.0,5.275922832505698
0,007,-69.74522561424996,719.7216240362329,-51.78344396304962,-41.0955172506285,384.6551921820602,1.4946573470637623,0.7149645604432611,0.0,-7.53954236475638,5.457154183464625,0.0,5.0158491768266105
0,263,-19.919476735391015,174.2308509048183,-8.169716814241397,-21.54679963347824,141.89689080914445,5.841531702720548,0.7060213279277066,0.0,-7.420414183343157,1.3889519059345334,0.0,5.150098412336358
0,311,1.1084276649370155,-19.724488482515763,-1.6998963410418306,-2.7081045650443705,-9.947909239214965,10.015767409257485,0.8445728747920201,0.0,-8.061280743881534,0.7950571332568327,0.0,5.546252409793755
0,281,-11.301940898401773,135.11930538536163,-10.439716166285626,-9.085847381556693,116.2637422393422,-3.2548516342599,0.9121715038351457,0.0,-7.714785866120432,1.2764391396049535,0.0,5.743647052858683
10,037,1.2145851073232508,-9.618280059047654,1.2309115391826495,-0.8284522825556371,14.482665789310436,2.0884925491739312,2.0439193303500165,0.0,-7.397266557959341,1.7848037314533163,0.0,5.092304438781895
10,329,-28.581529900360863,316.9238181073856,-26.416549368960904,-29.921007527815664,253.66578797359983,-1.154838669294048,2.4578582396026256,0.0,-8.660508968875618,3.4692628634741385,0.0,6.17365587250688
10,053,-10.003610522851664,140.41146315529102,-13.899737951148406,-12.742914745561617,138.31349481298562,-6.235940307931816,2.3272876009557812,0.0,-7.989085458343556,2.526807968948041,0.0,5.557037809859344
10,209,12.354679935601025,-163.53247765286963,26.141569766365837,3.425110202641745,-52.460777223526065,9.613069210603815,2.4605747579870103,0.0,-9.32588174938919,0.9646256810792821,0.0,6.644670746352645
10,251,-43.299333500535326,435.4156883636364,-25.13852804462389,-36.200290180825654,316.0039711275073,2.191249693068297,2.435139722480902,0.0,-8.303721680470451,4.2792981982778375,0.0,5.771134041572881
10,141,-15.578573897664832,107.84711986316626,-3.504108203894779,-17.786557093180758,113.72075330604572,5.1208206737589546,2.2938644988214247,0.0,-8.114165655535526,2.4214244206579947,0.0,5.506828320742713
10,154,-36.833142890386824,274.02046640651133,-22.110750787402463,-31.930096352234656,220.18702013653984,-2.248274996245175,2.1565601819297573,0.0,-7.2190436671896245,2.9156099957414012,0.0,5.138174598235688
10,331,-17.763553376854894,323.86314220119243,-21.447822853169008,-14.608387734467032,270.91431754171356,2.027076626887308,2.8109944706446033,0.0,-9.637141147207249,3.6695396502001536,0.0,6.236911354266931
10,003,25.385244291728082,-250.1806851671006,15.587039877668147,17.211114582144322,-111.40259147523417,10.71673705242485,0.8766822366107957,0.0,-4.357596218052941,-0.8465009925691915,0.0,2.965692504009224
10,151,-19.679756108645492,225.93275836497787,-22.53153523545808,-18.3612947379823,165.65061183732547,-6.18602647012297,1.4130766686392635,0.0,-5.718407149257908,2.178519507362673,0.0,4.194236225836156
10,048,-3.966562361937772,113.45000361350967,-16.192193042282494,-7.391125035390228,103.47397455961931,-9.508356127486602,1.2949505578381741,0.0,-5.444717973714306,1.645354172996463,0.0,3.9043374257616086
10,152,-27.854602247211776,258.96209298661745,-21.486653700353123,-23.235747017874917,202.49692593843832,5.195606631141953,1.812667095425812,0.0,-6.288140149614841,2.650219471511101,0.0,4.595312956150529
10,164,-38.39977545306744,371.6719963305986,-29.876349879222158,-32.771263560761874,260.6540825042298,1.3264651878099896,1.890722296784272,0.0,-7.2306390065643615,3.5034536585665705,0.0,5.081363774526778
10,193,33.47693377219391,-302.0296477663858,35.05219293970692,18.633606266945684,-143.3876104595256,29.274369482826142,1.4889478752403629,0.0,-6.446883226137003,-0.5153327095292948,0.0,4.767578040340365
10,248,-50.289538073585405,423.01525292033296,-26.74653007703568,-37.939813610211665,306.89993209846074,-0.9809980208114677,2.445281534217781,0.0,-8.122470041162003,4.250350269696662,0.0,5.423500949320255
10,249,-40.92260454334832,426.89646588997607,-27.098718354576206,-40.3600143252916,308.4612467895165,0.492837221207977,2.5783916393521666,0.0,-8.072194943259566,4.1851236827681895,0.0,5.886150277062638
10,221,-14.865359298095942,105.45471274563077,-6.364027641277826,-13.685976300024675,113.03476063381598,-1.9346278535875072,2.2886133600589664,0.0,-8.155363493136777,2.532475866079978,0.0,5.89335310667979
10,222,-9.30009319499196,87.60033649446143,-11.695157733983693,-5.50314333195623,84.66044716188416,-2.0658781830460065,2.299061701330745,0.0,-8.169093170616655,2.3180389455466743,0.0,6.066812508398518
10,341,-60.44487680457409,672.0193288247723,-43.54622268932616,-32.34993967540025,398.5162529002369,2.7816707091643167,2.070256326292017,0.0,-7.247485166683681,6.061431451000556,0.0,4.725453638037614
10,335,-30.167900148765487,394.4479057307431,-33.13662595495418,-28.72991669697215,288.08652545209,-6.311375795299195,2.2075303128173123,0.0,-8.22587962235922,3.806243889143759,0.0,5.509418325532902
10,205,8.078825720978484,-58.958434425560355,3.236295634498655,3.9939715796469475,-9.570012967362171,5.4054003848786465,2.1819374669981557,0.0,-8.325406804848138,1.5719813773518223,0.0,5.563245751194014
10,322,-19.580993375571712,201.98744209021265,-8.179149425796094,-25.144009662273614,194.87102234360756,22.91220645315031,2.660457562734706,0.0,-9.37694427190435,3.013386092682257,0.0,6.425216891539407
10,107,16.90094816754887,-241.2933192181716,24.5041048998792,7.8418508068765425,-97.38373533581299,9.058503174339208,1.8636369940981683,0.0,-6.478739423716141,0.004032431998969743,0.0,4.3455360903128515
10,223,-19.529587533268135,86.00421125421002,3.7048225143302758,-21.13465393063928,84.3328008698071,2.6583344245550022,2.224937493970067,0.0,-8.412884283525534,2.3993532927361514,0.0,6.024932365857206
10,188,33.41858175472427,-388.3005901287294,38.35085143231297,12.612608838110377,-129.67783460388623,15.618627343840323,1.769748952646676,0.0,-7.355907277443891,-1.469793205789745,0.0,4.819123583587013
10,100,14.652123340155468,-164.85613685535202,11.249953573049693,4.991929140968201,-72.82909213730848,0.46532039783371537,1.18167042942111,0.0,-4.470614203965156,0.09054872512671108,0.0,3.1105795898352726
10,075,-31.368198086964938,359.8346592159127,-22.32874224832087,-24.24903092007255,269.5507646963459,-4.47102306066905,2.098092489397507,0.0,-6.838883297684649,4.1710577449117405,0.0,4.242663155946694
10,134,-6.8070095099218255,97.90232631640865,-17.917323325223315,-8.638062037562944,86.93732532354102,-2.128333098629709,0.8590242617704591,0.0,-4.708487395960046,1.2321366640686477,0.0,3.37935744406745
10,002,27.92390243780743,-231.64334984251772,10.511888970306764,12.961797647449105,-112.53930472566356,1.8786915040710046,0.7278174427494276,0.0,-3.953467897378389,-0.8170651531745629,0.0,2.7304989537679445
10,063,-19.86694010001299,198.5088179721765,-13.594716485232157,-15.782244624181732,154.22302080085603,-7.794098291430931,0.9547307772269981,0.0,-4.857832994107482,1.808833874650131,0.0,3.308644346251158
10,229,-22.856835317936778,217.92505592085672,-13.755567702870291,-25.14527828739494,204.04975759100375,-1.1719583942690077,2.428018780172333,0.0,-8.590333080018244,2.779605500788604,0.0,5.859451038531721
10,136,-12.413755848788242,110.17945789832812,-17.573730141831824,-15.894846737980922,109.73267761153312,-6.180775789385464,1.4534986757135353,0.0,-5.689720351932873,1.7524730795858554,0.0,4.175674152464853
10,081,-39.50979802528121,436.0567490656933,-46.877841632418196,-19.17846635487202,265.2653269372588,-10.019003112826617,1.1060555350102255,0.0,-4.9664829252849145,3.5361834972489703,0.0,3.23448815907122
10,238,-29.65372112834115,306.29797359749335,-21.33183195653146,-29.032346162204302,259.0598271829377,-7.763559504436706,2.335280624082687,0.0,-8.168752270283207,3.31620856381313,0.0,5.768294260942822
10,190,42.533747778486806,-417.0270792678324,43.95814380483584,15.31926109202775,-128.20474838950824,14.259812176178873,1.9657526186634384,0.0,-7.9222238044548865,-1.9167358007590098,0.0,5.179929296926549
10,203,16.250633865156868,-253.0428007132374,41.272965407456695,8.524566002317348,-97.56745205879152,8.87489783692138,1.8579972917968366,0.0,-9.142456423412858,-0.091438771732263,0.0,5.345991689897044
10,233,-4.686135600891746,204.84720987202022,-13.398863927859633,-9.844537411729688,194.6672672710975,0.9054385787258898,2.467897602396421,0.0,-8.66844420069905,2.90862823925918,0.0,6.281089946531882
10,117,-1.760385168888316,8.629567861534161,-7.340940041705565,-3.004788550854548,14.370707986487911,-2.5990453150218658,0.5461818014913113,0.0,-4.043652116235634,0.6090318864870908,0.0,2.9800226512259225
10,323,-16.252732235584052,183.19330980882668,-10.308104142420845,-17.924872565504646,187.14246727082983,3.187069237343993,2.601153379745268,0.0,-8.981487937648593,2.9258291393535814,0.0,6.480978539799375
10,314,-19.533726419438864,101.75693343029097,0.00023501863561259384,-24.37700296822609,100.9977300350019,12.412894485640887,2.8040266316776385,0.0,-10.244671271759884,2.9206701954677268,0.0,7.17600278853214
10,032,-2.5426969438154936,1.4400251213033888,-6.959729928809974,-4.101061539813497,16.058786318266147,5.65911833392452,0.744084523111034,0.0,-4.290602235352342,0.7499849276091963,0.0,3.218704017729596
10,056,-17.386144501723724,170.3286903412221,-18.87273759004836,-22.46952068269916,144.0385640472678,-10.790448705196834,1.291791410335204,0.0,-5.369458428861479,1.861736842479539,0.0,3.8427687272629596
10,196,35.48286614563104,-342.453516910565,46.79138150769268,22.14131255716879,-122.94705035237997,8.159823000616946,1.5015286881106995,0.0,-7.051437743686346,-1.1070060552226135,0.0,4.739929288964746
10,129,-2.7137108603346287,47.25979416409494,-6.133311488535046,-6.339236246774327,57.620878348573996,6.118086222014675,1.6073176286339865,0.0,-5.8607285269768665,1.6954531018396528,0.0,4.277763344415863
10,156,-28.864839393974457,281.1704161527697,-21.536572211150194,-21.544730324750606,227.91426002079524,-1.1162095419430593,2.014726692009035,0.0,-7.219175205058554,2.9646744586290996,0.0,5.227330153437671
10,155,-26.616562068319087,299.25390806337634,-10.64325773301452,-22.368571425906126,241.89310230339737,1.8673058292844131,2.252507035421748,0.0,-7.287011258494522,3.270608192544148,0.0,5.26400475602306
10,327,-37.42103382932036,321.1425087948062,-20.757706892130095,-33.745533909979684,278.12555173718147,-0.36125645714668586,2.5092811140784423,0.0,-8.800849397579492,3.4780834648027654,0.0,5.843742308812351
10,022,2.8414999100183103,-57.964330228616355,-0.23014159875570633,0.2926962606175878,-22.64123258455021,8.445605042112085,0.7918765898071584,0.0,-4.311327137121214,0.45677944090625366,0.0,3.0651354003234594
10,350,28.212286815508794,-359.1883699780397,34.76612804088478,5.14809368474611,-149.54467801739838,18.867037995712867,1.5378425298666398,0.0,-6.037409010752483,-1.2003251573073768,0.0,4.272443059637232
10,120,-1.5702475267934055,-3.5627972852178056,-6.570085902427975,-5.070691056145018,5.220662139446477,7.288733925131895,0.9954290230014147,0.0,-4.718099482879334,0.8947515406361226,0.0,3.4614012812664097
10,218,-0.38079768159633254,-80.13222822992914,18.651815811241928,-7.133865210796063,-8.123932416546086,-2.4955637397207475,2.210487167114612,0.0,-9.937754460376365,1.5655611413224015,0.0,6.8055372725396746
10,125,7.562774921271712,-42.653111328435074,0.9623558187944201,3.0506327110444107,-4.2143386980815025,3.3876110433686573,1.9821061850730781,0.0,-7.444567765333651,1.624881222331843,0.0,5.252754980056957
10,266,27.547156727971423,-369.0079043120401,31.437699654188926,13.294457104405389,-138.09049980425272,15.458467682276412,1.730622137422365,0.0,-7.064663939281526,-1.3246422380845897,0.0,4.574238527287563
10,122,-0.2853780394621831,-7.154241898543164,-3.7912452885055057,-3.3650635567787264,15.74991693083205,6.812404321125744,1.5540769058526234,0.0,-5.745733688559808,1.3503479394774969,0.0,4.131827018987609
10,078,-48.314832152193375,376.06601432570056,-24.856231622563474,-30.02253723668339,274.67304318315945,3.861228490969225,2.088250117424116,0.0,-7.402404462774787,3.6240729704032146,0.0,5.047705462873176
10,252,-36.663044003889404,411.8521686117571,-23.5364449948149,-35.888455613507375,300.9992314075648,19.361181021951207,2.30712660590375,0.0,-8.029674076389325,3.905915356525312,0.0,5.653983631124673
10,268,32.02050888755553,-386.72597596933485,41.515965995649324,16.50368221789636,-144.65973481937718,15.501329148635872,1.6850119012081366,0.0,-7.356004966528467,-1.4814850583296266,0.0,4.894415976095999
10,303,-0.149199868276769,-39.471506544763976,4.501587271676006,-2.576051224652807,-4.919080883487706,5.219067149644779,2.3842627358403177,0.0,-9.758198556193651,1.9464690235122595,0.0,6.624800038734282
10,162,-38.02071128822962,357.4384606339519,-31.66030049606433,-37.15709955043758,261.19841804007154,-13.355124830105133,1.9405302933934454,0.0,-6.919152086557174,3.353140241538399,0.0,4.893678251133607
10,215,3.202822646063825,-17.680456170570523,8.426866892032812,-0.5863406145674689,16.617516937228,8.736809379537627,2.461160969057186,0.0,-9.105397595305575,2.0615655469007512,0.0,6.393667927150046
10,217,11.296247337837395,-93.0154878898129,16.26216646307234,6.490999010587767,-24.52881658233201,4.595374317241257,2.154441954028709,0.0,-9.39604591759832,1.433063162823106,0.0,6.4167371182118655
10,198,10.192367220006803,-171.73933332184254,18.841159591748497,4.0355977989764416,-71.47548414758225,9.44558873486234,1.635084316120421,0.0,-7.015045731612183,0.39565188075682634,0.0,5.160504334586926
10,030,-4.4559576451295575,11.645381871428283,-7.170898587592795,-5.246095674755897,21.54197492322097,2.7141404182340363,0.5798141252149012,0.0,-4.072924735480028,0.6466253268672276,0.0,3.011638280283752
10,062,-18.402159506752106,205.50905878508738,-14.503985014835132,-19.718139970781543,189.1765145795296,-1.025591192287477,2.252442316834857,0.0,-7.6435991518791,2.7389975606193593,0.0,5.605351279211147
10,337,-40.435712917556955,412.52102287997553,-33.25262957343586,-37.94903967618516,299.1171173133905,9.24382463889541,2.325456618381967,0.0,-8.076829489202296,3.987764766173693,0.0,5.548199874921757
10,175,15.165184003568715,-234.87842502850242,18.88525120023363,6.120174534999226,-112.0429506320156,8.872053897950783,0.7122499889077509,0.0,-3.874805410129387,-0.8760072402810508,0.0,2.698075774531005
10,351,28.23923395518057,-365.2458107270677,39.29418862845344,9.065225066261798,-163.24648846541282,21.029672378587243,1.6452492879971259,0.0,-6.77546968075524,-1.024740372834637,0.0,4.480233156173467
10,047,-12.309576918547183,103.73407919909505,-13.183943208683752,-11.125984981247182,86.22336446866902,-4.134107355589452,0.9473164835069656,0.0,-4.6189272220139745,1.2606305884814981,0.0,3.503125639320783
10,231,-29.975046525903753,193.1664273298536,-9.248917277339713,-25.307229270493067,183.65801689669104,-3.6507285438992607,2.4333560191530434,0.0,-8.720720054614342,2.706537239999022,0.0,5.903328829306275
10,092,22.294472222040543,-291.39996553164303,16.48217391970757,11.72251833661579,-116.48106721405324,6.733694206840642,1.4185112349954219,0.0,-4.996337035651726,-0.8691600233081684,0.0,3.350566390217605
10,096,28.617420925347396,-332.7773791127973,30.949720242002158,14.529739897020065,-144.44692590502714,10.724370305177393,1.3460454801592268,0.0,-5.634368251152461,-1.0893256621455842,0.0,3.7222222843621533
10,073,-19.83639978817602,286.3662537472958,-23.18724111507559,-22.81283306297222,213.25828792992675,-4.437631874781919,1.5110101095230024,0.0,-5.717981046468338,2.6531549314895693,0.0,3.928994015098339
10,071,-19.26457565207469,211.20565873608962,-16.467307976522537,-16.189986580933017,146.57777547116976,-2.00396035707585,0.5986371910912269,0.0,-4.54553001339257,1.6503026422618194,0.0,3.1765309715340924
10,123,2.7950097175771496,-8.42819494849968,0.45146267899305903,0.6265736138351969,15.175280859950016,6.441804993302769,1.7517559960247264,0.0,-6.2413607850070525,1.6297871947881843,0.0,4.4985762928197355
10,185,30.505298326465375,-351.0574579935684,32.35063547071753,12.99563803907409,-128.17324017879116,13.234700625977649,1.7433486599891683,0.0,-6.522207447381569,-1.076180339900037,0.0,4.344844854321018
10,028,10.299752618919461,-104.31243259922344,12.909126544757175,5.5937010366266575,-42.42594031182873,3.7471391749309384,1.735135672453447,0.0,-6.8197865481148305,0.9539480999527544,0.0,4.697263721241305
10,224,-11.554058399725776,92.54557971444795,-8.039174492756702,-7.359414703179484,100.78799209100018,-3.0605737414135286,2.3375456178861205,0.0,-8.938339279133759,2.574307361676914,0.0,6.395999013533111
10,344,-87.51123102516844,719.0070960317734,-57.35806615797697,-33.579685179289314,434.52084994989394,-0.16578504635210134,2.0711458341146347,0.0,-8.06336966554955,6.313763029842779,0.0,4.722165884382639
10,299,21.46393930504036,-169.66128331907,23.448376529082616,9.431754554793285,-50.93243355821612,8.274736872478398,2.5518839815803873,0.0,-10.911152135156808,0.9646538057070955,0.0,7.078582074773712
10,140,-12.33901938935601,124.71395292451325,-6.611791075943987,-13.779109095562937,124.04805136988354,0.7062896974417385,2.1831556262522236,0.0,-7.81479319232788,2.359467095350963,0.0,5.676256351057975
10,148,-17.693831166997665,244.3511616918174,-19.366657389597368,-12.28677626206517,242.00194042005506,-1.3761279763750114,2.5267296246171496,0.0,-7.735671932130888,3.512653759034498,0.0,5.252280078528673
10,277,24.796559371690755,-317.4766400321544,36.389323905068295,17.76115318323068,-145.99908158132126,19.596252436856638,1.4436139764646674,0.0,-6.946390025293229,-0.6750255950444493,0.0,4.775362461970465
10,128,-1.300401438675805,35.437526490078604,-10.573629628344392,-4.190589545840608,47.231630753392864,-0.6751812729135538,1.2332423004567294,0.0,-5.353565634443736,1.2757290714088825,0.0,3.864448354363618
10,110,2.3506960919927433,-56.66682006945998,2.2633316393869825,-0.9716804762546614,-25.203687372746263,1.3832608302543852,0.8814226397695905,0.0,-4.31048155647698,0.4915346051384648,0.0,3.0819141349272243
10,143,-14.240188184715471,166.6710910265021,-22.423891935571795,-12.907341449294016,144.58409617053135,-11.359054829756365,1.3067546616121755,0.0,-5.211613209075043,1.8040183525747686,0.0,3.76906731688171
10,315,-5.20258815779694,94.77462251142454,-10.791185988773233,-7.069202159253726,91.02973374932404,4.699028198914719,2.663784566313292,0.0,-10.140527462595195,2.867866715604312,0.0,7.118096191151551
10,034,1.3251226804364276,-3.092444424374952,-5.654738931701974,-0.7249081029954593,20.063411803314466,1.5290038915133841,1.3151282870777534,0.0,-5.295483028641034,1.1656356718455092,0.0,3.7971071552561098
10,135,-10.541075368172573,107.6750957878201,-13.953965249190201,-10.485427518518891,92.537664774481,-3.72397079761354,1.161905735601232,0.0,-5.105112983576659,1.4466467765333912,0.0,3.833179086664774
10,220,2.867888931956066,-111.90624182377759,15.348234045061629,-3.3822276543130414,-13.707886337750356,16.32878752520947,2.512733676545872,0.0,-10.529440586667905,1.4855985021223128,0.0,7.012307215519591
10,023,1.3765358293385543,-67.65232715700239,3.175460355933275,0.3306825447011944,-28.82351362549741,4.638739262015779,1.0357035546795457,0.0,-4.566217037762844,0.6357010871895924,0.0,3.292423377557018
10,312,-13.019062227528789,105.1493185262669,-8.151599505659698,-17.858147922002505,120.88427863265633,4.956190850317892,2.6247432071885513,0.0,-9.638419863344268,2.8816649856979115,0.0,6.584434267066448
10,149,-19.191118209051286,195.02328860815766,-14.619848805529294,-21.139205608532166,182.1291718108868,5.788029129352074,2.22254403500541,0.0,-7.38425320677541,2.6440274909098815,0.0,5.281644853070196
10,228,-5.82097128380886,88.96685245600499,-14.529697239343818,-12.491677986832233,105.76536769405895,-10.520533751839181,2.7469057068275564,0.0,-10.398314868632397,2.9974995570490366,0.0,7.052786291382682
10,306,3.3017924676647215,-65.82488587631363,7.451645997738506,-5.327648366392909,15.467676519694855,12.588744687227145,2.7248394873982567,0.0,-11.433422652836153,2.067812496739334,0.0,7.227076813565075
10,241,-32.80359270209306,301.1354477364407,-13.707535526872402,-34.33547878997659,247.72755165397115,3.1976859285062966,2.5157177768905203,0.0,-8.564423415471785,3.320392011222995,0.0,5.952410512191907
10,310,-21.005744098189755,120.31426484585653,-10.95411709634251,-25.069711513857218,115.06359526093702,5.616291466198056,2.580186099666402,0.0,-9.467466437815139,2.658584831029195,0.0,6.33533092459081
10,043,0.4696111712911293,53.88222555350011,-2.073739381777366,-0.8279320276449603,64.31618710520654,0.17562830314353803,1.9756905423781042,0.0,-6.656170395324781,1.955911951385102,0.0,4.660749157211255
10,298,0.5769367698488317,-162.7771954954714,29.1437995226718,-6.689210651368322,-44.92161418196205,17.26846996938984,2.423183061939765,0.0,-10.775950284860032,0.9290605261285099,0.0,6.978525337111819
10,077,-40.62268704495673,348.98403055218216,-29.77296690963346,-32.11730537471382,248.4505356536917,-2.7887714798795904,1.6369021726633206,0.0,-6.942232597252503,3.1601369878083965,0.0,4.856104457354047
10,184,33.49517257329869,-351.38597584991106,27.368480514615978,15.817291635956014,-159.80118364368118,20.05106257540367,1.7795179566454986,0.0,-6.3230912631517,-0.823722449788555,0.0,4.086270288011258
10,336,-44.94092712503982,421.8260374673458,-11.451855560683937,-41.11947888341692,300.59949766137703,3.352207382140067,2.464200275739481,0.0,-7.892491928713648,4.210260241364681,0.0,5.717027474332835
10,074,-28.416379980764546,315.9953907020365,-30.84334773815152,-26.642501757848102,228.4887972338429,-7.849006034016413,1.5010978573484595,0.0,-6.330422534332786,2.7658137781611467,0.0,4.493031833737497
10,247,-44.07917037719426,405.4370961904251,-25.737990715107586,-46.174163962012045,289.97418946839406,-0.845760532829301,2.402315390022574,0.0,-8.678430993874462,3.9875570319623774,0.0,5.639383493513586
10,016,15.891350046691933,-196.30722295444713,17.148304059180997,7.002050876929686,-65.84433006183319,7.28606511847531,1.6438792351572902,0.0,-5.16967759781415,0.43698420548185446,0.0,3.709885315804945
10,246,-41.775621307525135,414.1029898548413,-26.578255257354257,-31.323480308332428,299.73714613973874,16.666671238935916,2.490638242881389,0.0,-7.907230604247518,4.121749605314491,0.0,5.569529412912565
10,234,-26.056545590663355,209.1303978169405,-9.749180882889807,-26.624764743682032,179.79656344449526,3.0575582917305697,2.6436875750570845,0.0,-9.178469072162123,2.9887126835665128,0.0,6.605728568818687
10,124,-0.37936959905705464,-30.17164688890702,0.131510368752669,-2.4598284805446875,-3.0874615344884306,6.424035273811123,1.8678510929763896,0.0,-7.033558370787702,1.7041336901576334,0.0,4.832788515387566
10,199,16.121926134950904,-190.77607513169198,27.19322925185226,6.405286814531873,-68.29458406667764,13.1409885772772,1.8523726013480322,0.0,-8.04007925101348,0.60422612352887,0.0,5.797043273509185
10,279,30.768214625489158,-313.1185719390024,37.95046918354541,16.3598962077988,-149.8870370398729,14.253478200183139,1.7150192741224677,0.0,-7.850497281570406,-0.46761872565436957,0.0,5.209293588139072
10,168,-45.19590852999247,435.46191810549703,-41.97058712431874,-35.22652556120976,258.99624956508694,-3.8916752747077394,0.99454829648722,0.0,-4.960790636474843,3.4546491515883475,0.0,3.3142280632431627
10,039,-8.562463595869795,51.9636833253446,-10.848462473387368,-4.39907160036971,52.406026044169636,-3.9259019392673737,0.7954812831249851,0.0,-4.364566395828142,0.9639991628360574,0.0,3.3048515930738014
10,259,-70.55872953587671,744.9438885341516,-43.695715046682324,-41.76719633231076,394.1061462159919,-2.104552072270563,1.8782928117044597,0.0,-7.397127889850846,6.704008330222225,0.0,5.075223920574253
10,142,-15.983404218128042,141.4715364900271,-18.905151323800478,-18.29073230453341,111.92176783446872,-6.800205366426795,0.8910790804012427,0.0,-4.683638996357806,1.4497716832974603,0.0,3.4464779885330867
10,333,-39.67162845770848,400.65524323436813,-32.340864199941755,-33.92073018445754,285.059253762756,-6.993765782472879,2.46358021375975,0.0,-8.54050566720095,3.8825067670793327,0.0,5.733948672341441
10,230,-25.674929714111595,232.61351366106123,-19.381503770766994,-26.539646427540795,213.57812944135702,-0.08265657676195115,2.483315058650204,0.0,-8.622534721118782,3.0827499671255554,0.0,6.143573158293905
10,307,13.482515173793448,-64.02947186843693,-1.3014865559190665,3.3835812109571686,34.04296706159486,-14.167139790650811,2.9510132764762824,0.0,-11.270075270539863,2.138517570149207,0.0,7.883245235878251
10,068,-28.746262186553928,292.6852771261844,-21.36004361970956,-28.98671002794807,232.94317422047206,-1.5705212958735695,2.325120749620664,0.0,-7.803533046057798,3.1774604338414902,0.0,5.467914378195035
10,147,-27.200345105647923,223.86510643197724,-15.235882939167823,-29.33605547213698,208.68624271710428,3.5327179300520752,2.3984877242398763,0.0,-7.329230122004497,3.0524891522848563,0.0,5.443428042670652
10,038,-0.8601135495805279,-9.590733843725385,0.467351504064791,-3.3012206819591023,21.702787162040455,5.467867063916461,2.073236242713505,0.0,-7.914982328513852,1.940321834756406,0.0,5.561089190034034
10,145,-21.547344922973963,217.04093290098845,-19.514370471005577,-22.02251490061705,184.61626727134018,-5.13189444666682,2.066561452324238,0.0,-6.663197445322098,2.5432672300506582,0.0,4.9479001144948
10,049,-14.239141872644609,124.67282365127346,-14.97268105619624,-15.09763638968068,117.1908472094107,-2.2866592557520593,1.6391501174251875,0.0,-6.155248977862725,1.8808665528140456,0.0,4.32426524286322
10,095,37.06235043905877,-309.6239225052295,35.256088745142236,13.362006570397243,-140.35003418258898,10.52510794302855,1.3897941242995842,0.0,-5.316781181074308,-0.8220087566775653,0.0,3.6651109560538337
10,208,7.041728175105784,-147.07058092549326,26.172211759330473,-0.058531670276560366,-40.12828027515788,3.819142179264975,2.2377478837408886,0.0,-9.01677673486892,1.049367426450463,0.0,6.031286118115578
10,040,-4.510218306733047,48.69113324275565,-11.847973735935897,-3.435615485846948,50.296846902098395,-4.243533041296822,1.0837466378234002,0.0,-4.930609050711782,1.142413187127123,0.0,3.599943537659063
10,261,27.23884458855322,-345.6796634649879,23.358531220010367,14.912066337490069,-138.12922529058474,11.744399369644208,1.619666649651943,0.0,-5.778833333301701,-0.9867113716699641,0.0,4.0161425390285945
10,345,-68.49971642088961,752.6260572016404,-59.0807174887952,-36.56190466205625,375.816038024152,18.13166692877612,2.3901894200885,0.0,-7.7083172920548755,7.406074595366514,0.0,5.201351589854045
10,163,-40.94284603900956,364.63615599018794,-35.992675121011196,-29.05459432090816,272.1978500326863,-3.7396299961284,2.0075682540084423,0.0,-7.498499105261086,3.366417687881534,0.0,5.138804480852436
10,257,-64.55900108636723,729.611261473235,-44.32387037652127,-39.097048855995034,389.1158545516903,3.1218954986959115,2.2330211342120703,0.0,-7.910552595435002,6.720357047723965,0.0,5.2377713928820135
10,206,13.93347963045728,-81.73675036669168,9.15428526222708,2.8681183755474535,-12.955266528137775,0.31742292488328105,2.364731739406049,0.0,-8.159301032382386,1.6613093613114027,0.0,5.67988055594362
10,179,26.879565247554115,-295.1363567979627,18.652057657019284,11.496576021966316,-122.44089458293563,6.484805040315278,1.270847048648117,0.0,-4.254851507111976,-0.8184316311817053,0.0,3.3149310096773434
10,182,29.09325468266294,-305.8986702230015,22.276524195611593,16.19085807652878,-132.9038039665283,15.788394646116286,1.3177419400340546,0.0,-5.6170851868383975,-0.7441850342782322,0.0,3.8560177389945074
10,137,-5.42830317786459,115.0285798608825,-15.865363781342765,-5.628741891418459,113.3719016052543,-8.906929275571452,1.7085534496549202,0.0,-6.034143828432303,1.9511539647068639,0.0,4.5388368790178815
10,308,-14.12442453892343,143.69293743524403,-4.662457066620963,-19.60175936528844,145.71240552773176,4.820369776372877,2.5507535406151973,0.0,-8.672951834020473,2.7307580729169674,0.0,6.089453332540191
10,326,-50.42943277115809,336.80102201451797,-28.02355322739644,-42.828489984561756,271.23293519959446,-5.36162354412473,2.70920755088198,0.0,-8.526237994442942,3.704967806265792,0.0,5.998620497423265
10,146,-24.810972524089607,213.47407272649116,-14.660409941263786,-24.277393654706067,184.29760253229065,6.34758331745818,2.1913278798245273,0.0,-6.9862282257623765,2.676451052850645,0.0,5.237882751093636
10,304,-1.3156680673035157,-59.883173949656005,13.758256652360588,-7.297152318947613,-5.416320792267893,15.120501833893371,2.3479012859073585,0.0,-9.851059238835546,1.8021408560861012,0.0,6.6308469897698314
10,130,-1.3817016300473899,44.44735828402029,-2.7168089623010694,-5.832892305801429,54.91408947625729,3.8474456100708476,1.860944683188491,0.0,-6.305781688193388,1.8902597437579707,0.0,4.732231976986033
10,334,-29.903089098101265,385.20584666940147,-23.715934975332264,-32.16264439069197,285.09774012982973,-11.844864461637773,2.128427565473395,0.0,-7.883424826242659,3.635828806623153,0.0,5.575852326654332
10,297,5.2011935762969,-163.205063200057,40.56002167437332,-1.776893989016384,-48.835012317448935,11.344220353504586,2.4086569033506127,0.0,-10.533169579152311,1.0139655051166407,0.0,6.780364292781181
10,216,14.603669101981179,-53.37968934504018,-2.0642270530832287,9.512724712676038,-10.544309593754557,-2.9757272560882813,2.4161551471917195,0.0,-9.826960964216173,1.7864937862320789,0.0,6.2401459238858035
10,087,20.598054766758388,-209.9684052279618,16.4396105212208,12.998328913706706,-100.18118211376435,14.845610331594994,0.46806180562331084,0.0,-3.7089451073597375,-0.8460929568917426,0.0,2.6227453483529226
10,296,11.931726514145693,-151.80334946610503,20.74211285227843,1.136571156400573,-35.85475088722806,9.392135578843437,2.8524912462222822,0.0,-10.100424746422238,1.2624332056442402,0.0,6.4354444712320715
10,050,-13.037723278236868,134.30988281787856,-20.77525675224315,-15.23209741042234,128.52793831472812,-11.025513409060476,1.8589712458700784,0.0,-6.428479996385589,2.167391915538382,0.0,4.665099333156162
10,157,-35.32629621089348,288.30128356523005,-26.645665774619328,-25.27808494339037,238.0535501167706,-6.396480852262908,2.1412765702946186,0.0,-7.678476319926203,3.065418348323573,0.0,5.312626353782873
10,258,-67.93511595425798,751.9404740559665,-76.85839363001872,-34.915888771411076,435.3603778509495,16.122756708205973,2.3187680588250936,0.0,-7.892875598305329,6.7286856247342435,0.0,5.139648501666914
10,267,35.763268045583665,-383.75697104876554,32.83238716004472,22.223739823463664,-137.87082477768516,8.20871989152326,1.6944688599044635,0.0,-7.190367901881287,-1.3821948881490673,0.0,4.716423771479922
10,178,19.57501594185792,-277.6084666762172,21.74038878732254,8.574105707242428,-113.40137093028689,10.567432149954664,1.0196934657768715,0.0,-4.0288735115364505,-0.8916199928712758,0.0,3.01844086079303
10,150,-18.939924162120317,194.2147484992244,-19.24705209320361,-16.226817126351083,143.99419747053471,-7.533331047627681,0.9608852538314772,0.0,-4.917607266376829,1.7686394480297603,0.0,3.4460454011366113
10,348,26.383049229223918,-332.8736750924705,34.782613229379976,7.408777200128239,-153.13987286214476,9.992355974558,1.5937478508768357,0.0,-6.14895368346034,-0.7623388497272695,0.0,3.934381294950887
10,256,-60.835706309155086,695.4587790199865,-42.07983072481751,-48.19125632479481,385.4450731915506,15.051729391346253,2.0016487964925003,0.0,-7.4580640168724015,6.242342977083519,0.0,4.957197192457116
10,114,8.601161715576303,-102.89447114136414,10.420029473999037,6.633948547552624,-45.95836756459481,5.2348327353671555,1.6042900648081644,0.0,-5.8473694582572335,0.914671338117618,0.0,4.174939534780164
10,051,-9.427980621970242,151.60532599472268,-10.015616531655693,-11.725921023498131,141.1623358368574,1.1640305325676994,2.2775118268592403,0.0,-7.350125488359696,2.513910413403992,0.0,5.141018624869079
10,242,-19.404555092328238,310.99804437691347,-38.2065048436936,-24.13760236541811,266.7988782674749,-3.335203319918942,2.522279229299176,0.0,-8.891634730660122,3.5096698028585234,0.0,6.131640283187368
10,245,-36.499957494015284,381.66579845594936,-32.13832968493981,-28.295587807853824,281.3940827976663,-9.242266591360973,2.2131476250660067,0.0,-7.617275441518917,3.6568657935274844,0.0,5.373090083705489
10,097,9.879608601490737,-136.05973750971182,8.863277861484509,0.9929117213921064,-71.61110848894073,12.170801569484329,0.6372086011388426,0.0,-3.875185056443194,-0.150260251985886,0.0,2.7433278166658965
10,059,-22.76902096564089,207.67007629182672,-16.260479897881645,-29.971682124116153,198.76116930435498,-0.7806890736677525,2.1820986476223685,0.0,-7.181294040172136,2.7085500145087433,0.0,4.90692788158761
10,225,-11.762037336950545,116.21809407725993,-15.11882960290879,-12.382220903815673,113.53408489372272,9.40945918969684,2.5154310800483817,0.0,-9.19970520711583,2.6490793692686827,0.0,6.6717695692550265
10,318,-13.864531467377649,193.62982957647208,-12.572621642029532,-17.791485127715983,195.56495258312768,4.296197325650375,2.227727728693277,0.0,-8.321753853297382,2.6524327600386113,0.0,5.935468896496732
10,183,31.928810006742342,-340.04040185519136,30.10338657994988,8.803881256318558,-129.42349830711632,15.1141966729746,1.6549424162834105,0.0,-6.069133973748961,-0.9525264537768819,0.0,4.073129820530786
10,195,32.69622363871239,-320.88963217901215,44.10296669808909,19.49739766575673,-132.59710679568533,13.441789439119896,1.6574238111725612,0.0,-7.966308576276793,-0.8703874312894453,0.0,4.8920859767238944
10,280,40.74912844084543,-344.72463570711807,37.214634738617264,19.378743906710646,-149.12488649918768,4.184027367515697,1.9540977080442459,0.0,-8.891945549731307,-0.5730123385239154,0.0,5.654214947976699
10,278,30.477502977569728,-328.03073895014995,42.396948713495625,13.763994846634358,-143.8954891186721,22.385670203046345,1.650422600563388,0.0,-7.747073352534377,-0.7841916292727068,0.0,5.005809401884323
10,276,21.763785845644453,-314.4640424841638,42.36342407278412,11.104333544903316,-140.69817407207083,23.447608316959798,1.778245914920746,0.0,-7.854494282569912,-0.42389114148620666,0.0,5.17226921188257
10,170,-58.41152540391396,536.282786659397,-47.67257998403723,-27.129570685945744,318.1915963470462,-15.269056431741594,1.622507294818263,0.0,-5.977354494389509,4.790834722310629,0.0,3.794353592964941
10,349,27.695029651275686,-345.8935904388385,34.520019868072794,11.605402294759774,-164.9605756782478,20.100246337642144,1.5432673152845242,0.0,-6.331964734496153,-0.8693799119088148,0.0,4.141468349520707
10,324,-30.345964513097666,299.36859947634713,-12.218383370796227,-25.418037331564797,249.524063053627,3.878860873894099,2.2729685170023077,0.0,-7.770358641270914,3.152218047863861,0.0,5.5473142172199195
10,240,-18.92797686746042,294.5583215047146,-30.769263409133114,-28.652980142717354,246.34792476885409,5.252807718140271,2.2802096259285367,0.0,-8.149677035184101,3.1718857902738575,0.0,5.670649825461249
10,274,37.763849485820614,-317.6964135487673,35.134948691888404,18.0912473887356,-113.3271258943589,6.650082247474326,1.7866280904214955,0.0,-7.323304327993489,-0.8050322844905812,0.0,5.105396641271245
10,226,-7.77462300584909,100.67119985351341,-2.8337219041278043,-16.192103605132743,94.11910878387131,11.424656820567279,2.6891459512942495,0.0,-9.942825188845587,2.7325020757555687,0.0,6.620631902922346
10,035,1.19516256522996,0.7902848229425499,-3.837332577857336,-3.438991227975267,30.112120643658407,5.863022478075513,1.6396458613389844,0.0,-5.628657500673976,1.4951864945583435,0.0,4.180715825020921
10,295,4.3762609838915,-121.3501001737901,17.93908509040589,1.7218517255497467,-46.98209205289756,9.770966256172283,2.555697782101797,0.0,-9.809610684044902,1.369694565076899,0.0,6.535883499006704
10,091,27.35287172669617,-264.15219585572925,19.37746029598126,17.93680237036751,-123.07091786260762,11.372243905232136,1.0981725056982259,0.0,-4.610393446059057,-0.7021872992765572,0.0,3.0396342055690493
10,057,-23.788772866506463,186.32038274783284,-14.825760694743018,-21.022494314494104,155.4279382335596,8.08484286157904,1.6173322337836213,0.0,-5.820827195980924,2.1529676282482053,0.0,4.378912475661034
10,069,-22.806535656664693,295.59804240708763,-28.92722965234238,-28.18861258542631,252.59053788903887,-6.2155079600425225,2.1307287335357477,0.0,-7.432418184673424,3.1642698208068616,0.0,5.104333942280842
10,133,-2.8348694180305305,9.85633025092034,11.227502699338434,-6.734637221567122,27.689999957981332,14.438811411870775,1.9382648472216792,0.0,-7.896458992812612,1.9423086350163916,0.0,5.496884500185585
10,072,-29.06145262145783,256.5430546660674,-19.32157200332494,-26.100758873560594,187.70695181709686,-4.8782016856920265,1.0865909499713586,0.0,-5.004370591747992,2.229861480618429,0.0,3.497454854955741
10,139,-11.215959318788883,133.2031864566773,-7.842392851415272,-11.422759911766034,134.77179347973546,-1.7335157094893483,2.1588685661054403,0.0,-7.543484143249186,2.472658754499788,0.0,5.402013291162031
10,332,-20.767530285932235,404.80041689728387,-33.032516371974225,-18.84048726085221,282.9524041636246,-4.7992431393413595,2.4228339019720058,0.0,-7.819148417007563,4.240245284128692,0.0,5.5292116792994275
10,172,-46.69152183138172,598.6894573994019,-29.11071088024027,-32.607389336702006,341.6915864808028,10.551973161162078,1.8495256634957378,0.0,-6.4359551216044695,5.908782955458612,0.0,3.919334565525104
10,271,15.546112048571262,-282.4990186943792,26.54472969738967,6.069528562715507,-105.15655473361718,12.150098298619378,1.7006052757298602,0.0,-6.470113881763046,-0.4998916721830163,0.0,4.420908796001428
10,052,-19.655349256126353,145.48686951707586,-1.5142224415407777,-21.020978308883524,134.18421675162458,0.8660428728945853,2.3407935458458375,0.0,-7.556097376564741,2.4904836636464855,0.0,5.406109219956859
10,042,-3.907663607932686,59.08715328075678,-7.272108941694438,-5.51168166861309,66.69313145996311,-0.23972344974582027,1.6931228690009594,0.0,-5.880530834451679,1.7499547348229636,0.0,4.353034378499896
10,343,-48.04947730786694,707.3263103631147,-60.5840663899596,-37.540113990969864,412.8918684451619,7.592682054246572,2.1789575104073107,0.0,-7.571302741373561,6.485758605939498,0.0,4.930081434259832
10,300,-7.417906379654475,15.900245580813966,-1.9904972478477179,-8.43136530477851,36.93511789153082,7.437121443180125,2.094782323833569,0.0,-8.638617022502983,2.054372107926312,0.0,5.848012616631
10,115,11.082853684792502,-111.31685878598242,9.483260706419868,3.5419279372132326,-47.33950970636295,7.222921706072518,1.5918008474843934,0.0,-6.397289920073659,0.8705805235304913,0.0,4.422348512750275
10,213,2.1701957654069974,7.416216725917435,8.733004592997204,-1.797355279556955,29.80808669291726,7.050869936127039,2.0463153742356273,0.0,-8.218063285769336,2.026037205615367,0.0,5.84707658069442
10,060,-24.781312520006182,202.59715839189553,-14.297487194008857,-25.6525127442368,180.8887051867111,1.4360991556714549,2.2828655100123423,0.0,-7.4515342004445415,2.624532973837591,0.0,5.236051904730497
10,174,20.058155873282914,-218.5478440413347,15.903356307293997,5.649306938308376,-103.31694098426591,8.474846555322408,0.4926267504554877,0.0,-3.732384083843793,-0.8755217168274182,0.0,2.662642399583615
10,328,-33.7896001355425,309.21903882530006,-26.145309292902414,-31.763216640662584,254.54558649000847,-0.2447262942512145,2.5456130752638346,0.0,-9.293785708013575,3.319310529399251,0.0,6.184604802043221
10,066,-25.913283554490242,271.04422413039737,-21.393921768907564,-25.0195123259126,219.26149261345498,-4.18630180080318,1.8862762589420499,0.0,-6.60648196393514,2.8363077949252338,0.0,4.787431163131915
10,210,0.6023682856711776,-146.6968549013653,33.1457534911732,-7.050289307324475,-40.38641728921241,27.22902800626868,2.5350081170518464,0.0,-10.336059036474706,1.420807257291409,0.0,7.100829504343638
10,285,20.343034143322445,-238.05313387389302,47.09156567206088,11.606230496351063,-121.80847010749633,12.302685559975043,1.8583769515848338,0.0,-9.79261953642993,0.10168032637761348,0.0,4.872092823270777
10,076,-37.91610366273264,353.68993332682226,-20.61736201724537,-38.80049378815566,246.19508024384749,-6.535966459949816,1.747704240629019,0.0,-7.035637925283991,3.269302284916006,0.0,5.095025062509341
10,237,-25.497298855842597,303.5687924460203,-13.734717759122816,-36.56591987358753,259.366725114694,6.6268836706687635,2.15721167281506,0.0,-7.915694507366047,3.1812897589663773,0.0,5.543308403779986
10,294,1.06820027617823,-93.46835016646571,17.014782121698094,-6.666803423858844,-30.35552492888284,20.60678291594873,2.2916421428050624,0.0,-8.988743813605403,1.5656473821793018,0.0,6.246230853993684
10,250,-47.40392112862076,413.49118497783974,-24.2796008516805,-41.57625087653624,300.73362300743077,-3.056755904946937,2.349744802407274,0.0,-8.076761026149015,4.099547404722973,0.0,5.56443515146103
10,176,18.635323725298832,-249.84921521468354,22.86155608383499,8.83047590948743,-120.73598607151348,19.490437178532407,0.8866630481966744,0.0,-4.171661569270762,-0.742449112631991,0.0,2.9176613062263166
10,197,35.31048939022281,-350.77852687787083,42.15766641352103,9.804695436722302,-124.61734665621094,15.635878835351386,1.9315145660351078,0.0,-8.878321704191677,-0.8328605678047326,0.0,5.594391837861349
10,302,2.1868295816828733,-3.008704234631557,2.514358056109199,-3.602151304759836,45.261210199795,4.448179118403374,2.373942885706993,0.0,-9.256363190049322,2.1352041524769794,0.0,6.66698878339399
10,013,16.282258570675378,-167.31431900203268,13.201292586999404,5.053181948473007,-81.19924427618439,8.658429034295082,1.0557105780516374,0.0,-4.453581313051355,0.021221585058262216,0.0,3.083772984687969
10,044,-6.222784157316092,38.073619956344245,-6.93135253953196,-10.19704398425517,43.48369479494895,-0.2848512582568641,2.0224829443734844,0.0,-7.030242540259953,2.0049399853472814,0.0,5.119583241099482
10,027,7.548917115440919,-83.26730382625182,4.997384707956366,3.599824832142403,-32.49559331814332,9.076473661907606,1.6891184657078395,0.0,-6.227671939320394,1.0286510411298306,0.0,4.230955387495672
10,058,-23.131976850838182,208.3948046527634,-10.247539535601724,-23.660128220720246,186.56106717233814,10.900326907477618,1.9745577993995356,0.0,-6.4558290727723975,2.649267838741557,0.0,4.808926613977009
10,018,22.822407059706475,-227.2926178048091,21.142078831041047,11.037939947222247,-96.45497443405965,0.5971260882695979,1.7840192592879498,0.0,-5.805209434141884,0.12671754026216864,0.0,3.9676325282327793
10,283,14.948034722823603,-205.85999775960224,41.022535038197795,8.951436569787733,-88.06234740537056,15.88993715839853,1.8968006516964644,0.0,-8.963365743064285,0.4176451008291979,0.0,5.977051730753832
10,232,-13.14486117772078,215.51824849740964,-13.75127640029944,-16.46799688780936,198.2966613549252,-10.535230401621956,2.501068480386864,0.0,-8.714699452935653,2.883398106418945,0.0,6.414660046177287
10,036,3.550983514272702,1.6296419699969307,-3.185911745053152,1.0314736395932425,21.909656167625712,4.812335608094189,1.8981933012284569,0.0,-6.469805407688576,1.771943680148237,0.0,4.560297266267122
10,171,-39.570021064648444,568.6381576620487,-44.93644361376896,-31.053886999198884,344.5361312661082,15.721121558506509,1.688473305667738,0.0,-6.032497115969997,4.894078082848,0.0,4.241962288451978
10,041,-3.6932754909350387,35.65085960783393,-6.654231646983195,-3.029989152230953,47.35952372308286,-2.3071588630355437,1.2623883861814633,0.0,-5.2702433988617186,1.2888815600026682,0.0,3.9153862053987067
10,090,17.87030464629744,-243.28150447831948,14.104667656012477,9.21391738340797,-117.65199744700239,10.409833311305656,0.959854814669712,0.0,-4.329672598788603,-0.7364447990852381,0.0,2.8090347494419894
10,214,-0.39359696650621817,-18.393143497198597,2.9963281703281357,-3.423586773089375,8.630835318551764,4.970045979212186,2.1683946005155335,0.0,-8.31832058015295,1.9180784400417317,0.0,5.82995105813596
10,006,31.084645130510058,-292.69973320496536,19.713194923020858,15.078653381422757,-110.093731188053,7.814998543073028,1.3646896067942818,0.0,-5.018550314520859,-0.9411015723930309,0.0,3.2713319360090973
10,067,-23.48593074046852,282.1874457568724,-26.43648670271387,-28.701805552591352,225.75203340302224,-11.171597918160142,2.148765414113748,0.0,-7.039578346189211,3.0540390236407453,0.0,5.103831769491682
10,319,-21.24776431209905,227.86453073795465,-13.121196307662398,-27.181965570303145,217.29352012895842,-1.4616353890014033,2.435269124848766,0.0,-8.875892087144463,2.9402055492226604,0.0,6.2976723957033816
10,158,-21.33656775893281,219.5717884001989,-26.440431374134636,-19.32389586539675,155.37343069498993,-11.917713162007871,0.7251793439492361,0.0,-4.5291343437185345,1.7320101343619294,0.0,3.172734696049586
10,126,-2.4314632083404564,45.13013951845696,-13.262883092653762,-7.633531862778024,41.93568514888217,-1.9233654297060196,0.7205380972874013,0.0,-4.272916624072269,0.8807215682534089,0.0,3.192402266344235
10,316,-20.448073875652575,230.4887523649187,-19.240580687609327,-23.905661422362346,213.9585412353447,-1.2106783924304354,2.329789332982803,0.0,-8.08541196228787,2.912914556111016,0.0,5.769079474738285
10,320,-25.151177486961018,204.67311182571294,-16.673077259249446,-24.89124682423955,200.51532666663832,2.0487217838099214,2.6032828748869314,0.0,-9.110496016762559,2.844925443360893,0.0,6.107901760014174
10,235,-13.127043586460207,227.68555954991987,-14.29284082495433,-11.391649213483644,218.01232020397018,-2.3044279441478093,2.840210651980157,0.0,-9.48749394168615,3.2541645038062157,0.0,6.6932234518044496
10,009,34.6089709859163,-319.0725985385793,33.638288129174484,17.591131502101334,-138.38793755273645,13.121149800099314,1.3899357767125395,0.0,-5.891526380822726,-0.9756602558636176,0.0,3.8013355031361264
10,321,-17.13054798807249,211.57207570687692,-13.238630805684709,-25.377189257275738,207.33770562005935,0.91420054152844,2.7448430188405597,0.0,-9.909271457577049,3.0869954597786897,0.0,6.538727232658279
10,192,26.317332853288015,-310.1563098763328,43.16753816976994,11.923507778796846,-123.10372762715112,20.621161250731625,1.7185464486581012,0.0,-7.546968298161405,-0.6446110918151304,0.0,4.826676568023553
10,046,-2.296081380769015,40.88319525289639,-4.459106598628586,-5.587995717452232,65.44941770932547,4.262512337581532,2.0808295947866737,0.0,-8.021037025987763,2.2628835547826727,0.0,5.7338814399729126
10,161,-31.43494398626209,332.4472216763182,-34.05741293889684,-29.644494597923483,250.91335287678274,-14.700389211994331,1.5981154709535155,0.0,-6.780730415990399,2.900402315655536,0.0,4.471883228447272
10,153,-23.76849720393552,280.86871003218005,-23.235809749386096,-22.681066295273588,222.5599899490676,1.9888274256621705,2.067706983441086,0.0,-6.866354420545811,2.9639360533862407,0.0,4.984007689189451
10,269,25.143758474929953,-414.8933630414028,45.900804145250845,16.701972805364324,-187.73630742244947,16.002260995751207,1.8182596350882225,0.0,-7.355695308581103,-1.3401334275276424,0.0,4.865880630874082
10,033,-2.001776336981586,0.06962183871985804,-4.957244146529645,-2.5410714335455538,13.679968966611105,1.475225283088303,1.0541513240472193,0.0,-4.673922131809751,0.968188119642462,0.0,3.485210724390867
10,010,12.031328329322154,-142.09408695068973,11.454131276692902,6.066859555072125,-72.93892200663532,9.59825540446159,0.572992942098353,0.0,-3.847076794691153,-0.25190537755091663,0.0,2.667000516417389
10,254,-37.214326956286435,684.9906144055584,-45.3313872859064,-33.581472794003105,384.8564546233248,-0.5337557058402949,2.02411006183396,0.0,-7.261708302604346,6.314238773122313,0.0,4.78976746830228
10,301,-4.292067168070537,9.52410188174687,5.478064550455892,-7.013555984611086,28.10420792910463,6.2801341889668425,2.3382692857465974,0.0,-9.413744083952786,2.173082057776583,0.0,6.1704270275588184
10,236,-13.87415511050279,213.02101112659892,-6.856573649379858,-24.161922804031576,203.73828834084554,-6.22905746351587,2.9155765188890093,0.0,-9.437048522327803,3.1943444049516314,0.0,6.814808852313799
10,165,-38.908802183073604,357.8332331503796,-30.395911086660067,-30.207438774242537,272.5163261868005,-5.9735825028780924,1.8361627878083642,0.0,-7.08925197628461,3.3270405906425444,0.0,4.966467118556679
10,089,18.41342185177001,-221.16791232484664,16.91529565644326,9.962873285621967,-102.11039319092184,8.048405249986263,0.7717519086168884,0.0,-3.9747754090862917,-0.6089968720125196,0.0,2.805599912081105
10,270,36.53076927830761,-414.8820157697394,49.41547087072376,12.426718914883388,-134.2913435934381,16.06749189262155,1.8745536590432463,0.0,-8.02530612376357,-1.8745353032786305,0.0,5.051567065953095
10,094,22.829980834333487,-299.499546743425,25.843526632154507,5.8198919416327755,-131.1154924484583,15.009030559053816,1.3796532865987978,0.0,-5.237177855546075,-0.716834251093239,0.0,3.5727463380485514
10,104,16.825715615603897,-213.06273786886314,18.606552907669887,7.572236277078301,-85.37152205211267,3.8315478637224762,1.7057508112878423,0.0,-5.642957454073907,0.12414036070600787,0.0,3.8683508337550006
10,055,-14.620494424079437,140.34484630913767,-11.361246217646533,-14.065867257221106,119.8493730883025,-2.1891362932372163,0.9466098539238522,0.0,-4.70262529135239,1.4947603080725427,0.0,3.418214951060503
10,026,6.236038564168735,-67.84433672726792,2.573911326292637,-0.12769745367862217,-15.727620695665339,3.20762345976942,1.581026560632569,0.0,-5.380063128736468,0.9968944590945501,0.0,3.8996155677794553
10,144,-18.952296799440305,194.34451201694975,-21.61576493131183,-19.246704567455577,172.73827993563899,-8.084857182486203,1.7736621690538072,0.0,-6.220465877301806,2.270763269656201,0.0,4.41453729651566
10,015,16.68326002999601,-181.40590476692384,13.403158104444351,10.019452396156188,-74.44718598048449,9.798376195845274,1.3366434124919528,0.0,-4.6797850595483625,0.061966145959355234,0.0,3.290431092555875
10,325,-28.777128401632037,293.35916885578195,-30.116537709869334,-20.57918395611481,248.2788441597124,-18.935724097024647,2.2711988571273887,0.0,-8.517315778705914,3.1394533620946676,0.0,5.65800395747853
10,227,-17.794532412722806,104.12503295183917,-10.977986065976967,-15.918502869305575,90.64778616068948,-0.4464362482105564,2.766524562092268,0.0,-10.528648609218678,2.8100946400507905,0.0,7.2135203502254095
10,219,9.727710225129735,-91.70758665212773,12.827094018401137,1.7471698016365909,-11.068798468077285,13.360435449636462,2.4065614586949717,0.0,-10.324704775641806,1.6578954522564022,0.0,7.16098841762782
10,070,-23.39466558510212,289.37591654397215,-18.06883052135965,-21.587745894779697,232.8830198474622,-19.62812016207127,2.026106261535247,0.0,-7.725913068174898,3.078084437210168,0.0,5.4130482365735695
10,001,22.357930377384328,-215.92120489531823,13.346859877308894,15.464170954967852,-107.02084071193303,6.138807288578033,0.4105574552597246,0.0,-3.639001002448212,-0.9469179215197332,0.0,2.518756572922897
10,021,2.2022257202147104,-53.58655249522847,1.2868728123883857,0.6597965048770124,-22.335257551228935,0.8232239975410686,0.5684338047399369,0.0,-3.895541374906241,0.28075644253375276,0.0,2.8430921333140513
10,160,-33.67734703856373,285.5371000451999,-28.042141164011703,-24.926657399881115,213.64518260346583,-2.1074159519258764,1.4496973674505726,0.0,-5.776033089794814,2.57707535061771,0.0,3.9795910573661484
10,061,-17.99666621312073,193.61654776220658,-12.519019358846027,-20.8050415819813,174.88971959294847,3.015916127605379,2.192506470980224,0.0,-7.275915118596069,2.598958315974838,0.0,5.28535402742634
10,342,-48.158363882572964,703.5227058927585,-29.71215062762684,-35.64456953073565,438.9741966283692,35.13203933318401,2.2239704298034857,0.0,-7.409360137159862,6.056265706896579,0.0,4.774551979046455
10,112,5.417229282846285,-56.808586487072304,3.6464976828490983,1.4064028552058816,-14.894375510205554,6.5240790565880875,1.387168563888,0.0,-5.004706529352861,0.8553635849217048,0.0,3.665873760905982
10,004,30.276468010463297,-268.24127180392594,25.49901048678108,14.432375144771651,-115.12082900753269,12.068706679418185,1.0938616425726533,0.0,-4.737067091786458,-0.8413915421802817,0.0,3.1804845894876115
10,338,-38.64325247656749,413.2654321300632,-28.22737567346676,-47.940832567514114,303.4592074378936,-13.248824267782352,2.2963662989333566,0.0,-8.056448930150685,3.91786447757807,0.0,5.833680137335656
10,186,33.44533836249771,-365.86953162362147,30.3374437372415,15.092464450819612,-123.42435431941145,6.352487329157048,1.7569381282916425,0.0,-7.060668114401171,-1.4258124936466534,0.0,4.572187250713951
10,138,-21.21233243114739,138.21256401340173,-2.914770478644943,-18.996787208940148,128.35874695089598,2.215677232540162,2.1256814359632425,0.0,-6.81271821935138,2.306520265625488,0.0,5.191094406183762
10,313,-2.497206277726339,94.53671204416418,-11.277228822885986,-5.377265963184877,105.2927096326707,0.6911926860175418,2.4346464370889525,0.0,-9.618274770591501,2.7833895444922936,0.0,6.866048824949824
10,282,15.173356497917624,-184.78465009297858,27.338062915545407,13.303332333764601,-82.22419680484768,2.5452705453295237,2.023411685604356,0.0,-8.689903840686126,0.5735625899134508,0.0,5.530997834818563
10,243,-24.89391482304978,300.00526306735264,-9.596213816717887,-29.80073001296889,236.41638528057933,-11.284236947007534,2.5222320212168388,0.0,-8.635135727614742,3.288179644831881,0.0,6.29266121809602
10,330,-28.37722650634456,308.46649318836216,-17.245755230380638,-23.244438884206446,256.5113863982116,-15.365638331274177,2.6342846347018845,0.0,-8.691719388128918,3.460996623595109,0.0,6.232630861823041
10,064,-20.94659644079009,218.79967591779658,-19.70137312243059,-16.25283416024825,166.13564165474932,0.2527666787597842,1.3041739690812897,0.0,-5.585725280707619,2.0666714133189736,0.0,3.920451226606062
10,159,-24.03490262535405,248.09203353760878,-24.64011392015934,-22.377370754705744,181.41297152294186,-4.17316269213779,1.0047589171580757,0.0,-5.164152850236387,2.089814460055138,0.0,3.424559295067076
10,132,-1.3048615813318647,4.920703502059201,2.0925997646992176,-4.213757442516912,24.49936682378052,8.656027523757961,1.9117706021247054,0.0,-7.287548970871739,1.8964410693811802,0.0,5.235549388632494
10,007,32.44882524864721,-305.31848642196394,23.430226374323137,17.679853163296634,-113.5200538787229,3.538949925864858,1.4689322681829453,0.0,-5.364700762770618,-0.9368315992193623,0.0,3.600365611099571
10,311,-8.359146016199064,110.42921294347799,-2.5990249490281796,-7.6061863154577765,115.51300974047695,6.362022679428307,2.421431042060915,0.0,-9.163732914279782,2.6916088352596588,0.0,6.511768548050979
10,045,1.7690021357433254,59.19800027662566,-2.921145195831565,-4.107740824592616,69.90984497264247,1.2801962609031845,2.2001306863399996,0.0,-7.51554785474439,2.2584243269878024,0.0,5.68462914714505
10,281,9.751291858174547,-172.5965298249782,21.058548683488123,7.038919480178251,-87.39858291871708,10.421991906287472,1.7366712998441212,0.0,-7.390916224602633,0.6349646182114486,0.0,5.18409349822094
20,053,3.8281871315282263,-11.688265158388448,-5.5593867538577415,-0.4392591264837917,26.04961456219178,0.7357316531152067,2.853671846691868,0.0,-6.9202467919955035,2.2587570858784876,0.0,4.8137156200695035
20,209,-31.519661944341095,757.2164668554634,-83.19759370410411,-13.573637889316565,456.4344433399018,11.9697137080657,3.2262086606787825,0.0,-7.082793369169123,7.343241727266891,0.0,4.741247592093049
20,251,-6.338096023482967,135.5085387614463,-13.966431551894907,-16.71142015053274,151.57913438864153,5.167225338890833,3.975395007200695,0.0,-7.890779503549194,3.9344354930831624,0.0,5.781285305344795
20,003,6.383879442553414,-246.33428248252068,13.77446320681113,0.2362174406456714,-96.40593107836304,9.376113326433767,1.528065544034138,0.0,-3.8798697317311834,-0.452885653545934,0.0,2.6489411734756954
20,151,2.946254548707815,-203.2984480606561,29.002398005625185,2.323367313910728,-56.931296210016725,8.472249168963284,3.7676050882646406,0.0,-7.908267364615581,1.3913789643841075,0.0,5.372475085506334
20,048,1.7267090459070016,-13.153592069624366,-2.917619954370891,-0.05071053425234187,23.900860180855844,0.6739054635541694,2.032814799573489,0.0,-4.988373261068445,1.572520782494585,0.0,3.4865570327075233
20,152,9.2725230562562,-253.7615700985277,28.712432113675384,1.6812469294186871,-57.12985161168654,9.747399568332897,3.594208838583331,0.0,-8.110071609030898,1.105089775103931,0.0,5.519536857673042
20,164,4.1314760463241695,-196.77601794025065,22.21513535504334,-5.881815277859391,14.71222265996979,-0.4693014757122338,4.927901274497978,0.0,-11.058155310966104,1.7926987130205567,0.0,6.8042463953466665
20,193,-18.967519034526433,302.6057871883678,-20.459524233826695,-23.862981153175994,274.9739989009813,1.7692602394273917,3.3527878548853214,0.0,-8.18838678658045,4.014075269913183,0.0,5.619881395294655
20,031,5.40548475625967,-198.86602090709866,17.66898684470511,0.4460914002891778,-83.21414396323125,12.074602691721275,1.648978084446971,0.0,-4.68447163082824,0.1657097077218127,0.0,3.1208670193131276
20,221,14.858218002869172,-318.54427823303814,32.75634035504753,5.160675970692701,-93.65176468956797,6.251213193936541,2.9092218616818104,0.0,-6.691814178579406,-0.13622471980075135,0.0,4.513869645390078
20,262,-2.3638293841810905,211.91640973275688,-11.543187758931639,-13.133146274663726,212.04089904063744,8.545161756200523,4.23411151444728,0.0,-8.314007472718076,4.284778673476997,0.0,6.091031987443941
20,222,11.817265638410644,-310.7664833882251,39.64713178938654,2.9366327396313725,-71.42528370056536,17.584017569068784,2.9163856574278944,0.0,-6.7864665907209005,-0.1773507204300262,0.0,4.769191481415294
20,205,-23.118269443858736,646.0482841640112,-48.01800357732636,-12.00619197260751,412.7785371723958,11.7472427085928,2.959814615360945,0.0,-6.273862295609299,6.238117486437715,0.0,4.338241382333122
20,102,1.0611981257470173,281.9716342853147,-31.718600026520065,-3.5696594516151077,247.5538137482381,-5.324007665659524,2.745548111918371,0.0,-7.729503978241613,3.265267456640734,0.0,5.12679162891809
20,264,-10.072545857587826,187.07425958305728,-12.55540791326642,-17.822164230313405,188.11229643925094,8.009716517793228,4.1925411249998,0.0,-8.265084197533781,4.266635425216219,0.0,6.131645283068002
20,107,0.8896597808751867,323.57279286827696,-19.750475366005094,-3.0115362596119013,255.7822805401945,2.3470186753301574,2.4866807173720797,0.0,-5.759839746924341,3.480313377448853,0.0,4.1224444007226255
20,083,-6.890825627574145,168.4612989464906,-10.4156430448377,-12.794469829137533,166.60362212580793,-0.8075718554630233,2.637300059595258,0.0,-6.886005325540018,2.8736294648709286,0.0,4.947766583663806
20,223,17.440031394808056,-319.46636346503567,43.83338988738368,10.153055048791453,-77.48717820732277,6.828391229622552,3.4326436783072016,0.0,-7.653210643596975,-0.17233212654114616,0.0,4.967470300846805
20,188,-16.450237031919542,214.21501032129683,-18.95846818362866,-17.385559468815988,224.29467790662756,-0.9859599209744614,4.432806598281326,0.0,-8.608236613148874,4.6039780028298924,0.0,6.328833899946996
20,014,8.802339308960136,-304.40505464994504,23.379377478600937,1.278967625578309,-109.31744231507469,11.900870951149937,2.3585130562086474,0.0,-5.407028156851311,-0.3516957200927454,0.0,3.4763178012667924
20,075,-7.047635965899657,198.6890805558267,-8.821346375046534,-10.623667880838763,181.0578006216952,11.781016240376717,3.2676865417474734,0.0,-6.3836651284452035,3.8129504137956753,0.0,4.990063035046266
20,173,-7.092021501466494,109.98599895272073,-13.888976043440273,-18.322722166298394,132.44102294631975,1.5107693147609433,3.747477222883905,0.0,-7.654070726527539,3.4919357899452823,0.0,5.358322883626677
20,002,8.373098497380969,-239.4755150085484,11.248534095323873,4.858900236874861,-105.0124110604705,10.523011566101573,1.129652247033424,0.0,-3.483439940245452,-0.6680431784916564,0.0,2.415110553445662
20,099,-7.40130150776675,260.9968223120121,-18.22298690691228,-12.150175046611022,230.80606278430835,-2.2165193817981566,2.8055793659714983,0.0,-6.661417425757801,3.2161866408231083,0.0,4.760779435418783
20,063,1.7342784400977518,85.56305760139793,-10.002562775739777,-4.244750578175431,86.79113619011441,-1.500650757757758,1.6449602018470872,0.0,-4.675395266251932,1.7616930469517817,0.0,3.480325899372196
20,229,4.898552054221517,-185.75052910925885,16.556326586526776,-0.8528192718876353,-33.638858425503045,4.851715004001819,3.6125943916070424,0.0,-8.275608997471464,1.5825200875043879,0.0,5.511081259781697
20,024,7.598640217088438,-313.69938063876623,25.631462339072563,-1.3198212449162254,-91.0696770681784,6.301032730749875,2.3471828477846444,0.0,-5.228863694904002,-0.5431768677726195,0.0,3.4190331954109756
20,166,-2.4853975937862303,2.326121801615913,-0.6678881978400537,-4.786705123789281,64.40043815645697,6.54528293382403,3.700796130905987,0.0,-7.949349598430411,3.0167801401658343,0.0,5.529352530125329
20,105,-10.91464973585999,259.03555398032444,-30.00735883001542,-6.699414214584066,198.28454866042128,-10.699157281282224,1.9115891851498,0.0,-4.766617054423262,2.712863207490581,0.0,3.357765965213731
20,290,16.52100652539207,-328.1038123785095,28.251375642105124,1.4338730704006677,-83.64565351662375,9.343110209184871,2.7488641859512972,0.0,-5.847626803740354,-0.5268341614188343,0.0,3.9212107582260334
20,081,-5.678614945193581,164.69872873198614,-14.653878315993914,-11.728295290590998,159.9418676434598,1.1933204793667551,2.460110191342668,0.0,-6.109643433177785,2.7516620132322767,0.0,4.596977252816669
20,238,1.5396813985270787,-128.3886663197416,16.849184802799456,-9.483210408911859,11.370522720139768,12.30701132871508,4.099276317991886,0.0,-8.680355792983562,2.1757931605975305,0.0,5.865367476944592
20,190,-18.625148609395776,287.48737927771595,-29.441977420092265,-22.977955744146964,265.3617924650162,-7.7842459724498045,3.4112512580110828,0.0,-8.046551210328497,3.717412770645046,0.0,5.26301585458927
20,203,-24.593536455540054,433.8303163256341,-45.48205679180563,-12.3698234099481,346.6969407568262,-0.18051250492026316,3.607000817397783,0.0,-7.83355250494117,4.8237871345838865,0.0,5.354422551044358
20,253,1.8561513519896327,93.38004566854717,-0.24012006195208513,-5.494541552580902,113.96278720537347,-3.9448026243908223,3.865392401188182,0.0,-8.148383493915755,3.7493111727460073,0.0,5.929901181537156
20,212,16.975301796175373,-338.16915067272726,13.532336104403033,1.266213517932837,-87.96741151273102,8.10206289556687,2.872805994775808,0.0,-5.871075965555763,-0.46545412531890673,0.0,3.971320332947699
20,169,0.5129802959441934,-77.1591767127831,11.618619993636552,-6.289402942488342,14.245940924894054,2.034895600458505,4.42427108855343,0.0,-9.404201826309828,2.7054449380468863,0.0,6.0400460844594495
20,032,8.261775854731582,-225.57143882509564,24.03426723464757,2.4982685731704577,-92.69013241595708,9.916653946907878,1.8414303484890626,0.0,-5.063321960365663,0.04321532453722288,0.0,3.3083131598544733
20,196,-13.231586145075939,288.8660705038747,-12.384405424430021,-25.943365671413208,267.9595657205661,5.513444864452514,3.492153365113754,0.0,-8.20110410154879,3.9848283383906424,0.0,5.723825741417213
20,275,-18.65868375222213,374.4490648366624,-30.935963580790315,-30.00189059047585,302.38903512601166,0.5055321920133142,3.1729049882416636,0.0,-7.449385287472919,4.135099494686166,0.0,4.957318479251801
20,305,-30.143113447797575,683.6485989314737,-47.68517851339722,-17.680535053851948,442.4383643889148,14.658252507716227,3.040634320664629,0.0,-6.663761176025934,6.37320944220821,0.0,4.6347310581465315
20,155,0.03093914192860936,-267.2346374368654,37.40246880827977,-2.137584773361896,-39.50096893363908,10.697616025248255,3.41425509865807,0.0,-8.404359508288131,0.27931977190141066,0.0,4.728052677810115
20,022,13.32098751175925,-289.47467839144986,13.825057438004698,7.384943771958471,-103.67453447543427,3.7750102606697853,2.1090669764762846,0.0,-4.642045714429841,-0.43155096894793776,0.0,3.087701208995575
20,120,-13.162603522309572,483.2633986907499,-41.40112684822667,-10.049209493965172,324.65758366415423,-1.1112483778210236,2.1395177856499696,0.0,-5.1980692160138355,4.374984395400731,0.0,3.4074396615467277
20,218,18.198704576275823,-403.9014937521265,42.37508000372718,5.460649219892231,-89.11986879029203,8.855643276382256,3.179994070368532,0.0,-7.572733263295465,-0.8877516450069979,0.0,4.984549918362935
20,093,-12.903258933838387,247.91628378470867,-18.502763624333657,-19.8659924123416,210.86399387302973,-3.7466643059193063,2.33548555001477,0.0,-6.898521550570083,2.8436944038682297,0.0,4.52483003258745
20,260,-8.44049173975456,234.84624897906767,-24.83838932503874,-20.35783065489324,232.64648117506883,0.8065063424028311,4.213998031550947,0.0,-8.491083799131436,4.214046430462394,0.0,5.865302185661714
20,122,-20.87350293065333,545.2567757154169,-48.27146961086508,-11.575684445081013,357.315013861352,7.591703688863815,2.128377751008449,0.0,-5.696519610228837,4.858067910418897,0.0,3.7207516025858123
20,078,-5.266342405045759,156.70592400950287,-24.14187398887718,-17.799693713188393,147.50113588253433,0.22727576510077263,1.8062049244469185,0.0,-5.17397146100538,2.042636925360976,0.0,3.521518320721179
20,252,-8.65246475564349,121.44883432735821,-2.5013064813328545,-13.686898226215643,130.7363016649084,10.893759918612806,4.112431855339262,0.0,-8.338941398411835,3.9479040495299342,0.0,6.0878244351536654
20,177,3.4049116057115016,93.11936611904707,-15.291591848260024,-7.072135337837114,126.83288543832012,4.3199945237030395,4.092624498702897,0.0,-8.423675919785662,3.831015906061883,0.0,6.073336167355206
20,268,-10.328454016441029,269.34648487533525,-23.319285743553998,-15.991056662610003,247.79649296187128,-7.951953527507877,3.1414346676563003,0.0,-7.455687167782673,3.628649201469216,0.0,5.261195794752047
20,303,-38.420658368604734,636.8467039290888,-38.22897262738826,-26.58750545325184,398.2566850259931,7.863370813749378,2.6963301164004565,0.0,-6.37132611173148,6.0886845263717655,0.0,4.224775800069283
20,215,13.983729144781826,-379.88020791047074,31.9573363314328,4.6480810376976756,-96.38597647855518,5.871814175228133,2.99459120980788,0.0,-6.372826947951789,-0.642867731818925,0.0,4.427217674024659
20,217,17.365648711630232,-395.4018216782377,44.685064357463446,4.731659117585728,-118.66813166181264,13.758917229172198,3.3011346691693277,0.0,-7.6028565208361645,-0.3876730499461922,0.0,4.93570275494077
20,008,8.486377391960104,-210.38140307261187,14.731651812457915,4.357739384393363,-94.24127918593256,10.812031365902302,1.01333654058719,0.0,-3.704669700002254,-0.49354793260973756,0.0,2.468895789543796
20,062,0.4394741631887471,87.27640413563766,-10.71003303950243,-1.3956959625566847,81.82981232664459,-0.4775059082649045,1.3352201987884884,0.0,-4.3710539103396036,1.5517809750252036,0.0,3.2716567330166684
20,054,-1.334356585016205,35.70029947993174,-10.343420562337027,-3.179063122294461,43.25582169276909,-1.7580996022593927,1.2476933861487824,0.0,-4.067818131921386,1.170921875736529,0.0,3.015497359986666
20,244,-9.68136094061725,-14.370089775323244,-2.0129302685496926,-15.205769128573163,49.90307223983877,7.442215467804433,3.9441025309311555,0.0,-8.609443609204392,3.0727448213050925,0.0,5.588580246249912
20,175,-15.070270553838013,89.59652171463912,-0.34227953821360035,-23.055945129326965,110.11105063054023,13.347245604190984,3.8195954986070153,0.0,-7.998080651250508,3.465986340396368,0.0,5.573513588732327
20,109,-18.815515164692535,371.02113390498727,-24.443224608410446,-19.909860231530107,300.72193493091993,2.1972640577659854,3.2478619777078483,0.0,-6.800581538968038,4.2246379302217765,0.0,4.712003502821341
20,047,0.22417223230775896,-23.212442761267095,-2.61203150121673,-0.9377416078858631,5.5397547195846855,0.8624886002733726,1.4000456312034273,0.0,-4.391076073819757,1.082841957992656,0.0,3.1873947405515777
20,167,-8.71483092096779,-2.486586865303869,7.708863195529924,-14.253175644329229,72.05282839545018,7.275101028258501,3.8617893656715996,0.0,-8.560120841696007,3.014082755641343,0.0,5.60183707647459
20,092,-0.34441158329575483,252.29112269982795,-19.47657931949463,3.5143061967935285,221.0002955103798,4.194075661680817,2.373008224622168,0.0,-7.5158318077003194,2.8179657574542354,0.0,4.138215590676278
20,265,-7.6662211914296545,179.4142464039677,-10.563158624809892,-15.597517153033937,182.69153052133873,4.234635161422257,4.4052240586594404,0.0,-8.448420549108798,4.267554652867181,0.0,6.036149159321181
20,096,-2.727824434102148,214.4951021403713,-29.76612135675483,-4.625123774428707,172.3279646064171,-10.140438331639844,1.671706492907629,0.0,-5.210934643407769,2.249629079819893,0.0,3.780922158602688
20,071,-6.624010586819048,175.55067149546483,-14.332414301523306,-8.335768599767375,187.55144145725194,6.721914263732456,2.2087314453097893,0.0,-4.826796536679467,2.9441261913343064,0.0,3.1545676412706385
20,028,3.4157002412072606,-173.84305191076865,14.291302153826917,-2.0631474220735515,-84.45254545657548,12.173381661218128,1.0776499020053698,0.0,-3.9685726139335094,-0.16250752100052257,0.0,2.4727397039620476
20,224,8.404555408156357,-333.9348581298375,38.749848432448786,6.381431272233036,-76.4397451729059,10.470404829256529,3.030418383599962,0.0,-7.438473169736705,-0.32270487526400493,0.0,5.101586106746189
20,180,0.33631191222737855,69.28496514401495,-2.746923464094287,-4.49411876998969,100.79586356733188,-2.191939803274101,4.24049973586895,0.0,-8.974113737005814,3.782940753501627,0.0,6.115006892499471
20,272,-29.312992910626342,288.3888928620746,-16.789161042859863,-43.36593518003674,263.0809470932379,6.992110510868702,3.5328612273901903,0.0,-8.288861022849995,3.990350949313608,0.0,5.723937162368531
20,299,-51.06407012403986,732.5112337449754,-55.26319061916462,-39.007185533111915,467.8351529859256,-9.33792651906348,3.291662753643113,0.0,-7.01319933829747,6.9524963849279,0.0,4.5669658224483936
20,148,10.532831196527072,-333.3331682210476,31.46008024920727,0.5934046116933356,-83.2394739370441,13.391932109578025,3.222303633709602,0.0,-7.559343228822805,-0.1467182398375504,0.0,5.036145688204587
20,012,5.6641613493495155,-292.7594827950626,18.20775264886627,3.1585597112463955,-96.43078213660422,2.732276269914301,2.1539651285509516,0.0,-4.718845878095375,-0.4491999448589643,0.0,3.080471577582568
20,082,-3.7940776622956216,169.3057243315471,-17.51786202325722,-9.902489057293787,166.64460929102628,-0.15854593904689063,2.5856786015923556,0.0,-6.499187996207263,2.864482882938819,0.0,4.735683715421565
20,110,-16.735754056073596,371.92429306020654,-35.946931617600086,-21.49673845748371,304.739778779179,7.44575854795009,3.070869964235472,0.0,-6.597893254541431,4.101864274304676,0.0,4.6272371738663685
20,034,2.4180012202215746,-234.11917699520114,19.59492925663978,-2.317898621907635,-107.44304308338212,8.06822955310509,2.0248509336446223,0.0,-5.114393085124184,0.20513709992127938,0.0,3.272202710476064
20,135,8.561930927159427,-386.2578762065892,9.85602536153025,1.715692608328546,-97.47971161178285,7.50258795443394,3.1319067968953394,0.0,-6.629237348437034,-0.7665278890985142,0.0,4.206408109234277
20,220,7.468126307688388,-293.26293401612355,33.55050085173119,3.332625329701274,-87.81299567286975,11.155991028009531,3.108882886402718,0.0,-6.700218614179452,0.24490153267117876,0.0,4.173682777105686
20,103,-3.7661742716980244,202.78842318964,-25.81370035338123,0.7424435314437652,160.8361865349616,-8.730633544327478,1.5451885189307897,0.0,-4.901782719491044,2.0787416224911643,0.0,3.4010354262455147
20,101,-3.723946276269678,255.72843544965212,-18.207927776034577,-11.292814865890339,214.37935224022507,-0.2601971681389732,2.379842900280388,0.0,-6.934000693754878,2.8582395312382465,0.0,4.69115271805772
20,023,10.567925689817786,-296.87133461792826,12.700335817623053,4.220326676743259,-106.27161796126461,5.661113766593443,2.2794070213432267,0.0,-5.125148610207335,-0.3708860033457765,0.0,3.1936593971802107
20,201,-31.760553446116635,400.35609809198723,-7.649008106704114,-53.063484132787266,318.313182136424,23.214420363328017,3.33657058779312,0.0,-7.455838694565055,4.45642071605092,0.0,5.042447084944319
20,228,4.856155774677934,-191.31465149235194,30.260253606381454,-1.8259768102886358,-37.708795449889784,9.431240743238186,3.358371081104171,0.0,-7.484683940119169,1.1269930959140844,0.0,5.004327048564235
20,306,-36.208367959454456,730.0391258117503,-44.36849239917736,-27.201575551279028,451.9818090584404,13.74628214406452,3.3768478896442202,0.0,-7.003133635087445,7.1808773905481695,0.0,4.6680998785766175
20,241,-21.40911569242086,-191.33070525556286,34.86208198937112,-18.493536053733575,-14.558626528213702,-1.928994823240318,4.403808423561513,0.0,-9.807756285477755,1.747967060003929,0.0,6.6668300095519175
20,043,6.623049988837739,-141.95822348866048,12.044331217246622,2.3557877927944784,-35.811989776724594,4.2754599032107885,2.1090102007745335,0.0,-5.923625756394386,0.9553300958682052,0.0,4.03027472523805
20,200,-16.142180620161106,421.66325619681174,-30.732594440836486,-24.075331899136614,341.3949977236581,-3.853367768932511,3.6347111556447764,0.0,-7.929364585680543,4.693017842131052,0.0,5.286981665014533
20,019,10.82136396941386,-248.7664116932034,15.785566359879795,-1.282687481095096,-91.78094511219997,11.756202230026396,1.4883388721276989,0.0,-4.012647673629247,-0.6063903951075005,0.0,2.5944605193755237
20,077,-0.3325526019387697,135.68919139383618,-17.52577168593612,-1.7925181952827391,110.61010327654674,-5.360768616264139,1.3307265647969087,0.0,-4.621954959621723,1.5935236275039601,0.0,3.3548038705219594
20,074,-3.399742537918281,191.36318107127573,-7.690522039806692,-5.981025221447818,169.88763091076243,15.602713591899812,3.24356925615725,0.0,-6.285645263557273,3.7323550738932267,0.0,4.83246948667518
20,247,22.78767261931729,-62.399657211960616,2.901428239347693,14.00421719790783,63.24216539466564,0.9549338215013403,4.467083487470477,0.0,-9.514510884387892,2.8010699803710644,0.0,6.469839531672195
20,255,-16.877197219951682,89.5279854503132,3.071386271835557,-24.183371057606486,128.86349652887526,8.87989602529603,4.453835851657591,0.0,-9.29369971150513,3.877037941122338,0.0,6.1288212283995644
20,119,-12.87432767468014,433.70640854174343,-41.04574138660766,-12.764012888496824,287.2805934569414,18.67276578483719,1.6098652205307094,0.0,-4.705185622894481,3.6746902923517695,0.0,2.9223969379268997
20,246,1.6705239783671697,-34.94112731397599,8.579318351197314,-4.255946834590046,49.70868018590927,6.964182370237568,4.386269261020594,0.0,-9.691200070664049,3.1313900355344044,0.0,6.2055870317823585
20,124,-40.85449123842338,599.2862804209213,-50.269340962370364,-8.71509203065083,393.93413775538266,-4.258748160424743,2.6394048331163353,0.0,-6.2832116918264305,5.452042096291067,0.0,4.010572702699907
20,199,-12.271442895060263,384.891879341468,-18.052630312703126,-32.79020152318189,304.8571016545518,16.94034570199041,3.323090852285023,0.0,-7.4890011824951035,4.397162991277524,0.0,4.954806528712832
20,279,-17.86729666938848,385.4571629374411,-32.660639141347396,-30.204841037568933,305.7945728282877,-0.8749922317968473,3.1262456305265323,0.0,-7.170635413068705,4.2664273485668955,0.0,4.977398062154194
20,111,-18.951823764779906,361.456067673304,-21.149269033800863,-31.191249376097694,295.2561696045971,10.420215281447653,3.340107207315857,0.0,-6.9366177512123,4.329647268778311,0.0,4.6986083865830555
20,039,0.8344945111608635,-84.01293185166912,6.167352556840322,-2.0464723244930667,-26.36817410367448,3.4643686966571328,1.4224464418635578,0.0,-4.305914029998044,0.7140285887767612,0.0,3.0288937940734906
20,259,-1.0853058064646186,231.86858858825724,-17.41216253231446,-11.895924574935632,224.40841811502722,-0.9183171469849962,4.055920213443155,0.0,-8.046629778874843,4.195946788704485,0.0,5.874906717806881
20,142,15.725275102416846,-300.1329054034714,30.758556634248755,4.830128053684218,-79.63522339208073,6.1336163146396485,3.0047708886722853,0.0,-6.546647214383199,-0.024200853583119297,0.0,4.251334684089215
20,230,7.4818286369528195,-244.08228490716007,21.443255573419982,6.507851785498269,-50.774785192295134,3.892159368722348,3.634884218275429,0.0,-8.222963175106525,0.9894406460094314,0.0,5.52782238987501
20,068,7.409621559722861,108.69810078237279,-12.777806594636946,-0.5089578529659802,116.05114225835659,-4.510915682289775,2.840500427566013,0.0,-6.771994096768763,2.934596224456328,0.0,4.876054997668822
20,147,8.830785237826428,-345.4610187327839,37.37907532269768,2.900377875515349,-105.57582560734626,13.629865469058233,3.1862268203511586,0.0,-7.595283701112908,0.0014108927730445142,0.0,5.207509121196889
20,145,10.116382909743205,-334.7152869946226,37.77027709801423,2.1370774285501577,-91.5590133700602,13.332424580878016,3.223974778436307,0.0,-7.233472252247154,-0.37085981316813643,0.0,4.808235484707463
20,049,3.107254356818132,-9.224040902779073,-1.6004403102289775,0.7049997394765843,34.156443867377554,8.002074988349273,2.3124993080044707,0.0,-5.358451818953046,1.8007860494733805,0.0,3.808440819931282
20,040,5.701556676828638,-82.07579610400722,5.734308869293803,2.516071679474319,-20.096541170276694,3.2798444419984616,1.751168643735461,0.0,-4.716603968049565,0.9664488396519372,0.0,3.203832843291085
20,261,-15.0706632820707,209.0065315706171,-17.020868044226688,-20.69138588237331,205.1890351000848,2.018200362148921,4.15127067633127,0.0,-8.171774152181348,4.097113220568248,0.0,5.910491694321103
20,163,11.221212834766305,-140.26601632263043,14.117092632487312,4.24687113395701,-10.164309865360666,8.411914283601696,4.141152489709424,0.0,-9.396863972340785,2.166029371607684,0.0,6.400665625834218
20,257,8.39633304924603,58.38617262164125,0.3763834274255249,1.2696223618718256,108.31946488940267,-4.4252318584883,4.37433103973507,0.0,-8.790949552795537,3.856884982737757,0.0,6.169920666300317
20,017,9.161596592534876,-226.6321271366849,12.233601877075605,8.13456026580138,-97.70987907462607,11.052781479011006,1.278700836120751,0.0,-3.9127404054754584,-0.4092365126575982,0.0,2.636152317598376
20,121,-16.403503255489387,527.3496922216293,-46.10856233544121,-3.088573559549429,347.8562824000954,10.074822583074692,2.333941853997369,0.0,-5.594027315929611,4.841267363237297,0.0,3.780000250934063
20,179,4.701390496742516,33.69124378853615,-15.317437675965392,-2.0254647954957887,68.88435391645474,7.354006798543466,4.070224816667179,0.0,-8.439653364424853,3.432084671241912,0.0,5.981164567390208
20,182,-8.956802634212453,211.46924243269046,-5.757161310896606,-18.730530427716985,209.07352407767337,6.805799375018514,3.7481671274178323,0.0,-7.5118349766259715,3.9254961973547564,0.0,5.5785132872677785
20,181,-10.265196859088876,223.67410394357972,-8.190358560579531,-20.572108035564792,219.71142658000662,15.716491422230394,3.8040832032021763,0.0,-7.576208068377944,3.999808887170927,0.0,5.600043201382544
20,137,8.13678052248865,-384.74173563877605,25.477582187295187,1.435269920414516,-112.80366468731287,13.502477197777106,2.9151821457018277,0.0,-6.158541696361152,-0.38212158213069825,0.0,4.698393320439773
20,308,-50.873826925913555,764.9836301749092,-66.61032173159073,-31.32607474348221,492.7143699654897,8.337634216088537,3.2607499020879036,0.0,-6.936758418607538,7.163096767984893,0.0,4.881731374926408
20,146,11.249903902897987,-350.14966496227174,39.817641354624286,1.8062990189210661,-85.88482884781784,12.918728057285698,3.09512256402941,0.0,-7.458370095053395,-0.35695296993738435,0.0,5.187060696528995
20,304,-46.86093311185924,681.4572178403931,-53.06674848725419,-12.374304249140367,405.51849204984023,-11.365411761438027,3.0395941069415686,0.0,-6.882923965951811,6.695124181935043,0.0,4.684351295305219
20,130,6.759101784910358,-325.266157358114,25.348334494147917,0.9174038430465865,-86.12172757435957,5.533125793328066,2.6562712143535574,0.0,-5.5515580880035875,-0.45332970713469745,0.0,3.839246905532176
20,216,15.13900834780468,-386.87709819130583,40.44081868833953,5.999177430924107,-130.560587871019,15.74007142703216,3.024161307235863,0.0,-6.700144561163663,-0.4560197093166165,0.0,4.366914517646585
20,087,-8.402807887239778,206.63993562027474,-23.70698523083942,-11.640566182860784,169.85277354070496,2.477421269065689,1.6811011297200928,0.0,-5.277104773586601,2.2065169670012708,0.0,3.661246959237741
20,296,-47.105232891802274,682.1455398625233,-49.63668800142031,-21.82703375201735,427.0539873755865,4.5228689622304845,3.1316358698739633,0.0,-6.717353389206192,6.667712707630541,0.0,4.60554434347867
20,050,3.911934064123484,-30.769235464919973,0.09639818670298372,-0.5741873060980187,10.353754160864447,5.841285521977984,2.4438965789434524,0.0,-6.250049839733834,1.7825599417008862,0.0,4.183295110090016
20,157,-2.106375024581074,-42.94439702282361,4.599701519246026,-7.714049591130429,41.91935945534712,4.705785744215417,3.5546454080211505,0.0,-7.332411301776982,2.6430153638842784,0.0,5.18856096650887
20,258,-9.558211395309758,221.39064087629941,-15.326819893989773,-12.629414433497539,227.5862334232589,4.151694971119763,3.768421663845535,0.0,-7.157688016749358,4.830312281711152,0.0,4.864469800408402
20,267,-26.809266249733042,288.4919373548995,-19.926254901303817,-31.961934199615364,254.91302662409907,4.617216817316786,3.4346944153952705,0.0,-7.809779613433053,3.7875406175070903,0.0,5.402605073116853
20,080,-6.371177784236951,182.80955274060298,-23.870284127871745,-16.042860936612925,163.9307164673149,-10.576516209992139,2.4442500263079676,0.0,-6.294594833992648,2.637739708030557,0.0,4.479511306026394
20,286,-28.799132332382722,731.8302198022823,-42.95713926923447,-26.42276982466385,436.0546173225963,21.487027291234337,3.371459924879835,0.0,-7.006749892778725,7.403310890099031,0.0,4.783663958929199
20,178,0.5955141915068523,73.91082576405678,-2.3111568383868115,-4.529464470218593,96.35235886093471,-1.3496059474999482,4.170217054052112,0.0,-9.080731902125361,3.5894572919845187,0.0,5.959070477103592
20,150,5.487218702335994,-177.20532443465578,22.794123080397277,4.408555652814757,-37.782915832646914,5.693225988622238,3.521024449887794,0.0,-7.747069131540293,1.6025171536319338,0.0,5.137883862374881
20,256,4.7677911428165825,83.7504601232513,-2.7239215990910806,-6.766914450714246,127.13941433227767,6.089923894528223,4.568509490345657,0.0,-9.257406176154348,3.9816724791012597,0.0,6.345109773609656
20,114,-11.236781440952509,381.40340512174004,-38.07934273941708,-17.834907654668314,240.58812645400766,9.636456358115446,1.4309167642735698,0.0,-4.282917609105617,3.273018129414596,0.0,2.8628975500428817
20,239,2.997876753135677,-165.53055615216797,14.32448827466629,-5.853807704100418,-5.806348009857457,13.399455394832474,4.267361026982531,0.0,-9.159186464398363,2.127380003194056,0.0,6.122615527967522
20,051,1.980248340514784,-17.043007131665593,-0.3655812197036725,-3.821797888577838,25.643686292634474,4.358235442572844,2.9074740021479424,0.0,-7.084233000630951,2.282287703268336,0.0,4.660918504535678
20,242,6.445773312560261,26.871358735979886,-3.180785896866481,-0.8769093697645757,77.75730607321547,-0.258554611066915,3.782306980142434,0.0,-8.333939105780205,3.1512496396566316,0.0,5.388362619167578
20,245,-4.503765558545242,-60.81494041304382,9.782861662844462,-8.550251554649481,23.264345541206538,6.960111876942931,3.83189034533608,0.0,-8.166187801527451,2.713519733658752,0.0,5.5745375435731415
20,202,-14.125355253432039,422.9108016538617,-48.86318359218555,-27.68795874683697,350.59171689753055,1.799133910190994,3.760138318862969,0.0,-8.138139260758033,4.777428982228487,0.0,5.11019360346007
20,097,-9.9898656948173,244.28987529288366,-20.342824472684413,-14.248021560446114,208.8388533532835,-3.966316204414812,2.372846228340454,0.0,-6.062919018009741,2.881742088060701,0.0,4.133402741010265
20,059,-0.796953934088392,49.86352996559713,-4.0554124960108,-4.157723535716623,67.00661696257993,10.984590032878678,3.045110288857529,0.0,-6.976094218000383,2.684216492377195,0.0,4.795123467348673
20,183,-15.400658474848495,211.8056258599413,-14.762275327878221,-22.99851886602591,209.5541447374196,3.9365000469117977,4.091459901220477,0.0,-8.131144631794765,4.015972273204055,0.0,5.6970412371753465
20,280,-31.541950213109843,420.62310501630003,-31.34331579630851,-36.97819498631141,336.0925351446329,9.609996509692346,3.65303063440885,0.0,-7.823611739620283,4.645661125833186,0.0,5.148433368474894
20,278,-22.35511969996851,395.81608459336616,-41.66234649298963,-20.60120011728974,319.78545657546795,-14.71983080159395,3.2004609949128113,0.0,-7.486841606127574,4.407284916585009,0.0,5.0837579995725815
20,276,-15.28189138363127,402.32349075089496,-32.659101327266576,-22.94136058305131,315.09823628019893,0.7224238977533579,3.375635631939456,0.0,-7.220479157815378,4.5436927562945915,0.0,5.144682455591652
20,170,-4.110082470297598,-85.18031773758321,18.38801909846364,-11.15736885483281,26.43259263488946,6.427671015105705,4.19334080931592,0.0,-9.152339902321339,2.474778486741256,0.0,6.328947239233572
20,240,14.135693733920808,-163.88635620148528,22.64118387847958,2.273503838518779,-0.7845624762272971,11.36428040587391,4.527536704564596,0.0,-10.43123363032778,2.1981230774598153,0.0,6.56048679418692
20,274,-8.465010391032978,397.0746541601533,-31.968341777318955,-30.003712701710192,314.92540690297125,4.90960724414416,3.392841571162161,0.0,-7.185428664087534,4.460112358490493,0.0,5.055281260773889
20,226,10.596386774839356,-347.94674938325244,45.54707257525762,3.9806035837789104,-85.10934780786421,3.5928187507743807,3.3939092199212677,0.0,-7.642510584160161,-0.11435203703236874,0.0,5.278731997133431
20,084,-20.833876445724183,146.61472271926053,-9.766320823017464,-23.00664226642505,135.82561906810213,3.2708793655891073,2.5262753822045405,0.0,-6.681762691165314,2.6969103328877413,0.0,5.039769060567935
20,035,13.426594525084639,-253.89196453302765,31.74139857489177,6.102073959613943,-102.45724459994716,17.00600429553786,2.046893155490416,0.0,-5.435262462950037,-0.017826859887633884,0.0,3.7335249529559906
20,295,-30.312295396957296,643.1037983901143,-63.45633641966653,-8.522408038586178,411.3221271195075,3.2344401457114342,2.9473855161054585,0.0,-6.832223079239253,6.16823389766837,0.0,4.479522560782253
20,091,-8.814969226974888,271.19830948534116,-23.389395440450762,-13.101526216290043,237.15197788217003,-3.7247362654117135,2.606083480958846,0.0,-6.755755943452589,3.2750857693317554,0.0,4.8764165206500865
20,057,-1.9531507248983486,48.33729913928196,-6.840254586392353,-3.5037647431900405,54.21847388551339,0.6799947069329941,2.321636080824993,0.0,-5.466977595759871,2.077766124609189,0.0,3.974025158742955
20,069,-11.976690378101047,103.8638742389814,-4.829004254314313,-17.822265832623533,113.2056879113545,7.064469119410742,3.2333770414756327,0.0,-7.61425425007538,3.0641171426217246,0.0,5.215281406585497
20,133,13.222055778962266,-363.5745111601742,27.91144986423591,0.7108117422682967,-111.44405345758543,10.735848503070311,2.8042876752327572,0.0,-5.987013820599695,-0.4288800573981725,0.0,4.029166902016376
20,072,-10.215811081384862,185.7474406887639,-11.651701043597509,-6.858418185886957,187.11034595194872,14.412623400386599,2.6692081270696937,0.0,-5.644553938166645,3.7993219754550096,0.0,3.421077087267241
20,139,3.759042141683544,-408.3813809700557,38.4191908851405,-0.7156624333107928,-74.8947227500682,4.276102605189055,3.3703251949585056,0.0,-7.12624895061862,-0.8795988504490231,0.0,5.07524173064818
20,172,16.900930970754978,-122.94996235168298,4.763390299643743,5.3079132641960225,32.20720709761975,-0.2836519785670579,4.3941755286739745,0.0,-9.653861753914516,2.2701698320859585,0.0,6.659073610259746
20,052,-8.962720850558771,-26.899233677090347,11.296353303257229,-13.228631078712189,19.038083250876348,12.881066475116912,2.9921385324302943,0.0,-7.008867352345583,2.403415894747201,0.0,4.905958778345318
20,042,7.183412486519455,-106.00328746289247,9.044310518312974,2.177841913629865,-24.34978144701298,2.6146376706037087,2.2370747183623667,0.0,-5.5420769457517265,1.2432369387385798,0.0,3.8268557882222773
20,194,-6.098904344477379,293.9173645246578,-16.28363654553999,-11.979730706035424,265.2197678289622,-8.367456576468797,3.3979879409994886,0.0,-7.8307885555757935,3.8924126036647877,0.0,5.532777380432575
20,300,-61.8737052703679,744.2467290104499,-54.029201226996435,-43.534541310019065,475.86611400188985,13.554637781059451,3.058599411070131,0.0,-7.219329499127008,7.115232583885712,0.0,4.460326635725236
20,115,-9.979935395772575,436.55265664447023,-38.351571945621615,-1.3394381776771007,293.1706518814864,-1.8999799825354904,1.8140358511910573,0.0,-4.529182339231749,3.887279701383455,0.0,3.1030907974272646
20,213,8.867997802593134,-355.5831629155838,27.50930080128647,3.3359798121721442,-106.99322032303422,-1.673957582154073,3.0256559212460936,0.0,-6.399029263863802,-0.43654287090259647,0.0,4.150999642215289
20,060,0.5471997446936907,39.476768324245725,-2.6832301182722946,-3.7566854055200896,62.99844472737619,5.868857707598689,2.9333052621003923,0.0,-7.200077897840127,2.7296707745434112,0.0,5.15554867900909
20,079,1.2995441565976549,161.49397793688067,-14.246023247844974,-2.5453729973431987,147.25692847885335,-3.8581897820055193,2.0356443237571926,0.0,-5.403284734510902,2.2764847527279057,0.0,4.020833530562618
20,174,-6.2127335309065295,111.4814462571962,-2.845114520777328,-14.408446588367188,130.53598001554735,5.508725720789149,3.9966746655609873,0.0,-7.993828847306963,3.700598775104195,0.0,5.552839810822479
20,066,-0.7613538810636737,115.11387810423342,-9.207105663631124,-5.044779600563645,109.98766981123998,-1.937487297287215,2.7969223343729523,0.0,-6.553982930150359,2.7142468110690503,0.0,4.835188245200508
20,191,-17.614067202826885,300.87168455256443,-22.74449121609499,-25.137094122380574,276.3208397543268,-3.0472245715893047,3.3659243851166827,0.0,-7.620160010133911,3.9501106369949945,0.0,5.307225133566318
20,292,12.702761360370944,-337.3658023901123,29.925527417168965,6.155304066100207,-89.16246489913861,2.862731032718238,2.8714394682971895,0.0,-5.698317815411477,-0.43466827901185323,0.0,3.946482169062442
20,076,-18.957611679258562,197.31392646849054,-5.461724376408174,-13.049135555231103,194.36123030665493,19.091542218345474,3.595306022534988,0.0,-7.025284321077526,4.162351403220953,0.0,4.7388323433771955
20,237,-0.07271351398107528,-96.82888763181504,7.676371461981828,-5.07098844058072,11.016064838573092,10.460357472426105,4.108573861250516,0.0,-8.260753990671567,2.635304311848122,0.0,5.699611592386454
20,250,-9.788694261992676,135.03093398707156,-2.354638428575818,-10.593967673389596,147.7274557957687,7.090264550953,4.209814234584957,0.0,-8.214733789387429,4.030639017297535,0.0,5.6214056418495435
20,176,-6.097796841998968,100.2457745879981,-10.291264349156688,-15.004952820439813,120.75296864711055,0.14616570841797483,4.023271520866962,0.0,-8.306564125255694,3.7874598190681428,0.0,5.9876038596100045
20,197,-13.85914932604621,378.00772941935395,-25.353005635424122,-19.08941188159436,302.8976225446998,8.469576810213411,3.228119148944081,0.0,-7.232200846770736,4.222556556713824,0.0,4.781610437686414
20,013,7.784368454064848,-304.7406390680177,21.829973233362583,-0.8110431064249973,-89.17541457734575,4.164879038774689,2.3086512996563657,0.0,-4.936621987184513,-0.6272049792604626,0.0,3.1747706282919563
20,044,4.004654992553735,-164.41745057404628,18.985001960504857,-0.8565119836853987,-54.42647095182742,12.241205202517659,2.4636534502599736,0.0,-6.82259880686476,0.9567002681785162,0.0,3.630592570729965
20,058,0.693908636042705,51.2438692377048,-4.166008795840717,-4.400455390376219,77.85723510996836,0.6309051693027892,2.8473576740441433,0.0,-6.292814894154901,2.4842702703316686,0.0,4.336349506775876
20,187,-6.231536337609569,198.62040273322535,-9.634119932177013,-16.094238006218696,193.97297692797747,-0.4564461498115513,4.235789112352047,0.0,-8.45314287827006,4.2341325481365875,0.0,6.055668064438126
20,171,7.709455855974937,-101.62673021870951,5.455524338790578,-1.3077464092646078,35.8631966499523,3.3280570897349775,4.344060445485081,0.0,-9.69048502239717,2.790888497043955,0.0,6.553752588198792
20,211,9.236848309783248,-330.07651871163586,24.11070796882315,2.268362265141628,-124.96632590122684,10.888160654737796,2.568725717914056,0.0,-5.470719566204151,-0.22721067562634412,0.0,3.5163674100501963
20,041,5.636376731106868,-84.14245432920252,5.622768566063584,-0.6938890190100948,-22.159912970320505,5.609031889388561,2.0757025429720173,0.0,-5.101199004054123,1.198156662941435,0.0,3.4126727093199767
20,090,-3.3322124699176863,272.0500153057304,-25.389577487512028,-15.661483431474695,238.8379842749487,0.4949895905773989,2.901640820781172,0.0,-6.944053511195942,3.3193379730477304,0.0,4.687948999417252
20,214,17.94529689216634,-362.09430006135113,36.3426445625635,8.281194747478335,-90.44566426539988,10.523373479260956,2.8879035371077943,0.0,-6.254893874469613,-0.644362209894224,0.0,4.147057277849792
20,067,-1.5086933897100563,102.0269585392785,-8.68104312445832,-7.678700826238936,105.9286551762713,6.449324961875614,2.582379416106419,0.0,-6.5587756807813395,2.635680540571808,0.0,4.885798141993431
20,085,-6.446011851433271,137.68577697601427,-16.270383785021167,-9.154119861588576,120.98577398039534,-0.8406448444924681,1.3008536073444397,0.0,-4.603225285714573,1.6966587691154356,0.0,3.302988882438951
20,158,1.6704465675582685,-75.1733485412319,8.35081127592967,-2.665460131300444,35.78012375425892,1.1618286242744666,3.8958527406201333,0.0,-7.514018552963026,2.4106707401910166,0.0,5.266957783699086
20,235,-3.6960676081799306,-18.183480266795755,2.0350536194504754,-9.657567016873058,59.40712940825931,4.891809706218128,3.8483296600591883,0.0,-7.980350549532437,2.8848580688730383,0.0,5.382341421605725
20,009,6.075349718011031,-227.43807919574914,15.259492385940524,-1.6692213558765838,-93.26075666895824,7.552721617533433,1.2821269874323906,0.0,-3.8661057170282653,-0.46715277208919276,0.0,2.6987754399803006
20,192,-13.82245532668858,295.75593811501824,-19.37831661796054,-22.456994787212537,279.11153846941517,5.684158623134397,3.500422081696887,0.0,-7.869550993974445,4.068752539129257,0.0,5.345078813651514
20,046,-1.6698565562739747,-12.1235681039393,-6.167406488380109,-2.8338153525655287,8.282661665249357,-0.09171702252352698,1.1766744320345888,0.0,-4.138300819438244,0.9217897957840598,0.0,2.9421142970436476
20,204,-11.780714484268575,460.31493805978465,-41.17508466617769,-16.57103744796672,374.81567897637393,-0.23272903217086505,3.995085084664039,0.0,-8.218181291456952,5.203966906668585,0.0,5.4663787715114545
20,153,-12.010501385426156,-264.00139776635393,45.62302802092276,-13.898375611023397,-55.72200239173404,17.806036338211264,3.456037068508164,0.0,-8.164558632852115,0.8085766290536966,0.0,5.475236526053474
20,269,-13.055731646615058,259.8064324799179,-14.465235598441478,-21.241442101758363,249.52517674159122,7.001601350175425,3.2782627129248016,0.0,-7.7226228207222345,3.6306521917700074,0.0,5.216305410176112
20,010,12.565846337262963,-245.26061130696132,12.501996753289918,5.219393267354882,-97.07647989507244,1.531230439835998,1.5028711323800117,0.0,-3.9582770529542834,-0.3329373836850321,0.0,2.7958382040920142
20,254,-11.834672042079857,148.32388027988722,-8.436745677186684,-19.19522160848023,164.2900062150212,7.8403150368308605,4.512933376727,0.0,-8.764172118371045,4.444392913292733,0.0,6.310449113887547
20,236,-9.134947515255881,-62.60777844928064,11.204081839993574,-13.406670577903224,42.210935476368704,9.984866161132835,3.906956881290574,0.0,-7.634038704862897,2.604155407750601,0.0,5.401047466025052
20,165,1.0337081472655618,7.233696924221543,-1.000854755453612,-7.063236633353313,63.84152774577476,8.663627965244679,3.6629888610653585,0.0,-7.911949071758414,2.99169940811458,0.0,5.27471904835151
20,089,-3.4789292234234104,256.9499206488486,-21.258877890973167,-24.51314159380448,222.69375345711777,11.614621695630916,2.511739492115134,0.0,-6.094945959949199,3.0593953433911074,0.0,4.3932271172020885
20,270,-9.130167337333589,275.3043383744274,-28.15074877614905,-16.27673207652944,255.17373638814962,-2.608155092619064,3.532470381994461,0.0,-8.378452276853409,3.744119602731777,0.0,5.562819054808887
20,104,-7.594786227367176,227.38892310450942,-17.61509514048258,-27.385231399248056,174.12373743396734,5.409521723852659,1.4786454131979851,0.0,-4.290642490195588,2.2523006070033436,0.0,2.969916763776772
20,055,-0.07945508004274959,43.614973513148925,-6.584781998457457,-3.357151840181647,51.676673003185044,-0.6962777080926512,1.7540693155854565,0.0,-4.74252299091666,1.5764630722007915,0.0,3.33288278873817
20,015,9.368612826357484,-209.8517149253135,13.18520130910225,0.19303972082500698,-91.11904649522894,11.613354479033198,0.9723871610434889,0.0,-3.5502580758387445,-0.5771345045865006,0.0,2.5034365066689945
20,131,12.0218450077418,-342.01154626541324,30.994360320371513,3.201781378113553,-113.59259200149893,11.413974466143365,2.6770024209783996,0.0,-5.74078170894127,-0.431082128419498,0.0,3.710808588219887
20,309,-30.608223729257155,748.9078556795624,-96.1775881078392,-34.99078172679666,444.9905012653034,-3.2985539402161663,3.2427857119897725,0.0,-7.420233265296178,7.20427329727624,0.0,4.888670932745782
20,065,-0.580906879842007,110.69715523734118,-16.873545793570823,-5.249250894136511,106.33746051346306,-4.493827161374668,2.314658375964614,0.0,-5.780853551283075,2.394752020925294,0.0,4.30624653319547
20,029,5.262799642453785,-181.41570039077465,17.669381029126594,-0.13682221865691213,-81.31332824786413,10.860108055602288,1.3873283831420817,0.0,-4.3600651409292155,0.0011317035511855256,0.0,2.874348546266348
20,227,10.20006185386384,-159.70212569548065,17.190701869478566,4.67957992292814,-30.73618278129048,9.069638403470975,3.2617139672333493,0.0,-7.324784332028878,1.3791200483082537,0.0,4.865739037664774
20,288,-38.426257762924564,768.2552733211769,-46.036201531490484,-33.671513807649816,495.2313649818042,-5.058988700858987,3.6454391672348168,0.0,-7.592796178835174,7.514637845411276,0.0,4.724737079261709
20,098,-3.437967134092508,265.6280126753268,-22.180719191283004,-11.90168620712041,228.27947605740022,1.603724500804288,2.695323766204654,0.0,-6.390868154179832,3.1589509103956193,0.0,4.412239999677748
20,219,10.567244053021858,-276.5396114239096,31.056674982253774,6.653864501154421,-82.31429082142093,10.63002981673413,2.847933406862114,0.0,-5.958782486786065,0.1381293803886965,0.0,3.9627288304237096
20,001,10.864980945046678,-212.2057285075456,11.577688048027582,6.701192266528251,-98.08602458718791,11.372098812657065,1.0096237388889189,0.0,-3.5150687848641446,-0.5130805946040158,0.0,2.4181172385244665
20,160,9.743372956566771,-138.35489369921106,11.242871602459852,-0.09386910386191216,-3.69626289579175,8.567537467267906,4.303670905751158,0.0,-9.150021582852498,2.3236106398970824,0.0,5.698352641277188
20,061,-5.320733500719901,4.565565748450004,-1.979974838876931,-9.334028795850127,49.100233699879546,3.866947977010397,3.026432318930553,0.0,-7.436684691297813,2.5561413577063017,0.0,5.19281454466017
20,004,9.711912927818462,-275.33741540880914,16.182695072019087,3.165306942795085,-99.89360168022705,12.380092541052727,1.8039227974422998,0.0,-4.090880767780212,-0.3606585912942085,0.0,2.830646758377177
20,186,-15.244095728798424,201.02702746658787,-15.878464115917835,-22.16164962084523,201.78673526316769,7.5882228840236845,4.4124837262763315,0.0,-8.657244522587593,4.251425285064554,0.0,5.917289719479044
20,138,16.548101510493773,-388.65429736785217,47.5903852179905,-2.4394235616976676,-81.4947465657632,11.1522298441992,3.1828303617352702,0.0,-7.758702020431349,-0.9474185676910973,0.0,4.81287487063645
20,106,-14.573174003373612,298.728169654407,-24.330781428130976,-21.681825545636674,248.74026365957874,11.479061445346236,2.5216243465693466,0.0,-5.308023143575077,3.4503639399084594,0.0,3.671074422722983
20,282,-22.904997448778634,640.3446943119849,-49.67721859212918,-18.990576716428464,389.1488613509389,5.074543847799454,3.0353421238026517,0.0,-6.543225892673097,6.236440362513335,0.0,4.489357475766486
20,088,-11.235874380519586,244.46909872126648,-23.78672057097615,-17.077438892327944,206.20802061664023,0.7362492128737079,2.259033909705869,0.0,-5.701361046900663,2.779849338040503,0.0,4.092164688129116
20,243,-0.17628603360778505,3.7991846745671745,2.4096138529635356,-3.1738649455231323,54.79545741442599,8.738847814554152,3.78641545187403,0.0,-8.248410783803893,2.958806196009478,0.0,5.425291099400562
20,064,2.4577498834085243,105.05908352161164,-8.098644917497856,-0.32293463543644607,104.6031082776862,-1.7776631573774122,2.07285948160389,0.0,-5.439092111554759,2.1534904320875112,0.0,3.978937976904872
20,007,-2.1305198243103574,13.765894360294507,-8.770432524577448,-2.0307434301225813,22.708821731161873,-5.2464175761409235,1.1262524593121417,0.0,-3.738693515747251,1.020753228711936,0.0,2.842292669494861
20,263,-2.0206795288413115,197.29555513484127,-11.174396999057072,-12.292929433805618,207.02748247265194,10.33506588384799,3.952160096207484,0.0,-8.26268223917199,4.2313122635572915,0.0,6.013087377599273
20,045,-0.6247265975880301,-7.602009194507816,-7.2942862505358175,-2.5576080281169147,14.667881704412535,0.42562650642140853,1.0508609983500539,0.0,-3.780761272245126,0.7980349595648273,0.0,2.7408941538065257
20,281,-29.689116412273563,405.3168163004203,-29.1315323592351,-28.591677810276963,324.28461862144763,-6.245992228271998,3.4017006309867486,0.0,-7.4368013341761765,4.644242023678464,0.0,5.056274858196833
