racket_angle,traj_dir,spin_before_x,spin_before_y,spin_before_z,spin_after_x,spin_after_y,spin_after_z,v_in_x,v_in_y,v_in_z,v_out_x,v_out_y,v_out_z
0,329,-23.045452505398437,287.06833243829976,-16.34385187235476,-10.463241951931987,122.95066503323085,-5.692754043102887,0.7629268796385054,0.0,-7.930212852952016,3.0295326138107046,0.0,4.549588546003637
0,053,-20.02589653624742,147.2494045945655,-14.06602276036493,-4.265770299660941,59.18877422947968,-1.4861824391442633,0.0670404003281016,0.0,-4.786383779468458,1.4017941834588536,0.0,2.4246575697170187
0,209,8.494548828171826,-132.694538089223,22.448520313561243,-3.492402013945317,-19.10764632890911,6.634216341443075,0.7215261679197568,0.0,-9.288582588054796,-0.5908783731432261,0.0,4.5616380616235634
0,251,-26.93496613176021,385.5062924093964,-26.378106530025164,-14.38518309578264,188.65801878760217,-4.811546884924301,0.8841626845703559,0.0,-7.793037860660513,3.466863542193229,0.0,4.339870114364521
0,141,-8.651776852159443,141.17885233326743,-5.1552522081231515,-4.189805766763411,85.71185909448519,8.872859285475629,0.9546695988936654,0.0,-7.003284481131948,1.7144976715970368,0.0,3.861939259230573
0,154,-21.12027757860384,202.36108380215575,-27.303879429931992,-15.330775606755187,84.8848887763477,-6.67281848839005,0.1334418138156134,0.0,-4.843814053180058,1.8956033127059777,0.0,2.530560502845988
0,331,-27.723021843706395,305.2669280369716,-20.434144470197246,-15.479692072677858,140.3930791035115,-4.158419815273462,1.0060366828665865,0.0,-8.522966580709364,3.291965059304828,0.0,4.827934186385386
0,003,18.898234364573067,-241.78305018221155,9.481500650895066,10.32600235818148,-121.06137589562884,12.22139139722442,0.25935639139541017,0.0,-4.305538059853586,-1.1367362332709425,0.0,2.242512795574722
0,151,-17.551519161996676,193.80084361063146,-4.484429605462731,-12.478823145431337,109.80169871024508,1.029330151113658,0.8091754685994668,0.0,-7.499546121485902,2.283721428455695,0.0,3.871600161239038
0,048,-10.261417375906955,134.9151464589858,-12.810791933464799,-6.729828075473285,78.70109009017857,-5.591176064496657,0.7818480545355285,0.0,-6.497926174471514,1.573299097734177,0.0,3.4791032425540376
0,152,-6.964257475239584,178.69259447808503,-18.626571751731525,-5.291278842174068,98.67476270049305,-6.415014650304503,0.7419283502752655,0.0,-7.276893317995577,2.0566630504386265,0.0,3.9189789022016703
0,164,-23.881796662842145,274.21417683914706,-19.36156916024997,-10.441940568774847,124.11356548744304,-0.7870944106081709,0.3650549558577541,0.0,-5.654172618542443,2.4431488289389875,0.0,3.1486114482636625
0,031,-1.1693098581004802,1.461505930972081,-3.064709296627427,-1.647522930028915,32.14546696557317,1.8938373100807049,0.8105321441053288,0.0,-6.79743285697946,0.5643899359847424,0.0,3.3393314663827165
0,248,-41.63792988082983,288.7930856384906,-6.7870229501435615,-22.928854359238553,130.22252126365046,5.845375491259027,1.022630094500543,0.0,-8.941395395994427,3.116705272095341,0.0,4.82028990975703
0,249,-30.619208953336898,378.9599952494305,-28.133769020585007,-18.157569138913363,176.1489381527321,-5.0874380802642225,0.9426580553206554,0.0,-8.058775167886203,3.4227192709935754,0.0,4.447211233889465
0,221,3.4928548769964483,-72.59413898515893,15.778087051334488,-2.6346256265902857,-3.255772262306635,1.3372987601994553,0.4809517190355947,0.0,-9.67930055747836,-0.026799237004677328,0.0,4.769153527780586
0,262,-101.75362951980038,749.321729141894,-58.670797151618736,-51.11917615809693,524.5984719246497,-39.26477826999418,0.8993909064602877,0.0,-7.948070689110746,4.014367009012276,0.0,4.228712275919227
0,341,-26.914457930809547,396.0080476206558,-23.709007252497774,-28.134447917368796,186.10863360895962,-7.93706227956303,0.746462680220594,0.0,-8.574799047951794,3.7787305956091544,0.0,4.613258188121272
0,335,-25.918705474876845,287.78689768615976,-7.6327547685031245,-10.810434324152702,132.47098556253442,-2.5911875617026365,1.0487396281499737,0.0,-8.596190250137603,3.1872999236646797,0.0,4.920348732068278
0,322,-21.827770095992626,199.4721967164053,-6.078368363092575,-12.016434994779162,106.37993847468937,-0.31194828210216125,0.8290251972858336,0.0,-8.204058994995279,2.4130584060008853,0.0,4.48767404771722
0,102,17.032424790937185,-215.30417093340827,16.45637604877708,5.707616612793334,-74.60348533702718,7.165507174076762,0.7092568031598923,0.0,-5.4612993542018655,-0.9870494382931949,0.0,3.077369017704703
0,264,-102.00128057925193,774.9381268185842,-36.59076202277318,-41.569256830854854,527.4897843842352,-7.663898578594436,0.7686833675506712,0.0,-7.869231488455484,4.027532559801902,0.0,4.448588918659528
0,083,-56.247300851216984,581.0882238714198,-31.168258688025865,-9.731693446255232,408.21278284314207,-5.0160406537167646,0.5690074404000987,0.0,-6.96796037221687,3.0318517683238406,0.0,3.3850881025160273
0,223,8.04315568112165,-129.00665734245592,15.461724853930232,1.7903681737604702,-27.826403308123403,-1.9743470383579769,0.23059836946550205,0.0,-9.689269601048716,-0.7052663673448833,0.0,4.851071778073605
0,188,23.010174446295174,-278.6989937193837,25.498792054729083,8.657707048937777,-115.48829043458619,15.309236522145707,0.46852742510185685,0.0,-6.806492499190789,-1.3590174835622433,0.0,3.3805642270266647
0,100,17.100856162219134,-198.85212287267768,10.710354337805356,7.00903115214768,-64.0039574622576,6.1984589053415675,0.7104154115275997,0.0,-5.137672879043431,-1.079609633014221,0.0,2.9368664433771148
0,075,-33.042487505358984,352.0125166874458,-14.825506776182301,-22.093457107838223,192.68225720792722,-4.200734579081101,0.44625527666723114,0.0,-6.998014363384015,2.8357870995341434,0.0,3.4803414602940155
0,134,2.443856926471884,41.773404818515125,3.031633654646953,-0.8042429957343831,43.4988854226431,1.5891570152483954,0.6428520869365317,0.0,-7.719056995230271,0.8707213028282437,0.0,3.8876335588206055
0,173,-30.809445845618814,484.5180536181144,-35.05425838175711,-47.57993030987356,331.80700103983094,-4.169237852437284,0.5140735980698257,0.0,-5.4539517428132385,2.4833833498132316,0.0,2.928180374707196
0,002,14.551531417945203,-226.13999118353922,13.903238407585736,10.626035630833924,-116.00972197679204,13.517918130269756,0.0463043870567971,0.0,-3.90301661912923,-1.2679198658044213,0.0,2.179004041746287
0,099,16.609136603840454,-187.80895301915731,12.728883158911685,6.8516918628183054,-63.31153272606619,5.145722677245667,0.444211199752414,0.0,-4.898735283796145,-1.0922610331717262,0.0,2.648462091543666
0,063,-19.53451428329125,238.30264192655787,-21.49035740517,-14.317994700809399,105.98988147449191,-3.778119213260681,0.5949095263918208,0.0,-6.123684784894765,2.467919755856567,0.0,3.2042712281637744
0,229,-11.493950747399344,56.713928855109444,5.005947439249507,-6.338790789530295,49.14076732312008,6.006429180865742,0.6701406682014424,0.0,-9.108519238566998,1.0640965727833578,0.0,4.754172257575598
0,024,12.789146496263447,-123.47394803897036,12.608037463595963,2.809369205953079,-23.951073296652478,0.547049255956005,0.3794346324570243,0.0,-6.396688097686126,-0.6492154675932817,0.0,3.1748732342829014
0,105,3.1638190644593043,-54.22053615749392,-0.4006233105555907,-0.861718711931392,-21.62548083556498,1.1264397262827794,-0.13731010520499756,0.0,-3.920989315895948,-0.39586344025025577,0.0,2.1166052866243783
0,136,-2.7550911599099477,15.184024264379271,6.110842268037752,-2.2535659870864664,31.51462841499423,3.746880285119567,0.5816363264796119,0.0,-8.243365982146374,0.6558095199847513,0.0,3.6360440108137158
0,339,-40.30436995117743,382.2937469800971,-14.039985973375854,-17.465519058517412,180.05775249363913,13.184432409067439,0.8099909312624236,0.0,-7.855153327679784,3.4425994207545747,0.0,4.233090601041239
0,289,19.545362950901957,-207.50532559551027,23.46104118924676,8.942746320124222,-52.30353889360653,2.2410538091564,0.12851815453352877,0.0,-9.330775978203533,-1.476431161482882,0.0,4.35620323305964
0,081,-57.33247063824415,529.525240130472,-49.374671529237936,-53.0631935168374,379.4954820095826,11.799781159380917,0.644052813022733,0.0,-5.859400361918336,2.547276783681652,0.0,2.9933690926085
0,238,-14.65626956670274,145.3533267414424,-1.5511012395259858,-8.875805429674562,77.49037598197482,0.6454353943141017,0.7832598562937023,0.0,-8.712207543470624,1.6525395742098374,0.0,4.586876848484153
0,190,24.450821843156127,-307.6549695530823,34.664711877948115,13.147222084428055,-155.13414218288696,18.773705965698543,0.5294913670758895,0.0,-7.33528991080141,-1.356739116912139,0.0,3.738345736072434
0,253,-27.00722892074397,409.2785938533874,-31.219406305350475,-15.013859532179541,203.17952182868677,-9.386460368187041,0.817421752155317,0.0,-8.206838300473585,3.68424444063945,0.0,4.619461509400865
0,117,-5.77496859000905,10.927103377356792,-6.6056247483656705,-1.0057500354022826,11.539456406263835,2.873800228733668,0.088741739661359,0.0,-4.374140204637542,0.29040856170482854,0.0,2.357284976046659
0,323,-19.68378011597962,190.12886995486107,-14.419099985547755,-9.813692864258162,102.02149144435772,-1.5461625781542347,0.8156450982573774,0.0,-8.143435641261362,2.2192211615447546,0.0,4.490647845105799
0,212,13.018392717277989,-183.91416481965683,18.499478256942922,2.63508639839392,-35.44822483184493,1.459022818151848,0.481883390696695,0.0,-8.810942213376174,-1.1844789295621798,0.0,5.269401126041299
0,032,-4.944562477512471,14.133592424124155,-0.16763476534432203,-4.108552814557166,43.78440885819631,-0.3034851074984086,0.9111378743123464,0.0,-7.855838419594118,0.7517327998818709,0.0,3.542335312446267
0,056,-17.127063349667768,192.813209606733,-14.42674027997444,-9.728911277290184,102.86107095445968,-2.4704981171253446,0.794525601129919,0.0,-6.728117281586499,1.9923116902505915,0.0,3.564411356675629
0,196,26.793778485925603,-321.12578540869765,35.5969663005376,11.333489675765419,-112.46842789082396,15.181367550265989,0.2823120319430746,0.0,-8.241032502042986,-2.140428943659253,0.0,3.9004830930437673
0,129,-3.5272921914047908,38.219476060349194,-10.05115477377912,-0.49267546946255747,30.14483968267448,-4.006992180508277,0.3396237458423551,0.0,-5.181802433338439,0.6329430926881846,0.0,2.803213665156176
0,275,23.614204924511665,-266.9850132816209,17.91701193943515,13.317070805349955,-104.46303551188184,7.891659781790903,0.6355053802484867,0.0,-6.759427093630877,-1.2452384049934848,0.0,3.6704483815670037
0,155,-19.04416353472153,218.7543810421393,-14.912973449209227,-11.415902277087504,94.74052887007977,-4.956677786982015,0.38612332054369214,0.0,-5.6329048102848365,2.149667982344108,0.0,2.953910569391175
0,350,-86.90431100447475,653.0142818771034,-35.79341518282279,-30.24276414302895,467.1022922878229,-6.202416144539901,0.7546017043371477,0.0,-7.449065879431992,3.4334713659937437,0.0,3.7198178487542384
0,125,-3.1359146508225084,-23.20084517169354,3.2993501158443688,-4.45900519712164,17.460009526934105,1.2806903029581453,0.7573023231962271,0.0,-7.916265496676539,0.49877962904196055,0.0,3.895042777338732
0,093,24.51454389027913,-308.28205461832374,14.971362776021035,16.722857034578322,-175.70959120294077,17.08026200971929,0.41989446263495983,0.0,-6.098664322401708,-1.0614628982928127,0.0,3.038587696981797
0,260,-72.30645246943529,706.2757200115022,-51.383573713545864,-39.55778791447962,487.5147982186587,-36.28886473336612,0.7871084570883577,0.0,-7.378166069413911,3.781672606925202,0.0,4.072924744554865
0,122,-0.17316299637677673,-1.7333015462859438,-2.0628528368193497,-1.717994610099128,25.994066068231692,0.6129017169343364,0.6205115056341525,0.0,-5.952933817879492,0.4924422293432675,0.0,3.0695804943040854
0,078,-32.4559753489836,375.147959288708,-39.49185536046216,-32.43021232608677,267.3400993990568,-19.998527726905614,-0.08808250116726452,0.0,-4.328274451816719,1.3910358745044598,0.0,2.16353071188966
0,252,-39.00667828120452,387.0524636921422,-17.372035152752584,-31.595604698063365,182.22022593708147,-2.9536255185851266,0.8685386060550483,0.0,-7.769747308330853,3.5259974955060875,0.0,4.446288887948891
0,177,-62.68591273626901,609.8453309546777,-46.95481996696133,-17.834337760823622,429.72139820755916,-19.091511732952913,0.7084404607620816,0.0,-6.7248728723805575,3.1989470854549453,0.0,3.638759525755399
0,268,30.179354300348184,-344.71860040296747,19.708336662766843,17.241151502892848,-182.92960799316305,18.388906677050876,0.5865038636582038,0.0,-6.926664160138408,-1.3333929569531435,0.0,3.6278118773739085
0,162,-21.914432509204648,209.3511787069609,-21.729837271690926,-13.359765616030765,111.38847472364513,-9.511390483513184,-0.1709999217464601,0.0,-4.432756783339834,1.283099091980178,0.0,2.2260012793469754
0,215,-9.387123337512921,0.25537090160115966,17.569015727728548,-5.037046066002345,25.74217874252992,5.848452618716145,0.6027679926345983,0.0,-8.404281947439406,0.5107116233333524,0.0,4.261927657039587
0,217,-10.52041444124025,-45.41585406958688,22.032424364928552,-7.38508875307595,5.769265896997718,-0.9109726947897654,0.5771817174519782,0.0,-8.622604716259687,0.17549555837834657,0.0,4.43935406005891
0,008,26.532943665896912,-310.78624112824303,15.398463640241008,8.119403452251786,-183.94379980420155,9.170006177434587,0.33282043945019263,0.0,-5.994102660286325,-1.2964691219109328,0.0,2.8108300073927945
0,198,12.21128666015744,-190.7442532114529,23.227271116034952,8.064112418445097,-54.565567604914946,-2.219851043611245,0.33595085671435004,0.0,-8.563526095564848,-1.3706347449894205,0.0,4.2481791536622335
0,030,-2.073719288559162,17.351465195704343,-4.3048355073115445,-2.3353009500706974,33.000205456787114,-3.774442443267098,0.7580386543376317,0.0,-6.127703500317236,0.5882900598113138,0.0,3.1003607467335894
0,062,-17.403477467576334,219.59353369407756,-17.0141685535224,-10.94242744216667,94.1468884843712,-5.845096676806299,0.38116145717557465,0.0,-5.431669509101015,2.1748557946982228,0.0,2.911661545303973
0,054,-12.789214069205896,149.21977991170948,-15.099400234540768,-6.411533343217911,66.97977285079118,-7.215598208317317,0.25832117809997646,0.0,-5.236004710781372,1.4724533349254239,0.0,2.771119676759379
0,337,-24.086581779838944,370.08539540610695,-26.953594096727514,-8.8193115105967,189.4797765092152,-2.4399840071168692,0.8349954795747385,0.0,-7.42382320317012,3.153696729997523,0.0,4.168045973820961
0,244,-27.23607812400294,276.7188333958178,-13.989393072424804,-16.944220828184147,123.92265230995375,-7.698634348430135,0.8887920997913975,0.0,-8.082633847037693,2.938271963765213,0.0,4.528163077633965
0,175,-43.90768909077859,564.4533675414576,-27.899409079874907,-42.714340630126024,395.9525503313811,-3.358951431150461,0.7122505521474233,0.0,-6.289627959238154,2.6205538848393717,0.0,3.411682158048631
0,109,0.708396909204436,-61.95615731952741,3.094531387574303,0.4035173681242637,-10.482171401011273,2.5529063263707235,0.5378603614528148,0.0,-4.866433389890904,-0.22439121278832805,0.0,2.6800904046853273
0,047,-12.666782030052726,131.98592900930396,-15.22751463930758,-8.704015924407376,71.84984379130958,-8.620977117908817,0.6039200066182274,0.0,-5.880748873297653,1.425219487390865,0.0,3.155358335967643
0,167,-34.055420268416334,349.48774531267253,-25.3448894284133,-16.08224855531518,162.03899647097248,-4.302139984106044,0.7314572952898887,0.0,-7.574416408287161,3.2012323765325164,0.0,3.9644913882472355
0,231,-11.494532044813702,45.28102637403312,-2.186878299708756,-7.189354084258335,45.88340407081139,4.1590732121777645,0.8100393566715458,0.0,-9.219759828562502,0.9914155918480142,0.0,5.050980503272863
0,005,24.464573279532242,-295.7553702322226,21.31448334901988,17.989788224037394,-175.7499284233461,21.909992917734886,0.6543040112993783,0.0,-4.928012121967512,-0.8120230858456003,0.0,2.5498489850207924
0,265,27.98641647556985,-320.9089451752586,27.217423099780824,11.296018049524061,-181.5238861562144,17.720447132748166,0.5375134192028558,0.0,-6.166474524241891,-1.134768254229804,0.0,3.2602340632182463
0,096,10.645118920892823,-157.80789265208531,10.54431159273207,4.218838402019559,-56.86614371119774,6.8206920822836015,-0.010447171102806352,0.0,-4.082842848683747,-1.2624349376161916,0.0,2.1562479166647175
0,073,-26.419125985066675,329.69216924907397,-19.341986570251233,-15.817695934015338,166.6825240307321,1.7274451353851845,0.5129785747591553,0.0,-6.678959632501353,3.0487604452801844,0.0,3.4259606076953566
0,185,32.21759760388445,-379.4931182286117,42.506086882132976,15.839593959242452,-210.43819473306255,26.309203476237393,0.5010341393353853,0.0,-7.275045393182856,-1.3389333915217128,0.0,3.6785802310407063
0,028,-5.174711185005071,6.169414582161375,-4.215498467742719,-1.5311978698557294,17.536646512093636,0.5663523867687907,0.2778324203268205,0.0,-4.957973360494115,0.3277639918703398,0.0,2.4011137288931903
0,224,10.34160103775994,-118.71894325545613,11.212670041301658,0.32272599950722,-20.615820174000717,5.0777247922870945,0.5339002780528952,0.0,-10.601624959689689,-0.47580481261756336,0.0,5.666342127662233
0,180,28.17865710782451,-330.37238549203386,23.85341712887831,13.783270024244993,-196.0193982200449,5.58290621432269,0.7262374174826435,0.0,-6.210537220003659,-0.9100192720500461,0.0,3.136454387270475
0,344,-37.00256703165622,431.60173344296675,-22.99990047551564,-21.438632913459713,210.24706707125335,-2.335790868813951,1.0756878347523873,0.0,-8.548799177935306,3.8901286635072236,0.0,4.867543602895313
0,020,1.8090931568040514,-65.06186547241634,3.63177526548664,-0.36700194288740073,-13.599510070686138,2.8442375670245466,0.22158641486339428,0.0,-4.591721412343582,-0.26713874462382875,0.0,2.375311760900369
0,299,6.165821836065211,-163.4676088474643,26.078724142753163,-1.5802060820594304,-35.2698564655741,0.5212564909021165,0.5723239749562877,0.0,-10.023442346065387,-0.9491727429566899,0.0,5.02495493507999
0,140,-8.556983300509074,133.6550778400997,-14.547280340447287,-4.229992602195758,81.46247858660705,-2.0825491777265484,0.8000069947426586,0.0,-6.716916735137182,1.5580979502055075,0.0,3.521906919855496
0,148,-18.117689608184246,183.89068347306088,-13.663136930144239,-13.132898162195712,86.37429668153396,-7.100090410016143,0.5242298760914992,0.0,-6.0201968486915085,1.8496853264829725,0.0,3.1532658708237435
0,277,25.15299149148281,-279.12819770432486,21.965286286212855,14.559421726178714,-113.87838819015327,7.676449611586575,0.6968309554763761,0.0,-7.187879314795443,-1.3485726845887334,0.0,3.780004968384654
0,012,11.931012968473253,-185.4868625683378,10.969611879280151,6.27357847895668,-58.31886264527929,6.030130245382178,0.3875304366544488,0.0,-4.775117862986867,-1.0866104251687927,0.0,2.477544536704502
0,082,-56.12833219502389,557.7447558722239,-21.163738001188154,-46.06626933887789,387.7339663856223,8.943092636186039,0.7285333239396995,0.0,-6.497178492813761,2.9679269828563184,0.0,3.4297063524566758
0,128,-7.049217355365944,46.27816808240018,-10.793754663155744,-2.8392324115227017,24.915242977705898,-2.4341220760970548,0.15864827199506698,0.0,-4.6451791484375065,0.5575884378961393,0.0,2.55317694601837
0,143,-5.888300213589528,86.89724352742901,-1.8306193478154407,-4.94139295896369,66.04906830259736,-3.0901446902042995,0.7129087241240007,0.0,-7.358205511831901,1.4348179646819341,0.0,3.8550200417199605
0,315,-6.17835559016834,85.53487712904527,-5.468992803386795,-3.2350916101376477,59.726023393538874,1.8553825018096939,0.7675871110357406,0.0,-8.28025069945049,1.2495287524057512,0.0,4.5870615981140554
0,034,2.3836950242043,-13.091789435256432,1.739967000048474,-5.24877653986398,28.700417682386647,-2.97067946808961,0.7533117095587062,0.0,-8.267768730445994,0.4479603091223393,0.0,3.6873559420946767
0,220,-3.9364673891929343,-61.23934320793948,21.04395001587286,-6.117708913866195,5.799638003707193,5.638679594433395,0.6455096701969559,0.0,-8.619255598488493,0.01859673430104712,0.0,4.865990388609383
0,103,19.31426444551085,-240.61337178386458,19.791280677666496,7.79707281030917,-84.97568639833334,8.96782893183237,0.6552744745338571,0.0,-5.853606956520689,-1.084112776713869,0.0,3.1963650025166643
0,023,6.28609568150646,-95.84127008528941,9.579777298106329,-1.0307125656279794,-9.545429095939527,2.9086512563411016,0.5661912577484951,0.0,-6.010477780083029,-0.326421087324821,0.0,2.9945769616324407
0,201,29.58611166285687,-244.92970435628206,9.575487413936813,13.229201879690514,-60.59497144829536,-1.604872632480755,0.19628704334699237,0.0,-8.956680392664888,-1.7807182434180733,0.0,4.054330595960574
0,228,-11.093857440016667,65.56934142177005,-0.5726619918282284,-5.297770322331301,51.81107643762989,-5.9847493291858695,0.6887985428613348,0.0,-8.43817661903078,1.211958971777268,0.0,4.3693745776704604
0,306,4.771381189594761,-22.77625429044159,-2.893425413013415,-4.569618305164153,17.0107664161108,-0.4756177698056437,0.6405322316081847,0.0,-8.617625659827903,0.32465344402335716,0.0,4.563087379881084
0,241,-22.42603719135011,270.1194939950925,-5.451484118755327,-16.65732684435792,120.83344490361493,-4.274268733992796,0.808109582650813,0.0,-7.761866229048169,2.862841076616157,0.0,4.241605394343262
0,310,-1.777655525586303,-74.91741619567958,15.411006294418641,-5.3572761473893795,-0.6977383651493143,7.174367263367891,0.48290297230693613,0.0,-8.766282292616662,-0.13766592928453858,0.0,5.568501172550843
0,043,-6.573857460572892,42.72246655204662,0.2624735231299614,-6.282315197410035,47.19120929863575,-1.9680012474330772,0.8159928979850694,0.0,-7.778426745553268,0.9596333258839485,0.0,4.1015856768661045
0,200,10.533555153223224,-189.29916179432192,18.252484464664622,4.63206011488945,-44.581486601798396,-5.680904456562531,0.5386195467224711,0.0,-8.987548709951925,-1.3467454179707856,0.0,4.671872240571038
0,019,0.9295717000588634,-57.181299717077685,2.0179626729343623,-0.00474724052100305,-16.481266104942925,2.5695841224318037,0.058527995981878356,0.0,-4.132539149162326,-0.35375264563550524,0.0,2.22126993315934
0,077,-29.176700309468952,332.02416076969985,-32.362648846516336,-22.8433317300178,230.76227028459616,-22.26806119018429,-0.5099551865277228,0.0,-3.979080797796902,0.9672930331376427,0.0,1.9126344462506308
0,184,34.25185489861973,-366.8678860251616,35.84835679769001,25.711798680974717,-203.36628279871726,13.59511275243201,0.5032607220930055,0.0,-7.369882286910873,-1.2630481306382602,0.0,3.546237824455471
0,336,-16.158900000128764,296.2350921148514,-19.936945249364378,-7.525670602949903,137.72346810713856,-5.668759573489073,1.061453951781562,0.0,-9.25892637594015,3.3278055185156457,0.0,5.069295000906527
0,074,-32.89989379510629,337.0387309685801,-17.543272212623016,-19.282721614767738,157.64383467291336,-5.076209799122151,0.6153105325506512,0.0,-6.82420237230638,3.131498613427411,0.0,3.6546345453018354
0,119,0.06101187505241012,-6.460871117776817,-2.3052561819432995,0.2437168253413546,17.456467171133994,-0.1008162659604458,0.39165668186002517,0.0,-5.013683139572133,0.3774023118082099,0.0,2.8551896338574347
0,016,17.100733999648323,-238.02614155061903,17.163875063230346,8.017369755970913,-73.41176792976476,9.12635275545961,0.6309696059353416,0.0,-5.995773406130798,-1.2385672340541445,0.0,3.015507153229821
0,246,-31.437786492226035,285.3240440905424,-11.55642249413828,-15.602541721552846,125.47635231075185,2.43604597763244,0.8029168014632087,0.0,-8.751509716614123,3.0110528560874776,0.0,4.493790544854507
0,234,-13.508778385746716,185.7525000944416,-0.013573045706843862,-6.176526962777076,99.22835532883987,-0.36447366204952386,0.7998296508866055,0.0,-8.140064784813275,2.058277179235244,0.0,4.34718726045163
0,124,3.186871599507528,-22.01975303809414,-1.948746455604347,-3.2820540145542214,24.355073457708276,3.6764543315449716,0.763891667683647,0.0,-7.178786433481442,0.4508400467300117,0.0,3.700518102563289
0,199,11.707861805040189,-209.9223784502685,23.132030492243945,1.3851730000509157,-55.4501160977667,-0.7571192479111675,0.4600919909462076,0.0,-8.777691921378075,-1.5693185342675011,0.0,4.411771961318387
0,279,20.89578784062417,-300.06784739847825,33.102412086965465,9.631722666258748,-112.13921185434806,11.248981133549622,0.39577896458034,0.0,-7.33669080060233,-1.756049612298538,0.0,4.123291041960895
0,168,-30.36030486796171,351.5545912850918,-18.240465669817194,-21.01995565904086,175.33424810595776,2.8111350933372248,0.6076867250604642,0.0,-6.914463175565644,3.0411821903464733,0.0,3.78147592575996
0,111,4.0361226570607265,-83.1494451499663,4.22844936594252,0.6643527559903871,-8.897150560350816,4.12721212082863,0.481289709169012,0.0,-5.299683556154305,-0.2689255102295637,0.0,2.947766124491099
0,039,-2.8241681462770525,69.14314098199843,-7.467430823025825,-3.3471374953226345,49.57569711674904,-4.215629733737874,0.7023644128830857,0.0,-6.004090865659494,1.018361591553771,0.0,3.160181035052738
0,259,-48.33682323340817,691.3518011795721,-38.711424646572866,-29.970104169061717,472.6562487084265,-20.104056919528308,0.8887431283631743,0.0,-7.586381953060973,3.7073014827698128,0.0,4.272736849461471
0,273,37.69895151159869,-394.6292196892764,41.30239204687145,16.85038120418135,-213.93590521582794,22.039519839420027,0.4819718520303361,0.0,-8.231135415028785,-1.8427281306169099,0.0,3.787564916968114
0,142,-8.303996555269874,127.91384304707431,-0.49239464735916927,-7.591324426102901,81.7436763869833,1.4602806435928122,0.8984763037581142,0.0,-7.571807049098278,1.6207067058826494,0.0,3.8748175734022334
0,333,-26.30544698299866,294.6153752364924,-12.715160253179667,-16.682518464186476,136.00507565423624,-3.792767298007308,0.9094740318555673,0.0,-8.289196720104622,3.255986104270382,0.0,4.574352895271263
0,352,-63.12625399614617,716.8108904936828,-26.959171997191387,-73.31386592209672,486.0348211780731,21.766055502096975,0.9090633115907111,0.0,-7.607231637750616,3.965393795905592,0.0,3.9936751640250505
0,068,-32.33487732133047,276.1700405284296,-10.880087858301252,-15.28813543735083,126.52478547369999,-2.7552025809743452,0.8363511500525498,0.0,-7.573634628575338,2.9385447822885817,0.0,3.9357708645076444
0,147,-23.990890937474816,159.48215790421094,-13.164037393982262,-13.553843087441265,69.3658064958799,-3.5831349797311214,0.3309088010119434,0.0,-5.366616258246142,1.5244452130607136,0.0,2.900124702209977
0,038,-8.71258002455421,53.57706901710448,-10.648458907184235,-2.136631083012419,35.401289300490085,-5.734106183303702,0.4562967217331761,0.0,-5.435047380016786,0.743399154663134,0.0,2.8157717218473177
0,145,-13.124411814374177,135.0669690696264,-14.384834636536041,-8.100355382497169,48.56901758003578,6.328459036960129,0.024151907350823426,0.0,-4.7051507784900615,1.1528584856041502,0.0,2.5023231153740064
0,049,-14.109621009037753,152.70507487976045,-1.8693628683948897,-7.845473310115702,89.62957802447069,-1.1608524506540177,1.040700990184455,0.0,-7.411237431532045,1.756767701795445,0.0,3.6987561707703187
0,095,11.027724505206416,-146.8970734427379,7.549726608538423,5.39497991744792,-53.0317954133197,5.149272945541208,-0.16084046601735086,0.0,-3.774223781465694,-1.1803006198468642,0.0,2.0981370752335455
0,208,4.655168172131913,-118.46248835883243,13.581532609804288,-0.09524164173906176,-10.125870293942613,-1.3483868863171398,0.7667677147942281,0.0,-8.679966787758788,-0.5284729945862258,0.0,4.350035291280727
0,261,-97.96756774723643,714.7043022635821,-38.102120188591506,-79.2733320357913,492.71524782579655,30.959367971137898,0.8667780736548588,0.0,-7.364799144581067,3.742839706937079,0.0,3.882867673531568
0,340,-38.81339842495051,410.1419463309298,-17.305288180458767,-16.079476695730854,210.21938761706363,11.767336151522638,0.9052079249629355,0.0,-8.317215751584158,3.522013764552329,0.0,4.6255975640476255
0,345,-49.40751776406863,649.4182006278423,-37.99405546926953,-46.03442725485118,420.5786053178679,6.309607657270596,0.718353332730592,0.0,-7.2307282527003025,3.57887256121934,0.0,4.234633535094342
0,163,-24.406553533691554,234.9617753631597,-19.699483413914205,-15.488662508730902,114.11061300228373,-1.729755111200695,0.08296986504434488,0.0,-4.89401483013628,1.7049241275121205,0.0,2.5663784590678977
0,257,-50.99474703842855,642.2339217201993,-31.489177166987616,-38.979519784952586,444.7532454289885,1.2044998506480287,0.800417134119654,0.0,-7.0056435696674,3.4467141063765165,0.0,3.7626868015907444
0,206,5.113562641556704,-74.48472505654335,10.7615069454288,-3.789581096107453,6.912324183391617,4.914257697503645,0.8841007218522433,0.0,-9.005123975653916,-0.025631473682984466,0.0,4.338285817752778
0,182,29.330391720558463,-349.960224383016,20.64399248665722,16.935043113883832,-196.81126168349996,16.63256807304687,0.5193143587480912,0.0,-6.63988742220519,-1.3205589968366587,0.0,3.339924484117719
0,181,27.239743878208024,-335.440303230799,24.992045689976877,17.168095939388685,-189.88618761074176,19.055760900059273,0.6081536294237695,0.0,-6.521194481175638,-1.1284930432597355,0.0,3.274105091480394
0,137,-12.479097827197611,106.22343322869344,-5.453970071713445,-7.452689146287532,56.928192410126215,-2.305750466115547,0.3255199773978016,0.0,-5.112323687009553,1.1530026290518487,0.0,2.76694579142024
0,308,4.35532610393996,-40.368191878681024,7.998321811036327,-1.8663605624077573,9.808285795437783,0.060807810650217065,0.5324611016382208,0.0,-8.679858741797657,0.20189082715813983,0.0,5.072354567913624
0,326,-16.787373613328615,173.74811875698774,-2.5382691130042683,-9.195565580379888,95.86690551624338,2.427850143747636,0.9781990256628402,0.0,-8.961989862133231,2.056724248087548,0.0,4.840835248388041
0,304,1.2527230808399543,-7.476733635377086,0.3234984735215105,-1.7292920243787615,20.7346574870609,-1.7866266728339526,0.576857091922965,0.0,-8.124489813824308,0.4239942170124246,0.0,4.306252413739898
0,334,-20.506137355521314,279.9260883570028,-13.844804891439585,-9.992478084289225,124.13929173294956,-5.067776221817389,0.9269177961632622,0.0,-8.221134501669338,3.006017159387226,0.0,4.7114999655456655
0,297,14.457272623636985,-134.79005161404774,9.161627050885176,5.176753464882706,-13.08367105953153,1.782099578307191,0.7987694743147038,0.0,-9.345083498460466,-0.5887442842387077,0.0,4.896746495844621
0,216,0.48220020516747275,-20.284964423148196,7.213754412946313,-2.9347575002206288,10.776050455881617,-0.04107663464500563,0.5846604615082438,0.0,-8.182077959394707,0.20946403418861104,0.0,4.198796212570439
0,087,19.21999032289865,-240.76211313723192,9.445693951641887,10.996063939592396,-120.00875197457549,9.205217434735891,0.25403977429990926,0.0,-4.181165416857288,-1.1978939974303755,0.0,2.4211689304803654
0,189,25.16504233518724,-298.46234422606875,36.20279028547215,9.321426268698582,-120.74274397668562,10.799131996125004,0.5809336040774706,0.0,-6.9989181156891425,-1.5640497417574801,0.0,3.7070878858579266
0,050,-4.233277995888628,145.08949156972216,-19.396773497383073,-2.6387510708301454,92.29184001412851,-1.9403272820882063,0.9666911887393533,0.0,-7.701530220468109,1.8606219386689788,0.0,3.941005584773739
0,346,-94.36545486074992,661.6461224076526,-36.37882448542274,-12.899187017753958,443.44067180528623,-11.48110448768134,0.7291257796892388,0.0,-7.4199161123929445,3.545497069377632,0.0,3.85007421515854
0,157,-19.15619642559817,253.72083160828493,-13.565792966519362,-7.812925103269648,112.46376999510485,1.0422082846041285,0.7239452489955366,0.0,-6.8460230240180096,2.6025970221380152,0.0,3.738192803466769
0,258,-26.492002155183375,667.7966578659369,-40.025874066317925,-17.849400088759793,477.2918875215764,-3.631596427122226,0.8478926729018678,0.0,-7.246165909378194,3.50705300653021,0.0,4.054703796542854
0,267,25.835375160999728,-333.56294066369173,35.10052906464961,17.107220715453302,-192.91192075459134,18.462464372441964,0.5305161654641329,0.0,-6.6065603350723485,-1.1955081216361987,0.0,3.248941732987558
0,080,-47.10752197011814,477.1315487124319,-30.82024402861317,-33.546437934420055,317.743171677628,-6.075036754566477,0.34569158642677383,0.0,-5.400748078976683,2.470888118849712,0.0,3.0442057050843
0,286,0.9532152853043757,-182.71837710135495,28.147053588264956,-3.304986906243489,-42.17108601186068,7.818289032262632,0.5810969422594648,0.0,-8.69198563653006,-1.1878632651812364,0.0,4.891207881111593
0,178,21.62772677914546,-213.33938736443116,3.873928295211877,12.878691175690468,-117.6622244094342,11.484328761359412,-0.07014847091310406,0.0,-3.6004259652938275,-1.164221853997951,0.0,2.0268427757370397
0,348,-20.270424301023667,686.58750939083,-39.820560288648394,-52.64933750502885,488.318525993959,18.746433573548437,0.48874444538188005,0.0,-7.1340598367026935,3.148452025941005,0.0,3.913522711317495
0,256,-24.54242907196241,432.55543552030196,-31.44342079910306,-17.71655336577505,212.86644385220404,-15.268869505541547,0.9743056340804697,0.0,-8.484618986258036,3.9382424555065834,0.0,4.810803934794707
0,118,-2.006974819936151,6.719097123205606,-6.019736617959527,-0.925610394976543,10.518461384879105,-1.9347627147863828,0.20221794739713583,0.0,-4.891910231322184,0.17502215521613682,0.0,2.5471160753466138
0,239,-19.433390551415922,148.8759289500534,5.288141160202494,-7.301861536742854,68.79806917674004,-0.7994900929848046,0.8060634896615487,0.0,-8.569917378460344,1.730562448167333,0.0,4.542842043475177
0,051,-8.00486954378765,132.5186898292217,-6.044979967654366,-7.175609002123196,83.88828252522151,-5.430722254155831,0.8539737267429505,0.0,-7.96094623352257,1.748809128512103,0.0,3.824366696388655
0,242,-14.80991762870207,280.6580701839756,-25.749440076065593,-6.399209259966421,122.96351424235449,-4.191010483803073,0.7290981849050038,0.0,-8.121709973292026,2.884127801729543,0.0,4.390031133777553
0,245,-22.25173895766499,290.65474156627914,-19.067797153212524,-10.294278324476709,130.77733156350524,0.9642148806758788,0.8963565863304669,0.0,-9.04831809737625,3.1638533981164576,0.0,4.722655977908337
0,097,13.411758318950518,-168.0709472274117,9.000549632405944,0.7970450350919316,-53.525106149190805,0.750537224396977,0.25334788099600614,0.0,-4.422075779345039,-1.1044345165082408,0.0,2.485954323568931
0,318,-4.59163175359128,50.45973942040237,-1.9054049622577331,-4.739865033535326,44.88128072101444,-1.3548943057327207,0.7574994542594684,0.0,-9.058435663694105,1.0613426034897673,0.0,4.9399411917510525
0,183,29.77300535340097,-363.6504414570968,15.773557225444515,27.669477285532217,-211.1978681955537,17.9201160150245,0.632699479995431,0.0,-6.950882846804692,-1.261298295696829,0.0,3.516721231189107
0,025,12.843235819866115,-131.28786781960397,15.48867944970489,5.350349429378486,-27.869378359352247,0.6664713448788039,0.4444487161031158,0.0,-7.025834990633624,-0.8339190555221463,0.0,3.305580134562819
0,170,-26.386774581468647,330.74064975112395,-34.92915307579313,-21.42453433997779,230.3143307225689,-20.40615216072402,-0.42697045703090564,0.0,-3.879944399893472,0.9298930768002431,0.0,2.1641725480284637
0,349,-76.1157679025608,720.4314558406413,-26.157858917588005,-77.9043602958983,508.13158554636783,34.05187693984253,0.8468548598321368,0.0,-7.749785671606497,3.566145871816593,0.0,4.121061543085305
0,324,-12.275581447723416,186.56581846709122,-16.32534931974237,-8.637238004596949,100.50474987674436,-6.835281295271862,0.9132518903374535,0.0,-8.365415963003898,2.2632418492311945,0.0,4.648422140362618
0,240,-23.764705145550156,160.9716195707211,-3.157332519382915,-12.379072767424718,95.38597568063233,-3.126424014622242,0.9872865332878814,0.0,-9.92563665807422,1.9963463944864068,0.0,5.182601130413824
0,274,30.68805086791728,-411.85682198835156,39.58213981438603,17.789758311366743,-233.6265726381104,30.55709938395968,0.42287951687802483,0.0,-8.183841093650019,-1.7357857468791171,0.0,4.166016003762119
0,226,-2.1061259691367975,67.21839999851376,-6.040768254166065,-4.767300728992477,54.77377374190506,0.1714199468910623,0.6496587906726531,0.0,-8.469465474115426,1.2071499001641894,0.0,4.146155096607108
0,084,-61.912181957029134,596.6791692509977,-41.77132227484727,-32.700035172209475,418.58686701544406,-21.619942699888973,0.5405488310274066,0.0,-6.871966799293449,2.9991325020489765,0.0,3.5287389445196156
0,035,-8.718990370461471,37.9645933764456,-5.724539063419822,-4.310685008925874,17.341958999483413,4.838189368858041,0.003124248646097082,0.0,-4.35785956652104,0.4196051727112673,0.0,2.213353519003747
0,295,0.6474575432879165,-60.631917900448,3.214381213680329,-2.627006105018905,12.985769076942775,-2.984434087045565,0.904283073549182,0.0,-8.82756788674815,0.12265017849840647,0.0,4.724449799132003
0,057,-21.191350497438524,219.77562152978138,-8.699870849381268,-12.518298849982061,116.75923853551402,-1.382096185891566,0.9070477881425827,0.0,-7.28390731880804,2.4333996058905445,0.0,3.9359155320624697
0,069,-24.169233310124028,213.60115555637992,-23.941261590406334,-13.318194028688422,116.3664166183502,-5.744289296532518,-0.18061568040975076,0.0,-4.47682066940967,1.2794703318145562,0.0,2.2052214340621417
0,133,-1.7753223506202283,56.171645011056995,-6.093889695870346,-2.4393355319990735,50.62317522391799,-1.7729769963659825,0.8449355177679592,0.0,-7.223518796720014,1.0319315637049506,0.0,3.8268710865894864
0,072,-27.208772256858484,308.68080276838293,-19.203242960371163,-21.366806148943958,175.52137825269546,-5.175118023812136,0.22620804233662772,0.0,-6.429467163188702,2.135457506897673,0.0,2.998700598222407
0,139,-13.060914812925583,119.85074053843223,-14.833008496250034,-9.100937725713031,66.97009574224319,-6.875761850645057,0.5351355722303875,0.0,-5.789819353557183,1.3316987500358703,0.0,3.174421551944356
0,332,-30.413411160532444,292.28979470689677,-7.176445288391501,-18.872416561629365,131.8482338630588,-5.865217378880059,0.8337752260800146,0.0,-8.486252112470966,3.2087268691056763,0.0,4.815380912517237
0,172,-38.70925294889235,414.56288534988056,-26.071330357379594,-29.78173177905085,282.64441741710664,-11.100865492085115,-0.07063689066841783,0.0,-4.875083300398865,1.6417216036760602,0.0,2.5552764549347553
0,271,40.16734504754697,-376.59748051411475,25.50110292595843,21.46609432923622,-189.3769485960106,13.605884375830705,0.32698086773814083,0.0,-7.427906823621179,-2.0151625371901605,0.0,3.8352157379023533
0,052,-13.356515002544956,122.1223557675991,-5.287540064956044,-7.808723798373103,78.78028292908124,-2.652360547706818,0.9206931353776947,0.0,-8.055550525695885,1.6256063789289588,0.0,4.098894870972592
0,042,-5.582812382958451,57.15138191743866,-0.39569975192698514,-6.8411353162745785,54.18818684603001,-1.1602053914235133,0.8579358639111625,0.0,-7.90095562089359,1.1362625213472124,0.0,3.9459365785531606
0,194,26.515288588353428,-312.2259165586839,38.983717165903485,15.321579368427065,-127.5212876037003,11.74368519424327,0.2808873199806128,0.0,-7.550909867175601,-1.805653964795591,0.0,3.859311603439608
0,300,11.013317584687005,-154.59957896756455,32.20449127386615,0.6440921792974859,-33.212489907522304,5.587998176055574,0.5890370375229472,0.0,-10.40043465918369,-0.9944038138470461,0.0,5.637242895172499
0,115,13.84634611379183,-140.23324848732352,15.06072578333185,1.3683108225054361,-27.438899940198755,0.9909695075800665,0.4543250803335481,0.0,-6.946738499393541,-0.8151696561833244,0.0,3.523187357753332
0,174,-48.57321068408549,530.5117161903178,-37.31476783382492,-36.239740099027046,363.4679156417939,-16.24985720278739,0.5931832169775039,0.0,-5.975243855615056,2.6205059031632456,0.0,3.3420991492635026
0,328,-23.16403111136525,183.61171138863958,-2.769641472705903,-14.047453844068764,105.49395171401733,-1.1428217203702309,1.1416417022234848,0.0,-9.442984269251413,2.33104872359429,0.0,5.2392436092121475
0,066,-16.25818477684384,254.20980150459698,-15.043295649931963,-4.362511881738875,121.25169008327971,-0.7541811104117786,0.7084643438285534,0.0,-7.113033202652171,2.6898233571887444,0.0,3.7060316331506646
0,210,9.299620811132494,-158.18424916023048,20.193888528450533,3.097444892690549,-17.154618755166688,4.05553128701914,0.7302082896928634,0.0,-9.347386654640195,-0.7970448564787266,0.0,4.937820762235734
0,285,16.95005622188769,-162.5305064528664,17.128059007797958,2.5897806050017014,-30.843613582304606,8.9273090690845,0.5487586856228664,0.0,-8.304975911033658,-0.9993814228589262,0.0,4.4463648756287855
0,076,-38.76422560497305,359.21388533522725,-18.571263082599476,-24.68849731978373,164.77396728363874,-0.013573607607677717,0.7252921059988758,0.0,-7.749001931249078,3.3772124871729794,0.0,4.051980189782922
0,237,-16.413988706693104,151.33608667439913,-12.580262821687988,-7.768952034188298,80.74164467355394,-6.623692759883607,0.7532200287289555,0.0,-8.955503288566053,1.7909079531821581,0.0,4.628377266876043
0,250,-34.59397944978374,382.1288023974129,-23.48479892850585,-18.731007220355362,201.66313296708222,6.424606458392905,0.915990456650321,0.0,-7.897755556871249,3.1333779568389595,0.0,4.156315747851825
0,176,-66.59790077979542,584.0442151660185,-28.07564285782811,-27.618977329122078,417.84353446230523,-11.558929336063773,0.7405834902911702,0.0,-6.236484896620575,2.6966492110683347,0.0,3.657048592142256
0,357,-49.706269060664916,640.5161751220564,-36.32373842618504,-41.088616356529904,424.5452947177142,-2.0398983453827517,0.7313915299428353,0.0,-6.927377175992008,3.5389777882709526,0.0,4.045383356203912
0,058,-12.114201792162946,192.8794905758856,-3.1659629810823535,-8.71347208093211,106.80292565978517,-0.31996477463795275,0.8627025118298377,0.0,-7.26997562425208,2.2936390058322607,0.0,3.702702986595869
0,187,29.316255715738603,-407.0261338396017,29.879603406267098,22.43419816114749,-225.96407002843273,24.46788779340928,0.45775845874516624,0.0,-7.940299209078943,-1.6996959924426183,0.0,3.697786143504415
0,018,1.2561563831141276,-59.93205858514389,1.721157354154807,-0.9629084467427935,-26.701642969484272,2.3808820915934117,-0.17089927374950029,0.0,-3.726267513323642,-0.5176546130984636,0.0,2.0052463456567575
0,283,28.375937189564628,-318.69058800517115,35.1797339528039,14.75733901734828,-130.67879783227494,14.457377723055616,0.41357587474951746,0.0,-8.513692521218594,-1.787847379770842,0.0,4.685139618882555
0,036,-8.096041413531857,51.540338145420264,-10.217710927599178,-5.522691936305649,30.547603782888537,-0.7020279510442297,0.24701290088033462,0.0,-4.930289339254659,0.6724190918745265,0.0,2.539504181822934
0,211,8.267662812958859,-141.85810987407734,10.233330151237752,0.5528261954024124,-27.88844884184669,-1.5493388256740106,0.5629214355011795,0.0,-9.91861505269703,-0.731533748158711,0.0,5.150000958779155
0,041,-3.6594071409219895,67.41002607907443,3.8087381831887193,-5.733241528711894,53.5162537384144,-2.5943875098874196,0.9550987702413396,0.0,-7.5875613525535845,1.0678191872044303,0.0,3.5605047711936777
0,214,7.364153252883611,-187.3003329764789,37.25448154752903,-0.7611973340669755,-41.373352571091196,7.057028947555966,0.5742599864374023,0.0,-10.721933295290725,-1.1563434254473322,0.0,5.192263232174574
0,353,-53.4271678259246,710.1531211147312,-35.48029865777256,-30.16245924905081,504.00886260336875,6.754753097498115,0.4445426027050602,0.0,-7.287497591218369,3.3716577535050583,0.0,4.024742202559979
0,006,26.371705035285036,-297.7619384950346,17.551054033108958,17.1897094095944,-173.45186587215036,13.175310579060909,0.6418973078043984,0.0,-5.330142082314479,-0.8382216631212929,0.0,2.5239711681905455
0,067,-27.13055352133355,292.97584274107516,-13.364629889848873,-14.752596367324294,136.40831357809455,2.683554634494747,1.0162681810110354,0.0,-7.461275568872883,3.1524519328403584,0.0,4.045504032981903
0,085,19.459737006263815,-213.35577410316995,7.5010908213887975,10.943835371785989,-129.35122277911677,14.663551506787474,-0.21868254819814695,0.0,-3.6173567162393483,-1.203038039218812,0.0,1.987855275406133
0,158,-21.876189828537143,251.81449293185224,-15.695641878565448,-8.744273674641915,116.30116378940644,-7.571692011165802,0.8309087028781509,0.0,-6.881746211435948,2.6584675146698076,0.0,3.716002833426047
0,126,-6.03708774512795,49.357034576211674,-5.6791163032444425,-2.1876531095632155,25.41585387318422,3.0305364734684224,-0.005273237169886519,0.0,-4.395756208270421,0.5722885804793654,0.0,2.310321783573862
0,316,-12.79906601062251,72.01430126143309,6.18165834772759,-5.87136609739051,53.11931186595438,0.941383113553513,0.7683088138944438,0.0,-8.56562460220044,1.2249819241516458,0.0,4.5243944327167345
0,320,-4.89144422987596,67.7341669472422,-5.7344518985846875,-4.998519203393201,53.840445790294986,-7.899078539048604,0.8583233428437301,0.0,-9.739201631376305,1.1920013187471141,0.0,5.433010040550976
0,009,6.273682246534631,-138.25388470658896,7.524729129717309,-1.256016654433004,-54.066333731367486,4.677921842424009,-0.10497718986477975,0.0,-3.8321000174494286,-1.1565558768122968,0.0,1.9835806235024387
0,321,-23.058774918467915,204.90801161031976,-12.726078590502784,-14.315085526813773,112.14813451716931,-8.324904106833007,0.867359761662191,0.0,-8.502768340766657,2.392951751541167,0.0,4.217772323005169
0,192,24.023064829703173,-317.5931265432644,29.830163462159216,16.829111583421067,-142.58129731142932,14.850537118159053,0.41750834610863474,0.0,-7.481005842320868,-1.2816223100479496,0.0,3.9629972358402217
0,108,2.52790236974003,-67.87992998242555,2.3568422402330316,-0.2887890996865926,-16.878572379354914,3.2960303425536623,0.19816892732441188,0.0,-4.551420685408792,-0.33509104179176685,0.0,2.5242600743786796
0,161,-30.125859362095692,241.98453627809133,-16.875622375132014,-16.58558510030803,109.91781033369209,-3.6202758316116013,0.5959365672881267,0.0,-7.561985993873888,2.6829789243546287,0.0,3.702958624826473
0,153,-18.96473572508069,171.2515846542245,-8.002733420118547,-11.396247160602393,95.38143229037208,-2.9872911231923744,0.7136947221145625,0.0,-7.439441216199957,2.1043387636445168,0.0,3.9645987085699526
0,269,28.758335983582644,-358.338968969576,33.905462997561855,21.689355976883945,-193.1369389913295,18.063871705195844,0.5399764446389318,0.0,-6.960725268257848,-1.4785393044528028,0.0,3.533165200060988
0,284,11.918332020992835,-159.17243337804803,20.733265843153976,0.8099157437904445,-39.28050886889141,4.202916405026989,0.2813178132820629,0.0,-7.4985186051913715,-1.0216664314300068,0.0,4.0043690935405705
0,010,10.278453051961348,-158.93597580195456,11.348755531620052,1.516314009226703,-49.527405206828696,7.038771585952075,0.0369131408749225,0.0,-4.141821203274604,-1.1928295386153485,0.0,2.2335091426237312
0,254,-35.92862798298763,414.85627194685856,-24.95693364199103,-20.1677047190195,193.9779804924813,-7.3992470623255295,0.9199880411099003,0.0,-8.16513782966737,3.7381897164279945,0.0,4.773064132455513
0,301,23.646016700993567,-197.20538907314824,20.860653003523137,5.396942017478533,-43.338789991547436,4.664299246379701,0.38967175121834086,0.0,-10.354467225897551,-1.2383205984505739,0.0,5.394829406966039
0,236,-15.138104744207462,177.2065173481495,-9.660219865795723,-8.126178626381153,95.72050517490518,-7.942211170310653,0.8011138103891384,0.0,-8.208347839009912,2.1133492539494614,0.0,4.428714634136102
0,165,-28.101987206157,299.17712744874046,-17.54821846559413,-14.073443097736618,163.51991507897947,-9.751808741797904,0.2344765849887656,0.0,-6.358322902561986,2.200010592053685,0.0,3.0618433898877293
0,089,21.669695742991955,-290.3127841179526,6.317119904651628,14.598954607529066,-165.88207788448793,11.87219413074895,0.6773459708583043,0.0,-4.788310289701772,-0.9581086298714844,0.0,2.50511531143881
0,317,-10.756172366133582,71.53533640945527,-5.274798031695941,-7.557988879057636,56.51511209861421,-5.815940452747676,0.7620390397204448,0.0,-8.772500294027106,1.220037293483349,0.0,4.965572860538598
0,055,-19.43175343467615,197.4079911345505,-16.974333047990477,-12.943079766181421,96.22059522133597,-5.503506369816488,0.7920554930939295,0.0,-6.1967950416550455,2.088354232997625,0.0,3.25485357997089
0,026,-4.333259915185867,4.710837109511688,-3.870680259472427,-1.4738029381113706,-0.16933240916324674,2.826377318223687,-0.14887480635979586,0.0,-3.9518370247547705,0.04809253768441603,0.0,2.0719106649763184
0,144,-14.656265659122933,89.94136211029058,-3.853429350780011,-7.446584661028687,67.10996138196951,2.4663094498780174,0.764157076605278,0.0,-7.470798336414715,1.4158455463253834,0.0,3.7016481207078775
0,015,16.935120419721795,-227.57039635212294,15.500803932014678,3.4486008189239667,-62.955783716379976,6.186807198474797,0.6764453860438893,0.0,-5.717515987176116,-1.1886043497832648,0.0,2.840017110243535
0,309,-0.6686863933302267,-54.69779694464387,10.554046875125772,-3.090844157946223,2.0470127820020907,6.6462913091346865,0.5585280527182163,0.0,-9.123642060937147,-0.05954242987736057,0.0,5.415748216837485
0,065,-23.35515607749091,277.56191731154547,-10.53418755268197,-12.09658187776006,118.47855223543677,0.24852622018180634,1.0877277497051911,0.0,-7.369083019616165,2.604429419323955,0.0,3.7844051755275174
0,029,-5.555666293205251,14.874260330874797,-4.1074572092663875,-2.327065955088619,23.61326030316643,-0.5999910650107372,0.4673546315562628,0.0,-5.258777048390332,0.45250879010180745,0.0,2.6953064688656543
0,227,-12.640110860982034,81.78613190054769,2.959802896561732,-7.491966909970428,60.3795690581347,-6.268657803696293,0.691687929477788,0.0,-8.005348791381671,1.319805927849933,0.0,4.538032430506651
0,288,11.916718868122969,-197.1618582806343,6.214044734991567,6.7477043908315215,-46.3418434338813,-2.5507834025780207,0.49554704138420225,0.0,-9.129145854705275,-1.312243831395104,0.0,5.18291404722205
0,347,-64.89517514458697,683.3091468472942,-37.39427137613066,-54.035324236528446,494.3279394535904,-0.21617925091076462,0.8547004775603064,0.0,-7.521447841758303,3.3942947379288513,0.0,3.8466571159069236
0,086,16.633238139634432,-235.68513152026298,8.094679521058923,14.23496086550002,-130.43849487006398,10.967045385818002,0.1966486543915823,0.0,-3.708225066348468,-1.0665790003195328,0.0,2.155917281938503
0,070,-20.008984149174136,253.85852595249668,-21.203372580984432,-15.618495131791649,120.5744584001362,-5.824174713959362,0.24040375284055732,0.0,-4.968894674647848,2.1008218763592668,0.0,2.7128054042693566
0,001,15.576699476600162,-211.21707565116182,10.57975999806798,5.785685807048393,-103.93875127026553,9.389542926096311,-0.0645423359073468,0.0,-3.7026264276203302,-1.262081236946673,0.0,2.02236835935401
0,021,5.141679236438346,-62.249901724845934,3.5211960078765236,0.5820669719147098,-9.83596248397474,0.20923987510600817,0.40067192690152803,0.0,-4.967542452901434,-0.2638408333997902,0.0,2.6267533343949308
0,160,-18.50638929506851,251.19784786892777,-11.885242419791128,-11.256018838771977,116.54835763830404,-5.970161061081275,0.6849420494458152,0.0,-7.412554961703452,2.7282908274682605,0.0,3.762889349272759
0,113,14.557142636067223,-125.54168705398264,9.630558104445702,4.573203874967721,-25.743728392573615,2.0532815509544795,0.28121433992344763,0.0,-6.316423347262446,-0.6946761893941487,0.0,3.109488858931261
0,061,-22.04346254221512,192.05558315702368,-8.23546032752761,-13.15506590860144,71.74999773439202,0.17547259874679874,0.08720994600420365,0.0,-4.68138015259998,1.7136158678328193,0.0,2.5731734911190256
0,342,-49.33530755805797,411.26095647295534,-17.04278689508489,-36.55770055600613,229.73963776682632,-0.17615749382594267,1.003735452332364,0.0,-8.398583914230318,3.2637768967640866,0.0,4.053089961679231
0,112,11.279737630140897,-96.637707189197,6.5472436722598015,3.2229132216977514,-7.8118262132061504,-3.3762278582751217,0.5101851763010586,0.0,-6.046844629642408,-0.33480974044430606,0.0,3.0139274574861057
0,004,24.343775432704167,-272.2891485855361,6.086569499053478,9.298272067771117,-151.2283636356594,6.534673887139165,0.4457374782202117,0.0,-4.5829304835144535,-1.006149984880995,0.0,2.3016681796785448
0,338,-37.99430085684499,383.03312337834967,-21.657895202160606,-30.606609701081876,184.0151651271212,-5.443266256729158,0.9206670846836849,0.0,-8.042298742422096,3.497532451308789,0.0,4.294345562087848
0,186,36.44612230032341,-392.7596669887284,28.51615284542599,22.07384609380347,-216.37442978541515,15.06209794809892,0.44467023761586894,0.0,-7.523060499942204,-1.4899639581085657,0.0,3.815189168182833
0,106,1.4818381840075716,-56.35668811384326,1.0028597455273602,-0.5905577052098924,-18.919800270997392,3.477314536343913,0.061795933128605166,0.0,-4.247641863829125,-0.39236613946479787,0.0,2.2968681695144464
0,116,-2.9145413900365447,9.583262740103592,-6.592759705153079,-1.6559175151693906,1.5006485788227193,2.3709981438636856,-0.1644496670199151,0.0,-3.9495325790511946,0.11715954059205863,0.0,2.066790192920331
0,313,-11.520695131547967,95.1911227578283,-4.366591519020405,-7.1661281862766,68.16993047983634,-6.802506159132431,0.8165236810077697,0.0,-8.262835342876917,1.5033184685826424,0.0,4.242661631762768
0,282,32.227226659593384,-320.1005660169087,34.16633178640783,17.28438979324728,-132.3762511316978,19.341185953932907,0.28132234110798854,0.0,-7.923858484297031,-1.8501893500858368,0.0,4.434503639702123
0,243,-22.427710589941174,298.8020458891241,-20.70701704421362,-14.677317349931617,136.77537394875205,-7.64975838192779,0.9062717458356867,0.0,-8.426486487765333,3.2361567742588666,0.0,4.739086659044182
0,330,-37.982850796242104,299.9096722888138,-10.126279123778168,-24.29765263660783,135.81728603257366,1.5866212155825186,0.9585081998813885,0.0,-8.06173271399218,3.1427077639892915,0.0,4.477432097387817
0,064,-20.020829331582092,264.55746552312326,-27.621036769052562,-13.680294029925218,122.45734550988533,-9.06699257932295,0.8582749900417997,0.0,-6.715290446252518,2.7608087132180255,0.0,3.6539179968128956
0,159,-26.097749020579162,255.90496595592313,-16.596975246089528,-14.061226751269215,116.3427205696948,0.9563801943277966,0.7838522167851756,0.0,-7.3121033500058905,2.6757889996175477,0.0,3.896555814855014
0,132,-3.504860550880281,57.271522784778924,-0.5377009142799524,-6.0559825074283555,54.34001884371959,4.634434016850292,0.8290358177790402,0.0,-6.673429513839206,1.08896637719067,0.0,3.6600440951367235
0,007,22.655586702160235,-305.30041910857216,25.07308502495948,15.666352894405751,-182.85929243059815,17.94267396508211,0.383212998098909,0.0,-5.685563899113305,-1.051344113184056,0.0,2.696802016751739
0,263,-105.84021140095508,761.2939229843867,-47.02875071254676,-26.156470802817356,527.8152741200465,-12.41381942661154,0.7196794734732318,0.0,-8.28768813612967,3.990724308239339,0.0,4.490976539665169
0,311,5.329842591262502,-86.48500719780274,7.651834196349041,-0.8318313367642721,-8.92764395707658,4.7989376715945635,0.5488956493237045,0.0,-10.317392517908525,-0.3099193702464386,0.0,5.709908745376051
0,011,11.40734391565499,-167.62830552151885,11.144919644818952,1.725630161358975,-52.951897578657494,6.57544887440814,0.2551709244792288,0.0,-4.401302807074168,-1.1582941601603647,0.0,2.276054925185
0,045,-10.537547938934408,115.0350264694297,-13.33175760806763,-6.0897414305121105,57.577498201129536,-5.770307259701713,0.3666317432423806,0.0,-5.305163631317008,1.1453916757513913,0.0,2.7042821117232
10,329,-55.284882886252724,700.8173973244691,-38.50091617664887,-49.2804780992786,481.3677284382972,10.892767128329998,2.072243384313127,0.0,-7.145073187894768,4.748461142337822,0.0,4.0378583504956795
10,053,-15.118136223845072,129.07403071008565,-7.1037457762271625,-14.346506529752611,122.1433501839343,-7.732391712843036,2.2841780516139045,0.0,-7.704454448115671,2.4485502413004654,0.0,4.268221441654487
10,209,9.10542628652772,-172.93274436986167,30.672518062404542,-5.204706502760971,19.653738533114318,-4.57496340883391,2.175231558688382,0.0,-10.103497960780059,-0.027559246077033306,0.0,5.465476341930849
10,251,-62.35768172804617,641.7386125914979,-46.79891664560942,-33.943524121806796,438.84119171410146,-3.787389803627474,1.872067508366083,0.0,-6.875253951193293,4.503225036378889,0.0,3.8298182014121998
10,141,-10.893400019720877,195.71679072014547,-11.11199229166381,-12.6388791656993,135.53134994421688,1.9483904776370617,1.8618745245875088,0.0,-6.3776110630325595,2.718071061538822,0.0,3.5828410921615914
10,154,-12.880322853881665,215.55489131122832,-28.677511352751026,-15.133463876720283,121.16576142948335,-8.301607724711657,0.6153939581381084,0.0,-4.461429413551049,2.046315534235484,0.0,2.182015042142923
10,331,-61.868288814475704,757.8662562816277,-91.97313654838081,-50.57022663403094,514.9744732261057,31.03219741659395,2.454297089130745,0.0,-8.297152059962082,5.3706409471174235,0.0,4.679746612809543
10,151,-21.048307212459473,300.30078634989127,-20.408567364493976,-22.235123619489627,179.72782363441118,-2.259190042861366,2.3700425864068766,0.0,-7.372337592343587,3.6928170177134927,0.0,4.057228931182892
10,048,-2.33461263873017,122.06987894267415,-15.52964642240924,-10.412411733206852,96.70844246308093,-4.075994849252428,1.5457961477432727,0.0,-5.71082180110817,1.9356293361546761,0.0,3.0808533028910685
10,152,-24.78284547445561,291.3719280378141,-19.707341576125618,-20.937835562932037,176.31681794781855,-1.921293982827371,2.3673867036729748,0.0,-7.657365982636946,3.7655057834720207,0.0,3.9741676079338406
10,164,-32.15478464232702,383.068087564111,-40.97104320683745,-31.457501334679048,283.636059406596,-14.016537280893736,0.6494595203554959,0.0,-4.463856039329075,1.998234067085525,0.0,2.3461747459395705
10,031,-3.709334706554926,-0.21697715573275558,-5.920575000568317,0.13952004322321954,35.12728869786879,-0.7833980228660581,1.0155055740502679,0.0,-4.59147487230237,0.6572861978821006,0.0,2.425694866944315
10,248,-46.05382539988341,404.2344689774118,-18.936343243979266,-25.317578488150115,224.89623903654942,6.77421204904494,2.241340224401288,0.0,-7.68539029437608,4.665043117022047,0.0,4.264781293792604
10,249,-39.43145004460841,418.51957076747925,-27.46759731665269,-24.41890292970427,226.06941380815223,8.225770031778127,2.4855712468003572,0.0,-8.098245725589042,4.747817646590963,0.0,4.635838971778666
10,262,27.17807153957471,-356.1378101161991,34.49398766104199,9.563038721018135,-196.2460515210614,23.173665786080726,1.6148544231626962,0.0,-6.914934752437886,-0.5580249998899048,0.0,3.715327232844871
10,222,-3.505471191245998,57.34345418081965,1.032256861566581,-9.800778301902719,85.66306534563086,-2.182758945071095,2.0209349841517703,0.0,-8.093817252241633,1.6619121527841758,0.0,4.271241193794234
10,335,19.01750558466695,-341.4068324212522,36.05031879635961,10.544222348745164,-208.77043726757807,9.042695385958938,1.6281743109258806,0.0,-6.130169175224768,-0.09208849505330058,0.0,2.926077343225704
10,322,-38.601733600342186,399.88881364457546,-38.69520618532589,-28.04060107896823,217.40708635121305,-0.4160670282481034,2.3179999914461633,0.0,-7.5678367001512745,4.6458140461911706,0.0,4.429937589200736
10,102,3.160960477506105,-59.029813111102676,2.063516742401841,-0.5883708751532197,5.292971250218498,-0.48100214454928025,0.7211611410829054,0.0,-4.085187674803541,-0.022771932699157005,0.0,2.194881380723164
10,264,25.344995858656155,-363.8238485710446,37.36601119138934,24.410548486209137,-190.78837879198744,10.133257048255485,1.6964758308578058,0.0,-6.9529699490034504,-0.43180740012499874,0.0,3.742284675396907
10,107,7.601639898689855,-78.87162893743687,5.339555616502974,2.2374310477731516,24.72135575931356,-2.4934924427218137,1.3590672706281268,0.0,-4.614972491409009,0.1577694804922125,0.0,2.8474040356224632
10,083,-43.05653743263937,574.3220213662028,-50.08229883456559,-24.83174692036189,404.8131901594753,-14.69232480279521,1.5143789763594517,0.0,-6.501509879481895,3.7849596094923,0.0,3.353076340622645
10,223,-15.749704923078992,62.633282709203165,1.266718644320294,-11.276766264342156,98.25225061569964,-6.8031680896681515,2.2482486357445692,0.0,-8.62927953148829,1.9703534703439798,0.0,4.697844979273307
10,127,1.139840091843788,30.624866762509775,-5.974283318261702,-5.619849590412582,75.97623034107913,-4.003260522451015,1.932213585019532,0.0,-6.7033303603855,1.3991702508686261,0.0,3.7789023792094723
10,188,15.197214626999468,-314.11736190041273,37.138419173990506,10.953840095650376,-143.757310755752,11.773264190892444,1.61422956376722,0.0,-7.057140551183334,-0.517797353487636,0.0,3.9135499881559053
10,100,9.963723803883564,-255.67889149083967,20.15365530338096,9.62904323390981,-102.95943300983113,9.359405829643404,1.6640506423532049,0.0,-5.924789159214464,-0.1855941672747084,0.0,3.19710772685361
10,014,15.337012773600378,-187.8256509867404,17.01948933531574,3.1176083082372927,-49.73515342525021,16.40291561514997,1.2967998058084076,0.0,-4.716863024026367,-0.29912731777199514,0.0,2.575785193022909
10,075,-42.048986746937956,338.3778761874195,-30.353300696830694,-40.03153544841957,193.63578332611797,4.714784278599558,1.615730906194562,0.0,-6.822963844726557,3.7624926444275935,0.0,3.539499100521098
10,134,-8.52221927870069,137.00762852382053,-5.84901034205164,-11.186674629659194,118.07320877403647,0.9442904438536726,2.038381561312183,0.0,-6.952869179464657,2.299040049206013,0.0,3.7281369514380485
10,002,18.01275884601073,-234.97125281011893,16.129853427407614,12.972251826495157,-130.0049415411411,10.321947563199966,0.7745208561039335,0.0,-3.7827853493121015,-0.49734818661852653,0.0,2.0331014265620406
10,099,12.572671952526312,-215.6613563510498,17.026526347456887,14.010984091915955,-79.59088461407859,5.3620693018336425,1.6051772143175151,0.0,-5.3832515994152565,-0.11252759437918047,0.0,2.908115395084124
10,063,-14.528576088822168,222.1175040016237,-30.72030452469909,-15.656835773070817,122.80439497709277,-7.86038493670811,1.3077402799955236,0.0,-5.4286617012278935,2.644574419086051,0.0,2.8466160559499865
10,229,-18.767988333368688,196.0629191569703,-0.6481758455902633,-15.258134599787478,149.49507075480838,-5.021042823982945,2.2181439800361336,0.0,-7.877437764543855,3.008118162001106,0.0,4.504769184317296
10,024,5.583653757134072,-79.6627344284001,4.693596235507382,1.243782048720277,25.651475008400546,-2.7049074362484307,1.3772663514496375,0.0,-5.0458352885688695,0.18334751245764364,0.0,2.855855917631353
10,166,-45.74299675378738,466.2130152051387,-58.053675705859895,-14.768584627559495,325.67162395203644,-29.661091787421675,1.0950280080482884,0.0,-5.138238599456142,2.964642591615845,0.0,2.8355988843073945
10,290,-6.065165906805774,-63.70455029137363,18.581532764886845,-8.741764825331938,52.544660199131556,-8.364141340542425,2.138470409413544,0.0,-9.306975466108351,0.7818909230015315,0.0,5.386512445563181
10,289,4.552852276157093,-69.78562182387982,13.195327880564722,-3.9021128452173683,52.18600919003572,-3.8667965531739097,2.2328012158170445,0.0,-9.165035206394895,0.6186565438287729,0.0,4.977665557497187
10,081,-46.39928500993308,538.6813736292349,-46.219654258226115,-25.88959680210744,379.721948012629,-22.0759048133743,1.7225464835257074,0.0,-5.95010058581475,4.035840470523201,0.0,2.4728225694164223
10,238,-20.269365221859488,283.5262087258112,-25.709493080807825,-17.83550841916528,172.37505330243715,-3.7620184148971516,2.3702335355577198,0.0,-8.155926368191956,3.6457810755537117,0.0,4.521028743770649
10,190,20.67797532739325,-333.2458855673896,49.88297036901892,12.893151806727492,-139.305788309545,18.500026870678823,1.6221077209654475,0.0,-8.026894592273967,-0.6267104532185961,0.0,4.100948332695788
10,203,-0.42859446427462355,-96.21777367455914,17.104732489906464,-7.852317080063022,53.96587312071422,-5.1156154544700705,2.275631142230752,0.0,-8.063623378430917,0.537408724224989,0.0,4.410295950337428
10,233,-5.620478706056058,191.5057396672972,-20.097704054574955,-10.538410640669055,149.59498076917563,-9.051779205776908,2.5641269159621403,0.0,-8.698085744886308,3.0232730473667697,0.0,5.053969762362151
10,253,-31.61142172375849,699.2418421365941,-70.8380275381352,-38.194021648228,502.64829430955,-12.842971319963077,2.174952833538079,0.0,-7.034916080007992,4.513100692556734,0.0,3.701715982609376
10,117,4.088222571264838,4.429922838223765,-5.079095783892371,-1.0980860945714361,53.77359594069902,-9.365950250741045,1.5838536607888791,0.0,-5.671870679174796,0.9464368920630948,0.0,3.061649274135978
10,323,-32.73369015714752,409.3075161409299,-32.456810808389264,-30.222286455521342,221.75804604446853,-5.87037710626259,2.375727540137678,0.0,-8.182831102439295,4.780634221522096,0.0,4.512813697242242
10,212,-2.675062833156876,-12.736426183965353,-1.2055535218819378,-5.5189357379404385,63.4010143710184,-10.112310084671012,1.999504031368601,0.0,-8.0846044290912,1.131501216369598,0.0,4.176440402692005
10,314,-24.687894440761085,300.4932909423874,-15.350985141596066,-18.537097372786075,184.54680432420963,-3.929299473194252,2.457240731707474,0.0,-8.530857572188394,4.007476652171611,0.0,4.875798394546313
10,169,-50.95243094886711,590.237782340586,-35.361316088276354,-40.3744959994316,418.94092834544927,6.100740227397424,1.7954694234639517,0.0,-6.2113072986779825,3.913521502185597,0.0,3.5577814725110897
10,032,0.4488928310185722,-5.579994117728987,-3.677290200590049,-1.6643302292271747,39.23279391535314,-4.679388831192204,1.3025601683683625,0.0,-5.215722176714404,0.6987580173723447,0.0,2.7821471769762836
10,129,1.9125961294559186,20.780421126226667,-1.8524730971388914,-7.279716739434448,73.24494809761241,-2.47932199230726,1.9765810507636647,0.0,-7.587856372691451,1.503203501909585,0.0,3.7536385830878634
10,156,-15.086247085798082,285.8802993148276,-34.74512747089791,-13.474987914071237,149.39794520237953,-10.141311276231539,1.5019540673928486,0.0,-5.7545739976995405,3.267695532349257,0.0,3.0257128531232764
10,305,-5.844452474836237,189.16277068211167,-14.368672843368659,-8.516850141236551,144.72983006582115,-7.812549883399711,2.267584181453732,0.0,-8.114870890896166,2.9467240011984908,0.0,4.630992829041124
10,155,-23.074405531602288,249.2663835824074,-26.842680290760732,-22.17377134188942,123.38267036570028,-7.784810180053761,1.1414374664913773,0.0,-5.022136714485273,2.7498369208843307,0.0,2.8184450599498843
10,022,3.780193521134839,-64.60458777135986,2.092881704180464,0.7714388401723107,12.969958985664672,-0.36360247163947684,1.0092267182698642,0.0,-4.466873744084537,0.10366704605781529,0.0,2.4401338015774217
10,120,0.8756826171184654,-35.8830176457977,-1.0119711296177414,-7.528665980684851,54.33418146129884,-6.06938662432353,1.8857411992762674,0.0,-7.191348096137043,0.8136854198785447,0.0,3.7920922834510984
10,125,-0.05966195774578642,46.603903386956034,-12.115624500697876,-2.003475327121415,72.39080422831324,-9.981771480377102,1.6054377906676611,0.0,-5.727911284208133,1.3680745465580681,0.0,3.1943801383626944
10,093,27.19162621271762,-312.70829362678234,22.472654928690893,18.90797897994507,-191.82714128233877,17.187222712440658,1.5036830762956108,0.0,-5.890356890050912,-0.16280053281717533,0.0,3.0138705018024674
10,266,21.64967989626865,-390.8773021031335,40.74788439349015,22.226529562635104,-226.4478897482762,19.701097832716716,1.6872341488282678,0.0,-6.85435363155365,-0.31342898741900294,0.0,3.718011042636609
10,078,-30.324011354304666,329.41999846777685,-37.92924582943755,-24.86442676747182,234.0126801782482,-21.847341850376708,0.2008682359786838,0.0,-3.9689732304948295,1.5635530223582594,0.0,1.9993212273547907
10,252,-43.254974513790735,673.2468940005019,-62.18177138300037,-45.11559604463246,474.9003362325496,3.5984084364666966,2.17901752881825,0.0,-6.909777776924543,4.360744374340682,0.0,3.563085090074119
10,177,18.42289420281403,-345.63002574116547,26.183602885747185,20.337221314679784,-186.71427705743625,13.618913797957935,1.6096576331544272,0.0,-6.360554944966796,-0.1437966787776126,0.0,3.3369460197237006
10,291,7.599325634761373,-79.699102649543,10.090093030414197,-3.5714594865348324,52.9820524176172,-6.4011183108966625,2.3266755844545286,0.0,-9.847846076748544,0.6255403725087406,0.0,5.316134338325808
10,268,18.757500122933877,-281.7876868988589,25.65397928278923,15.773152597351846,-138.60748532832088,5.963133265605185,1.7689675469193562,0.0,-6.414858387474086,-0.03868098970752798,0.0,3.432006892512433
10,303,-20.5644820885884,197.03296645055474,-12.593185481859154,-15.907609718794843,154.15007112788484,-8.98860841861939,2.2664356091961966,0.0,-7.887933923239358,3.1246870444648835,0.0,4.290515917770071
10,162,-24.429969783289838,330.5308245190355,-36.781815444986044,-10.147618482080418,228.39596484594165,-19.716340317221118,0.15380931864308756,0.0,-4.048602982286211,1.5726779225009735,0.0,1.9204266892787305
10,215,1.9565519006275662,-59.97971555093622,9.777400061988661,-3.3830195063022814,55.332784330990364,-9.102365047057557,2.072395650063525,0.0,-8.590650854033566,0.7642081499198313,0.0,4.744301359708288
10,062,-13.061905185746111,202.83470626386986,-24.692142482614493,-17.619444047904643,106.2799160612309,-6.736407003045775,0.9787290242090614,0.0,-4.6543931227139685,2.2916434091136817,0.0,2.5923829716294495
10,054,-13.170387213178005,134.21394605491068,-16.01806370806273,-9.150854076407125,79.75913419166466,-3.6935067344496075,0.7854402384315867,0.0,-4.642590862885133,1.6177020782525369,0.0,2.351310314320609
10,244,-31.798285539164254,397.2676876758849,-16.551425750237307,-30.064078685507,211.35667920557353,8.981670505625466,2.341346868456098,0.0,-7.629086483325496,4.668405857546297,0.0,4.266357484359269
10,109,7.900967187081486,-130.50580343929317,15.179900943240495,0.3399866163766639,3.0901099876728373,-3.4974298587055497,1.3736323862821522,0.0,-6.283487963850786,-0.196163650506454,0.0,3.1329308121681856
10,047,-5.6565364665450915,108.30462305576324,-14.28112594248993,-12.378940357359658,82.28634769562134,-1.0995267540572595,1.168565771722195,0.0,-5.176110763186165,1.6564574774942848,0.0,2.7845383033666034
10,167,-46.184623979941804,540.7976640796948,-40.83921940481719,-23.472800600880735,371.8027538290477,4.8552464672602635,1.704557864744865,0.0,-5.706363552967753,4.120710419424747,0.0,2.7002467485085577
10,092,17.81640889436574,-302.7517146506204,22.88004582566152,17.36541857541272,-164.49903727995556,8.537543531998015,1.5328123966407303,0.0,-5.422029140126673,-0.22497513690628923,0.0,2.8872448310964836
10,265,23.006993415523088,-384.12873895934405,32.0566061188699,15.650881413374638,-219.35738683551511,13.644134867169276,1.7143004171575429,0.0,-7.27616954210567,-0.4829639116504303,0.0,3.9244637223567733
10,096,11.205511575203966,-171.18667504309275,11.921371148498459,9.430324995177429,-58.59414393978465,1.8145611009545606,0.908729158935401,0.0,-4.211627917779738,-0.43241274964468335,0.0,2.3785164972026482
10,073,-22.490473402039708,290.808991958688,-24.720525784476003,-17.56492068025653,161.42133272558124,-3.490810610581489,1.1822700413335119,0.0,-5.879793682700144,3.052814125199225,0.0,3.000570649393735
10,071,-18.066928590042757,243.5791929075387,-25.02971331722683,-20.322463949119708,126.62006258594022,-1.0184481414827022,0.9523021221895596,0.0,-4.88356037259341,2.690069620538362,0.0,2.487979886000477
10,123,-3.0074221608157465,47.50790660312089,-10.500895807113597,-3.5707070590100045,56.49024403171563,-5.58915088173437,1.0997186093085862,0.0,-4.791066728996043,1.1124961054367346,0.0,2.58954415353563
10,224,-6.452539437690508,68.19152034396943,-6.741494532735949,-8.452752845058304,99.57609253466198,-13.784782361235864,2.239618934681138,0.0,-8.969146309739305,2.020669487881356,0.0,5.116473145719507
10,180,23.411329901626733,-380.59566524851505,45.771477719936705,23.818577136272214,-221.01260083333915,21.150655382136296,1.7811339517134614,0.0,-7.108697617115982,-0.23557348611231232,0.0,3.6668299315707626
10,272,19.31009389156958,-318.8325989002672,38.913836933712524,17.105994833591257,-131.8588536325588,12.510198598460196,1.8505579760765782,0.0,-8.36986266582267,-0.4713977653493188,0.0,4.353144957416831
10,299,-8.070325683944416,74.40362399283876,-3.710800336284464,-7.992208475918071,110.23234013467747,-17.762554392227035,2.4903397272897996,0.0,-9.046076884021968,2.1596154885534373,0.0,4.912162411703867
10,140,-9.172716003567537,160.03832353984407,-15.375115107451578,-6.961123066285427,110.05853742694289,-7.746115769485797,1.3814810566590685,0.0,-5.742960398812871,2.1782297893435913,0.0,3.037607871958218
10,287,-3.926803573705282,8.370196426766167,2.4147038170333213,-9.348431872452359,74.95591342543904,-5.938711551369483,2.1758587020422757,0.0,-9.113984899152204,1.4168697043025964,0.0,4.883005088602789
10,277,13.650760717167298,-169.52235020253306,22.736501694497175,-0.23001195431742222,12.13449793758518,-1.1957301681234895,1.6833125450809525,0.0,-7.717237787266072,-0.2977046800932326,0.0,4.745768637012688
10,012,7.694848152372913,-161.64361645030692,10.874526610657842,5.941410745632002,-56.89562320936095,1.0178860158207537,0.7732395494236134,0.0,-3.951448109383183,-0.4186279896003837,0.0,2.1752056029669258
10,128,-2.832841618520646,36.023220304330884,4.336118814383346,-10.486354712049383,77.83492176145188,-0.530335142909145,1.960990315375657,0.0,-7.280248087102522,1.45422597915849,0.0,3.8884559413524493
10,110,5.708744913184509,-141.08334091476465,19.099883769269102,-2.3755680040434677,8.814641161566291,-0.24964219246281277,1.711091766666916,0.0,-6.915980678682225,-0.11768765773666695,0.0,3.577377718410247
10,143,-12.276994440599701,200.77778116186687,-13.142590597155532,-12.868664778513327,147.22333817356372,-1.0073679787831986,2.0869923272787396,0.0,-7.356843114399735,2.871422616880132,0.0,3.983201507850737
10,315,-23.00935175450805,298.87275533926675,-14.868377205358168,-21.26816091746716,188.09426343107918,-5.217581590925497,2.3878547345303764,0.0,-8.363223079574848,3.997306968984603,0.0,4.839761962652739
10,034,4.100742400532753,17.556940370371606,-1.9997956954526006,-2.3024045834025224,61.950674265608704,-3.218056604844223,1.7198239825302921,0.0,-5.813336660459123,1.095847908267865,0.0,3.0699695202498214
10,135,-7.088470132417212,124.67520005081944,-6.532743140201086,-8.469647998853052,111.64038088035865,-6.949099551064259,2.035387567855179,0.0,-7.025355678264426,2.1735629143596635,0.0,4.025573145235505
10,220,-14.390323303952414,100.4774995009802,-7.88594168376607,-15.469893913433932,113.74856232722018,-7.503329192234473,2.351646807622737,0.0,-8.63507590465282,2.300987322592418,0.0,4.464504509130997
10,101,-0.5763073684614409,-52.871362341379196,0.40787053177761057,-2.108080732649613,-2.589384970759906,1.986066527356523,0.5105954387295891,0.0,-3.780553454647612,-0.0463985986682342,0.0,2.0247166996717976
10,023,0.6164342205841623,-74.99640874328144,3.783876919834803,-2.406099877325053,15.890344060604866,-2.1699194157094,1.1692423032109813,0.0,-4.833099599087167,0.023910630369057495,0.0,2.4295582607634483
10,312,-24.291829645996508,302.07696681557803,-24.47974754801512,-28.55707782183873,182.9094580315696,-1.9050126853426215,2.444873531591659,0.0,-8.28448885686428,3.8893100360657367,0.0,4.633007670791041
10,149,-19.7375444614,279.09017371153163,-20.564795027630417,-16.981581463382714,161.81852215976897,-4.0092619562863865,2.07003250669492,0.0,-6.465396827777397,3.3128533844427834,0.0,3.5782949375347903
10,228,-23.903382004610048,195.58485028959785,-15.523878797740437,-17.535846451316388,141.54845196196885,-8.753466468697995,2.2007909291446257,0.0,-7.861507852958438,3.0639033431206837,0.0,4.369671066260836
10,241,-31.08014011987257,294.2508477281997,-29.403648922241487,-31.4692056537955,183.64204565281716,-6.623521307361418,2.3871854278388294,0.0,-8.639559712788486,3.9294771105171433,0.0,4.910247875031483
10,310,-18.642490776641623,303.77720237927184,-28.720561840531868,-15.819785811175302,183.14282854658848,-6.084480316982164,2.203237775098537,0.0,-7.808226324036144,3.976924580127208,0.0,4.2327068432424975
10,043,-10.320179050116415,53.95999391704544,10.703926643227293,-12.811922199644977,83.3081838136434,-3.626151529390497,2.0255637311150565,0.0,-6.862344115732464,1.5577687322423075,0.0,3.826432156297365
10,200,-3.2688941408939334,-225.34550393839115,50.29068678015537,-7.925128564291716,-15.989457155183546,0.7373110115327963,1.9398574413461511,0.0,-8.837458134079732,-0.5725697901427007,0.0,4.724074100985878
10,298,-7.50654870536883,78.58347795632791,-1.474711116201374,-14.767496556721527,103.59122061948923,-12.833428090205205,2.304565001948898,0.0,-8.728170699039403,2.068816079333544,0.0,4.867562044466918
10,019,5.09828158094439,-57.767551321931734,1.1721305207324444,1.873647661062452,-3.870063144010433,-1.7326510737705005,0.4453578011001288,0.0,-3.742505995747753,-0.12705597165332788,0.0,1.9800523637422622
10,077,-38.901857054194004,365.7451887469037,-13.876389032707213,-34.143209364239965,195.30715088975825,5.595638292178123,2.096553890442779,0.0,-7.028775632062791,4.286552680357833,0.0,3.9073989483571276
10,336,24.743422535725294,-350.8337363100658,33.679094894032296,22.00695778883254,-207.0693173728314,19.532189148649437,1.6789619761942103,0.0,-6.352666959940472,-0.1872362288358964,0.0,3.398964506541284
10,074,-19.156646785470567,320.5606502110486,-13.865294366449524,-24.600723654959772,173.76838235090136,-0.9660450571176629,1.6252439806985177,0.0,-6.729521964271325,3.689134628960554,0.0,3.2794734938520227
10,247,-36.98630225661001,389.4714635883103,-23.993474329804346,-23.678440350722113,208.06101608435876,7.242441361025951,2.112411331886408,0.0,-7.649164644690813,4.513213921907661,0.0,4.292236080986208
10,255,-65.43617684376218,726.712664083824,-53.69244495165687,-24.278511132783354,509.9654596547616,-1.431279115962623,2.089361266039937,0.0,-7.555147230609814,4.962656789921693,0.0,4.04431412606
10,119,-0.28414884799861506,-13.834562729269217,-1.4724945810135135,-2.5121074930539753,60.5894518778502,-3.7849120858864542,1.9204102475268925,0.0,-6.84477147187623,1.0988840085842977,0.0,3.7342435305991515
10,016,17.015927156441897,-223.2730097851831,22.361735630881967,7.6000748290941615,-78.23932049221315,6.865968647716876,1.4619027647632463,0.0,-5.298995121864343,-0.20857637890338554,0.0,2.8980066837322327
10,246,-27.668913713915288,411.1088209388774,-25.979259591069706,-16.78192048803482,230.98142046332194,0.5881038188881642,2.3818180994368046,0.0,-7.764306378500125,4.78222556240387,0.0,4.366102512904657
10,234,-17.2435110707226,186.80765183163402,-8.21799138265204,-19.201205012015,143.7211680171167,-2.0101539580123546,2.6258112636413378,0.0,-8.906075629161995,3.2055520019037336,0.0,5.127063144414301
10,124,-5.870631599733579,44.358078508071436,-3.337090064544607,-5.75302929890356,60.98545661892207,-0.9862705600339513,1.2082248065025694,0.0,-5.173171043635725,1.119566521397965,0.0,2.846337120963928
10,199,14.309770697364126,-209.68482695779886,23.73823377158689,8.701104246043762,-12.888300620318068,-5.0751374803473785,1.8130189645044732,0.0,-8.518387961124542,-0.613958968562705,0.0,4.661471118225093
10,168,-48.309365183937054,565.1985437329348,-41.520344254652656,-27.83851018815029,372.12371175977154,4.035133881697992,1.7842478833499893,0.0,-5.894436113710708,4.258438014908668,0.0,3.0136945162209585
10,111,-2.5762116271922153,2.4889269028854275,-6.989693279623608,-0.8551550872750571,18.749303847383327,-0.04583033273901996,0.4697165058528835,0.0,-3.823725769221679,0.32987942934720016,0.0,2.0115802837183634
10,039,-3.619479737168818,46.52722912139677,-9.488388310872175,-3.061221152548413,53.056755023264934,-6.9066946295016844,1.0213639295139514,0.0,-4.837176344135807,1.055471061902524,0.0,2.5534469896282133
10,259,20.82016742540967,-325.05464560987775,31.246166478369084,20.684037372838684,-188.54673123045396,13.563372188441384,1.577166566830734,0.0,-5.899699834994381,0.016266077419666014,0.0,3.0939820852149738
10,273,18.33446500667424,-327.0802610908505,42.81966454889064,15.165455097906806,-124.85179065635813,11.164118568865266,1.5977979295778288,0.0,-7.841535275997362,-0.6056186693454844,0.0,4.235428191735358
10,142,-13.229343278387217,192.62841471901226,-7.787980007027011,-2.23965090785518,23.219048232223386,-1.2888546475441607,2.1097719110095055,0.0,-6.8567623076801985,2.7332390804969773,0.0,3.852798239550155
10,230,-21.465670636158293,186.87490755639092,-4.989148879813536,-18.379122701753285,145.36145989286237,-4.529835482840619,2.316345962859054,0.0,-8.765216494211748,2.9551160786141857,0.0,4.437258447104708
10,307,-22.920275162311825,188.34280292670226,-15.284298176005446,-17.573942809974902,153.40812695583077,-7.942790578676734,2.4973679677295206,0.0,-8.626857211750979,3.0985977485540595,0.0,4.978171001429544
10,293,0.9648347959076244,-106.19982044129603,14.917178082353644,-1.7645579391665098,49.657918311926665,-13.727897348082427,2.3601007368550175,0.0,-10.376043324571162,0.41260928020005405,0.0,5.93753496512757
10,068,-16.3749964787221,276.5365335475293,-25.69349985799694,-15.755589459647688,170.43078249406577,-7.056394948337375,2.114174799795756,0.0,-7.626747242980251,3.613337097297549,0.0,3.912012208677057
10,038,-5.011200965167452,39.261948351081294,-10.118967767129156,-2.9752165578300698,40.01201202432513,-1.740608642357494,0.6682671714965903,0.0,-4.060371161644095,0.7938917247577892,0.0,2.13865651249306
10,049,-4.870945492983429,131.8266564719121,-8.438517360115204,-9.15829926277031,110.1219838766657,0.6208359952937834,1.8436904127270295,0.0,-6.405117963812188,2.1446127036796554,0.0,3.448666034607537
10,095,7.482569484056288,-153.36194321811445,12.412346372426484,5.423287314996856,-54.11318075258449,-1.3188624027767757,0.7871964415555632,0.0,-3.8559523635848487,-0.4193442715809831,0.0,2.2348943382912143
10,040,-6.81884150164166,45.55901943281068,-7.252680283337164,-5.709117420605692,62.011829401175575,-4.888706556769326,1.2983027241839984,0.0,-5.131485081136728,1.177726674162613,0.0,2.7295339725811565
10,261,22.58191783266497,-350.80271629625435,31.30116155126165,18.701341390725396,-211.5315649313923,12.90207676046534,1.8111409846080062,0.0,-6.378450109699236,0.007972481166369838,0.0,3.294241051183506
10,257,-53.34437514414542,736.92492553418,-60.47321826271354,-56.627835042821744,541.3054601394775,5.832864806217611,1.621291230007462,0.0,-7.446722345718258,4.145837037377157,0.0,4.072350863468456
10,179,32.75921606713536,-375.7798178429394,34.84536876417155,31.07290358676521,-217.68351029779336,9.86311661701772,1.8092174871792381,0.0,-6.772382970994073,-0.189119873204743,0.0,3.4803438845169903
10,182,32.37489121728971,-390.3093645692554,30.61335554020198,20.835222523353437,-213.69241885944524,13.890494124565071,1.7752026538804602,0.0,-7.438328663283029,-0.41720377867283437,0.0,3.8604473006977638
10,137,-12.197085928799053,103.5623818533095,-6.078641224528066,-13.684063829099953,108.29970676546344,-7.845756200068119,2.194750400488285,0.0,-7.425153934294192,2.143925432960238,0.0,4.213901964245709
10,308,-14.983085348973459,194.0908878139103,-6.039759751730578,-14.900473183757287,152.04260857234027,-0.23157798211900094,2.701153724224799,0.0,-9.254789400268665,3.045489283459107,0.0,4.989578075641694
10,146,-16.68352152700401,184.28434833891106,-21.043989206631164,-11.883947632361275,89.43711768728541,-3.2691288292965286,0.7648784830752735,0.0,-4.6038274411269,2.000695318987555,0.0,2.4720049417403813
10,304,-16.599073440458707,211.8361270949439,-7.103175613871912,-14.052670432174537,156.22468024310234,-5.288083463276827,2.3800107177440344,0.0,-8.65201417851904,3.262352743724392,0.0,4.551086581864865
10,334,26.993909194435062,-338.8050318806162,30.001360309504804,11.823046520378599,-196.30269862398995,10.921017507783418,1.6919676756634079,0.0,-5.601310203664959,0.001499416941399212,0.0,3.1259326343112117
10,297,-0.7268172895699473,100.34591387465447,-5.895884521845521,-9.706711416800308,114.49119341097169,-8.247981565412239,2.444121243487856,0.0,-8.923030669408027,2.3329088747989863,0.0,4.83991164597005
10,216,9.57105574975412,-100.17362831318611,7.501760167289014,0.9480058893388423,39.30923360509585,-10.572290073156035,2.239240976326097,0.0,-9.762530534930058,0.40500091800401394,0.0,5.082751412616033
10,087,14.987389619120249,-239.8680057307884,18.98133452522678,10.489711070920311,-128.25220464260713,11.177931118552866,0.8987389362275352,0.0,-4.282000634037073,-0.3251488466580968,0.0,2.438499227533285
10,189,26.97477697822793,-299.55817950663777,37.05199014682015,11.953080738338098,-133.73412594857535,10.6388154067726,1.6422918600793976,0.0,-7.349747086004542,-0.42408872819124815,0.0,3.9813579561946155
10,296,-10.060117312281765,70.47836947749826,-2.006702648691733,-7.3926901187895115,98.30073292687307,-5.351311212122879,2.0895169667410434,0.0,-7.861349908857,1.998772107661242,0.0,4.389727918504037
10,050,-8.131305225272797,150.24660299834454,-11.11661609261816,-9.58218008750357,125.02206476853759,2.4054301704278522,2.191185723736007,0.0,-6.849753204031323,2.4188755571815608,0.0,3.791886782645216
10,157,-23.244263840738157,317.4115071839579,-25.639955942423185,-24.021190044487653,163.25697207326337,-3.6316788413228784,1.4789800852375596,0.0,-6.12189953989863,3.533711814352751,0.0,3.272914470312627
10,258,-83.07083743806069,787.8566173135052,-93.31706517556087,-21.616704274114234,572.1017743294714,-17.592987556762218,2.4151189159739492,0.0,-7.403772684687303,5.123226856393051,0.0,3.8012059352916423
10,267,18.616129161667004,-411.8364644904684,41.468110563636685,20.38607247619668,-243.26851135921734,17.323501857490143,1.940170155958604,0.0,-7.684404242464461,-0.2624083386766604,0.0,3.727294638524056
10,080,-29.732476908691993,424.23064737780794,-31.229575695277106,-11.21540671339875,294.5072917488025,-6.216557213511086,1.0101612691022503,0.0,-4.953169190297588,2.7799323595682153,0.0,2.6248549410004225
10,178,27.311349870679678,-353.34581072720033,34.635484591356956,21.110835866938082,-192.72419704417683,15.57519906028211,1.5361659564222672,0.0,-6.964752533773808,-0.42603260108279506,0.0,3.4676313525565328
10,150,-17.628200177449607,276.98579854104463,-9.54688733993639,-17.80550811720219,157.98735901304065,0.7440021069926881,2.1124344342751877,0.0,-6.532244915719926,3.2070771010922616,0.0,3.7192413276408707
10,256,-48.247726670053844,755.6343663093617,-36.028277946735585,-3.4295127757913844,545.5654774046054,-5.137903820034974,2.387702656094268,0.0,-7.68110147233396,5.00888846023603,0.0,4.1522181710295865
10,114,-1.86249508806595,-3.308283925557334,-4.607102850241073,-2.1632097599015285,32.28675144907201,-1.4260318223077517,1.0174492576825396,0.0,-4.5783895326900685,0.6330199449723966,0.0,2.5027135666726537
10,118,3.573507434582893,3.3802842258873205,-1.7506465717577964,-10.903853920224059,62.03628864973375,1.2199857189561014,1.9210805814142864,0.0,-6.510034200242137,1.1014248481769586,0.0,3.538502579240497
10,239,-26.94477699585536,289.32206938846394,-18.684646520088123,-19.805436061163224,179.93259330409248,-14.129359519494912,2.434369354817656,0.0,-8.419705328880385,3.9232417213530026,0.0,4.70690025963239
10,051,-4.772936761945208,135.28162760356946,-13.129482132218394,-11.362820297246627,121.40287363882202,-2.4678542627470152,2.0995687461315913,0.0,-7.0079915142849085,2.369254392686226,0.0,3.9280149300155762
10,242,-43.034194583669915,307.2735555122652,-14.435623603396303,-36.791362031443185,191.19787176201956,2.049202004507448,2.5920854079834252,0.0,-8.92400009251036,4.052036106473752,0.0,5.332520975608622
10,245,-33.23097425624334,414.2981450222136,-21.844390859043994,-24.843029641001678,249.45846869498098,5.19782264343237,2.436702541010412,0.0,-7.68004559255687,4.585749477000332,0.0,4.123621611523056
10,059,-10.57859429449267,221.99616655938675,-9.122248831987934,-10.623872747394481,160.02207096584644,4.880047462837289,2.201818478166488,0.0,-7.365463718333077,3.152975354304391,0.0,4.143012606029303
10,183,32.36001615928686,-401.5723971498383,38.69523015021961,11.397448727560853,-213.31049346506921,19.66188720987607,1.8672106137931883,0.0,-7.738969576906061,-0.33939963912529153,0.0,4.091492343743635
10,280,-4.420149205935008,-50.7562876202309,17.271843896815135,-10.131535692638655,58.01207041610348,-1.7324953365120344,2.12556102547339,0.0,-7.81388748976712,0.86920874151495,0.0,4.19515979270991
10,278,10.979672250041272,-232.1113709630819,29.703053879019944,-1.3639374957704207,-12.074385040343767,-3.1926849010324556,1.8346981181613204,0.0,-9.078614110622526,-0.8429651417234322,0.0,4.072860504064506
10,025,7.891881698577368,-98.1564545657501,7.9824417495398325,0.441312135136643,22.089967621814036,-3.6587676359990176,1.5247542146174906,0.0,-5.724963743740668,0.11155093810054129,0.0,2.941434022108748
10,276,5.451306182665115,-183.96302511499343,32.11742174441877,0.000248242058272119,1.7645809659817047,-9.341090471668435,1.9249665657955357,0.0,-8.472918332379527,-0.3041570490508277,0.0,4.536228345513831
10,170,-50.55361878567107,608.079322698748,-54.72060945286401,-64.09023783059266,435.3837923104755,27.19754874494425,1.8659984906274278,0.0,-6.24650248930176,3.8163020095049225,0.0,3.484674659730141
10,324,-24.650966206499792,427.9446037103821,-22.24836155892234,-19.51463840680794,241.3551533670298,-0.42722410238595954,2.4740995553177276,0.0,-8.036374685240583,4.946533925147013,0.0,4.527287593011433
10,240,-16.736421190416937,286.8499680229109,-21.409988706446324,-11.735308570953599,179.4803287629494,-11.329260518025475,2.3170635649508218,0.0,-8.303055216239356,3.873295421915824,0.0,4.665769559174024
10,274,9.252810078179795,-171.53787608514457,18.454446021991814,0.4012631998586595,-5.036669485003928,-4.019889444108917,1.7631595599187295,0.0,-7.486280569463566,-0.371340435670511,0.0,4.00944739567831
10,226,-7.868808586310996,55.264912877464674,4.217336351661069,-9.706000734861343,104.71554953559593,-8.630714030385775,2.49052863577159,0.0,-9.498478272475113,1.9843997495615904,0.0,5.113210735806897
10,084,-45.46221670428476,593.9205544396915,-41.739616813305965,-53.5594955274348,411.93534604424724,10.084781406614598,1.6243119869959939,0.0,-6.286824494486053,4.022949265842449,0.0,3.4154901952130734
10,035,0.812930282770638,-1.3212665955003198,-1.5678254232419544,-8.038884060065808,60.399360739066616,-4.286725265538141,1.9884837406832314,0.0,-6.481663154859985,1.122551157678294,0.0,3.443076992300532
10,295,-10.20757915204576,90.78341326706001,-5.124187235311795,-8.88967072369946,109.68854080618787,-9.84994304281551,2.269557318349137,0.0,-8.664426033719206,2.06581804238728,0.0,4.431884555484709
10,057,-15.828547638109205,201.73860870931188,-13.809823013669547,-12.210335565024252,140.00159074485774,0.19013771434822102,1.946040889435288,0.0,-6.487780329623361,2.708110711695842,0.0,3.5373840018124167
10,069,-28.43541524185421,274.91091839789885,-18.571279023806717,-21.626242997859123,168.8363336883533,-8.201015956275635,2.1151794954127388,0.0,-7.2716451528463555,3.6490553872663467,0.0,3.9212937627410502
10,133,-5.670314130430927,126.11230723188491,-14.127889568160617,-6.738587742370809,108.21544521092551,-7.739142817984558,1.7965264042601057,0.0,-6.3972920964482105,2.1223551009875212,0.0,3.5035374890144255
10,207,6.3375366549755086,-158.4545823767125,23.161408580977348,-7.451757636001566,32.6324851908523,-1.291618789465848,2.554772179730602,0.0,-10.107327220177535,0.18612880574343504,0.0,5.248991948061203
10,139,-7.783457545862247,161.1538229632404,-21.504952166471167,-6.829262576771153,101.16084152402487,-11.40293714733138,1.1500527681808252,0.0,-5.059544132751889,2.0250794592838415,0.0,2.817787713288495
10,332,-81.76185108383211,745.1621971158211,-54.34624094094088,-58.47019356721739,525.6068835116595,3.837297980198157,1.9212350484273748,0.0,-7.393989041474015,4.9854103673580035,0.0,4.1294489311462925
10,172,14.689624901830586,-226.72121314126548,13.749698270716753,15.818288966095619,-120.28615035058685,6.782793776946624,0.7303108808204771,0.0,-3.595947607491983,-0.4861428860862071,0.0,2.1824109935222418
10,052,-4.338713705982581,155.41211751170079,-21.188681510043693,-9.961589142185604,136.95512053348145,-11.367891074540559,2.319585639901708,0.0,-7.656760920319375,2.667750389025202,0.0,4.117191936034925
10,042,-7.061237398230648,60.005996134197275,-6.658414955814433,-7.274233540763586,89.28859032956481,-7.226931971612655,1.9918652574544513,0.0,-6.6437937660390185,1.6171685027427682,0.0,3.5070194940833983
10,194,17.99312785935784,-306.5041484355283,39.71444101441317,10.694893868158548,-94.72413760526629,10.304712947174666,1.2694505800017555,0.0,-5.890330648167277,-0.8840258404916927,0.0,4.3799083559891985
10,300,-12.669106715785468,66.7304022601711,4.961048016911649,-13.712499432685272,103.58978141066807,-10.088485084163501,2.3856851186425834,0.0,-9.272687232202781,2.039129612976174,0.0,4.961014936882769
10,115,-1.337397404892688,-2.1945902855945825,-2.103952097050297,-1.718540320786515,43.65132064935001,-3.975577392888788,1.2258399840818872,0.0,-5.041484370694777,0.801400019440172,0.0,2.7821415540616976
10,213,-0.7954954474331178,-27.5592179110612,8.913175807704965,-5.493008000613715,55.515212921191996,-4.428989816837571,1.8851915412103157,0.0,-8.222754724855045,1.0538417208164212,0.0,4.3535093754854355
10,060,-17.035087300354856,206.4846567631638,-9.588301108044037,-17.43786402459527,151.0152196227429,-6.839938807432431,2.2088722149563416,0.0,-7.4363185391889015,2.994189204369391,0.0,4.082414852715306
10,079,-33.66712880276517,380.8673820366671,-46.24150868928301,-36.80453647377851,274.31427329926953,-14.987096829686722,0.6459698532321242,0.0,-4.483343719775229,2.0545447835803428,0.0,2.2962861669380876
10,174,24.433697254769562,-322.09991943338406,22.75597471894345,11.612472167290505,-180.38157975176642,10.739733327203608,1.833803539950394,0.0,-6.073711596674851,-0.08943304560161852,0.0,3.1103778877701
10,328,-16.32411205261473,687.5942242283711,-45.48657138003133,-2.430340913101552,486.53829164158856,-9.89610240064568,1.9258556588958577,0.0,-6.950313542442591,4.627015622331855,0.0,3.812320013896734
10,066,-15.717637987504602,267.694050449838,-24.11186641433715,-14.961823716318131,161.06644045211598,-5.18067372177819,2.1789116738751098,0.0,-7.07927899509823,3.2983002031077713,0.0,3.9951536982932074
10,292,7.215267239699198,-110.77021640016852,17.228306024379325,-2.033903945578072,40.99687180428233,-11.082770918995337,2.360092164251073,0.0,-10.302489167224113,0.2762496250266663,0.0,5.762214461068418
10,285,-8.414672136446734,-154.43613820967016,15.533818942898522,-10.522778291229649,42.23428306128709,5.078130519594051,2.573887618818998,0.0,-10.576372684988701,0.311660171203182,0.0,5.102426327295394
10,076,-41.43945611835381,359.4874201089902,-27.863448225083232,-27.91673769551379,194.6256550349464,-13.34282253220806,1.761533997746161,0.0,-7.008933307473605,4.043942010639171,0.0,3.662145594813951
10,237,-33.7335475020866,284.7708835929163,-32.451547313678766,-20.664809437013602,175.07048076954717,-5.078047881585538,2.2850333763728545,0.0,-7.789355860262116,3.7325173542402434,0.0,4.357594639814709
10,294,-6.037461532349331,93.15366355542534,-12.834203077078437,-8.790717047092198,102.99529062305521,-14.339692744464656,2.127375800351515,0.0,-7.7898771566514755,1.98346263771584,0.0,4.288956932235927
10,250,-27.771767551712276,411.84545998222995,-38.575345269374694,-34.94448574836983,222.5327756513644,-2.9035608031321036,2.2363830716238926,0.0,-7.716575679699437,4.777699838519456,0.0,4.413443981068024
10,176,16.273386439856424,-338.8489945161788,29.21740445881735,18.11629809425262,-206.08825060287248,13.201491683681207,1.619117267308193,0.0,-5.962700940419507,-0.016045754231484355,0.0,3.0763652818115883
10,302,-20.831745501856794,220.94654474725283,-16.780118711851124,-19.669034745726982,159.33149934681256,-7.768859072436346,2.5462756357810727,0.0,-8.580414584519822,3.2666139123575477,0.0,4.537217573881923
10,013,9.007455381830452,-164.82752196945327,7.145221623126131,5.931578673503746,-46.866018230539815,-0.5501198703290285,1.0415953506955145,0.0,-4.249758811301303,-0.34248121048966784,0.0,2.3892077295589114
10,044,-5.427833955994495,42.00005685482562,-1.2656191949248963,-7.255833316636785,81.62014478440308,-7.191927484513792,1.9769287965048383,0.0,-7.500702459663356,1.5738827217302696,0.0,3.921923413595589
10,027,4.255035054117675,-131.38341719300405,17.588351715781542,-2.124544429738347,13.509499595033475,-2.2837201989739584,1.680748920668947,0.0,-6.9878733363643795,0.0373060169339785,0.0,3.532989529031527
10,058,-19.837152701159315,206.09452098030232,-11.725350765348232,-16.0334431566477,147.37928397729686,4.2905217888039076,2.1307550632428116,0.0,-7.093128226632737,2.872728083040113,0.0,3.958685258551919
10,187,24.749668848196713,-301.3835355913995,43.3856075144823,16.715124582017257,-150.4517092600435,14.728305895951005,1.6734248411429653,0.0,-6.933757699944635,-0.4494576522577778,0.0,3.518585614525768
10,018,9.801840271115841,-265.00001344496644,32.86662598912045,8.505513251113163,-126.49739241595158,13.361879181976814,1.597661543473743,0.0,-5.910834756629547,-0.12521794601112962,0.0,3.071330847372083
10,283,6.135911654825009,-118.93814846622169,12.996535844629491,-2.4236357886720423,36.17205635634523,-6.986342141955755,2.211082719540646,0.0,-8.997979465424361,0.2318058401319516,0.0,4.917615558655018
10,232,-19.848401546097385,177.1013362003865,-8.073808728902653,-15.511911373684846,147.48198879908293,-5.83784896490471,2.264705466895487,0.0,-8.588151211357628,2.935602017700529,0.0,4.828241729107807
10,036,-1.27031559695821,-9.517303901501618,-1.8368936911479945,-6.138187736994652,63.91573389782268,-2.908768113019552,2.0060325042163623,0.0,-7.020788495353289,1.1656885142733437,0.0,3.760635118262909
10,171,17.912800381254485,-207.35843548548206,12.05360446047125,12.3766307689307,-115.89313361406259,5.93944516296164,0.5462588452919305,0.0,-3.5956705593167873,-0.5027371494035596,0.0,2.047393337925739
10,211,9.803367823084375,-220.55346550176307,28.204675374228213,-4.588525068728535,3.3931017565522867,3.5576274379531694,2.1726275760783746,0.0,-10.01782887038399,-0.3527842117829182,0.0,5.181563728576702
10,041,-2.8015002429637335,54.45173205731732,-10.46351054003879,-3.0684682135515056,78.29209928177538,-7.595841218515143,1.6339729273990673,0.0,-5.675847416749854,1.442677584580437,0.0,3.0973473462297303
10,090,20.250772857801195,-294.50597829486696,22.55826918892738,18.669434402437723,-165.32767897621898,8.08920322370501,1.4643922176702584,0.0,-5.152922701057611,-0.14292980367747327,0.0,2.754315413356495
10,214,-3.4265707339615115,-27.49935343117303,3.627018232282583,-6.212006162269185,58.55444345350755,-10.028672696988263,2.068070193677383,0.0,-8.647602989057509,1.0463665340660635,0.0,4.7008268420022326
10,067,-10.345847382158945,259.5648131561285,-22.24573725321865,-12.138018496494741,161.78936573146407,-5.834808627608891,1.9985265397743766,0.0,-6.978023958599647,3.34453679271957,0.0,3.893158646895667
10,319,-39.764689293937316,377.97534698094097,-35.55580950564138,-34.51132840726843,204.94437983497983,-4.577230437003465,2.0581831354721007,0.0,-7.254907248414639,4.4234182027935915,0.0,4.105650146605752
10,085,13.59383027556296,-205.04326787642376,12.453356565640702,9.834452838117631,-119.88898107085176,7.74949184412171,0.5125071973744367,0.0,-3.628417661983979,-0.5379792320544539,0.0,2.0212928862561585
10,158,-22.707070165075752,344.28871109252566,-28.038169559781892,-19.15827443800459,182.98942083174597,-1.5632433351939976,1.9216726954795496,0.0,-6.616477379876708,4.0329101107834395,0.0,3.7809631473387806
10,126,0.12102489733734112,65.84583049689618,-7.850545024342417,-7.871555111519406,85.6205072009852,-8.856031839990528,1.9368862248839662,0.0,-6.486306116567323,1.5302170901304653,0.0,3.609906199677581
10,320,-45.28484870237861,396.1033319233936,-24.427419056262096,-33.931683244197444,222.6454377554637,1.857956614414161,2.2634155815056225,0.0,-7.218861009884469,4.521402995187745,0.0,4.063402954858033
10,235,-25.06952099938137,283.161918613779,-30.57732584021009,-17.697758038904382,172.37243891954665,3.867216038927444,2.157915081243651,0.0,-7.494897096291644,3.713240528181425,0.0,4.040171749913965
10,009,20.147471584815165,-301.1091151659576,29.465551533767833,17.32335300367893,-164.70554772322427,12.720805472602356,1.4897857105483578,0.0,-5.307155357982596,-0.16153672441792194,0.0,2.830870482770969
10,321,-26.666200403865126,386.20339715009436,-28.66367829233556,-21.435247885497564,208.42084022878203,4.282030335732872,2.2217863297925997,0.0,-7.9878926903375245,4.5287672891993385,0.0,4.361845238158607
10,192,29.2553619061459,-303.46367192548394,38.35211731383057,12.879221661556349,-102.82907432797137,8.010514923330266,1.6475566489480107,0.0,-7.62894857493588,-0.7052358711559468,0.0,4.370272162346923
10,108,5.132722228038459,-94.95452456251685,10.932048350328541,-0.34901354628967085,18.97453603746283,-4.3652972782891935,1.3735941443510877,0.0,-5.838445989754366,0.12357263127765655,0.0,2.915270511237376
10,046,-11.442353417949331,99.76921482386403,-10.998835699117475,-6.617738288281374,66.8868349218204,-0.23631485858812862,0.9110905250371218,0.0,-4.646797174084225,1.3863994498033492,0.0,2.343934430896367
10,161,-31.35328541885386,382.4108468667092,-27.815019378571204,-23.85233354754925,202.20970645188208,-3.185037383170217,2.048632655913706,0.0,-7.7545201522501,4.4115014153062075,0.0,4.0744366153445455
10,204,12.02492691586664,-128.13118439588632,10.504299842944121,0.09941315046705057,32.442655643029155,-5.1919593947462195,2.164814882293337,0.0,-8.189602741008109,0.2403473693250897,0.0,4.422433438039344
10,153,-23.040597180954986,269.2981653284883,-21.131601125219817,-18.970933924972357,161.18391071877167,2.3996396684713575,2.0218423772629146,0.0,-7.355225421737817,3.4348419271516017,0.0,3.927790263709456
10,269,20.140805917669347,-279.5640720463327,34.88861736271916,10.142468623962415,-125.13579117207809,6.934323869377284,1.3737949988319353,0.0,-5.909865426667447,-0.3888397740135727,0.0,3.91595332570264
10,010,15.148674224953488,-307.72789054037037,33.598574111063606,11.34419684713259,-177.7655707122773,16.825202936017522,1.401495190866264,0.0,-5.750167523942134,-0.24032295710017987,0.0,2.8760220896765563
10,301,-11.698340410987651,49.34670682590794,6.012589094906499,-11.126089547467696,97.23645109949105,-14.512121894202858,2.490385470538063,0.0,-9.61204536073723,1.8877488877813233,0.0,5.279131271180069
10,236,-22.84735194044051,266.453287596737,-14.651120335156667,-20.729442934044272,162.19104083285336,-7.65114667238313,1.9890082976154209,0.0,-7.738921135603062,3.517008280722431,0.0,4.273038205233802
10,165,-38.40336061095773,422.4703469758388,-32.934708234848166,-26.56929756147442,305.0111329191607,-17.516897526136837,0.8859999888590429,0.0,-5.01539898081184,2.4209870961694326,0.0,2.6611129080632314
10,089,22.322728349491996,-295.99479418346016,19.6819049254045,4.951369319235825,-172.81848351677607,17.35789079399525,1.3932354093758188,0.0,-4.670787403344627,-0.22819605992494718,0.0,2.7067743390718855
10,270,20.046447540630123,-313.2062703781284,35.33367307887939,19.3910447856857,-129.82199060547916,9.498850527189575,1.5628982771306843,0.0,-7.484120945394432,-0.6605116683559032,0.0,4.180708737682697
10,104,1.2747679910419802,-62.43566641618739,4.271274348578566,-3.006556732913585,12.921898413429513,-0.14610946844467143,0.9388156273024834,0.0,-4.382696100730101,0.015076215444241592,0.0,2.4471555279178214
10,317,-19.4148935501656,302.1022338555865,-29.46330736043081,-20.870534207733563,194.46090653014025,-6.640607465010845,2.5244228601777037,0.0,-8.49272944237075,3.9350434794405085,0.0,4.802697247951814
10,055,-9.317656815353306,155.17591173025465,-11.226888133708501,-2.9710656167569285,99.5674644868409,-6.941050767427684,1.2453149441826348,0.0,-5.147473729042358,2.0122824479245467,0.0,2.855059318353467
10,026,8.055272790046196,-112.18243997767242,13.496257709805667,3.16299632918109,14.673344576421355,-5.817472442811895,1.6020692839061108,0.0,-6.59290442304097,0.02385195914574989,0.0,3.257816433718314
10,144,-14.01286787536258,194.5551277150773,-11.783528181525929,-14.316969743849047,145.6885320962327,-6.995038487491833,2.0181284629751537,0.0,-7.240408065848777,2.9145264271800606,0.0,4.044040056254397
10,131,-11.182818851462045,116.74218353665441,-9.770744245321346,-12.141747186336605,86.09822823508195,-0.17864108207444152,1.2235073481954009,0.0,-5.181812772255213,1.738327913206777,0.0,2.787407349841157
10,309,-16.43530159069162,192.43450517025323,-15.052647168296334,-13.882828837231934,160.5496273113106,-10.240025048296152,2.6333004067517893,0.0,-8.971365132009504,3.2026033203146977,0.0,5.049307649827212
10,065,-18.541566638848867,264.6065309596046,-18.699136989435303,-10.825845584191695,156.51778718471374,4.31690227684153,1.9687016140499796,0.0,-6.81482410849302,3.2592064735063335,0.0,3.6540314555375906
10,325,-37.013819106157655,424.3101059917556,-27.713997150608154,-19.887296781884842,227.81518408435377,3.3061692145045902,2.495223684226887,0.0,-8.605365970727252,4.959968270562216,0.0,4.684676450150204
10,029,-0.7845324967204561,5.001717855608547,-7.344098875609182,-1.824463094648958,18.17824207868419,-1.5350566511257957,0.46142921481206206,0.0,-3.882039232636775,0.40897105479649637,0.0,1.9790854085547762
10,227,-12.008679912805322,200.6904409915887,-19.87114263977192,-14.502495388066134,152.18526558915426,-2.248710037667014,2.2217777394909577,0.0,-8.123163937393803,3.0494076288096443,0.0,4.10398753941689
10,288,-0.8786538268947561,-34.730318129638825,9.829346886097452,-9.132951361549559,55.6481764363274,-2.2579228873004302,2.113238955377581,0.0,-8.856912541321634,0.9614598477590208,0.0,4.507967508261564
10,098,14.665641107778567,-198.92787564967318,17.120063645390655,6.330728711401249,-70.6425138744963,0.3156640905753515,1.4940683308174858,0.0,-4.936381418549319,-0.09615018253465851,0.0,2.7806744219260304
10,086,15.057504678411611,-230.27098491802624,15.055461498338628,17.94563795036102,-131.52063738335835,17.191283269079456,0.708853453978727,0.0,-3.7732499038323075,-0.4491954236168575,0.0,2.1140022723145955
10,001,13.064132620519796,-201.9078120824842,16.12739998010721,5.153877031722269,-98.62106689413318,7.70542990494125,0.5147446866493413,0.0,-3.6298100771603306,-0.6356383608469811,0.0,2.101329294376759
10,021,3.2205021209590385,-52.794503487671776,0.6494613090899485,-0.38275659176922805,7.2731336532882285,-0.21387771153673646,0.8403399734971293,0.0,-4.166402108345643,0.14863597038637627,0.0,2.1731426169634522
10,160,-22.444405354832796,349.366845334093,-28.053163520684638,-25.51718180367269,201.06023548841554,-2.4816978196397765,1.5798910980404008,0.0,-6.9901333792680385,3.692373858798052,0.0,3.470061778619849
10,061,-22.554086795871008,202.79568654823268,-12.771099401389371,-20.195732366105336,160.90877725939,-21.750283228217967,2.2979917339831455,0.0,-7.923567978322194,3.006527884415914,0.0,4.215581266490025
10,112,-1.7543140587037076,3.235581187953568,-5.914505551434749,-3.023124687844769,27.257718528096724,-2.0470734559809687,0.7335577413788987,0.0,-4.057537591853978,0.5268415151489374,0.0,2.252172028374761
10,004,12.260673653220113,-264.9051775544023,22.311069359803327,11.581459381400633,-150.55749137633245,7.3024992371562405,1.2123761897957448,0.0,-4.3411265297975445,-0.22663003996038314,0.0,2.4823954859668595
10,338,25.555550018670523,-361.97408741334823,31.48804740012755,16.736222401139035,-206.61615978886024,12.75712967458175,1.742285217115988,0.0,-6.669157700873792,-0.1519984943668114,0.0,3.629999703045897
10,138,-11.283482639773448,135.1002011042064,-14.738505115171254,-6.69959805716954,79.19359319086199,-3.1476384194556344,0.801786950991764,0.0,-4.649351389806625,1.605980636382259,0.0,2.390074265903442
10,106,3.4779671813098947,-67.96249842734197,4.772653744252817,1.689504550622276,16.841384602992285,1.792131014729315,1.205907903849354,0.0,-4.783437828597188,0.10929569966397212,0.0,2.5635423050623776
10,313,-32.69050480857445,272.6332600357024,-26.140977475738136,-29.08310522651008,174.96056941084643,-3.4019417989552805,2.271337312882885,0.0,-8.39210456650829,3.8736886077930803,0.0,4.264510095710662
10,282,4.352746805704728,-113.47378509025413,13.591818200708435,-2.54018090499778,50.532573278943346,-6.196389107178076,2.327703831522226,0.0,-8.75320726249562,0.4088530949023995,0.0,4.569396336407133
10,088,21.749003676191315,-262.006190394787,19.243842242465377,15.97695108452886,-144.45720744469435,10.610631409783295,1.2103315711772609,0.0,-4.477081482953153,-0.3424902730474724,0.0,2.4162586526388354
10,243,-37.48740178103285,351.78225698897273,-23.070058802737528,-27.976584740667725,187.8405762938759,-5.654231005160393,2.047420340685454,0.0,-7.428610840028811,4.115885043449044,0.0,4.172838590696599
10,330,-58.78590026412839,715.2886891081968,-48.23135457641037,-50.968898143925855,536.9513087452335,-9.8643231984143,1.8272717997496954,0.0,-7.370818545125818,4.301526310128096,0.0,3.827435514400987
10,064,-17.08112115076919,240.58602381326736,-13.58845171306019,-16.081687443141025,136.98220572441448,-9.048031412639604,1.6234595676979509,0.0,-5.885864209896456,2.914869827543546,0.0,3.3811489971808837
10,159,-29.144501827711796,349.02068306444505,-28.277885254836285,-23.12972583148758,186.44459785825293,-2.527348196435552,1.6755268614512624,0.0,-6.63028641539772,4.02098701833647,0.0,3.5954494844131974
10,132,-8.020658886835996,126.41408232175348,-13.119595671476102,-7.1269005738245,99.03300046925138,-6.297589656933782,1.5068328799545314,0.0,-5.56189124027148,1.9285500279633558,0.0,3.1593450017703053
10,007,23.260800087068287,-280.58521904102895,20.12927695891635,15.565580426997306,-149.1119372043951,5.165490548620926,1.4416434119252415,0.0,-4.9401509293806205,-0.10788324706325758,0.0,2.6617821063935536
10,311,-29.588837127768933,293.68924037958453,-12.429186078704571,-24.08801612242061,175.10039102008957,0.6642540018540606,2.2753078018862483,0.0,-7.391080004271843,3.8003281589632314,0.0,4.19844902437301
10,011,8.15610599961787,-143.97417568635694,10.894254171785457,3.4653328814759994,-60.94776119551657,3.136218486226766,0.4601834750750117,0.0,-3.641316606920912,-0.555064340318445,0.0,1.9684996753459074
10,045,-1.5559581701801444,28.858280237058153,0.15743628062912984,-6.046949786873823,77.2384202249226,-6.679493013003162,1.8859883515193292,0.0,-7.366407791564447,1.5247881556773166,0.0,4.0983864754905905
10,281,1.927647194537117,-95.90871519113266,18.024875465780898,-9.267896153640207,46.514107243994054,-7.223293609555598,2.37134194487911,0.0,-8.338693452916438,0.4561304446427006,0.0,4.458968051761095
20,053,-7.51563986201012,136.45170049999572,-16.827101375433998,27.12482370049161,86.24257927394628,34.860552067011405,1.6087677289358364,0.0,-4.47793356799594,1.957601376813415,0.0,2.327276843102295
20,209,-7.441124821605109,94.88619038449956,-10.068229897500549,-13.3538367314698,146.93768936060576,-9.841217117361875,3.6154728274811117,0.0,-7.771313959202247,2.758257427880089,0.0,4.342050567261255
20,251,11.572817419382545,-393.2041496926989,54.946318111092666,28.82270086545995,-226.15120865648254,24.257421042873514,3.139553916018292,0.0,-6.907496071521128,1.0494298341753716,0.0,3.6574052767994787
20,154,-21.467560420274904,304.81402814279215,-31.038732097257743,-20.4661126311351,185.7721611327416,-8.887527530147263,2.447770522305542,0.0,-5.8696532489973885,3.9326960570346854,0.0,3.0730893036674356
20,003,13.795633012564466,-246.1263679177177,18.699995975167937,9.692118241973805,-132.52229024984703,5.029288026524126,1.7025091192933557,0.0,-3.9733277271904233,0.2803583093660734,0.0,2.186621755742123
20,151,-18.351704036884644,213.9800489598556,-28.805680277992554,-18.365751998734346,124.57185103527424,-3.6055214469684977,1.4062918315659432,0.0,-4.154742889442253,2.6232264854905893,0.0,2.194358992895359
20,048,-3.79285387050804,128.95191126924126,-15.36545359219132,-7.511622034920359,140.48545088430473,-1.958141008988501,2.72300128511774,0.0,-5.767182864627663,2.6393976750966193,0.0,3.1474917261657724
20,164,-33.53211783572898,565.6731649296888,-58.87112444743302,-37.74601909551259,427.34543198293716,3.204265194624522,2.31374885220513,0.0,-5.459001315104042,4.229620120424197,0.0,2.7616720408145894
20,193,8.91436439432143,-111.23126901176369,10.396751479001896,-5.182113250291854,72.04450734965796,-5.75875590686087,3.838783039769634,0.0,-8.037791803093597,1.5290564800216326,0.0,4.007924626891186
20,249,16.62500385785158,-372.9818401190363,52.923848819203165,18.001749597919694,-218.31814482715117,17.588988147936426,2.8049238061349295,0.0,-6.588219910460156,0.6604600084360195,0.0,3.5418550011728582
20,221,-11.325388356932791,182.62863360275006,-10.648943706777935,-17.464850818862878,200.14093924846003,0.7277475816306289,4.12241428550805,0.0,-8.710514153521622,3.8503184741949155,0.0,4.406409898856241
20,262,11.587738493470903,-172.6288477394463,26.655318064840536,6.915741389268031,12.964890063556142,-2.6789810386516413,3.499832851225794,0.0,-7.731629856757989,0.9537010305574787,0.0,4.315995029737126
20,222,-12.275473210546842,185.82353524460103,-14.95281324253224,-18.037229828417853,199.10137220188363,-2.3905054051243444,4.276084642565167,0.0,-9.09749500484831,3.83041732392457,0.0,4.381094354854612
20,322,15.190490330324856,-335.8752117109821,36.46783584928912,19.490921828451963,-203.66851680501495,13.234159819492483,2.6574495725014593,0.0,-5.733842867149202,1.0159092559805116,0.0,2.953061652736527
20,102,2.7261510311223063,-53.52504274607493,3.0907355377079035,-2.131524004779968,19.305676099533365,-1.757351212145065,1.2173802971036396,0.0,-3.732243255915959,0.28990755777771204,0.0,2.021648359627049
20,264,8.45263738893509,-193.39881513434892,28.45089391801315,2.4982559805105833,3.1311480796567963,-1.894353198445918,3.2496917445735605,0.0,-7.877455849567787,0.8487026299223135,0.0,4.313231893322014
20,107,8.753667483182571,-87.27118702453504,9.638655825390268,0.9889838501722422,26.573241272310536,-2.1438757884895905,2.40685851073086,0.0,-4.818273504399929,0.8443756030163347,0.0,2.387668687141682
20,223,-12.378633759263627,277.79756186977806,-18.523931242001307,-15.071806320891175,214.63945506652047,-2.0227036778359953,3.4991703183680114,0.0,-7.330735145003677,4.1409398005759215,0.0,3.9064699372588576
20,127,-9.3115419386834,100.92327001532786,-8.800434806630156,-19.860511663000768,87.41804115174772,5.814907053167791,1.6200347532557355,0.0,-4.322644580100146,1.8232408415304349,0.0,2.319049362481004
20,188,12.62554677613948,-232.5091775212744,34.450971629007185,5.505495647085441,-32.10623770664386,-6.55505694847548,3.2120122927733736,0.0,-7.856266958476605,0.8339613704489812,0.0,4.59406986737717
20,100,15.082515852337107,-230.31432790618294,21.777957532250085,10.829473155803248,-99.24209535603609,8.348887551814444,2.6042691152160264,0.0,-5.280528122159274,0.8800707769998674,0.0,2.929931840730048
20,014,9.341295703964649,-211.2845938150149,20.08496922592694,9.357381059261042,-85.74886488960122,0.13393725857270944,2.2374240987835767,0.0,-4.746995043561443,0.6246024782477766,0.0,2.5126460999787326
20,075,-8.670037571216714,348.3189233702796,-48.51124427758091,-17.949337373873096,219.24216681253748,-9.645051135265849,3.0647823086738772,0.0,-6.833266100923418,4.555027184816837,0.0,3.378184667646912
20,134,-10.787865884708712,98.76562978346571,-7.933613136003832,-14.724239498334462,139.39682975531136,-9.054580832480081,3.2249909251617854,0.0,-6.927532994767686,2.6553690016142575,0.0,3.4099249707574124
20,173,19.51367725299918,-356.9247088977964,36.44799203104943,28.39272245570575,-217.45592283867165,9.05984611749497,2.775211839617587,0.0,-6.304947006040813,0.9276474163822038,0.0,3.183746793584995
20,099,11.102548065843646,-219.78840548618894,23.873582299393753,3.180553471454398,-89.87481708063812,4.534825863979243,2.56610693179214,0.0,-5.22361210519038,0.9248217856268165,0.0,2.787442155041761
20,063,-7.845599481846024,243.1739054335182,-15.02066733177276,-9.77016561892366,173.79742822729872,3.979706027092157,2.6466026856478764,0.0,-5.7743699754992575,3.402510384015832,0.0,3.0693263924486045
20,024,3.886694727735687,-93.7875869970376,10.247093940741827,1.0047578954644845,30.201590996152593,-3.114525570194287,2.624768744340771,0.0,-5.482212177652654,0.9965138465104819,0.0,2.912523295018181
20,166,-41.83616034840857,612.0263454753403,-63.45174999355315,-23.21788520837069,434.7573383852298,-8.246288936273967,2.740599942411705,0.0,-6.052154850174006,5.120737891290887,0.0,3.386862220368639
20,105,8.04747312788488,-76.78921090478778,8.304272660429508,-0.2288327640537826,24.84963762390795,-2.4732465079019126,1.6182230810573999,0.0,-4.18284599129485,0.3799507592940967,0.0,2.2537109593850566
20,136,-9.212405157830638,156.6944104942677,-19.037100815497148,-12.846355782213491,124.25257530797298,-3.794632158244989,2.0078498483607916,0.0,-4.785247951700247,2.4661149826150464,0.0,2.685802890942567
20,290,-23.602361610631547,217.0270513367289,-13.146695189115725,-20.861697534375054,194.93662879238357,-6.183406985255778,3.5806982953059734,0.0,-7.336062268725125,3.721747458444715,0.0,4.1327465516510085
20,289,-10.208112360891862,90.79836157520566,-8.053604468659634,-22.30336546911913,172.08875395316412,-13.982301715414764,4.179807644169639,0.0,-9.122423310915357,3.10560058715514,0.0,5.1549073490493065
20,238,-28.194960164098617,684.2102855020702,-33.834268322391736,-35.50675009711922,493.1558102985733,19.154989485824633,2.995882186331635,0.0,-6.443764743120586,5.289029894761051,0.0,3.6395118777592375
20,203,4.957442537791188,-90.53625079386434,17.10227469192986,-9.90602846119343,83.31848614019925,-5.4030130945900225,3.896312432485304,0.0,-9.316379379224841,1.2718168690031428,0.0,4.640931233125485
20,233,-22.328271879069277,418.0122891860033,-49.060751683647524,-19.94137109601294,265.45112394409574,-19.866173705842137,3.806063437934141,0.0,-7.828079985034299,5.698230422683013,0.0,4.297564729163416
20,253,22.73780503202363,-274.71464561185746,44.78844876686054,14.581540767870166,-134.21248460071948,17.033044646933753,2.6912510966918166,0.0,-5.954200220422121,0.8880755538813845,0.0,3.253847650953497
20,117,1.4805200761536792,-24.485742623772285,0.6049759447696765,-12.633933547545375,86.25462462071094,-6.544413511993028,3.1235005357845353,0.0,-6.463429903900552,1.5279753107129812,0.0,3.207184187140901
20,212,-3.899293308660144,48.83448474246719,-5.568279541204756,-11.981456984082213,136.0597801541328,-5.971280842734845,3.590461993024475,0.0,-8.225739974917392,2.4839718626361007,0.0,4.275563120044216
20,314,-22.590361713308894,647.812199699442,-79.36591715142356,-30.120224846784467,490.1752524632026,13.416489179803598,2.857561805381841,0.0,-6.096845388844659,5.055085904186127,0.0,3.3509905362463925
20,032,2.2140087736455474,6.346518828257631,-2.622666665370977,-4.5192386993890965,80.19424600459682,-4.679313996212206,2.4395204546901397,0.0,-5.1950448569455006,1.3938778994940055,0.0,2.8425133943635297
20,056,-15.330135889614834,175.8627551265738,-15.83294196058184,-12.477488318545465,156.20266183356577,-3.4200158798856677,2.663999549286485,0.0,-5.835506191094402,2.971522054959605,0.0,3.2312052152179733
20,196,6.449419645275349,-162.02685986685742,23.8761721862816,-3.842049261935231,67.84944211224179,-9.78074396671149,3.902666308733922,0.0,-9.05484031499875,1.2010868406972208,0.0,5.010997926146315
20,129,-7.021974802550603,115.23841648066062,-10.601850181855124,-13.348655546906471,118.54391622122863,4.288757024428154,2.384980721551303,0.0,-5.245095935293387,2.2362032103240765,0.0,2.6712927018199735
20,275,4.242527745023757,-43.4180478579968,3.725761013687639,-8.186882566797756,100.06092800478976,-10.170570121086374,3.4037456345424197,0.0,-7.782465740606041,1.571680468089886,0.0,4.1335292937579196
20,156,-22.301951118788143,335.71158581471065,-38.07518912801838,-13.171590870998807,210.55058833630054,-3.660593381966744,2.8695831357211667,0.0,-6.346471561600495,4.467345917606949,0.0,3.336046306779127
20,305,-25.07342456235777,281.57274476008337,-23.38697018018015,-25.747468339447913,223.77927184262106,-6.434494938800235,3.8411264535305722,0.0,-7.712333884531784,4.602139405660633,0.0,4.40690824297031
20,155,-23.37524888153213,342.79814500858015,-38.561631723788686,-23.368261654589897,219.35768076275764,-6.751847418543565,2.804813604782996,0.0,-6.376506461502048,4.431660904346314,0.0,3.317350494714737
20,120,-3.100779608493318,48.75788943256191,-6.867527758766008,-10.264121744388067,76.85154639892767,1.5461961324437614,1.8444756936294098,0.0,-4.6253265130684245,1.4853569699041933,0.0,2.422755033699199
20,218,-16.564736776965326,191.8505167469859,-23.327950766773647,-19.36700893523725,188.1965220276503,-5.258669503839137,3.7943699057482094,0.0,-8.119758977849372,3.76531045467909,0.0,4.157781162051196
20,125,2.42705769127324,28.11405511840582,-3.943639196527599,-13.906502736597716,110.28495782137071,-6.250845353095708,3.231328227967328,0.0,-7.1151748383532745,2.088757107057711,0.0,3.457298402432323
20,093,15.631820640264145,-308.65724732300646,41.98315790717629,17.138698349485445,-179.98451919604182,5.487428692637247,2.383004688860183,0.0,-5.593796907265054,0.6850497753258076,0.0,2.863474023487268
20,266,-6.9053877836347555,-44.44840787787953,13.825524495051845,-16.954431587838314,99.94186777176238,-5.493376888573812,3.4822181376344585,0.0,-7.44794585982097,1.5653775693279977,0.0,3.9801553479846175
20,260,17.6804150151822,-315.53980228021334,42.55216934183875,11.12886484612643,-112.72016264287555,15.665655906003384,3.2526518600274175,0.0,-7.992385412770229,0.7767841186694828,0.0,4.2000322376896575
20,078,-22.473922489073637,375.69315532098216,-47.35716251234642,-29.101641843981483,285.77144480570024,-3.4180044594232033,1.3580629691750592,0.0,-4.205674070187846,2.527141981373144,0.0,2.0771192931012337
20,252,19.97185600933829,-407.36888912029843,47.27709581361102,31.098539380876364,-216.76396749918194,9.365648702249521,3.3867695466065246,0.0,-7.96157127182307,0.5712613943052955,0.0,3.819512215191391
20,177,24.818711515717027,-399.03685596373896,54.414775734818626,17.89354829092233,-207.86622494244216,23.199760544495263,3.1997689406770227,0.0,-7.595568047200231,0.6014581933367342,0.0,3.8729228133404705
20,291,-15.220219528748833,200.039910510299,-8.524182567601967,-17.60283378589229,187.74501265960427,-3.121297610143387,3.5302950914782754,0.0,-7.247814022134878,3.765309778077663,0.0,3.968831139982926
20,268,-3.0471512712477353,-112.32888147263131,20.303781966228566,-12.765598304489952,69.56752058400525,-4.737570555526572,3.753501192486424,0.0,-8.269761620175236,1.4584150650413175,0.0,4.3247286782764895
20,303,-30.703272883072785,311.438142635337,-29.051055387653545,-29.019358167731273,235.39800810953622,0.8527732540191106,3.7934162190814282,0.0,-7.997175781496065,4.7802196198842335,0.0,4.648975866727191
20,162,-20.270420778855843,473.403903735811,-54.928631989274244,-25.29819238184581,342.3766363438821,3.1720155264559304,2.112509376889606,0.0,-4.999064804843499,3.7485361041961704,0.0,2.7274406370690847
20,215,-15.545199272116061,194.23159658995445,-20.77444323087482,-14.276955511745541,182.51652638140257,-1.9466809385939654,3.5258110433899854,0.0,-7.151135189021258,3.6325323085483228,0.0,3.884979069424103
20,217,-12.9995642822061,209.82993150413532,-16.705408040755685,-15.590029311538657,197.13134630649535,-3.647441957160695,3.728279848944867,0.0,-7.660122208022478,3.964843215233411,0.0,4.190970454035578
20,198,5.344494035895609,-205.37539422083066,38.100864457508635,-2.3017249282475074,51.11487795444239,-10.04437939407267,4.306615544544464,0.0,-11.014534597796322,1.1086715113323882,0.0,5.143092750685991
20,030,-3.5340943148506447,10.239311838774652,-5.838172188173248,-5.757293251130074,63.2959579650897,-4.060689641004834,1.791500979010975,0.0,-4.41748415667184,1.180198911017988,0.0,2.345371314250379
20,062,-15.075773382825462,214.99804479427794,-24.330833643811197,-12.941602027076787,150.15654962684073,0.4129033299134681,2.15410445814914,0.0,-5.054632282210075,2.9591010868116836,0.0,2.7222157910167466
20,054,-7.387695074626657,157.3178515495115,-16.03048286144993,-2.9568531455144136,128.32535704907153,-6.655660785513078,1.9792504190689413,0.0,-4.858046198621286,2.3717746065880876,0.0,2.5596795043669367
20,175,22.71910398269421,-378.68010047271423,56.593840109761594,19.067931315192595,-225.84277080452236,26.410123391082973,2.9173390104788313,0.0,-7.201466697502119,0.8413289019390203,0.0,3.353756554548297
20,109,14.442622691329817,-129.75411042982364,20.24258651302614,4.097487887750154,3.638718982827854,-2.438152394511313,2.6358334593373556,0.0,-6.1700356199912205,0.7028879910236814,0.0,2.9583446849512773
20,047,-3.3741653876277775,119.5440445977172,-10.324912890245592,-4.177547442691389,119.28500354697893,-1.6422864864909246,2.442963471076578,0.0,-5.254889445079931,2.2984655854207956,0.0,2.95925756001942
20,167,18.654870777259312,-212.77800109245305,15.848321592533598,8.212848466680677,-131.23701325454883,8.778616276627321,0.9809360449840298,0.0,-3.3422142838111015,-0.0005446477166899388,0.0,1.9270248917968356
20,231,-30.96740503320028,389.61562175684304,-37.396023132355324,-30.048781113843365,248.98335190942976,-7.755173608772193,3.4484003398284195,0.0,-7.172562953769345,5.3384504879920005,0.0,4.033313630456799
20,092,21.513501424279468,-309.5210641572866,28.125749588248638,16.412682710994346,-168.575495741125,7.157158525110038,2.558568812413893,0.0,-5.178136803018184,0.6015507632897009,0.0,2.7653231738715096
20,005,10.615154051183463,-303.5830822358722,32.30656842036741,12.08563307376486,-169.08479299564877,4.510301748675118,2.534395109560258,0.0,-5.268819702341063,0.7298021648394757,0.0,2.7775607043049595
20,265,-2.505634474057109,-231.87002740771524,43.12522470085517,-9.261429783008044,-19.733290121223153,4.55409818280739,3.295217882559068,0.0,-8.835253930700404,0.8633773625173873,0.0,4.0249839587825
20,096,11.471207932787214,-170.59118976988964,15.861757039528374,5.23762672867009,-56.44512225796182,5.54019841674112,1.6785226047890132,0.0,-3.949985410414408,0.32908126443154506,0.0,2.305886978193563
20,071,-13.420974856444344,293.9273042696803,-32.260655264531636,-13.497891595994792,185.9292724228116,3.0071541779934567,2.489360765818344,0.0,-5.457149238913192,3.711786321121574,0.0,2.8911070072847833
20,185,19.310484676430995,-342.58484986516896,47.97233393993419,21.112509542972262,-155.34725595986902,12.082802512672927,3.1058638789943336,0.0,-7.752442244593401,0.8771290911265595,0.0,3.4219699863733943
20,180,17.86589792113486,-303.4208749528373,41.19243465748766,15.45721416112239,-154.5923117223287,10.80221228426189,3.149362538306212,0.0,-7.060812933387363,1.0562248797232756,0.0,3.3537187380486353
20,272,8.966412883431326,-160.08111691404994,18.093647422627534,0.4220604737576106,61.77524083580989,-11.044592746393684,3.7061069722155535,0.0,-9.188214835772472,1.002099353233089,0.0,4.850824894826203
20,020,0.571343090964713,-53.7650490224174,0.3518776970195264,-2.941404768118245,30.584435986753338,-0.2952597379142251,1.5007421708565016,0.0,-3.9517759391273493,0.36435325069206614,0.0,2.0907726965610003
20,299,-19.992285873244224,283.4444757447914,-22.507627875798317,-16.871970138535126,218.55142503349393,-5.672834765017368,3.4354649845789096,0.0,-7.195426629081159,4.368582589779155,0.0,3.9668412809258315
20,287,-10.52712763154176,106.05331611618011,-15.085884765173512,-10.754425404899381,175.04609429300305,-9.279299904898295,4.0868867246824365,0.0,-8.973934646068583,3.3959029957992986,0.0,4.945491254252762
20,148,-20.01749572822103,273.90730889445115,-26.543054058339102,-16.025870778330944,206.15510888225714,4.627464190607634,3.1496537831753613,0.0,-6.396904783632308,4.032977603661598,0.0,3.5024330429177493
20,277,1.837564012988849,-53.10717542856942,7.955751910076513,-11.575826909456621,104.92265718471214,-12.044878257192028,3.7981312332858743,0.0,-8.701791067023011,1.6873164234382392,0.0,4.833332015130642
20,128,-8.03241757519229,106.08579651527467,-15.136676973009315,-13.589414675627431,104.3503570578706,-0.09795136121344505,1.9811949648809841,0.0,-4.848464078729012,2.0399993553610325,0.0,2.591260196821806
20,110,5.179610980365781,-136.12352558980606,19.99098623473195,-4.428690701692739,12.847220996367335,0.035852393109674585,2.660484195060553,0.0,-6.53808163840407,0.7906270711649084,0.0,3.138510655109128
20,143,-8.891607362636174,201.09655461810036,-25.193844977427254,-6.66215764162655,133.50975286840637,0.002568429348639878,1.7444344211567258,0.0,-4.517733369589499,2.7714919779562073,0.0,2.4209725850582062
20,315,-42.25768952469483,685.5321291033698,-49.809433292217875,-43.55269720366404,495.85504923144566,12.252301061924596,2.9618470844268834,0.0,-6.432052823139735,5.48720156113455,0.0,3.6650113673022338
20,034,5.126563640517887,-4.32752275802036,-2.5839563140230086,-4.0101992467843015,106.48426696431676,-11.385841086466934,3.165114386403313,0.0,-6.506001015633865,1.6989416505275026,0.0,3.5319386525735563
20,135,-11.31463131730081,132.11802265738538,-18.952237283908133,-2.1280261254067554,100.95842985430788,-5.433382099261968,1.6200886263039793,0.0,-4.514093304421016,2.006224197697151,0.0,2.3546792623376085
20,103,4.171311046554441,-61.44628679805191,0.9391547837683755,1.575990260462758,22.7089137458314,-4.386104289420002,1.3423808872206764,0.0,-3.743012344194471,0.251633320011011,0.0,2.1139243401101617
20,101,14.893883196682705,-260.64440559598495,29.457810003191433,11.08239850193755,-128.72254798260505,6.498916242738414,2.669145953313543,0.0,-5.662884661251907,1.0374172600846663,0.0,2.885672507880131
20,312,-25.17094555225553,446.9697730489202,-33.76472873064236,-10.393821582448673,288.70587548219186,-6.262649382184337,3.9288203626402387,0.0,-7.669684009921917,5.994330597310474,0.0,4.477058557295187
20,149,-20.581676831112176,278.1954169423517,-23.303943702569565,-17.99003810898028,211.37425427791902,-0.28632269427726165,3.2052268916231816,0.0,-6.802342249970293,4.183510151711752,0.0,3.620434015806672
20,201,5.921716739114186,-35.48830512391802,-0.9060038911956623,-8.87505716048068,104.54138818527362,-9.590821122406382,3.4043868692778325,0.0,-8.069667593296138,1.6273849013613328,0.0,4.433943548638627
20,228,-35.86580765594671,389.83192207807633,-29.168429312188557,-19.679531131480477,250.82364135988902,-1.5208010851670641,3.449229771331289,0.0,-6.9897898652242585,5.165822544686518,0.0,3.933320379187342
20,306,-21.227294774363745,394.05942014010395,-32.683807952338384,-20.45316044853538,251.62371254210038,-4.471009913483703,3.4605248227392416,0.0,-7.463958879506231,5.425860492871604,0.0,4.04111162856851
20,241,-53.6414352214316,733.8385707474471,-56.25472492533312,-42.17720630600834,526.1091262142214,25.823503319135146,3.4140513746730257,0.0,-6.99164243530352,5.62135822222684,0.0,3.7025934409048924
20,310,-48.276192692534124,439.67442032813244,-43.71915338746378,-31.81525831059364,285.51009935067736,-2.8360823756699975,3.8687703602857937,0.0,-7.737008312721457,5.613636808433199,0.0,4.0146815369077595
20,043,-1.884983812623807,39.82201268034436,-2.833163247592741,-7.889091080478957,121.73442726090815,-9.707465316415231,3.2867956100659397,0.0,-6.948199866907938,2.1791339584740443,0.0,3.7271120115283844
20,200,3.5367314970357624,-11.864538601903446,4.363742681603226,-7.652841490147855,107.9008986526153,-12.90427301170246,3.4773161524415412,0.0,-7.931710316330381,1.8154166265795268,0.0,4.01035149623025
20,298,-40.80043189171272,291.9708609376567,-25.910270950413345,-30.281450160200375,220.89556659788906,-3.7709033844353534,3.522188626345772,0.0,-7.18824375001805,4.33051862126036,0.0,3.856904043091938
20,184,23.958049388468737,-314.35852312008933,45.78610536197789,13.209462154080356,-121.665774930493,3.5482096121747144,3.122468794063282,0.0,-7.721332100188238,0.7761832259858361,0.0,3.405928779057983
20,074,-33.47515736012639,346.7804120640925,-22.810380461402794,-23.201084595001042,218.00201270757285,2.190064379064765,2.679966595338585,0.0,-6.245765634997263,4.604700258006259,0.0,3.282503532990953
20,247,25.585771088060966,-348.74058040948904,34.8576791193337,27.09603094469366,-207.10096981916269,4.605126788240705,2.75005655860201,0.0,-6.117368682678567,0.9360463408374697,0.0,3.2314224193676666
20,255,32.108926469292555,-312.5666722806891,38.953998305333336,25.765898151321856,-156.08829029244694,10.349461825816412,2.95343248018379,0.0,-6.780380222066344,0.7780140322784916,0.0,3.6580501194061306
20,119,-6.280166115513289,41.96497623176168,-11.82301787363315,-3.9864106249702655,63.09156258270504,-9.662922397651688,1.4283776298057098,0.0,-4.14340698891281,1.2545541178072595,0.0,2.207126451574635
20,016,15.62137010711908,-235.13997750177134,24.57732127770789,10.637900055749574,-100.22072553509756,2.8775595931756235,2.579010210274901,0.0,-5.2904753027368665,0.9113845758730397,0.0,2.854510461992888
20,246,12.52984151601887,-338.364463965599,40.76957951964002,10.1876388558832,-216.58670604202297,18.005032261219977,2.668085155489349,0.0,-5.803834028747343,1.1041341546632717,0.0,2.9102064259540485
20,234,-36.531573340869,424.0603904264597,-36.15168466853116,-14.171069277240715,275.41351437776683,3.565971926787821,3.6097042012229217,0.0,-7.546917917618131,5.737881729624478,0.0,4.179598029192112
20,124,-2.486558252344407,39.31424664099217,-6.965895183865387,-10.340824174805757,112.35918088126586,-1.9442836628949922,2.993058743095453,0.0,-6.283432483732255,2.125124416677001,0.0,3.221953359898174
20,199,-0.6183196212773209,-2.3159901210699902,1.3580490538524974,-12.098099800653781,106.50136306716648,-10.813283829253534,3.272112565976313,0.0,-7.288088093041457,1.8106062251920576,0.0,3.98450668428245
20,111,-1.9396787778325928,4.199358865558395,-7.000175760354566,-2.2233890746612235,36.12150754984756,-7.272899058821701,1.114816367638587,0.0,-3.688906956013837,0.7206580422634948,0.0,2.027522686079214
20,039,-0.17780217929347453,56.94683095373447,-10.378758354677283,0.3968988805150593,91.85305353304231,-9.400781864968552,2.2463352541154493,0.0,-5.08423556322729,1.7174208923445446,0.0,2.6640153865037206
20,259,17.077180853754932,-285.2110791429673,41.070268152590046,12.113569274841804,-102.17672029056216,5.339087946034706,2.7758832164790137,0.0,-6.97165548732154,0.6538598885480784,0.0,3.4630476739161598
20,273,9.882531506328295,-167.10366152343303,24.004729628113537,-3.577027813694183,74.89551348946887,-7.879847079166212,4.208466830612786,0.0,-10.90291705202586,1.0699377275432884,0.0,5.073140327189132
20,142,-14.710236948110243,182.11184879925793,-19.114874706604525,-15.772320367691265,174.6405092482936,-0.14446723653751192,3.160947888839318,0.0,-6.782206733730038,3.4810530177737693,0.0,3.4583691968350436
20,230,-24.647397715491053,400.631464247092,-39.78676805952892,-33.32039060105272,254.78671048878246,1.8786533921922839,3.418435094906087,0.0,-7.078769468909901,5.287105542929677,0.0,3.9957820290744355
20,307,-27.013663532810867,391.7157390749037,-39.40527675248441,-25.401566608917133,249.94846474116744,-5.503957341698078,3.2496879074666687,0.0,-6.803676991113346,5.192242035141601,0.0,3.799713366690118
20,068,-23.54099729404753,281.4172043852953,-21.128019092485992,-18.48020841603949,214.27489684272226,-6.376359721799747,3.2167983123750266,0.0,-6.916705147067961,4.295420509185835,0.0,3.793481037945091
20,147,-26.204273201252047,279.0812512532859,-18.391177912125272,-15.863652580080654,209.69944730852347,8.006117250295922,3.034290549277551,0.0,-6.242019141269417,3.892561528717054,0.0,3.3298919997484853
20,038,-3.130982369590209,43.29758381428168,-8.342944927272947,-19.787612235656802,66.01054852214746,17.03464876306024,1.7647142469234993,0.0,-4.40707036697565,1.4377254686222214,0.0,2.4043607012742285
20,145,-17.474808089216914,243.80509151052857,-23.02792383898533,-14.095909158560854,172.86502034326915,0.44925506971832085,2.5333521592295716,0.0,-5.650855952184923,3.443645286533303,0.0,3.209780692708796
20,049,-10.053957604668794,137.2191054189218,-9.75565674997256,-10.227423091441597,148.16981462849867,-2.293005949366452,3.124784459922825,0.0,-6.12241370822716,2.724725367432544,0.0,3.2863690905665353
20,208,2.6095283749223723,88.25926017397497,-9.020032686052556,-6.30354319115828,138.40554713574613,-9.436813551488598,3.5042512037207936,0.0,-7.780112635008365,2.588801023973534,0.0,3.9769120459792777
20,261,5.80338236269085,-157.18089613473546,14.880229450419717,3.514482891133204,-1.1360284446823012,-2.5185953763569016,2.99034753877663,0.0,-7.113330174924584,0.8706999345221422,0.0,3.9539430423532043
20,257,18.736744316548496,-315.61630828152863,44.152083748318105,18.34121790884887,-151.02369718341063,7.992159782073527,3.1056713828729974,0.0,-7.224279582323839,0.8475368429878569,0.0,3.876218202883155
20,017,14.539931281078267,-254.96335306566206,27.74418558859253,15.026729876986991,-118.26573568727967,2.733489700761013,2.729921594163276,0.0,-5.7674602120791105,1.0733161899208223,0.0,2.956971452705951
20,121,-0.18730271760626827,35.411131252593876,-4.1528758267671275,-5.855615956098722,79.89976034362739,-2.4588773981685943,2.0840357418377446,0.0,-4.958936106331399,1.5156797745599941,0.0,2.577799422147799
20,179,13.622469657232244,-292.25215249343876,38.59793421403228,8.899283319366603,-135.7601688982808,8.897641690011511,2.9416711671535514,0.0,-6.725723462352061,0.8452986861047556,0.0,3.383356706888296
20,182,21.01307680414712,-294.2411222260917,36.85353372006485,11.180531756450868,-121.92807234996333,19.630338067578478,2.8210547121844938,0.0,-7.128176670558773,0.6775068228487904,0.0,3.46140502014682
20,181,20.802740485619488,-296.329531512182,52.2233050970461,10.593764467034152,-137.61968534555743,20.012714332294827,2.7847629911497895,0.0,-6.760940617285084,0.8102853272286448,0.0,3.4919775311699066
20,137,-14.359487493555779,176.8435447862321,-15.027549142035204,-13.873134215099899,143.8374505537913,1.65045256279023,2.5136922368880965,0.0,-5.788046245805745,2.800887413497855,0.0,3.0329981807559383
20,308,-32.555745311259926,401.1769546985859,-39.42959377739581,-25.000806673123556,256.68541453354993,-2.9271398904340815,3.649527444270022,0.0,-7.760405072173951,5.240930627022318,0.0,4.069677221438737
20,326,18.9024763258008,-378.36491054698604,42.26735460652889,17.05498671221801,-198.4844562842968,12.897201907957552,3.145982510830006,0.0,-6.845768821285114,0.921557345588524,0.0,3.7428679180041504
20,146,-23.714180795859917,270.4315614606264,-30.674523412239285,-16.78815766508772,194.86160636475884,1.1861936761894354,2.9287702195571996,0.0,-6.1477053197164535,3.73762345346722,0.0,3.2067673365851603
20,304,-4.724620424089275,292.5924997459863,-26.185924070538377,-8.293556297850007,233.67309913397247,-12.195469110004467,3.8472077329883585,0.0,-7.936358608159658,4.754095381320383,0.0,4.375742449113711
20,130,-10.031118405861955,121.44177632352752,-19.762669626427776,-8.621777628265889,134.4919722172814,-8.900081879041604,2.7389533166275806,0.0,-6.0285024006670405,2.5112004708817017,0.0,2.8307604104718527
20,297,-20.003636953522623,188.86286884341382,-13.633045438443895,-13.808427110660167,200.65342220067973,-9.341479656714736,4.208048026147915,0.0,-8.834488515921347,3.8224782431503304,0.0,4.674401424640981
20,216,-14.605830215071917,197.068833519564,-15.93010444469453,-17.582718391149765,187.58293785996085,-0.6308060534381594,3.433258184311773,0.0,-7.490537151729416,3.738785643026338,0.0,4.0058640049118495
20,189,13.664030898177774,-226.8969148203985,28.160153298359457,6.0394697502736285,-30.619899813783814,3.954334443021354,3.512171097345285,0.0,-8.357237931878693,1.057713262745857,0.0,4.2690727561416075
20,296,-26.136511905350087,225.18271013205012,-10.665368041635682,-20.999907189245175,221.00252946290763,-4.173202576123399,4.420341874052795,0.0,-8.633485143324547,4.219863729359029,0.0,4.755475461410276
20,050,-4.080843261829193,126.05660688901868,-7.075144244957475,-11.7578220067537,149.25495816586192,-4.095130121280012,3.2292916225827066,0.0,-6.713906255271916,2.8126071755600606,0.0,3.763813193957136
20,157,-23.558086549298284,349.9380990254081,-42.967839858304885,-10.576224922682176,217.27665093721657,-17.56374881401068,3.012924436513304,0.0,-6.746635525407054,4.694861894264784,0.0,3.644367219900289
20,258,12.22436809742007,-302.2326671585739,45.16479688920403,7.531442536619137,-122.8019212762727,15.160913746248884,2.9318434538836162,0.0,-7.345625052944097,0.7064742877060357,0.0,3.6093641004083445
20,267,3.1906131806346516,-72.82202289615856,5.882508682169949,-7.560983298944598,95.61438437306563,-7.680217238359389,3.642601331671373,0.0,-7.722483406872862,1.4989241822869868,0.0,4.282449818765933
20,178,11.137745172907463,-269.22483018016163,31.69086480928428,8.769086090214957,-136.5688928106052,13.354511320198942,2.7538149309710507,0.0,-6.269785438988045,0.9717412281981201,0.0,3.1235074349892833
20,150,-18.307007226529265,300.60405109504006,-22.326953100966158,-20.358060827108417,226.4778624243424,0.8772689232834638,3.3287468384255097,0.0,-7.074006919318124,4.424595530001595,0.0,3.737157150824892
20,256,12.635393049015546,-307.8896727436559,39.5582108260661,14.605514723125758,-136.81961432111262,13.187509918995094,2.9112532165926086,0.0,-6.925238685770485,0.9057224745015457,0.0,3.923767910623014
20,114,0.34415575480115845,1.4944127997713375,-4.454082426133484,-5.0805934941656155,64.33790507461927,-3.6098093689232402,2.014653707266522,0.0,-4.7241648907005,1.2156152767735464,0.0,2.6374535539798734
20,118,1.8990069269251877,-36.78242052512727,3.0198672187327595,-8.831840473643432,95.64203044631515,-12.274124347908945,3.0819685331164837,0.0,-6.735852157443062,1.4955527505904502,0.0,3.2795878399374527
20,242,-34.907716367869384,763.9851108316968,-69.1013417463863,-33.34483993629568,537.9815519554469,-16.89805856848931,3.4226001715273338,0.0,-7.468122227528794,5.964051494246236,0.0,4.1035976750717165
20,245,13.043007516371155,-324.88868006806376,33.52884032251034,2.6799710203496465,-201.26189440134792,8.760156314392265,2.672466867962141,0.0,-5.684055459372125,1.050784121690568,0.0,2.8969188704584914
20,202,0.8676103537841868,-52.542921094652684,7.641242675306552,-12.387089562309015,106.21025214907363,-9.385276411068858,3.7379256548066557,0.0,-8.32231147983599,1.6307907087444078,0.0,4.536121665454141
20,097,12.252255539543711,-186.40480919673976,17.52101003107825,6.546558415143328,-67.52317188859513,10.368200768705783,2.0053709796397863,0.0,-4.328829399503286,0.44466396071858705,0.0,2.5344391531166175
20,059,-20.59246313567422,181.10076353172073,-12.372015482788115,-12.160952630932178,170.5659912441555,-2.9663935599843927,3.0300725192776166,0.0,-6.428033888728278,3.2065547420128824,0.0,3.4627907413198784
20,225,-27.22907393095887,295.62265360274927,-23.160907533794372,-22.12369587113738,225.96174442792648,4.5241453168740025,3.5809742545248224,0.0,-7.541961859662005,4.522736484799966,0.0,4.248991718807496
20,183,27.16861032719965,-322.1286728853938,45.382699643622765,16.865648565547755,-132.22246081213993,16.835940454110634,3.233743175011597,0.0,-7.8163459996369795,0.6595760794505965,0.0,3.535017938558034
20,195,4.459153130156367,-144.1190692653372,20.70346780066102,-3.137885703433793,44.17693830641874,-2.0203753427009787,4.077103704544053,0.0,-8.562723057540682,1.6629757068255993,0.0,4.63329384532547
20,280,5.317557724311248,-102.5078622856677,13.508712695430864,-12.574382128510168,111.14465212362501,0.03071923476298455,4.037465431427707,0.0,-9.478695056805956,1.4955948786562605,0.0,5.588531349601744
20,025,2.128104155237951,-119.31769741698574,16.169599170709223,0.16212171413030407,18.54965498166755,-1.869772094513965,2.6209063568338644,0.0,-5.822924424615166,1.0801984489985759,0.0,2.9317316291848896
20,276,-2.54529372526742,-24.826571686576365,6.364623969780379,-10.853873805225028,108.18596000581555,-10.636316405514977,3.5016699698447042,0.0,-8.037066061069236,1.6541067823529858,0.0,4.593362344988795
20,324,20.35557069435469,-353.8465643285586,47.182747475669345,16.151408282234645,-207.77150160814327,16.89290330965443,2.9807097140645125,0.0,-6.530120804105924,0.9146643226710223,0.0,3.291387656595719
20,240,-75.38232159208953,701.3765370591927,-65.78569548751554,-43.165235839810066,508.8106325186803,10.525081916441794,3.3143448201481878,0.0,-7.151283387947393,5.331269188227532,0.0,3.6052401042908784
20,226,-22.528102312057637,268.5275351452796,-9.875751907012644,-13.703069764209935,211.2385394748206,-9.943422798618505,3.3983699946796935,0.0,-7.401864238967005,4.16200084043026,0.0,4.056352367250204
20,084,-49.162578698569746,584.5357828290557,-62.46082269361801,-42.01605298894678,441.4547356377373,17.048460803423215,2.662828057918528,0.0,-6.176580752045488,4.410368012839135,0.0,2.732917258621591
20,035,-4.346916865613851,-18.861920192830212,4.877148378953819,-13.195279940161873,108.47503396319097,-7.617194338160511,3.2783681370030284,0.0,-7.01163971015769,1.7357449218313792,0.0,3.71082405035055
20,295,-13.717012458738628,202.69495107743498,-24.327578807421915,-18.794689485270457,207.95274899800896,-8.17546884671504,4.159663243212572,0.0,-8.737038250853324,4.157705906072902,0.0,4.628909665838938
20,091,20.353454980932845,-296.0603098379699,28.427540383193524,15.528337666112446,-173.72562562829344,4.720823743083081,2.3736895612318185,0.0,-4.739446014317441,0.6756994890473176,0.0,2.6483661488395382
20,057,-7.372897353364044,205.37288454201416,-13.512458527680746,-10.092955573869078,175.9313633273002,-4.901840972279512,3.20195517435538,0.0,-6.4165035924390725,3.3613325487378445,0.0,3.440223957591736
20,069,-14.583549866434534,234.3150043204936,-25.150628699121597,-14.486012330921014,137.22890151001727,-2.194556607949862,1.5011554553735575,0.0,-4.177879183603523,2.8531576261866713,0.0,2.2447414813360433
20,133,-10.576452716937915,100.15850652970776,-4.553019603066099,-14.855212002624048,142.11805423611327,-1.8472644570584649,3.244192178168259,0.0,-7.017519836254286,2.7354449107189787,0.0,3.2751016658743035
20,072,-24.584231212853343,313.17171564987774,-31.015188293887356,-17.938724083943306,190.2039598793091,-4.802244587984482,2.4948833181241077,0.0,-5.914359966713,4.049446006943412,0.0,3.0106796553028503
20,207,-15.453086464416337,93.55957987103432,-11.291680458619725,-11.707335367223,147.91216792645898,9.07600719628482,3.620571289737037,0.0,-7.682544741469547,2.7592452881600456,0.0,3.8434576725457754
20,139,-10.972724886083803,185.40793792454596,-14.497922005787851,-14.396996890262999,165.94649272603533,-1.690365268970894,2.8911488803531116,0.0,-6.117827076223332,3.0871593847118044,0.0,3.410569249727211
20,172,21.286782804215186,-342.5495630123731,48.41856814108624,12.136833617026621,-197.68950469034078,19.063163449944334,2.8287870134737227,0.0,-6.120814476104589,0.9802153708125929,0.0,3.276600070687891
20,271,-3.8810169419679204,-156.4077047813083,27.60715029938485,-9.401591371898006,49.61248290266679,-4.063428171162826,4.146884511188346,0.0,-9.781912412547463,1.2490596830089629,0.0,5.0950954010647935
20,042,-1.4799790931149115,48.4257449191035,-3.446743861415815,-10.839687882693037,122.88435249374248,-4.173740642465851,3.209039457449625,0.0,-6.560011466643841,2.227365647389667,0.0,3.4546802035871957
20,194,5.7472151786864245,-147.25683192632874,17.592606785593,-0.7874232636678989,26.53378131442908,0.26505258741409865,3.6553568863262837,0.0,-8.397131688570452,1.4193254840503893,0.0,4.486498196754632
20,300,-20.252692121614935,288.9499606989586,-25.071815160432536,-15.412961739548493,228.8216879890118,-5.1432979280323226,3.5582416280666185,0.0,-7.496700317963033,4.518508490859321,0.0,4.109775159989416
20,115,0.202028604002683,-5.13524987631787,-1.2668513795718992,-10.29358753827408,73.08291772136938,0.9205738190710919,2.4056333642745518,0.0,-5.2631981082847625,1.2414607084063642,0.0,2.757478503561954
20,213,-0.27763512035612437,35.58419884054421,-2.3527119576053677,-15.4124667797475,134.4120653040408,-4.976171024109646,3.866408636600309,0.0,-8.434032567677527,2.513389924333831,0.0,4.395527774477186
20,060,-14.617266886585211,188.26635729431948,-17.33186870928143,-15.738704084579078,177.544630252906,-4.371035278885508,3.3791253433343114,0.0,-7.191431442766006,3.3934308530663264,0.0,3.878610637999321
20,079,-19.654113928369956,422.22752026736896,-48.46435389800578,-23.537524494757772,306.90979816030625,-4.00475261470596,1.6999995555835115,0.0,-4.579278939302754,3.268261465105387,0.0,2.4537263186775062
20,174,22.568989026015746,-367.5882084611207,48.262044229557375,18.766065778691893,-211.194597719792,19.41851702719683,2.913866769646568,0.0,-6.5791284421830865,0.8355116058708031,0.0,3.3963485760928545
20,066,-21.785011320326795,280.95068901729627,-19.482817831200585,-16.74773305073205,212.86574485021472,7.489511249272103,3.475146220053051,0.0,-7.124736752952621,4.100899238032927,0.0,3.707379171822291
20,210,-7.344406841801445,88.25831172764659,-3.6802922112882577,-21.596702152158826,153.47695898463326,-4.8207503123703574,3.6751465690356993,0.0,-8.064015715001812,2.916243552953064,0.0,4.353707030912475
20,191,7.739023679785363,-50.523976275845484,4.7730223794042965,-4.701110274807375,100.22228601469575,-13.15174969387651,3.376368538971695,0.0,-7.399592769919383,1.569188332155194,0.0,3.636580838657685
20,292,-22.94717530529172,199.37378236610743,-17.858040522889723,-18.06011247124979,197.0410862214609,-2.997903294798513,3.576602955545953,0.0,-7.601752674252264,3.8234314265191442,0.0,4.145640927135506
20,285,-10.157915858268856,106.96214811644401,-10.156772328301333,-25.13107014930907,160.71849694825693,-4.41515857067349,3.7677775583927797,0.0,-8.086992893625425,3.143381143238476,0.0,4.377410683030766
20,076,-21.640615007959752,389.1284537283293,-36.26470279947737,-20.596716378874742,245.29356129202785,-0.5709104036087904,3.3728852343449134,0.0,-7.03144508228509,5.0923511094539595,0.0,3.785341226882806
20,237,-38.955797296919876,664.7990567352958,-41.46277751302483,-33.463333599887385,506.1756589781535,23.915943416520793,3.010700193110625,0.0,-6.3187774293794385,5.007364502588932,0.0,3.3878695298573915
20,294,-16.287913261498293,198.41662251730494,-10.309179499065417,-14.634056776578547,201.92868574121317,2.949913651415815,3.7621200743787244,0.0,-7.909291550883899,3.9863453911737983,0.0,4.437082191240967
20,250,7.4666080661124745,-385.1706286516827,57.95260080227536,18.13424551519955,-233.7372239379818,9.114655921457414,2.9722032855504574,0.0,-6.694003905220476,1.0535855678355306,0.0,3.5125394960193788
20,176,20.124310092974483,-391.4975777279029,53.12671101249291,23.1410378859506,-223.71419270949795,24.35704671765538,2.991221021131827,0.0,-7.22861683839602,0.7796319571496695,0.0,3.5396445712449878
20,197,9.57615343503618,-170.34850723731776,21.34911139065518,-2.4041881728013648,66.58371890794726,-11.504525722510909,3.9566408522367444,0.0,-9.844800736753227,1.2177486778269933,0.0,5.172416241339394
20,302,-20.327482216975618,291.09197161410617,-33.62249308296618,-16.955950155612754,226.43753674904355,-1.616893672241157,3.899729828114853,0.0,-7.8544409351077755,4.503053902901525,0.0,4.186590921925926
20,044,0.4516066173248763,23.092165790102722,-3.752195602212714,-8.021570649610497,118.4726809686945,-9.112883994568914,3.306323636448879,0.0,-7.5738550267056395,1.9904017408280053,0.0,3.8694745365163774
20,027,-1.5380043891401851,6.492081938556439,-6.4964136993570865,-3.151559069038556,37.53067235169519,-5.462303213862936,1.1251528510726572,0.0,-3.7435058338444978,0.7357207780215556,0.0,1.9616059914506039
20,058,-7.569445156577376,185.0743696677363,-19.376368342905334,-4.5756822307741185,172.80642359085428,-4.742180986711661,3.244660674948866,0.0,-6.554674647858359,3.1455147138246264,0.0,3.436110735763233
20,187,12.566054292943882,-184.57721196777058,25.740042354654992,5.163933456858955,-15.262114363278322,0.4346230281415189,3.3438939642385845,0.0,-7.64785347865168,1.2067009778625468,0.0,4.097268791948938
20,018,3.6373455081473116,-54.40645147388306,2.1092230276613506,-1.657043222966232,16.750433486640656,-1.6360008308637353,1.146142298986957,0.0,-3.689322667556702,0.18399866443044988,0.0,1.916898454928774
20,283,-11.935995736072915,82.73902528002354,-8.852865042902316,-18.263346952220978,146.40016592131727,-10.24790615594238,3.4792896418658565,0.0,-7.617023107432658,2.7707447796694726,0.0,4.100877604668685
20,232,-47.02626248791447,412.97443740890617,-28.862145096963907,-29.652945791501107,265.3934643874844,3.914066637577685,3.643332770553979,0.0,-7.591598662592149,5.524543129834963,0.0,3.880235774072681
20,171,17.880076365733917,-335.81556554117094,28.86555739559266,20.68353006728152,-206.7818729586944,8.49493626283548,2.6099433260575355,0.0,-5.759047780987475,0.9383673402964878,0.0,2.949848637039372
20,211,-13.531815693886715,67.181940620106,-4.254693035672779,-12.85289532791748,145.9445995517094,-15.605880327901025,3.9316281803169395,0.0,-8.41751688620501,2.6790486547326267,0.0,4.413367416961723
20,041,-2.9134214284728395,56.841123290294846,-11.340662040978987,-4.043350476541571,116.32531177557125,-5.64989020777381,2.8812884388897526,0.0,-5.763908079634166,2.0665513012103554,0.0,3.236677055846711
20,006,14.368256501591691,-317.00629929736425,25.847409195710632,17.933362513744424,-203.07544366944214,5.7908036824842934,2.3159640662090335,0.0,-5.311757525945478,0.8620995286231674,0.0,2.6921704011633207
20,067,-19.330836936576343,291.4004117401909,-21.462879452546204,-17.643626979735615,218.14398392475383,-0.7304988526453178,3.2981646098627344,0.0,-6.803372516239538,4.374402531512268,0.0,3.7580493478788783
20,319,-42.691988675277535,772.7576118035341,-53.585911014899985,-25.71637715194085,548.3664995022501,15.077652793151108,3.49817050551016,0.0,-7.079097079915317,6.29824940196613,0.0,4.041706131742265
20,085,-37.82117854486924,620.2620468453284,-55.30867461538305,-26.093950705681053,443.2171165451828,2.6463541364146206,2.8515712790305185,0.0,-6.230294280182308,5.102303616847406,0.0,3.3837537992296047
20,158,-15.832305082461714,354.15202214369947,-38.73978295763715,-12.231088699474881,228.04576397311334,0.2348252439368843,3.20342939856521,0.0,-6.81344186319411,4.706846971438845,0.0,3.6006633694166785
20,316,-13.56911022574597,688.8432605713022,-61.194331527774594,-44.52586856461784,484.36169829696155,25.858244113785936,3.1370401283482137,0.0,-6.622894053408158,5.580442510451848,0.0,3.888832487413582
20,320,-71.53729018949042,783.0951799951494,-75.61855744745367,-33.37617399842128,555.251895302113,2.993087781879952,3.4985331333371645,0.0,-7.3059508356785186,6.219100032887914,0.0,4.165629313481555
20,321,27.618225809667226,-322.4777401429434,23.697813378067224,11.770265687710522,-177.3464837176301,11.003589360302652,2.6703957607605684,0.0,-5.540783900793636,0.8894887384875022,0.0,3.1218934594201184
20,192,16.2824315811642,-78.5392462502047,0.4253280030712139,2.038277967008499,88.39876412276882,-10.968747228436634,3.8104001982438405,0.0,-7.628640248703668,1.3925033981251982,0.0,4.051776646501663
20,108,11.266146649040438,-115.92381503722758,15.42709401353142,4.640577795544063,22.082779120192118,-4.50878397203722,2.3463717186782898,0.0,-5.487093206380093,0.6265577381123261,0.0,2.6713299106549178
20,204,9.9576576105259,-78.02656584063764,8.981058641030732,-10.156802067062317,113.2969401237933,-11.051460668529627,3.9340477895239756,0.0,-9.031516614674775,1.634564594465177,0.0,4.763711475996086
20,153,-19.216774853090957,278.7493538274619,-33.01779986789731,-16.699964861619335,170.39322694965043,-1.5890165991207836,2.248508502877299,0.0,-5.212129764706981,3.6045143885150446,0.0,2.8832912157609965
20,269,-7.302320946820757,-144.94900698600867,30.950205861458482,-15.98927660379777,31.122611016239887,1.948907566079349,3.6122455576123436,0.0,-8.087840811208936,1.0321160203524775,0.0,4.481917635640861
20,284,-7.863291937121551,87.1615941626135,-8.090107131040707,-16.71152632117681,146.80410723406015,-12.939865060579937,3.5326709554205316,0.0,-7.736731670435022,2.8491783567966147,0.0,4.278824030439039
20,254,16.86241239882886,-292.9003731132051,46.56777389985314,10.289717780825388,-149.05151383569262,8.419314041526436,2.964242563956984,0.0,-6.614096461786228,1.0543642261856796,0.0,3.4028616955101496
20,301,-34.014999429455244,291.22252782916786,-32.53735717624982,-22.699664807125494,228.28558535776668,-2.3449282335507418,3.5676795609449163,0.0,-7.450390975929239,4.4865465090614025,0.0,4.073657768212801
20,165,-44.18404696448785,574.9745429228253,-61.707186391226806,-39.34558148923708,428.7994902010045,1.0570572621707122,2.7322814844585457,0.0,-6.1032585942784054,4.538183742113011,0.0,3.1621300126827405
20,270,13.201098567718178,-157.28749090619513,22.74655439034011,1.792686306685686,39.10295560334837,-5.654641093254897,4.476623127607742,0.0,-9.58360603600706,1.537399282365888,0.0,4.882566457297653
20,094,8.11636309905039,-144.26256570804094,12.099274269296256,6.386155215433064,-59.21543595659938,29.66167710210496,1.098988012449184,0.0,-3.526095632401014,0.1592848562648811,0.0,1.949169674886217
20,317,-59.18932469774731,714.2283697469162,-51.517357672957985,-32.807531159409436,538.9143729460237,8.778676137516129,2.9970769312574577,0.0,-6.908891632553589,5.469942921796408,0.0,3.6761919574948108
20,015,9.594841622574695,-216.65115702896105,17.950881753371142,11.299730460212357,-80.58029593426703,24.79229217509486,2.5306989429789377,0.0,-4.845968426813929,0.8101444644669669,0.0,2.718091401206822
20,309,-35.27423875808611,401.7559817048498,-35.24264095762795,-26.20480767167637,254.30411089441975,0.6058522294753104,3.507359941511761,0.0,-7.176723829332167,5.434853670968313,0.0,4.154883217390786
20,065,-11.361561087072642,267.60636888652067,-26.822020886272437,-11.48439492819354,201.7915088707391,-3.392085840601194,3.2563959125769193,0.0,-6.9065917262135175,3.81653405017368,0.0,3.4212773286421063
20,325,25.28179031958264,-367.5167695602305,37.047587568258926,19.695355212320322,-219.02409533433178,11.070922307886523,3.007330823479223,0.0,-6.720747915153678,0.9222759914937602,0.0,3.584469701628037
20,227,-18.979662289025992,262.2481814126856,-32.27789336739072,-16.54480803641909,210.75843466096867,-8.03446710196081,3.5642164835539365,0.0,-7.927115360810147,4.256427134064552,0.0,4.154010223136375
20,288,6.744749872943417,75.6906139834379,-12.171842147364707,-4.7791083686877265,166.59841290131234,-9.29247249651311,4.294704703781424,0.0,-9.223278039897338,3.018058238251788,0.0,4.9532437559937526
20,086,15.409580475980853,-207.72897393728078,17.678448264706553,13.09374114765671,-118.6249634176004,8.472999270131083,1.098758809901287,0.0,-3.455300631981393,0.08394676383366118,0.0,2.0136620629439923
20,001,10.581345445684583,-210.7567042669166,17.664234255680796,28.158782269645947,-119.54475805841655,45.40184051365681,1.0653636559934818,0.0,-3.4020191919649423,0.07936134845503273,0.0,1.8865694599985177
20,021,4.679055044573882,-62.40214960107175,3.779799003277107,0.14640521853377186,32.192703013209645,-3.8073840145210256,1.8020173161331474,0.0,-4.262296492523596,0.4811917812581906,0.0,2.2241768997777838
20,160,-27.335076202567087,374.07453204962883,-38.569270324709926,-20.2818081334561,271.38794180662165,-12.302538977281648,1.3570110047420272,0.0,-4.18709381818868,2.772735829890568,0.0,2.2577865130357546
20,113,-1.5000353020656274,1.4953461843158093,-5.123846030046923,-7.4527348181363315,56.92051869038862,-1.4498672421172254,1.8058865533637452,0.0,-4.490638912697852,1.1321069290330947,0.0,2.4157667478541285
20,112,0.7866183031133624,0.32917607996392095,-8.15374428044434,-2.7199702854044725,43.34524583741724,-10.829432011842684,1.3743621836771083,0.0,-3.9533024719127656,0.8729940986567297,0.0,2.1883985548107763
20,004,16.695105779963004,-295.5272397644203,22.835231032085446,16.940041179378337,-167.08653258686067,3.095550537089876,2.4396019220640137,0.0,-4.836897343659208,0.7921183051645793,0.0,2.577017063215887
20,186,14.20439875379768,-153.9699508474936,20.28386980694188,5.0240578932370195,-13.662096171290747,6.142442468591112,3.043708459837574,0.0,-6.975077733868704,1.0158824728153384,0.0,3.6113256409426393
20,138,-8.770035902915417,186.4003555752582,-17.15970918987999,-13.089787244658156,156.21958165107978,-6.142315034097945,2.8327904058293276,0.0,-6.092607325524429,3.0451224455645938,0.0,3.296551982788751
20,106,5.885371909697156,-72.70559458841251,4.376898850307208,-5.135388400753116,30.249526010719073,2.8540816067040637,2.1315418523452463,0.0,-4.637900765338904,0.6372445712384249,0.0,2.510473738914246
20,116,2.6865012470701335,-18.31671856599116,-0.19198717556414568,-10.713840733369285,87.99383914782707,0.5782597286242819,2.7840534077434214,0.0,-6.133679372441636,1.419108569490636,0.0,2.9310955469494244
20,313,-32.137730034195755,430.6174572926666,-24.6298688224484,-30.030242570306694,275.49914999413505,-6.165486365462143,3.6962689873824255,0.0,-7.465858979818739,5.735283961048108,0.0,4.180018537075949
20,282,-10.818291030115613,102.43950212954567,-7.87162801205479,-17.672460544563158,151.21721677753857,-6.277966758145467,3.5270108611112203,0.0,-7.312187449369141,2.9306991245680485,0.0,3.9257257900451803
20,064,-24.81737178700715,252.72584821556552,-23.1861125796441,-18.39327834857808,190.09201624755994,-5.410951071810988,2.9198389089413563,0.0,-6.206379496182804,3.4848457221595703,0.0,3.1565033159680356
20,132,-7.002364982699346,121.29256441176422,-12.56856640284338,-16.605609139060885,146.29738366030676,-0.8286534120219455,3.1292947555547506,0.0,-6.346804332703527,2.698557459418767,0.0,3.1035581989755876
20,007,3.393881790590218,-141.21230014289853,12.4210847983788,0.7829760985651832,-60.05030604868964,15.464099747783317,1.0941135986342891,0.0,-3.5243604058321982,0.18133764971041466,0.0,1.8945239300081755
20,263,11.130247254657792,-165.5969214985125,29.366722656958736,5.133377041101582,20.68018607282175,-6.768066162067774,3.35732529729755,0.0,-8.001915516587298,1.1092624744975934,0.0,4.483610458667458
20,311,-24.70855908950796,438.388168375202,-34.039960319893886,-27.35624545676128,279.32075275735366,-4.473971537895225,3.8219572257354706,0.0,-7.553949339377347,5.849098512284511,0.0,4.33554649831372
20,011,8.62552767933083,-170.3525550131297,14.786348381464581,3.306062819265705,-74.92215537277906,6.247541017692006,1.7075458861527457,0.0,-4.0285952572329276,0.4898210169440237,0.0,2.126613861969699
20,045,-3.1404776432982713,93.49610811515343,-16.2110295618832,-8.953794275402581,84.70070585735942,-0.3169620846443464,1.582798932903347,0.0,-4.283477073297404,1.713281006477894,0.0,2.210438952919385
20,281,-4.4575179645722445,-101.60875499822846,29.158299277285543,-17.00374788492266,106.8665842432903,-6.04524470938623,4.271814695061333,0.0,-9.929768405807117,1.625609161236875,0.0,5.688693723704908
