racket_angle,traj_dir,spin_before_x,spin_before_y,spin_before_z,spin_after_x,spin_after_y,spin_after_z,v_in_x,v_in_y,v_in_z,v_out_x,v_out_y,v_out_z
0,037,13.928486339946382,-210.22548764037336,15.308683304672286,1.0111679838037761,-24.182422531901047,5.026151075252841,0.6046790961646841,0.0,-5.551101850570295,-1.9217199695643683,0.0,3.9567574152053497
0,329,3.8165475561604896,-112.18759464124695,25.373116985104293,-4.736000042315336,0.06323212500232726,-4.056390903102391,0.18750657766239534,0.0,-9.980347118239997,-1.2069856948158504,0.0,6.4483076015643706
0,209,30.942357372617597,-415.94187845566955,24.888125435312837,9.845631035997448,-82.7058902233688,6.489212561914696,0.6357421341725709,0.0,-7.691292610956515,-3.5561486649501313,0.0,5.356196202526835
0,251,-8.186378667155694,64.96774731637741,-3.92643526330646,-6.649972671165217,49.76305753765267,-4.714712964488297,0.6847056701232616,0.0,-9.408730117947082,1.154138798165089,0.0,6.15722916653881
0,154,-11.184001921344489,143.5680391140573,-13.01133699174358,-5.369546610341894,61.10792293506729,0.2424439862141275,0.7852127949478034,0.0,-6.504107748057183,1.904692532357708,0.0,4.732262810085498
0,331,-14.124437923919663,86.8435076503832,-7.8248300428631135,-10.91138956374051,55.004096745346025,-0.206331988793483,0.629758838572935,0.0,-7.949443994516359,1.275668964061945,0.0,5.643831588503618
0,048,13.048849621916709,-135.910358608092,13.452064358452516,4.5493877574276,-18.659562273534757,1.9079954879554455,0.3219929525700932,0.0,-6.3481074632491215,-1.242705373565475,0.0,4.615553939025266
0,152,-11.121924143125215,99.97925214431622,-13.037699607364146,-3.3263947357438584,25.880847036682194,5.847173526307027,0.22418978234562537,0.0,-5.213314755983886,1.2507367200125254,0.0,3.506854669689347
0,164,-16.852932887343215,198.95999875030128,-3.422996958307628,-8.930235345907047,84.1618504532478,0.03778145871974564,0.8404253688724102,0.0,-7.2049534906023736,2.446273603637317,0.0,5.008191369568345
0,193,-52.10475067540419,426.7428150650597,-29.67155007186024,-18.686966577678717,133.84374065934446,6.671923985252884,0.17699195079805646,0.0,-5.009730581524978,4.175885527992825,0.0,3.507227841945607
0,375,32.92510320601979,-356.2153984204821,21.152445076742747,10.941663786624886,-75.00419269458591,11.027728896742607,0.5338090766272292,0.0,-6.5048772116209035,-3.1336643712012626,0.0,4.660805129472236
0,248,-7.8861861747954025,116.2256550026328,-1.7633737239647114,-5.127634774152237,53.03639360024291,-7.62290080901534,0.7303853545630937,0.0,-9.015255413255836,1.7576000125413027,0.0,5.821602897480718
0,249,-13.663458066260253,91.83926165619137,2.827359892758673,-9.70157751938354,47.09307220422583,-11.992479618317388,0.7899677151537803,0.0,-9.449622840887496,1.3691160994188831,0.0,5.997067527601125
0,221,14.944262179467637,-230.4527325882707,30.790266311835257,-1.7274243748955702,-21.28943443534354,2.717435346466526,0.36838071693831803,0.0,-8.408385577966495,-2.2917151979808748,0.0,5.738279650863747
0,222,14.462999248738495,-234.64369910924768,29.002413649777772,3.123307789772408,-29.84905980244622,-3.5651854146328716,0.28462746188393884,0.0,-9.591776437280606,-2.3940755326478333,0.0,5.91472756554801
0,335,-3.174397299835669,72.1597070188122,-15.492752511868568,-2.209343654862322,45.87509437044774,-6.9908285888835735,0.6193683439704101,0.0,-9.149017185436087,1.164544052158835,0.0,5.94992544009265
0,371,-76.42186093513756,790.9595333137881,-48.47555359888601,-36.41781750154182,299.87386240477366,7.2001278841108265,1.008489958611922,0.0,-7.941794186479817,7.944311018579634,0.0,5.337987189082557
0,205,20.27982931892035,-358.62070402102404,25.233427832592678,4.017250446255086,-75.6975569525619,6.630600572638322,0.5428572699630823,0.0,-6.922513772736743,-3.086555113835325,0.0,4.7555017795099666
0,322,-0.5034291998437307,-12.235968354196888,2.4798029775147943,-2.556638768082488,17.576519141853506,-13.753010131023322,0.569892246824643,0.0,-8.645709651863234,0.194758316060182,0.0,5.730862581763264
0,102,-48.08029988210174,433.245864363003,-46.89148254777442,-16.738390604219827,134.94031700415704,-1.4453104215086023,0.3169111177228106,0.0,-5.021420160374209,4.459752790152493,0.0,3.478226136747462
0,264,-37.28923108198207,295.14045553801503,-23.721863533433165,-24.16607130157877,107.60121420448294,3.3662004995508665,0.9078893694305541,0.0,-8.353082264317113,3.4757245419400777,0.0,5.590093981497424
0,107,-59.86525340615968,600.6669486603253,-44.01598728997669,-26.636162663689557,188.83814011065698,5.316634990881548,0.7645431722525686,0.0,-6.671255581078604,6.353778850761225,0.0,4.570124535143892
0,083,-21.969006620313458,186.7471685906602,-17.428998145050706,-10.602229017760438,76.7920260118581,-5.381811912418468,0.7356817573448052,0.0,-7.724002662555779,2.3076458218213176,0.0,5.242793721386018
0,223,8.821321082542335,-249.28649155849538,50.6898625103545,-8.14078414296316,-34.98740959545406,3.5072156967491184,-0.00023287841616346822,0.0,-8.926618349179984,-2.7655712336846654,0.0,5.231707697929598
0,127,1.7755826239618397,-54.65781400333191,3.1322507074628727,-1.612712355300758,-9.138711197181559,4.547564601033345,-0.12112276875416479,0.0,-3.7388844434199755,-0.6953781482600221,0.0,2.695181293615971
0,188,15.197988066229811,-216.83337096333653,15.383673056489274,4.173894056249535,-49.05625725933895,5.993830347523521,-0.03188708808385408,0.0,-3.608817414082676,-2.1621963996184976,0.0,2.719728305824452
0,014,20.6710249410566,-263.68107737215473,18.44310525691408,0.5702719458421144,-45.26099303024842,7.411838375331696,0.33091591654789254,0.0,-4.61504608640332,-2.4597484061627553,0.0,3.3804902585997825
0,075,-13.878597130788744,107.12075386209972,-6.420404083560535,-8.942135407566369,57.171607468508675,3.7495069271756103,0.8095380850840957,0.0,-7.863212239498419,1.5428067127345308,0.0,5.255959180376874
0,134,13.510928333772837,-110.97215934343353,10.871724152903367,4.413164546918198,-4.2582231026225985,-3.987195587023901,0.42499521113118927,0.0,-6.533832776006385,-0.948040334894075,0.0,4.391637439786345
0,173,-24.88381652006433,278.37330098826106,-11.502834261671154,-12.814401264240994,111.26450915821593,1.8276087431014714,0.810630866574774,0.0,-7.881214687377266,3.246609064266256,0.0,4.996343058313231
0,002,22.15800139638018,-225.23431193239088,5.5821796693012296,9.461488886068095,-46.38530044501709,4.432364958789457,0.05678092622339182,0.0,-3.9126169277960603,-2.2751517374747583,0.0,2.8970270591460254
0,361,-32.04575580233538,393.17302657990336,-24.90893640628433,-27.2474922028755,137.83716247948794,-4.447475112467752,0.7135776327265703,0.0,-8.562477984270444,4.3837078865530446,0.0,5.451120087248647
0,099,-44.66137511016393,377.71399426904736,-31.93822697744419,-19.682791050669792,132.07207526302383,-3.6533843790058755,0.906647540742289,0.0,-7.7962636893226165,4.352048852283696,0.0,5.077765171641694
0,063,-4.7235940972158,66.03829037205576,-6.881779514506588,-2.892763527862257,41.227161553252905,3.5907651838383807,0.6663620188602868,0.0,-6.041733000295472,1.0967328758541626,0.0,4.248018763901782
0,024,22.935144059501425,-293.24030588396215,15.042022316879692,2.643681507379953,-52.984486022767754,4.043101003309509,0.568531284971632,0.0,-5.023009621977042,-2.6738106747900705,0.0,3.579608993642062
0,166,-15.284045750535471,185.9514555194597,-22.695560555535852,-2.7564923052962755,84.735885722338,-5.246384273228383,0.749660196360486,0.0,-7.541164898102282,2.4240509158595747,0.0,5.084193168697393
0,290,32.18152217681231,-388.2734607371082,39.62715230184619,6.632942794684398,-91.26011248232696,16.191507938158118,0.6639904052353982,0.0,-7.4319936078813695,-3.364623130543112,0.0,5.00385379624554
0,289,26.017858382514586,-370.7596073227382,23.879259502450154,7.148826451819366,-84.57531971315392,5.121309400841497,0.3565722986307839,0.0,-7.6174981216033775,-3.4494864073993208,0.0,4.954319881238399
0,081,-3.8203652675511592,189.1070831934324,-7.659887525837221,4.3558340059386085,76.89594065732565,-2.0345905314745205,0.8361965510225853,0.0,-7.028664522519084,2.3604399684994664,0.0,4.898651552096441
0,238,-7.694323827801158,-16.8261341588851,13.216580010946636,-9.753901527505947,20.079791922067237,0.15267063367800432,0.5282195967089104,0.0,-8.376777475767767,0.2125801308021858,0.0,5.576848058097078
0,190,19.996471724908883,-245.37802278615393,9.306725183953281,2.2167122223746274,-50.99167265234963,14.150952342449193,0.2079657624050775,0.0,-4.298068243868356,-2.267823424551072,0.0,3.2344047532902787
0,203,33.829731770203075,-346.160301639807,17.373272614584305,7.472569957761765,-76.49558729345902,7.468687420558528,0.5611702247050314,0.0,-6.4354121441117185,-3.1279126398383927,0.0,4.311059309400309
0,233,7.827943030232805,-147.20375151366397,19.1347145057777,1.0993987855124263,-14.151586338044304,2.808628333336051,0.6904557103597228,0.0,-9.496802060619002,-1.0946469526114846,0.0,6.233042517379347
0,212,24.8070614498667,-299.56699806740176,29.77552577597149,10.083427556774712,-61.19837038016317,-0.4889985040334214,0.3613622835303733,0.0,-7.039649515382131,-2.802807721897707,0.0,4.952323584085452
0,314,5.299006183040654,-84.39581764376553,15.700757404405975,-1.0034390790376422,6.669425370198724,-6.2765997918127665,0.7399836465888963,0.0,-8.499035790412021,-0.45872149387332967,0.0,5.50452702580681
0,169,-19.269301338294913,230.96673080461503,-19.473993706329576,-5.164675224144503,75.2585313412798,4.190921356300357,0.4545071611282938,0.0,-6.322097687315909,2.6058132190468766,0.0,4.1610292076423
0,129,4.175483354027752,-58.96890661245563,1.8544196134188033,-1.9516035150474271,7.320592669719331,4.253332825916016,0.2927818148642205,0.0,-4.583534668729308,-0.5315848224302439,0.0,3.200233978065739
0,275,-32.270226189052366,416.69583883236595,-23.135108410235002,-21.64495603737112,149.81204787453785,-3.3177308659216482,0.9543075112524919,0.0,-8.573690789957666,4.67364317974256,0.0,5.758462189015263
0,156,-8.558739821019952,130.2184706913281,-11.806299578267753,-3.3901431201391676,60.770709339919314,-3.456026143773171,0.9038482908136299,0.0,-7.696890074618483,1.7300240469818975,0.0,5.220752626310236
0,305,15.78129745111484,-218.59416080355578,20.422805372047172,9.975872228621126,-36.22335169308711,-12.921526009890858,0.3269535920021474,0.0,-8.815938129527318,-2.177860809853829,0.0,6.05441329405195
0,155,-10.672402948939391,145.76086220747368,-8.679068121899585,-3.920729838341786,69.88219385353928,3.650312827676854,0.9185621971144328,0.0,-7.331165913165395,1.9560963998253336,0.0,5.123340694735519
0,327,3.885396435496972,-114.89182535029741,17.25389872338073,-1.7602662142967516,-7.638334884515601,8.24166575707331,0.34281462250662137,0.0,-9.024124477394002,-1.0511964404467362,0.0,5.923823234163196
0,022,18.493638621981706,-250.52610403166415,15.46682182006394,2.5205328551474997,-54.80655027741032,7.1771445816210075,0.18483804437602577,0.0,-4.218224365572396,-2.46316697792949,0.0,3.0283449031883105
0,350,-15.930592318662518,164.252817631254,-10.032939715859785,-9.773683448935852,76.04101208681574,-5.237678342052281,0.8327359954636522,0.0,-9.205289229613129,2.124707588244201,0.0,6.190510368893001
0,120,8.83587989393861,-154.25143976546312,8.81989583266081,1.3442256502120573,-17.318370640784536,5.809424897570789,0.12818795510543693,0.0,-4.110544760984704,-1.5406621086686507,0.0,2.9853285263317244
0,218,28.619867708466206,-309.05885601327304,29.631918036746363,8.331712231820763,-59.2364875735011,12.410179988224327,0.2959690694289945,0.0,-8.27829586776805,-3.032572199359019,0.0,5.463481383205586
0,125,21.445276616238157,-225.7884377018994,21.02412685066169,1.0583300956783166,-39.46029966196941,7.598979316675005,0.6623087727123468,0.0,-6.153367955367585,-2.012678465044133,0.0,4.0667358432528316
0,093,-25.57877662401832,239.6602196753401,-24.366071169824185,-9.540960073172958,72.59576537736204,1.9720818730581462,0.20939140146415974,0.0,-5.2221766432447625,2.7855399698720706,0.0,3.483875648215903
0,266,-32.6335239487856,290.16206800587014,-11.46050885891857,-20.17708619160651,114.80028447468055,5.67418171828187,0.9812791729414897,0.0,-8.474242865169776,3.4315281758899205,0.0,5.682948458110233
0,260,-20.211681703084874,194.57735204615668,-17.844726938905534,-10.913383078732073,96.86625809617091,-11.111956983944799,1.069687644136547,0.0,-9.0415809146751,2.511852752479818,0.0,6.186202978365402
0,122,13.640993637323067,-186.90098907524464,12.023153474323566,0.26142930269198666,-21.545288423815883,4.541861791887236,0.4398098994944402,0.0,-4.879633084383295,-1.6792912526994845,0.0,3.477137564255089
0,078,-16.50189144764534,177.3496434988572,-9.55280014483892,-9.297455599259838,59.02094267464936,3.2752132692938534,0.5595719874705697,0.0,-5.823255195111641,2.1786162909506275,0.0,4.09173442094654
0,252,-13.304493424038803,42.522106131314224,4.737672391665862,-13.558329720873058,41.84689104655167,1.5911836462717288,0.7535956782171672,0.0,-9.72166179197974,0.8846621112552163,0.0,6.351416522852227
0,177,-40.24109284268568,284.96353082424815,-24.803185177800675,-15.512945552352225,88.17840156043333,-1.4550384759146704,0.47791030259268585,0.0,-5.811250376293473,3.125563308363134,0.0,4.061614694756547
0,370,-86.88129103347894,758.5601261877958,-58.35336867136171,-35.64680233133766,264.832928641931,-1.0130432813914703,1.1314422992832323,0.0,-8.230655161734063,8.199191239447314,0.0,5.1122979098240675
0,268,-30.967907250998962,289.045552299966,-19.632857470370226,-16.91964949735738,105.97385508682432,3.890488188849157,0.9536069713319939,0.0,-8.90453108682437,3.5368667977674306,0.0,5.851881540570536
0,303,17.35388539386863,-167.1449775692647,19.90943736047969,2.60151977442188,-16.84728327646801,-1.393680518918602,0.29752040762193727,0.0,-8.050013740806055,-1.6684881790434303,0.0,5.171869426226089
0,162,-19.361013926296668,208.23340156222662,-8.931046011682072,-15.267642729821363,81.2789104597397,-3.025817249697678,0.8434765490091984,0.0,-6.698103105785495,2.6322684644179946,0.0,4.644926407165424
0,008,22.210014020579216,-316.59684273703346,21.4050404728291,6.9179104661364015,-67.63448662438009,6.682395806492016,0.49951280722435837,0.0,-5.3528837110060055,-2.849400021198711,0.0,3.763821336443632
0,378,30.40339067419017,-401.9084325604933,36.04685562776086,4.8687356530153005,-96.97097018911714,21.390617207862967,0.23390612628399546,0.0,-6.91923705545953,-3.6887132208021876,0.0,4.779197991136371
0,030,11.23844509167764,-151.7108895008239,9.949900192537287,2.8961913582864063,-20.752224589089423,6.098692162747804,0.08797398912838277,0.0,-4.1838936857523175,-1.6384855819002666,0.0,2.932621999385992
0,054,-0.8354570016082428,-7.019296311554981,-0.29907867271153316,-8.81420506298417,34.559126165331826,-2.605462928201737,0.751947144317732,0.0,-7.711330256326371,0.354643418696285,0.0,4.974839586923953
0,368,-69.06728774314632,701.596309274068,-43.088143342142175,-30.70790486514595,226.8073796683874,2.6596698345561482,0.8661889957051888,0.0,-7.286301563307326,7.133218272921247,0.0,5.175384077166843
0,244,3.392640223236094,-116.54686469774651,20.35822576490963,-4.560563891119805,-4.057176016786971,6.7278699431222595,0.45534467506122916,0.0,-9.04731716246102,-0.9670763687650631,0.0,6.667029886924497
0,175,-19.725283400501347,211.13063725348192,-24.602002322714096,-6.244337789037073,44.143178424109855,-6.95758270992483,-0.1596914604820169,0.0,-4.492303659267441,2.1929115241124166,0.0,3.112160363386999
0,109,14.483717531113795,-228.9869734003014,14.30615342247637,3.7703096937710017,-48.402413711814056,7.771188036003235,0.06648420431457165,0.0,-3.812638152082704,-2.293499468731706,0.0,2.8773781639135723
0,351,-20.923252083676932,184.7015392251013,-6.505113863021153,-10.224618152203389,90.7424522174498,-1.8830156012598134,1.0151548802976351,0.0,-9.579233015552976,2.317567304324494,0.0,6.253612906725509
0,047,8.847395038337153,-115.05727162472725,10.199814541717787,-0.6331020954022653,-0.44212744631716266,2.0166681670689246,0.45796020044650926,0.0,-6.513991313045254,-1.007715759416752,0.0,4.3912587941628525
0,167,-34.725694999702704,204.25499688780414,-6.430658317250618,-12.685067757559773,53.036218751766725,3.9544969906213567,0.1779139599633151,0.0,-4.897622233826121,2.3528609670262695,0.0,3.3504992500752784
0,231,12.433782652894596,-90.66440423130742,-1.7491498829689853,4.3235071215755125,15.02784524366414,-6.475041080709809,0.8820153553664615,0.0,-9.586856666189341,-0.4636200361687465,0.0,5.993524520182916
0,005,24.563683641693217,-262.78397910707787,15.39530356406652,6.669331913810239,-47.2033789176513,2.776397519660732,0.4478496271288532,0.0,-4.656957374230323,-2.4331641109862026,0.0,3.3522454811943674
0,364,-65.9381891019995,636.4878630317487,-35.16682999316738,-19.707386853762635,224.35379223442916,10.687912663956771,0.6730964382874853,0.0,-7.0530771379182635,6.327206104896961,0.0,4.878231564633597
0,265,-23.97729580424357,286.7131484623401,-12.603405179014903,-16.205098749450322,114.03810519436178,-1.6899575481686342,0.8495478005296198,0.0,-8.058175367342956,3.3353381346775355,0.0,5.502082385330873
0,096,-39.7074791089025,360.52215115239426,-13.655164996325235,-16.022692899225973,120.75290769253003,-1.3275393441711176,0.8528768784540686,0.0,-7.070733826294608,4.160668115610116,0.0,4.859081120529421
0,073,-2.299289611786147,131.04803945361337,-13.570994098522322,2.752154807521559,62.65742354669118,-4.2234851529156705,0.795975268998983,0.0,-7.712068653867989,1.7868206796642365,0.0,5.023909386268443
0,071,-5.838709006728158,123.60554685471085,-10.977449763634779,-1.596106080215634,52.0023583565656,-3.5298301160793404,0.6749588681093319,0.0,-6.500102202575652,1.6851974354278871,0.0,4.604453849334708
0,123,12.61650037109889,-208.91782115487348,18.024611107282336,0.09779515598893324,-11.872413734787774,2.465744225566121,0.7372404959092308,0.0,-5.064517862106167,-1.7990817545315165,0.0,3.722550005076287
0,185,-32.70058076340417,440.8124914182593,-25.485535149276437,-8.20568284491809,149.6140802242474,-1.142391426546374,0.3899874793414794,0.0,-4.969274816394978,5.064467214174157,0.0,2.956326687297172
0,224,25.856374324098294,-227.61583341156077,32.92724277144296,7.91890054762673,-26.213452445002115,4.183743638485291,-0.06343638291638283,0.0,-9.55134306623119,-2.439644331568841,0.0,5.1167603722120205
0,180,-32.691859110010554,324.326567356483,-16.75178758256559,-16.107159382038283,105.86247018190586,-4.116320500208095,0.36681448282441076,0.0,-7.07286442398568,3.4822663912376894,0.0,4.506738527431125
0,020,27.539763939839723,-211.1132811538487,9.297030803560373,6.847118648012102,-47.09205636558778,9.917091495442678,-0.10449563815570234,0.0,-3.5995392562518442,-2.24879355895853,0.0,2.625073320440379
0,140,-1.7418140785852727,16.02403110332889,-4.608386754711539,-3.2009998590106368,28.134818013668117,0.32159428242265875,0.42726258176444515,0.0,-5.3399512387199355,0.4512827571349857,0.0,3.7202887679415597
0,287,34.70373248773094,-348.16687704891683,37.5629943762426,7.139951454808599,-77.89316297530794,17.55783894263338,0.54158530295285,0.0,-6.974701161956362,-3.1590669775309417,0.0,4.6240720611919155
0,148,-1.0794467312265081,67.58228020611786,-6.691241195315956,-0.0038475308932110533,50.10379552575108,1.5015411646688082,0.8808098831497665,0.0,-6.653699267024535,1.103383897033823,0.0,4.762617579879073
0,277,-53.195832037858146,635.1899753470426,-46.46046713546126,-22.028514040776887,210.25242851731124,-0.7471752652885593,0.6784788725570351,0.0,-6.9107505948569035,6.366117135235366,0.0,4.744687776105511
0,012,22.600510188199472,-246.91688152793338,10.949457872624688,8.676047446986509,-55.517010805574984,9.540292257000127,0.18853302770044292,0.0,-4.080024104047838,-2.4460969991785544,0.0,3.003960482252635
0,082,-10.759543787477883,200.67699564762285,-7.249654563545794,-7.245626004806674,90.3706516076144,-2.657736412227529,0.8177683973511813,0.0,-7.485597140018784,2.5738094117858803,0.0,5.146429116456223
0,128,3.3483280230276087,-56.28615714795594,0.2785465443720405,-1.3074030592464374,3.5686131283945355,3.3296107597558002,0.057807143952037385,0.0,-4.205331409483492,-0.606664875491485,0.0,2.994822548622021
0,143,-5.198661606642215,45.641728652937694,-8.621830530472106,-2.70488074765696,6.926484810071635,5.394633820304372,0.005084885990337626,0.0,-4.219999314981163,0.6063487334040337,0.0,2.9824127079434244
0,315,1.9257056802553316,-115.34005140828734,20.692800260380658,-1.6656419735611805,16.736512167668124,2.617674078932008,0.8615079415732471,0.0,-8.659952105814336,-0.8045984847148238,0.0,5.6203905860291945
0,374,25.44873268767293,-344.6512775268357,23.43725782948651,7.503639801215238,-76.4438213647256,9.484460237564232,0.5240389425162042,0.0,-6.670679341999932,-3.026399862155823,0.0,4.44767377017325
0,034,13.101343890934892,-179.1973888633522,9.968902822930803,1.4938147242717654,-8.947333244160378,3.0986569066007834,0.5629541369266987,0.0,-4.849323802393614,-1.6197644132402318,0.0,3.5164078819625177
0,135,8.65303192037572,-149.7811990760625,19.00375432491054,1.7547224530914256,-14.47656575803164,-2.4033060203690306,0.39421565122654745,0.0,-6.883126333695558,-1.3416081735258067,0.0,4.727577104776679
0,220,10.37139284787802,-170.94460374533725,25.133963857289068,-2.139213214787046,-11.503766837498112,3.647464799939403,0.4211328979623895,0.0,-8.62975281747369,-1.4240186816396057,0.0,5.537892675460435
0,103,-41.885500635449226,484.5952375693907,-26.395584899851624,-21.17564831210059,149.2653378447773,4.182394367125126,0.5117767394797315,0.0,-5.510165604431068,4.996686960682922,0.0,3.9405298311291306
0,101,-33.34273171073084,387.3532823487576,-40.23581468959755,-11.02849474472949,105.47191221000635,1.8114683274406587,0.06738518791270448,0.0,-4.545773373208183,3.9892584057204865,0.0,3.1479336473915693
0,023,19.00973592396587,-260.9957602696659,10.334330747912437,3.115108832302479,-38.836864633642385,7.1659211897371575,0.36207865017242885,0.0,-4.58297355756486,-2.4298812342378038,0.0,3.3596972973059995
0,312,0.0811871242545605,-38.06690511598451,5.669329763022141,-5.133758995655985,24.119873225888593,-2.2991996250625406,0.6260112180913475,0.0,-8.303704009402416,-0.025164110318982916,0.0,5.454508884525031
0,149,-8.10235115057866,49.10499139860279,-5.445658340740213,-8.925899202639293,46.47309211529229,0.9418512799335943,0.8315268481347178,0.0,-7.116812758571785,0.9432306756758893,0.0,4.839630953430722
0,228,1.4041903749220832,-42.11027330719821,10.386137140684044,-4.650529692202958,21.223644645854502,-5.085643051633961,0.7446689381655625,0.0,-8.594580163547704,-0.11252747442862483,0.0,5.507563863414598
0,306,23.238134322250236,-240.3695039603929,32.053831702838536,7.610903787163142,-47.94875685185825,5.677996447562375,0.13071534456800413,0.0,-8.878003145319736,-2.47789743282896,0.0,5.919880200520799
0,241,4.01084702880525,-72.83925274961315,10.429829432740442,-3.082246604483346,8.14684974122567,0.4003835639830935,0.6000616097271015,0.0,-9.888970649983253,-0.4515399547244676,0.0,6.236792275708287
0,360,-37.04631889705873,377.71195011070216,-16.201941622213557,-21.47520057667468,141.05880418112702,-7.466550541620965,0.8872302176708983,0.0,-7.671880654772268,4.057758188882359,0.0,5.111780537384271
0,363,-55.82755189224144,409.42295548151975,-18.31580099589251,-29.986704426629988,144.07582165066196,1.5634325141716185,0.9023858789242363,0.0,-8.4187413553446,4.530981334350768,0.0,5.669097751680395
0,043,5.8736198847079555,-57.261166821724835,1.2376409775884045,0.04088150956843296,18.531875840774756,2.243057059512484,0.4338343412342487,0.0,-5.042573501906405,-0.4484420574129701,0.0,3.533386686980173
0,077,-14.92032191604204,158.28323423483988,-12.82698812133614,-8.305027530572504,45.08074105760186,5.300756387762177,0.3312634829156011,0.0,-5.26482316426668,1.8645748320352051,0.0,3.71601277883591
0,184,-32.31997224945586,382.98412184865026,-35.10293460731582,-9.508447384191811,111.38629836174299,0.869038657427523,-0.0021088057628967367,0.0,-4.505111343577206,3.7091991523222454,0.0,3.080325205182871
0,355,-19.47913379394391,284.38880780006184,-8.759529747752635,-7.259510979670712,110.3475678861112,-3.8286755504775747,0.8845110994455543,0.0,-8.317371131003632,3.1803583641941096,0.0,5.4526313966975035
0,074,-9.815667540481268,114.75615143270414,-3.505846348991693,-2.760021587800814,55.03601625479314,-5.697505909312441,0.9354239923752941,0.0,-7.513684653090635,1.5142763803159152,0.0,4.962529801126102
0,255,-21.559669165862793,195.91751204760428,-14.460188241991984,-8.952468711957001,87.93541996282356,-9.902846402635511,0.7408622406822176,0.0,-8.054933155740956,2.4409910229089133,0.0,5.489772891793851
0,119,6.0244041034150895,-138.07645014343382,7.216467506316479,-1.088254348611745,-18.800060264056455,5.6048946235833785,-0.057363469567904536,0.0,-3.817987828765895,-1.5600134017554883,0.0,2.7371880474978076
0,016,21.4647398900122,-292.7210663011315,20.930216795972385,0.35676177642318985,-55.54139243019165,16.038717485458,0.5343622759867898,0.0,-5.475763390267756,-2.6145648246080357,0.0,3.8195804596096083
0,246,-9.574845538967214,89.37989693449275,-4.142279187280413,-8.863984992750948,55.79996352232154,-4.052631629323342,0.7242453101215346,0.0,-8.239327472507554,1.4881297522012147,0.0,5.693784317313858
0,234,8.114843210262615,-161.7076080162904,29.679577734245896,-3.3073770636729214,4.492032197309529,-8.021812703303771,0.6558662385170596,0.0,-10.353252014110941,-1.6230745406421374,0.0,6.522935742327092
0,124,19.471371471494887,-217.16220167029593,14.27199166195482,-0.623341965753677,-17.407469825825416,2.9648108184913724,0.7576931717215989,0.0,-5.626887017420845,-1.8424349807648042,0.0,4.07618415629609
0,199,-30.403212978078315,338.33880988120586,-31.076324780255042,-12.790043384899366,67.46119860439526,-1.8464324169232764,-0.4668518693989853,0.0,-4.074288559355286,3.138214198433777,0.0,2.888816362456417
0,279,-39.03116813615853,691.8619188037874,-29.873889549573242,-27.765504032055162,212.4560786687516,-1.768978932569492,0.702925271858002,0.0,-7.630844344866506,7.11075770774658,0.0,5.216178840967524
0,168,-19.886325730372036,222.22263540135455,-24.21915614352868,-7.166094174418355,64.75932127809665,-0.6417290044133255,0.32018052224676397,0.0,-5.453934598704418,2.47883208327051,0.0,3.752869343801392
0,111,18.74604999961291,-244.79675428064817,11.292939495089678,6.3089088796328605,-41.50318235161022,22.016210108975454,0.19619085769206468,0.0,-4.136752068632033,-2.350812894572001,0.0,3.169775446880978
0,039,23.056817975665776,-254.2799061182461,22.6193435040296,5.675275748146076,-37.078740129774474,5.704573324812616,0.6338792727288265,0.0,-6.249318168865482,-2.202865559100204,0.0,4.325766711490523
0,259,-14.361371702209832,177.7611012553017,-8.311423638071322,-10.593533636031914,78.50401755119857,3.1963300566137716,0.8867239794802991,0.0,-8.75888200238506,2.30440877977778,0.0,5.740473697932952
0,273,-45.06980819299711,420.1235742017247,-25.182755197554794,-21.67371998580434,140.71594909321675,6.043949780919078,1.0257198757194628,0.0,-8.68538884874201,4.761287410448887,0.0,5.663924797016621
0,142,2.4063824850063327,-23.124125372268768,1.652976106908907,-1.9013316789105565,33.23062312436221,-3.437177184577018,0.6777097734141069,0.0,-7.904467959921758,0.12214745523411616,0.0,5.283564677159947
0,333,-9.844878327144574,91.40241052536184,-7.356362875038615,-8.98026564084525,52.800474594111414,5.675853779003,0.7887863025036462,0.0,-9.150084155643478,1.3155981763932934,0.0,5.938827974690396
0,230,7.000603954635409,-62.59332705933721,5.034239122381301,-0.8978212409125245,18.819341313474332,-5.37022801879288,0.8703861377336911,0.0,-8.601901411538911,-0.23544169664172612,0.0,5.67237243198585
0,352,-30.319626631230324,273.9634945290385,-13.791032022721355,-16.997374848897692,107.78593458660677,-1.1436024728620513,0.7181783446222102,0.0,-8.050624846823174,3.091407512345457,0.0,5.209465111963692
0,293,28.144851719858426,-401.71700237973766,40.672397601613916,9.140378558526509,-75.60978291092592,13.707713914992723,0.3928036688672978,0.0,-8.003025210681223,-4.023521656206417,0.0,5.637065488748059
0,147,-1.349366231167109,54.51539754666787,-10.11694881875609,0.246270131672218,42.030768122517266,-6.181059343269945,0.6002059898317452,0.0,-6.15607951880442,0.9020175792594638,0.0,4.356255841534969
0,145,-5.223921801825712,55.99527686751723,-10.083482463555098,-2.5703210763058233,28.20000317701781,0.8960794699707242,0.4311849115860387,0.0,-5.559635637223019,0.8082654184874594,0.0,3.8853276372122907
0,049,-2.223218714174033,5.93289012189677,-6.166481642370257,-1.1194078012883049,-5.782241033525465,5.475033566221229,-0.1603541543319033,0.0,-3.825674457328447,0.0782607699378881,0.0,2.7375356991134576
0,208,31.823296406479187,-391.5963451236234,37.325015023576874,11.699954498764338,-78.1211304709694,11.793443807140951,0.6465334937636706,0.0,-7.477864236154483,-3.48408146939246,0.0,5.138593392975653
0,040,1.1897519135560102,-59.26478451830104,1.6064814278718587,-2.8208953445338136,-7.932363513234524,2.9813812212615836,-0.13489233891291247,0.0,-3.8167658170871106,-0.7928989314319768,0.0,2.721088027625611
0,261,-27.3565683444574,175.41890061362474,-4.25101256975038,-18.53570966417002,87.72543004175591,-7.864411309871255,0.8770167027152589,0.0,-9.45781837449995,2.2273682029930604,0.0,6.199720637475479
0,340,-2.1299041375007133,61.418783289661846,-2.915952286560145,-2.0489053941195046,45.713461548765956,-2.9727575073860977,0.603169967498368,0.0,-9.727413548485123,1.0901771629504287,0.0,6.167774225293969
0,345,-20.769244716715587,204.03334146143388,-13.334207767130925,-14.992533469166862,81.93354657122084,-3.4911979541323883,0.7939504209209131,0.0,-8.283581395554743,2.6410708396429734,0.0,5.574477644067313
0,257,-27.907734169957802,235.28492804007996,-15.575056042437065,-17.21737229352953,99.13245736686628,-10.5519329216158,1.0549451032542305,0.0,-9.783089464701435,3.039136484680613,0.0,5.871526137709597
0,206,27.96022727762022,-374.48164758915925,30.866126816278484,7.969307223344871,-68.98848483366649,12.388109364718837,0.43105899240047635,0.0,-7.662860239723766,-3.521708052078688,0.0,5.000886221787968
0,017,24.16006895252527,-316.2271813394096,16.68907211333034,5.03981787824371,-58.43218097680988,14.930416472052743,0.541660859980528,0.0,-5.545515147705378,-2.852049542509137,0.0,3.9195641048491967
0,121,9.511287655835174,-169.53470211874915,11.305892934954334,0.2157580127985638,-19.820486287130045,4.844714894832908,0.3069157052028091,0.0,-4.3900175331371685,-1.6411071307196248,0.0,3.2177705065247335
0,358,-22.121981073291817,279.0882264283087,-9.724614897874522,-14.633228673726332,122.1317347883654,9.950242384886748,1.010430840934304,0.0,-7.945408003214702,3.1900198087187417,0.0,5.5591487179558605
0,179,-34.56831701360685,338.26319635978916,-14.721892271608873,-21.498061175484683,113.92787929152772,-1.5221595434335424,0.525429868949456,0.0,-6.994320011734453,3.724346585578104,0.0,4.504675792169805
0,182,-29.59936951225232,346.3248636499871,-24.33294900029979,-15.11172246504087,114.69798889778001,-0.8398476035243558,0.5607146451775196,0.0,-7.052115070166976,3.7300159758507707,0.0,4.809862578797507
0,181,-26.867922774987736,369.08116968719315,-23.09056568887284,-20.262422598621598,112.13937881862466,3.6002952521382654,0.5923410349783922,0.0,-7.2694499951562435,4.0739949918901,0.0,4.937949365852671
0,137,-2.1554133689506045,3.5959677794285234,-6.105498663420368,-2.219394067543209,-5.633748425711175,4.7209531122814266,-0.1542897063958582,0.0,-3.857142141196839,0.0820316120914768,0.0,2.7211008536213197
0,304,13.812189098039127,-186.11576597964856,20.394387287777736,1.1195884242706988,-26.563473621648967,8.856285814231104,0.48787714970949086,0.0,-8.598523099071128,-1.6649510962237826,0.0,5.442297935524702
0,130,5.9108103649466175,-67.16655856802042,0.0602478293939339,0.3063927444015491,13.128699314414357,1.416423963088558,0.462473872392325,0.0,-5.04006306361696,-0.6113564220929735,0.0,3.448748790658772
0,334,-5.8134763791371125,93.30721538946628,-3.3283847338433836,-5.368453566007584,48.96848330913485,-6.036064413259302,0.8297811848419829,0.0,-8.900268220162413,1.3919686985481052,0.0,5.839314890253488
0,189,13.729100364881797,-230.60480702122916,13.126053194224102,-0.255969591409602,-49.486527334847295,8.61198796475768,0.045762297872868514,0.0,-3.8635362897508334,-2.2840304637137017,0.0,2.8530511270179986
0,296,25.04757022365782,-309.1713432194229,37.94399256233372,4.841567505870325,-62.640858687548985,11.601323028142696,0.35927121779328736,0.0,-7.188088197351535,-2.86821363893331,0.0,5.066364971509297
0,050,-4.768729567000748,6.16883001917157,-6.026944907931994,-4.631115189338716,7.077597122568646,8.397044534299354,0.03663733062598916,0.0,-4.391254523403946,0.1659612852929929,0.0,2.9295702194404405
0,346,-27.154892839866672,179.75169744498737,-2.362496155467963,-16.523284268650773,66.00664158822522,-3.7969859730135362,0.6099665904949633,0.0,-8.496888369899228,2.3360283255538494,0.0,5.466271221375531
0,157,-10.127947727555444,129.2204363296144,-1.0988743211251832,-5.54172526032338,73.53308949121867,-3.362545817574996,0.8033460348866045,0.0,-7.666723287843707,1.8345105678254832,0.0,5.12829932705462
0,258,-13.31086970657005,187.1408157840479,-20.048694155275093,-3.2614281765849675,89.50446577973325,-3.438823958730813,0.7917414977225483,0.0,-8.54024395195024,2.248937544500253,0.0,5.7142360944400865
0,267,-21.928628688017454,274.4659929537538,-19.547098690769896,-3.939690643748644,101.20272925605492,10.951264751613138,0.7879392369835487,0.0,-8.337696613173222,3.1248236948235615,0.0,5.708315956295647
0,286,32.46790580978034,-344.78029195640715,37.084318707520296,5.365230636328392,-68.92025448823713,4.416377658325103,0.6871513941167087,0.0,-6.205049752640752,-3.0727422167006933,0.0,4.328535206246093
0,178,-23.37383027274289,298.9318228323927,-26.726915504502532,-8.409162997164625,92.24699477717334,-8.790557031387348,0.12927111347600637,0.0,-6.354174592225927,3.136440069686209,0.0,4.097808672167248
0,348,-20.117311752438198,173.95149579701732,-0.6173981849819334,-16.102644125334795,69.52394578847745,-2.6410268565542228,0.6941227003240813,0.0,-8.718643438443372,2.1938655579311,0.0,5.713484241069622
0,256,-22.792966593250753,175.72205351120905,-10.935068814802973,-10.788031506933233,69.2384458940289,1.1217959224515899,0.6533819564870855,0.0,-7.947128268138691,2.2591320100249574,0.0,5.319052352162299
0,365,-54.58890100920189,644.6981789828883,-47.54408733593258,-34.61236018834506,219.3983910611361,1.6317317362003143,0.7087160601470746,0.0,-6.914916268910057,6.4577929647717225,0.0,4.814250202169335
0,118,23.191292397258472,-312.09099240872587,30.507115960898602,5.232552308543513,-55.25915492093683,13.706002952740228,0.43027800745877015,0.0,-5.854935113566006,-2.8994911207908958,0.0,4.155451153100896
0,239,-0.841487692469233,-29.686445861890455,10.73776707521169,-3.193011791543269,20.538518053715286,-12.941100058324713,0.5985797185231047,0.0,-8.962450158385934,0.09173044257907867,0.0,5.847015541203655
0,242,4.446329751102898,-89.67754832271561,7.199320624585417,-1.4973465402742152,15.398075405508429,-0.6294197770066619,0.43138131451634903,0.0,-9.919786294222412,-0.8651414804098767,0.0,6.587677795689882
0,245,-11.444695131556822,109.0263557329461,-7.674076020116071,-8.168537952157823,64.18320409377691,2.4230899337231215,0.9047590000612955,0.0,-8.16108783593613,1.5864403052628973,0.0,5.611004529855532
0,202,31.530208583584812,-330.36641503022844,11.96877284760705,11.826492724730773,-70.20719926413891,9.67598100923658,0.6700859360636554,0.0,-5.987365914076449,-2.8768183253891206,0.0,4.281541980762833
0,318,8.697366189005717,-127.21538603758802,12.164811101690484,-0.05773212471032767,-9.659819516291536,1.7172368142967378,0.44612874769560257,0.0,-9.500100915368689,-1.093525075085128,0.0,6.45033126922576
0,183,-25.566562653753095,340.7645087732379,-25.567728390128902,-10.614405646947802,74.25176563961732,2.6450962769711763,-0.42464103223754446,0.0,-3.925488070849913,3.216661387576529,0.0,2.840066147819289
0,195,-42.65844474380585,538.6873559610176,-32.07802126574631,-9.694058660302323,92.99410979606002,3.698771463142263,0.7702941849505723,0.0,-5.810165492910514,7.070155294362599,0.0,4.027913892344309
0,280,-34.743734520847944,707.4617221026928,-50.9622938442275,-19.187599069277802,222.7223347301217,4.2128498561262475,0.7404967883845357,0.0,-7.681979469533904,7.3715164228243255,0.0,5.061191248368739
0,025,24.432744001929432,-300.4192049466117,15.736123337901942,6.545053771552138,-57.02466338571298,11.124190587976866,0.6156100223680272,0.0,-5.407820212812979,-2.705689345528148,0.0,3.899564694594858
0,276,-46.371730793082286,414.43094296674593,-16.28004277932555,-24.509485621113644,125.68590240140901,-4.001910601216125,0.931589300901281,0.0,-8.788862246692817,4.707638202971665,0.0,5.7126983252433075
0,170,-25.043600802021935,277.417769291213,-20.120234543798105,-10.23759886558359,101.23478999377588,2.6813065332937573,0.9256497543900452,0.0,-6.982928196615384,3.2775869065909196,0.0,4.629565555794392
0,349,-13.976179350683092,169.07612968385456,-14.079224364354664,-5.573565225121558,69.60945330571296,-2.020836352677132,0.7691936672713501,0.0,-8.74497409839561,2.082581582693434,0.0,5.995314984200332
0,240,6.332596562007504,-50.612268236671,4.737349146089535,1.895685380650305,11.560854622675752,0.9281728423800285,0.6659001358246719,0.0,-9.124057043490096,-0.20982168804559276,0.0,5.930749942761198
0,274,-42.3320229149485,438.03156926707396,-23.816174509004,-23.34074568569066,166.45957427675626,1.4174701558375615,1.0343054551334145,0.0,-8.524635588592382,4.878124883056502,0.0,5.686908220898908
0,084,-15.629932365216808,199.86753309547495,-17.401710777790548,-6.869093371683375,50.45776809721735,4.020257544443278,0.0834116885743262,0.0,-4.874072866659668,2.1995245249684716,0.0,3.300356500564505
0,295,25.394319687644362,-294.67450675854457,31.574643421136713,5.702281815785502,-59.52143179163413,9.701272695851976,0.6314800432402471,0.0,-6.869290203310607,-2.5247721044671927,0.0,4.642480837422232
0,373,29.76511068770308,-328.26892615880047,31.334790060510436,2.8011049485373087,-68.90779763865972,17.187729895936634,0.5848233071527841,0.0,-6.054563366119996,-2.9221153621828004,0.0,4.20451600774655
0,091,-28.321143680548225,293.8544329865984,-19.991082089853588,-14.988495980398277,109.13200266724202,-4.498251725259425,0.8392611662920987,0.0,-8.315040384716534,3.425346439997959,0.0,5.3543829872819435
0,057,-5.845549952082777,40.15353830518176,-9.63073336679099,-3.4946598784223597,4.601184357941255,2.934717914882266,-0.03716291085179167,0.0,-4.253760256676575,0.5222644940457601,0.0,3.0258768499313486
0,133,8.527469761975095,-92.91617202214664,6.241039124187997,-0.028862504055062146,8.128282909565181,5.536068135895217,0.6106376019038107,0.0,-6.168129031148113,-0.7431388054584451,0.0,4.005446684373933
0,072,-19.62273816180899,153.70258305492467,1.0691123386860024,-9.091888839649082,72.0450967090905,-0.6163841327172417,0.9562517544986224,0.0,-7.42620076917714,2.1260343765843213,0.0,5.198429204505032
0,207,31.639667152307805,-380.34797659410725,34.80630446572529,11.545219373895842,-79.29944732640188,7.053147623655138,0.4604319394277209,0.0,-7.412729127465912,-3.527809127924532,0.0,5.063455411414856
0,139,5.219184436094173,31.9874638833785,-5.524224938508845,5.079238057473742,22.72497285640082,7.915581445045337,0.37432104810532113,0.0,-4.932102303728825,0.5739316008209273,0.0,3.417065359843842
0,332,-15.688554939317543,85.93100554157233,1.8548123991064516,-10.468086421407314,50.14521332226666,0.8532270313407703,0.7909073871994003,0.0,-8.76561351953728,1.258432430882244,0.0,5.486792870596449
0,172,-29.35426264536818,285.39287194915187,-19.45114086139357,-15.79702262241848,112.1219033891108,-2.919278846759917,1.1040830522466418,0.0,-7.452694388220747,3.449879906995145,0.0,5.241077426850622
0,271,-31.552610086984348,398.38336146588443,-27.41539459089817,-16.571566791688394,152.54796963225812,3.541013721281998,0.9314466510604337,0.0,-7.855223716100695,4.447360023287499,0.0,5.289645863283528
0,052,-0.35956403932247766,18.407967440071268,-7.917983666060549,-1.6894685903582545,35.29462438537254,-1.516540036972572,0.6958710310587769,0.0,-6.083385050294019,0.5474485798715153,0.0,4.093605733685752
0,042,1.4811439611959876,-69.71043121587032,4.275582549149161,-4.2474875370645675,3.627435956041917,4.768226154842022,0.22497791177076976,0.0,-4.484095939153835,-0.7031759395678924,0.0,3.183076822082947
0,194,-49.839248936644545,487.8701737039522,-38.57303606148333,-23.887950031633984,157.72003833898097,-2.7828898062954237,0.4946639969142445,0.0,-5.59993618930353,4.876746356909434,0.0,4.028208713298136
0,300,25.311427198630394,-318.1574361242441,29.48386403585414,11.459442976287592,-68.02073229026534,7.117176819273396,0.22914963273480324,0.0,-7.5119923402653255,-3.217837537369288,0.0,5.201124554796492
0,115,19.72618952530013,-301.8404004651801,21.66891293304215,-0.09910650295463222,-56.76343589307767,6.037825716842103,0.619968663716013,0.0,-5.340956795431634,-2.651342745792489,0.0,3.799584783186611
0,060,-4.8117277630362505,48.97907716112644,-11.58667957410021,-1.3029705461700392,14.033131630843618,1.748750840169565,0.15984561873971115,0.0,-4.758379015027761,0.6877691698256823,0.0,3.290914240289544
0,359,-27.201334437527187,297.9334624315673,-14.447730900581787,-9.906980478044197,96.6658257576147,-3.083842331621058,0.9461271091275566,0.0,-9.271059071374966,3.511313386643987,0.0,5.995545987259828
0,079,-13.202703659604762,180.72199883995088,-15.251763310180555,-6.463248343221096,66.91533421992195,-1.8368753118502024,0.5873970773615552,0.0,-6.492378354529089,2.253268387385033,0.0,4.446962051582901
0,174,-24.765275642014206,254.5135956767863,-26.120508942651004,-12.940704128188166,87.02579534831523,-6.986995670124118,0.603888957619952,0.0,-7.439580117273447,2.963550029098979,0.0,5.019903001843069
0,328,12.89272570709613,-108.70481335688865,12.790321322266927,1.3385105817474277,14.21465776409536,-4.759577335563652,0.5282929639610395,0.0,-10.474947373489748,-1.0933948725500569,0.0,6.357941293569185
0,210,20.557741851025828,-274.6947668947617,25.05993153525876,4.946425156762946,-46.56930695849353,9.083466737642823,0.5355184548752017,0.0,-6.764245530941719,-2.4527817767513,0.0,4.428045735188861
0,292,25.72398624609077,-398.2177091358088,33.93032612853193,9.61649132687981,-89.40044248009296,18.26602047720022,0.4938715434192877,0.0,-7.6767939826416125,-3.594227788280814,0.0,5.175612082119012
0,285,32.22896198411243,-328.13764570340953,20.93581703772726,3.8654341473644784,-52.14509265017727,10.19814677695321,0.5922163773333917,0.0,-6.097548490611265,-2.9581425895524003,0.0,4.286751205284649
0,076,-15.630228914093273,145.82961318296054,-10.520021968088338,-6.77304574331782,29.606633845991638,5.624035241396326,0.05974579213930247,0.0,-4.848682518027315,1.6887125884572642,0.0,3.286644835647524
0,237,-1.6446861323460438,21.6102591746359,-1.6201749983567102,-2.222536703734908,40.175145214650364,-5.246176938626301,0.6050455989529836,0.0,-8.84233437637216,0.7031331477685685,0.0,5.470646300306504
0,294,17.817703215023936,-264.0107966944945,27.965913144585052,-3.353011062584143,-42.49320072029542,5.4610725600439505,0.672314280734119,0.0,-6.9524887889091245,-2.265002564625908,0.0,4.561748416268731
0,250,-7.642065697108516,73.6802399743521,2.0204819824186857,-4.765991499601598,46.89516833621382,-8.841019240896944,0.7315151858692962,0.0,-9.56495108599236,1.1603027430464026,0.0,6.1693322580451175
0,176,-19.03262278316691,245.73541943212513,-16.234355993233958,-5.694121688979143,66.90534871150426,-1.1880794966063584,0.0967040990871398,0.0,-5.123915785810256,2.578065052482321,0.0,3.4111714891241296
0,302,25.18076050246963,-321.8460908429897,30.196360980659815,10.861384467013128,-81.43909376107501,-3.2829762385483465,0.15550530107440869,0.0,-8.246792257437829,-3.1375389146036214,0.0,5.39611272775522
0,357,-24.129785438406962,293.5678508651729,-16.55503977270222,-10.02038949259948,86.39438145761153,-1.1467794012462307,1.0272435778849158,0.0,-8.48048271373558,3.522322196436317,0.0,5.807618598159098
0,044,4.101441815053948,-69.1681116797459,1.6941400163533002,-2.4596593099957036,22.12242448628275,2.5498325135526922,0.6218059240053992,0.0,-5.48160781189646,-0.5183177312178728,0.0,3.8321596541032314
0,027,33.799612158732195,-322.33977989975733,27.024114147104875,12.735038093111882,-68.97390162631902,13.085838603160193,0.39344509618452017,0.0,-5.789708478997685,-3.04563751020414,0.0,4.090614463924048
0,187,-60.3793284283614,618.2840769720844,-22.71971193982418,-23.83436129545198,167.90994940727893,8.285190537139552,0.9126532384476005,0.0,-6.891509114882132,8.15664487623743,0.0,3.694810052022058
0,018,25.68374069241254,-312.5957541088304,23.37233525211722,9.285792987627824,-64.7889817706529,11.855623395347992,0.33924162755543874,0.0,-6.124744234553632,-2.979223459199268,0.0,4.149938978623358
0,283,-71.80814602719823,769.253411677958,-50.224382568515345,-30.51226784583532,237.1462881962609,-1.452883750587073,0.8514656706101936,0.0,-7.956452443538235,7.838035443234151,0.0,5.470749591855649
0,232,8.951369958191421,-126.67748016344267,19.968361773170034,-1.271770587498173,5.916086599585271,1.9195601963143452,0.7572340621185369,0.0,-9.267734529415556,-0.958075264100946,0.0,5.939760233317567
0,036,14.9257377520063,-205.64304701367857,14.519299439464024,0.2876800102335528,-16.47603173100361,0.8210188101018626,0.7070270792492115,0.0,-5.24087321686286,-1.7734807541282744,0.0,3.7049628196091327
0,171,-23.723793538626605,283.94904335004276,-25.467944993708915,-12.71623046438291,106.69518381012966,-3.052297685329275,0.9704326244968074,0.0,-7.305763607271072,3.429896228863574,0.0,5.018357284934125
0,211,31.03306768493095,-293.21318822353095,32.30752388309665,7.125369686951319,-54.513249285964626,4.605780667898812,0.4753387673446212,0.0,-7.265073532584989,-2.658676017732128,0.0,4.725199235972579
0,090,-21.533005607644977,292.870541833319,-23.203578870230398,-6.760873780448825,101.0234940029094,-1.3298077732750802,0.9337298670024058,0.0,-7.643951927690225,3.4451413237207342,0.0,5.386398209186791
0,214,26.81872631248922,-328.26194047453646,39.854763725577705,9.298210046659635,-67.15297530729936,9.673244104194467,0.46295055980625427,0.0,-7.639243708244406,-3.0945140112647667,0.0,5.321349126810953
0,353,-25.73870544602891,285.8423967067808,-23.081600326945747,-13.988788385412777,102.91332857648379,0.3603894400635526,0.895679475247328,0.0,-7.79809930482448,3.3476828753576005,0.0,5.373034344515964
0,006,21.21036217081222,-294.5053993409946,21.116257349841316,3.922301870134018,-50.46748205735796,9.028976186796331,0.6305949498622191,0.0,-4.810474030311486,-2.6587388917556125,0.0,3.508434299994125
0,085,-18.8286766547475,210.20504668984287,-17.61294324578512,-8.775291046318575,58.63240275916693,1.456149586579376,0.23252007674832614,0.0,-5.496318243735147,2.3548241330963244,0.0,3.7413207384388265
0,158,-10.59529041113604,121.92278063761685,-9.845018149124693,-9.534150291647675,63.22565420677318,-4.184785436593828,0.8561352036167045,0.0,-8.243847096800272,1.7704226943921992,0.0,5.337986574733657
0,126,16.55413446037941,-249.44592729830228,23.825037618828752,0.5155655648970908,-35.63567155663899,7.948472091624063,0.6702336154721585,0.0,-6.3056624518986775,-2.174552832384314,0.0,4.320754099530196
0,316,9.194844784379814,-118.99714726468298,15.351040389462883,1.8182378383051292,-4.0539533864520765,-10.302918926892216,0.6923973261478162,0.0,-9.735159790915835,-1.0057195560899794,0.0,6.148793257744112
0,320,15.154561301396193,-194.07119799019156,20.8799434336299,3.5577930110727305,-26.51321778721976,10.000418243750614,0.25526412256785697,0.0,-10.323107110786355,-1.7119411616210962,0.0,6.60594728904005
0,235,21.373519210894866,-173.25471848095967,17.047601653306312,6.443080937578947,-11.10543088854112,-8.54602092386808,0.35875860517635516,0.0,-10.62450220123539,-1.8333212520301978,0.0,6.828728383604878
0,009,21.903462447769662,-319.9817122292268,23.192277110463753,4.417343514576772,-70.9654642622262,12.701766128658349,0.32644743411789984,0.0,-6.015345766147205,-2.917213902091393,0.0,3.998867581996821
0,321,-10.131767071013016,2.5805528690549213,14.612251163045926,-11.287515442183206,24.623846261509918,-1.7165087211883372,0.6186544836274794,0.0,-8.077122507486191,0.3001511456685233,0.0,5.41884671446564
0,192,-44.946692147174446,366.1805088257386,-31.755739220466197,-17.07369517815096,96.98823227393115,-7.409259631384117,-0.15558750604041507,0.0,-4.62300452573343,3.520852337730572,0.0,3.1499682184445486
0,046,7.356128628350864,-91.44393350430597,3.8163746399426937,-1.3241949024298878,15.428165330200715,4.668140118847354,0.5547161778634837,0.0,-6.14168470526139,-0.7035229703457813,0.0,4.139420967445381
0,161,-16.170400952268206,167.28844098632823,-14.776003666890842,-8.482972598443478,58.262440037121635,1.0689566319673591,0.4917451218273646,0.0,-6.087569243182004,1.979480658035675,0.0,4.04029616535852
0,356,-26.071486995351954,284.99562702776444,-19.92328782996562,-11.82510499482901,90.89106352662209,1.0425639266663802,0.7558772530066338,0.0,-8.01323341501583,3.308965920164459,0.0,5.523509978674513
0,204,20.72925140390283,-348.40741630591964,15.999123809593463,11.466102398092188,-79.59399446429157,1.3422296352706764,0.43315248679559354,0.0,-6.991626657597962,-3.1724458357310774,0.0,4.5341748613959725
0,153,-10.425797941010158,113.93950401580625,-15.540282702464296,-2.5157796767268086,45.00813112445204,5.0486119701883165,0.5246539631210401,0.0,-5.671456984486728,1.5084660887924302,0.0,3.939945843700767
0,377,25.441706418904815,-360.5860334800183,31.232225920874175,8.53618926624172,-83.47728090849202,6.714343821899569,0.48386189081590075,0.0,-7.054858498439094,-3.152433254760658,0.0,4.963728814411751
0,269,-20.515560196118358,276.6121421097624,-11.540254295354027,-12.758516432631689,99.52804332403717,-6.4202993330962395,0.8828315942953001,0.0,-8.38758154660743,3.1577688984785675,0.0,5.777448968235934
0,284,-33.02741869691327,780.44796334462,-58.3474838347007,-28.056020993369536,296.23726314491375,-4.365177829008022,0.9747832002973732,0.0,-7.7219891113142936,7.64124522207149,0.0,5.253255603514083
0,010,14.672852743303283,-213.16825167636836,15.657515705697332,2.776460167331935,-44.91841164271629,5.758398936243777,-0.13988057268366813,0.0,-3.683825445400074,-2.2649570623076736,0.0,2.6622172286679526
0,254,-23.35955040047346,193.74415938906637,-12.916470186962378,-11.6304610372518,88.35865566046442,3.70022671095321,0.8062240794300177,0.0,-8.384540039766692,2.4395551858105935,0.0,5.352516130716451
0,301,23.09697493155859,-306.19486580301435,31.41560320814653,14.18256242687149,-75.29750775651388,3.0610045728158757,0.24941796388766727,0.0,-8.492577869206631,-2.944991973593391,0.0,5.546444009680216
0,236,7.770057977968923,-202.63680402751046,31.31147519945942,0.9566479844539444,-33.929939532169236,1.1384317483404918,0.5066901067797513,0.0,-10.418238685270252,-2.0617759401415863,0.0,6.531214271405589
0,165,-11.82792599826007,198.26236326068604,-8.315508485838386,-4.452978371471003,94.02166508531693,-4.807574846244632,0.8553429837745099,0.0,-7.504963235483896,2.4833604342128885,0.0,4.983671900606956
0,089,-35.81797735328775,301.8958980519828,-10.24098546842021,-21.683692473617423,115.79003025173586,-7.534111834470013,1.014935266625877,0.0,-7.529148354580646,3.5466871009323517,0.0,5.127162081325072
0,270,-22.655493841847026,392.0539290714864,-18.71713078784288,-16.728780750698352,132.63224340521563,-5.240052994824913,0.9712652390306998,0.0,-8.207736028458317,4.303276806734418,0.0,5.520167504655066
0,094,-23.633429690166352,282.34617086659557,-25.56300983893932,-11.555309517413587,95.08301596896715,1.8594775111439898,0.49320775795178823,0.0,-5.910642087695307,3.066020016548456,0.0,4.035329971671076
0,104,-54.06536769319674,542.2675080079313,-30.407806610346018,-18.10909864394135,91.81372463064389,-0.49351597453911455,0.7888896136969613,0.0,-6.086908676269507,7.279472257130947,0.0,3.9932828640766207
0,144,-3.0787394651386566,32.122238246623496,-7.152740026739475,-1.989906292314715,11.973645342313736,3.057639204351405,0.13847763449589034,0.0,-4.690549849993026,0.5453228089726366,0.0,3.2273505601593135
0,372,-52.708783359568756,801.2626720233707,-90.45271138482893,-17.288084252511172,305.75527567028985,-18.584809083966377,1.1345969683961286,0.0,-8.694157894421311,8.094473606545984,0.0,5.6052617887120295
0,015,24.245212340206,-289.92811249391116,16.80034982731052,1.7416326138534153,-43.19812233086848,4.294752014410946,0.6452586325303847,0.0,-4.956588749710064,-2.5942376723684153,0.0,3.6558008867066643
0,065,2.748841093162702,40.63340545924305,-4.007780263291426,2.390270438461508,37.32036430995162,3.1566576686768553,0.661999950646927,0.0,-7.623651312099703,0.7183398622551428,0.0,5.135603158875793
0,029,6.038431040132665,-137.26525238210462,5.850188513803813,-2.280998900820673,-16.009209918567297,4.922711440607138,-0.08102808759916852,0.0,-3.83585405506874,-1.5857620929453649,0.0,2.761231265688838
0,367,-55.39850794113008,684.8717053122396,-39.18913577874361,-22.49352944501549,225.16072941754837,5.46259346181404,0.7910934355592982,0.0,-7.10151639145131,7.0664516330042995,0.0,4.855827031923823
0,288,34.518746797894444,-365.85441048358246,24.661416148666977,7.41827191608153,-76.53065884998038,6.577275153434359,0.6323083140080987,0.0,-6.885378245141787,-3.2458124945553197,0.0,4.888608962994968
0,098,-33.407752110576,347.89232948490695,-16.46817817541259,-17.618790150098857,111.09397439100454,-5.200673767952543,0.33820728917350057,0.0,-7.725305129914606,3.6707568820311476,0.0,4.846030642400186
0,219,15.417880880424756,-161.24146533077717,15.953295229011774,1.5111083105976089,-22.674389226611673,9.53090076487321,0.34808987181318896,0.0,-7.838796334711666,-1.4113236543019627,0.0,5.007312921576881
0,086,-16.213849307337895,250.53103752693016,-24.432592571113766,-10.040769483224443,85.97769593984734,0.36584879841408546,0.6142305397405083,0.0,-6.130097092856668,2.798126344082877,0.0,4.379026261189517
0,070,-2.6682423117533904,120.22423798235512,-13.782052145738188,0.5961148068337158,50.23870031399945,1.0111655543783045,0.48536358529397744,0.0,-6.0221560276974335,1.6320235177436335,0.0,4.110502814722462
0,001,21.901747754373343,-211.2171065171904,7.1620135945657895,5.892334009539763,-50.320817013122266,6.437753092539853,-0.06759731128502117,0.0,-3.6379592048913496,-2.2071163548011588,0.0,2.7067562894946455
0,021,22.139882093975743,-236.02412692061822,4.854896616532079,4.648692268412971,-48.92481571883877,5.446883366871792,0.1123589645883608,0.0,-3.7045807387879552,-2.329314877794251,0.0,2.819660633026626
0,160,-13.220452910162049,165.37869907217896,-19.47768764599588,-3.4323781338420507,52.60828882592165,-0.4049418932508138,0.427130247685435,0.0,-5.314657927630981,1.930266855976706,0.0,3.6876988723207837
0,061,-7.227971499228661,56.44681550449286,-9.984013494045373,-4.546674151429046,31.254670280949934,4.973618693090498,0.46475957364393594,0.0,-5.407491630534497,0.8774742600343695,0.0,3.7285555720147925
0,342,-10.296655776780984,203.28931635782328,-20.355558369093075,-1.7318697865940034,86.78339527257002,-3.2552485655802266,0.8455183958497478,0.0,-8.355306276235394,2.5759677231472375,0.0,5.485480118516217
0,112,14.387959749434284,-288.8543918264875,12.8977977431034,3.549655137875169,-62.9133273282078,3.7416937173394467,0.18962017767512865,0.0,-4.343987880208152,-2.74667409732472,0.0,3.2177088219990218
0,338,-7.454646257279313,53.76386227358267,2.5687250871886964,-6.705333261717125,45.96164151148757,-5.444076187199249,0.7713023763386725,0.0,-9.348878069588169,1.1056788361210308,0.0,6.05252480647779
0,106,-57.003821103448296,583.992043888164,-21.36804295497,-33.45496841108745,185.1020963594066,5.601657670627902,0.701844098604086,0.0,-6.4846445209415915,6.127766810083759,0.0,4.618520452331929
0,116,27.6163219796921,-300.46860194681193,19.943504871767125,5.0686873641039165,-59.46281717907931,10.259050518482583,0.5072823508147919,0.0,-5.735411120831883,-2.692099201274577,0.0,4.046581113979637
0,282,-47.919911141685894,743.1750714779881,-35.81713322341479,-37.95304668344946,241.7053107156725,-0.2885108833250502,0.7377382421716379,0.0,-7.723455859146582,7.681705469662259,0.0,4.972541738392417
0,088,-23.447108184009757,300.8179619974152,-13.2655812897561,-13.381077343797367,120.114291144363,-6.08421609214811,1.0632334055012465,0.0,-7.4221103693477914,3.578585317578758,0.0,4.981223986252545
0,243,5.500654986023459,-103.87396538951671,16.56151758819256,-3.6373188243393684,18.253954786568094,-0.929223907681855,0.45947576799863726,0.0,-10.268101929580522,-0.8082080577460863,0.0,6.613690142867068
0,330,4.508451129120267,-115.64382252219319,30.083420883770913,-4.385248040637878,14.218649270486381,-8.376654172381702,0.518172366134633,0.0,-10.397924581378438,-1.5626212348946336,0.0,6.147934132492891
0,064,-1.9130972745870598,73.2237385851099,-7.590524546539583,-0.6964736377523527,52.11672918741026,-0.7289490645452924,0.8801795090271448,0.0,-6.625746631406976,1.1937406204356837,0.0,4.706897344457943
0,159,-13.299806737747758,137.5816884206108,-13.549214078198709,-2.4588699426196143,23.834600238593797,6.159369508857553,0.03774826579942329,0.0,-4.676849123752379,1.5082759850048757,0.0,3.2556305558061327
0,132,6.558125603610642,-65.59552918125394,1.1606987590002207,-1.6963511530588746,20.65861930014552,3.9105523876086656,0.6330496825489335,0.0,-5.608101148352033,-0.5683237034132332,0.0,3.830119457693528
0,311,24.933659033664192,-249.40016885080465,36.081985077177706,1.9657318896328464,-12.92142618335152,4.481242462084463,-0.18673456569717617,0.0,-9.759469341829096,-2.6852873517094857,0.0,5.245018883599003
0,011,15.661377558364855,-241.50900586674723,17.16092363972391,0.06386633646913341,-46.152615944031815,4.918812231357322,0.11177482803079944,0.0,-3.81826895974047,-2.4305223464484507,0.0,2.859901296932748
0,281,-70.32116613955009,725.8533298999271,-59.63344969562096,-26.207185329429702,204.72256827084536,7.422297249805712,0.4858887732217282,0.0,-7.914338823797678,7.36570990040299,0.0,5.047848396653764
10,037,-19.61595179641886,227.5347748094353,-15.272257181142843,-15.163359638548231,83.14248127864505,11.209267704083501,0.7484979005778981,0.0,-4.449667828909444,2.755449163315728,0.0,3.038679619380769
10,329,-18.960463195111032,294.18797014759156,-19.030640602176938,-17.286777817139935,180.41093263701475,-0.8098384474913374,2.239028708894404,0.0,-7.879538591175993,4.124889353641335,0.0,5.1633380495775025
10,053,-18.664924947698125,204.61264311707163,-9.952972829031303,-18.09282146167618,144.40872817643165,-2.7500072274141143,2.2491524294746545,0.0,-7.78973756530109,3.1929604307613304,0.0,5.099620272379111
10,251,-21.930779661696675,301.13194234200944,-23.59953582089817,-28.523713275142146,161.80672130868894,-3.774566012988397,2.3743052606245345,0.0,-8.52365593970256,4.395111681579489,0.0,5.436542947335571
10,141,16.39548860938438,-252.36740016233563,25.50381344215331,7.231417951611597,-16.315437359044466,-0.5468894208903248,1.7003523279403516,0.0,-5.918707994655521,-1.5869602855702596,0.0,4.0962249307429435
10,154,-35.94736840079654,359.52534190048357,-24.398308154261287,-22.022963314139645,158.23489222534224,2.7201654108024362,1.9044891677129665,0.0,-6.910414803395071,4.611415587834765,0.0,4.7036925608354485
10,331,-21.81818897281933,303.97808176946523,-29.36302422422983,-23.167301968678565,184.11224959535488,-6.003945388573056,2.3613512471717186,0.0,-8.428422871122299,4.241640288484187,0.0,5.521524752271991
10,048,6.781154994005657,-80.41810344407068,4.9375177143764715,0.7216085044567023,51.95258672754787,-0.6846586984312302,1.512384619689381,0.0,-5.421908087178181,-0.1599077059997876,0.0,3.6737265383877036
10,152,-29.51577488902226,347.9612958000344,-29.567561253738397,-17.25777542290691,158.46300130124646,2.568897746453627,1.9541284543565636,0.0,-6.878971125817951,4.469584687176279,0.0,4.66191814780586
10,164,-29.676049873140336,442.22841681047,-45.1366594777198,-19.721732942229007,160.02277396605587,-5.795091340320491,1.0831177634092621,0.0,-4.931261375571065,4.6629716058795605,0.0,3.60494680817134
10,193,29.150844457315742,-398.5679603241074,35.50951303324631,8.121360336896645,-44.02873404496079,5.997032796361115,1.846771093357623,0.0,-7.327896006929031,-2.8729395374811606,0.0,5.193814394400477
10,031,-23.891959081024854,319.4483852450372,-29.684676427118973,-22.048036550343145,137.16890023283148,-3.732395023554973,1.4372363359685842,0.0,-6.234295283916266,4.012395209751775,0.0,4.2491168158936565
10,248,-24.501923950776977,305.3782845977322,-20.80774514381803,-16.161232163362662,177.965349748202,-7.894150439594613,2.3720195652364064,0.0,-8.6021492269538,4.2037389195031345,0.0,5.497488710182699
10,249,-30.182096262378693,304.152450651556,-26.156794281283076,-28.176557987209232,181.77772919710424,-1.7158577990786728,2.3481142610866437,0.0,-7.682502046004111,4.200340380576919,0.0,5.246908775605379
10,221,19.522676415257493,-188.17939595273802,22.18610585454421,6.0089152947899205,31.725311189708968,-12.785774303981354,2.308082858730171,0.0,-10.669376567011987,-0.7129037335782084,0.0,6.678459096175204
10,262,-33.18089753551724,432.8321954996369,-35.47012246147895,-27.73720582739493,209.9064451928547,-9.020968615210613,2.546216869820608,0.0,-8.354248871616088,5.557106311365746,0.0,5.68398221592796
10,222,-4.422553840997106,4.932705777951657,6.696567938447723,-12.317104112507453,91.23955376360712,-16.249992964483873,2.0435782611344298,0.0,-8.221861876487742,1.1404236577169113,0.0,5.539840082321722
10,341,-44.11592261409644,413.70395051883355,-26.835572038708094,-29.52136211678474,201.3866793401314,-1.007400441154033,2.526031525197261,0.0,-8.081754066223917,5.307037336954595,0.0,5.401347450726035
10,322,-18.354616528082367,201.5975078016528,-6.0173741857591505,-20.047127629660572,158.68797702831182,-4.89522685019609,2.3822471232911018,0.0,-8.645493049104035,3.321287805214628,0.0,5.602310593782539
10,102,-10.493237935483705,131.176234117184,-16.06421970998187,-12.42264540018256,106.07750450253009,-4.531913161093717,1.9062947063664333,0.0,-6.560033653351759,2.3401515595832656,0.0,4.445429801711834
10,264,-74.33213645658242,671.6489017073065,-54.78067895875219,-37.48921350377663,297.5654847311403,-20.914131734581396,2.1763168504571353,0.0,-7.488920766013892,7.525512037789879,0.0,4.908443036337178
10,107,1.1340102868523227,-1.6801797607954152,-4.116500087221784,-6.461080096276426,82.61286652713824,-6.527723705904231,1.8722920303607224,0.0,-6.2849988784080795,0.8402559687875905,0.0,4.436392483830054
10,083,-13.360545755335066,104.49558691994076,-11.134075202921132,-9.151018489610236,56.60423771175257,1.2471473611159372,0.9765300886958654,0.0,-4.74489873890862,1.6603348422929018,0.0,3.245684038197956
10,223,0.7653370284324017,7.435710113509921,-4.040776272315069,-6.357578161187477,94.08914786446135,-15.61045133788639,2.2372383130594358,0.0,-9.01565377431978,1.2188156618262658,0.0,5.754579455744252
10,127,4.735596573024148,-67.48003526808535,2.2469085137806357,-6.08047042917541,52.4100039835096,-0.4272470034039656,1.5561534383592919,0.0,-5.234844119571959,-0.09319625997019187,0.0,3.7439877001073505
10,188,17.917237716301493,-355.44937298030953,39.436569590264256,2.7816760844511035,-52.83134331526732,5.359935950143478,1.7460450322041985,0.0,-6.385130220704027,-2.5239185723257567,0.0,4.231976832655977
10,100,-13.546729461576858,127.75629011298061,-13.20992398766956,-9.502890118885157,95.00890782775484,-3.139522772690154,1.6180513553046678,0.0,-5.8379106017988045,2.2187679157033737,0.0,4.094835533391958
10,075,-7.7348963079148465,147.93286676842635,-6.305811123038955,-13.97600015350457,122.73686742829373,-6.692992058231091,2.2762492994294297,0.0,-7.075249900210274,2.7316742617409377,0.0,4.84155877699869
10,134,-21.713011845996935,286.7822902595049,-18.704497334822875,-15.307565010405657,148.01413216579493,1.0504733251885612,2.0328925898698547,0.0,-6.730577438029433,3.867351752932766,0.0,4.783014808373358
10,173,23.561448451458965,-272.13306969381085,16.21116688421656,5.971914136259397,-33.77126627277617,1.7709669439211218,1.2422869229282947,0.0,-4.494610267455569,-1.9872803593729795,0.0,3.394718534325049
10,002,15.32724285254382,-233.05948998836587,17.865766077654303,4.162245294293311,-26.583564413392526,2.0058036615555035,0.686813347525832,0.0,-3.9282391065403894,-1.9138230394894333,0.0,2.997314142208398
10,024,12.780764536544226,-185.590453871271,13.534385467073161,-1.4126881359694718,100.1646734032562,-12.283930700202335,1.4551283823830223,0.0,-4.60127161349326,-1.5524281589864697,0.0,3.408682175720551
10,105,0.9447778556742162,-18.96473827197006,-0.29915005567777225,-7.838071870880878,82.96562123891343,-8.230697772711837,2.0457007615868,0.0,-7.295956114978256,0.701237680572454,0.0,4.8417458968630465
10,136,-19.19646237225603,297.2362559122186,-25.00585193503466,-17.02533001791757,196.10176714083667,-1.7178566924631,2.3286798243361932,0.0,-7.217741783854119,4.86567073035078,0.0,4.30047571347691
10,339,-37.48369484753755,413.3785216358275,-24.761144029513822,-19.976977709967198,205.09179585540994,4.479855591352516,2.2761771932785435,0.0,-7.839204702893322,5.2108832635551305,0.0,5.199298311031968
10,289,4.999402831503998,-171.3176654165892,18.387351903235768,-5.465023271208308,24.944056762063422,7.127945869954684,2.0817074844883514,0.0,-8.544734427028525,-0.6824060621500112,0.0,5.388400965783086
10,081,-6.33598181245633,114.02156123072223,-10.983765531606053,-6.8995206526623,70.09352010744979,-0.2728292457688344,1.255585409506808,0.0,-5.098032790063388,1.8106646471338594,0.0,3.575558952876394
10,190,27.52732605984975,-362.6620117709001,43.466097804799894,7.829746325990721,-32.48635983078081,6.290382727679933,1.679252592920348,0.0,-6.995104639078498,-2.614527770982347,0.0,4.744306942399115
10,233,-13.302343154576475,118.63269300896879,-5.685701881283045,-16.251710520857706,137.81531558541099,-11.083150846540974,2.5574176042392143,0.0,-8.94881486881262,2.5168473382516767,0.0,5.844675339097109
10,117,-4.192203059843813,2.4163177001604264,-3.3221573777492233,-5.1401063948062164,39.728541700610364,3.3265348995842228,0.7985559865902406,0.0,-4.357254507560728,0.39201396047296444,0.0,2.968387515267665
10,323,-25.362248769996185,195.15175359509536,2.9599005344517284,-27.17096498030265,142.91986373801487,-9.066112155319543,2.341797491313353,0.0,-8.160344841046705,3.207152568946184,0.0,5.522648590938635
10,169,17.808057210071972,-297.45707868398495,22.953026104937138,1.0504219870623674,-13.328511074406457,2.3358606211315607,1.337542790852875,0.0,-4.364175781726026,-1.6799732534410694,0.0,3.7510167873270275
10,032,14.501364945053673,-268.13833759723656,28.662729356538065,2.10358161088373,-5.337415982212487,0.5011726721469925,1.7241981067706023,0.0,-6.094467913545186,-1.7918146047641421,0.0,4.191682997114043
10,056,5.457189295268739,-144.14929149628378,11.315091777734853,0.20278694282759258,31.079327810150147,-2.573214208991209,1.670132972771867,0.0,-6.891381851768938,-0.49894049250205397,0.0,4.605543652353316
10,196,21.044213302786485,-297.66846465630624,29.734781664919613,3.3527176486066343,-8.108323829894656,2.0839943922599997,1.7959529610197533,0.0,-7.0509443829800755,-1.8975185721875385,0.0,4.723924175370525
10,129,4.087294024803385,-69.26630789895576,3.684250240208044,-0.6659208618597816,48.28183475268731,-3.005521017022475,1.2303528191516944,0.0,-4.822028089064832,-0.11691159018735486,0.0,3.41065963411216
10,156,-29.000357177145176,372.7992397579667,-29.091254780974793,-18.000376464658398,167.93650717970053,-2.100827934160547,1.910733080294381,0.0,-7.17598214997682,4.719165444436551,0.0,4.866049929711737
10,155,8.326921166394962,-156.56134842548158,9.202188463857228,-0.3891007566042365,3.028976995526005,2.698160121207108,0.798351913076041,0.0,-3.931475963480226,-1.1920020582163566,0.0,2.8635834818312835
10,327,-16.43424084843122,223.21999591760448,1.192346253190768,-18.23789195538825,161.150520711692,-13.639318389928844,3.178502357439638,0.0,-10.394773990302175,3.7998072132598057,0.0,6.423427716602983
10,022,12.199212095890443,-167.8225679021046,13.051395030623105,0.10517145384972382,16.006389993889456,3.546282556724423,1.1950514692262928,0.0,-4.3438244500083565,-1.1574856168056855,0.0,3.2203255081532287
10,120,-13.532199449754037,218.25625644049674,-12.574030289597827,-11.701152573722567,171.42559988585296,-2.1699017276077766,2.200024275018988,0.0,-7.003967853201465,3.873310738169357,0.0,4.623795359516054
10,093,-2.5314826992195294,55.87469287169734,-5.711406351914178,-4.324592680694408,81.74704573083464,-0.8143777957305764,1.6372453931175426,0.0,-5.913523212219161,1.3041050531433518,0.0,4.058764849380121
10,260,-36.09771406767721,421.7625600336802,-23.87151121023271,-20.44185595875562,212.30467367086507,7.772824695634901,2.4239364907534675,0.0,-7.9501855316651175,5.408112452264858,0.0,5.3278172873823415
10,078,-3.2716122058772057,42.23784949668701,-9.995440361174772,-6.150006801292388,43.649426261704946,3.3539978254601577,0.7401124770351714,0.0,-4.279091048018469,0.8789687202892635,0.0,3.0020793725855914
10,252,-20.151738717314416,290.2304273791401,-23.806737840464905,-14.508049437324836,167.9903390241134,-0.6667875544305759,2.4838919612780734,0.0,-9.127528073847206,4.260431807161785,0.0,5.596272391899342
10,177,13.731249498547102,-239.27896409185345,15.43844828244162,4.431759757537802,-26.432827799497453,4.8322589562912555,0.8801547599347225,0.0,-4.287455641165585,-1.8237279356920735,0.0,3.0986984992472544
10,291,8.108200964878385,-221.79865586375135,26.927425795290837,2.4291151286970405,26.049111854463163,-7.62937603661133,2.0630174325784303,0.0,-9.445330402462023,-1.435700841895917,0.0,5.8918983835294485
10,303,11.892445473226896,-195.1064759936915,30.12505036171088,-3.645232536168574,57.62128741608932,-11.613955786602656,2.311028590937684,0.0,-10.784218297107513,-1.0119403161343739,0.0,6.580186636061959
10,162,-25.907925302700484,384.26741062129236,-47.440453875020786,-13.41846113758417,130.52858566058694,-0.5387961338285585,0.7140418026883271,0.0,-4.44216127862227,4.123811424204378,0.0,3.1061115574264804
10,215,3.900005799046182,-108.72618445325301,14.033455092664129,-3.941137320968998,57.010355216757276,-10.218738525399175,2.3712219378836954,0.0,-9.043707703644795,0.09308355559756354,0.0,5.7444849300269425
10,217,7.817933970633621,-155.27712328303042,26.357052666846744,-6.831451560692129,55.73755912267993,-9.514472436334088,2.4586150120812125,0.0,-9.367231386811005,-0.4468976223302076,0.0,6.139286827527437
10,198,20.59748315782129,-322.02147532184756,40.01000494425948,7.006445521661198,-23.714677361616396,0.6481226857982045,1.6070789119382753,0.0,-7.165374598886962,-2.318847868129419,0.0,5.222173528303761
10,030,16.33212795538604,-244.83684146958095,23.73600580168282,-0.7670196452504952,8.436002921749,3.788042577759326,1.7536305601068345,0.0,-5.773404295022496,-1.5908763364877396,0.0,4.075816746273988
10,062,-1.0704860625108716,-2.6396028088513184,-6.301524882449256,-4.693750947856238,36.198865027099394,3.5569229008808674,0.7756823672887063,0.0,-4.297418017039478,0.3079199621110643,0.0,2.924367724892363
10,054,10.852091277161406,-118.44499673953412,11.722574925461835,0.2040065675168018,39.0473419936165,-4.8132451365822115,1.5320594703292152,0.0,-6.5639915162315265,-0.30660152718173506,0.0,4.305505111411111
10,337,-38.04777349128858,402.48432020798975,-29.773292090194925,-26.531638247159805,201.9696261428287,6.047728407665576,2.3452609917476277,0.0,-7.658685861607453,5.140542872928956,0.0,5.212061761051247
10,244,-9.833794435695989,206.51984576853098,-15.44956861071467,-13.677310286771377,140.56922393777825,-15.695244446946859,2.749478260034696,0.0,-9.448597244342979,3.4861705647101653,0.0,6.021273721399033
10,109,0.8860281026146418,4.260906480489066,-4.399424575269064,-4.076557685548679,68.93475299440126,-6.7775639060930875,1.573241022142368,0.0,-5.577160424429763,0.7253093547152006,0.0,3.9712255284915425
10,047,-18.780443727000623,252.36299081905682,-22.385654313373358,-16.112996507432815,129.83663228897495,8.481286366360315,1.7650984495749724,0.0,-6.107498727014107,3.440215787315823,0.0,4.155785761453162
10,167,20.845437147019872,-297.88168276103397,18.88850758534076,5.313333247638471,-21.96688995063292,3.7206307281877304,1.4073823931657081,0.0,-5.170526053022084,-2.157089711532652,0.0,3.8837353404660333
10,092,3.927806870469085,30.965537725933224,-0.951109055635688,-4.73774436638281,94.62383193208731,-11.810191611871872,2.054110316040327,0.0,-7.362161247341234,1.4190929656425915,0.0,4.95574383587254
10,005,10.891233640900449,-212.28472312455233,17.596326180451662,1.1306792357388817,-34.65933490660507,0.5431031704145863,0.4613463205312445,0.0,-3.6499259457773503,-1.864669218922603,0.0,2.736504688452967
10,265,-53.28966864259268,693.1132652498334,-46.367363025323264,-21.20284828412358,204.33577362365435,-3.245388819641902,2.1130068283276695,0.0,-6.8850330141110945,9.402633274809356,0.0,3.9917130603789146
10,096,-9.251809645773738,102.99122986712992,-12.649169237496121,-2.1165810867214057,55.24626513139668,-0.08202038125736,0.901653945911941,0.0,-4.65145436786456,1.5916457874328809,0.0,3.1960829826575132
10,073,-14.429602077372891,141.31031529654246,-15.369990638456345,-16.876130523365426,122.83072898810322,-6.131800113956462,2.3045833485013425,0.0,-7.675627406646018,2.5429343030728857,0.0,5.178150680583308
10,071,-10.016474856837961,141.00988019741848,-6.420890869754144,-12.369848915719967,125.47066309199649,-9.479208690952056,2.2993763634933604,0.0,-7.7695163788862045,2.5111020746220616,0.0,5.307565706467207
10,123,6.700918602485487,-109.80412307890026,10.59370904498581,-0.468163241099078,39.66908142719876,-1.485522583489799,1.6315304659609935,0.0,-6.34560245424056,-0.24192852616946797,0.0,4.259157212965254
10,185,23.7935914097745,-302.15309452511394,20.085936796962883,3.3330978888327323,-31.04483833235934,-2.163047767095055,1.416691837166936,0.0,-4.976993327039594,-2.2345819904443514,0.0,3.6147047413713658
10,028,18.09668088615101,-207.4143049242207,19.25684018557392,7.967741809428547,14.732154808581058,7.561577596781272,1.7826445522251033,0.0,-5.517933998970155,-1.1898563710038452,0.0,3.9072559773739832
10,224,-7.719994738758218,-18.612117416521706,10.255179167074742,-13.235086266937667,83.00330951103325,-11.98704231767453,2.4447864960531493,0.0,-9.388556888161839,1.1049403615595956,0.0,5.843952672888666
10,272,16.120674184448212,-347.7080504650232,35.177596614044916,1.3733765541368075,-47.923234040621054,2.6226248520943054,1.7256170889096505,0.0,-6.3046674238451,-2.48891102181584,0.0,4.259271369721096
10,344,-41.57377283029689,655.9115636508807,-51.812188313514824,-28.584107713143368,272.56264511899894,4.944993322937438,2.040757075314868,0.0,-6.976559803921797,7.384048592006194,0.0,4.77246514745994
10,020,12.623225791763165,-149.95697983500204,10.539951247834106,3.40196426614005,4.138323985371162,5.961257956372466,0.8655420577899778,0.0,-4.146158851876098,-1.1231932822624642,0.0,2.928606019092702
10,299,12.451849296383521,-140.02269298505993,16.181431198241103,1.1355140458695852,61.179009875705724,-15.859743846722727,2.434175766665363,0.0,-9.925976458332338,-0.17720101992964343,0.0,6.189831375558409
10,140,-20.483498393685323,289.4888046066499,-27.66624340230719,-14.66420105097932,157.4793381955803,-4.888244555447335,2.207344414849808,0.0,-7.606072300152646,3.997642697066714,0.0,5.285741344032053
10,287,23.897103909870825,-326.55545605506023,39.690415545976585,7.683722779264206,-18.606443470303855,-3.5788983392937452,2.0207607108257486,0.0,-8.881795617091978,-2.2521952280308377,0.0,5.8879369515479105
10,148,-18.70955427894322,298.63247003537174,-28.362790179543925,-23.949290368536538,136.27997010125054,-7.98782405200532,1.5516987043252126,0.0,-5.760897634211791,3.748103415829747,0.0,3.9711747446613215
10,277,25.50779556833016,-386.70680279868424,46.05936936442833,0.09648084912607802,-49.51586707240489,13.706761793256568,1.851699266402255,0.0,-7.220315455964626,-2.719610638987845,0.0,4.96805869143272
10,012,17.211432330554896,-321.9981341358245,20.504430757048688,4.712136359583128,-27.345513986316394,-0.35453890944370403,1.504250711861307,0.0,-5.346394710066407,-2.359586192284577,0.0,4.002863437813595
10,082,-3.0333750473965404,40.42058112943163,-5.9696089291606675,-5.028405114258421,65.81626275231415,2.333249717100597,1.305182309743791,0.0,-5.329300323122656,0.9931073419352459,0.0,3.636778633371845
10,128,-17.01217967602467,198.0323644352772,-21.72347501722608,-11.312723337275106,85.41396855408634,2.07670525264104,1.0507781786867778,0.0,-4.969488280288247,2.5555339105256025,0.0,3.318235234207468
10,110,-15.775033838756151,132.45608769711126,-6.617077382328368,-17.449841217940413,128.86067165327069,-5.381212603650168,2.278143975201455,0.0,-8.254029296664516,2.55168217617618,0.0,5.487834930325009
10,143,14.695175872140915,-240.46743786572966,26.069759133599145,2.2230778238303888,-2.4230299198675005,2.0754356916969288,1.6792592406707088,0.0,-5.932684341073678,-1.533971431707955,0.0,4.0016221072370515
10,315,-17.629830044908058,96.83897017127566,-11.549802248209655,-19.927889504512518,122.85218357405499,-8.535043641577865,2.4061671527030377,0.0,-8.828909254230881,2.25937013305177,0.0,5.861278330791119
10,034,0.8032392383269293,-56.02807309554216,1.9991482781411158,-2.5748041434028597,26.658739982199176,-0.3353617091435793,0.5614296857934595,0.0,-3.8368829111211133,-0.5844512152869934,0.0,2.847686597713054
10,135,2.427296565202321,-61.296521110274675,1.8800605990740573,-1.7768683820324482,32.24872720776996,2.9572288271739873,0.8306993506973923,0.0,-4.221875198887115,-0.3360414390978482,0.0,2.9185819050007944
10,103,-0.1823124890852916,-12.474062488421875,0.8605433248420318,-4.0827190381061325,81.33694933384169,-9.300016059947023,2.1158381835901476,0.0,-7.71751216765712,0.9258235821813477,0.0,5.184436252975745
10,101,-4.820827837756956,40.37871747298514,-10.865885171815943,-5.6902390503573494,40.79789728555851,2.4358828098630054,0.7154460388108941,0.0,-4.280825008239843,0.7903511193289777,0.0,2.907681478157595
10,023,-25.868908719817433,371.16547001310823,-29.229375063045627,-21.80760428722057,176.72339874585535,-6.883425851110278,1.976228958221502,0.0,-7.150086346928576,4.597491998154357,0.0,4.845623460855946
10,149,10.397501388826619,-189.03265825060527,18.728741150522644,-1.978633647010839,10.37168282456759,2.945293008983468,1.2620491295205765,0.0,-4.687120887529833,-1.2903540448427737,0.0,3.364820228914046
10,306,-1.409570402241794,-37.35477090429429,12.26565832213885,-9.618396448353126,89.70906322972385,-16.10406073090809,2.4242784759816103,0.0,-9.468305413966526,0.663382664126229,0.0,6.012735841975049
10,241,-9.061791984575486,214.1933542163543,-8.754727698439586,-13.226630254030267,147.8935811206251,-20.858695896882175,2.4479109965711747,0.0,-8.596601143859912,3.3926632021111107,0.0,5.702719540558796
10,310,-1.9496615395186123,-92.1441747745757,15.200598060636372,-12.838082800290712,80.66091775833891,-11.81715324842571,2.5935044771623676,0.0,-10.487176101224925,0.24463472661987495,0.0,6.706819936005439
10,043,-25.928285217650593,307.61226288112516,-22.74338103175585,-21.00392211454137,182.03340564904187,-3.343984493850448,2.4460031588755218,0.0,-7.657372001254426,5.337317234976988,0.0,4.421150569243741
10,200,19.76617318766735,-319.3340120882301,35.12757905142031,11.385705138660743,-14.452275666347031,-3.166439171272044,2.0072816166471648,0.0,-7.889828909619552,-2.032166966093608,0.0,5.379784325137506
10,298,12.063645621244172,-104.14263345157752,5.822982044323715,0.9751235710653869,69.71102626603096,-14.813895209610475,2.354231670086026,0.0,-8.658390402354824,0.03983784000523072,0.0,5.8108777786581145
10,019,-30.515358139898332,388.5495765195914,-44.83133260386272,-11.332640339141268,142.89457201426458,-3.9828506669380044,0.7581206025014884,0.0,-4.368839658592359,4.113906867353009,0.0,3.1169639352887413
10,077,-10.163265161425455,139.40108732905261,-14.498694212417355,-11.370089696295912,110.42532268133867,-8.456044750071785,1.8858278414505159,0.0,-6.366906080678054,2.4098963041261383,0.0,4.515863695215497
10,336,-24.68040263202949,381.8872421104364,-23.830067399043195,-32.53900026622963,179.95285218806512,-0.012812318302996673,2.116474605403579,0.0,-7.553276373448975,4.962633364689489,0.0,5.1437629508509035
10,355,23.551706487288037,-351.69251299123204,27.955415563403676,8.88425759369417,-46.04533675784608,5.486756144754004,1.665450617049216,0.0,-6.262486660960551,-2.4987600047481564,0.0,4.356198274944498
10,074,-1.3312224962888972,-12.370430984600219,-3.5327974635943593,-7.778779721135784,84.73117424892054,-7.043976469294906,2.0290092462902223,0.0,-7.145204132936445,0.8112187243688751,0.0,4.83687223760241
10,247,-25.30566826008968,293.611861662069,-23.078683385018472,-24.0702510860552,166.86944475047835,-1.159048774505627,2.348544280348411,0.0,-7.9555737117071175,4.118571519593433,0.0,5.116140706949685
10,255,-41.201715468348006,394.4002848004033,-18.92727216814918,-24.362515839415483,197.26938008623026,3.17610682323856,2.322391236336361,0.0,-7.602372735086616,5.07212660538112,0.0,5.159686167053251
10,119,-1.2347544426169315,6.422133002835392,-7.273146669932379,-1.8588636947170545,31.30289456967623,0.9320425711783411,0.5321405303763991,0.0,-3.928596056033752,0.37565360365334577,0.0,2.7227835315753106
10,016,26.470691201924645,-325.76221178844156,30.511137129826828,10.393441482034856,-46.14620213792446,2.461652497778134,1.3996122219436602,0.0,-6.007056278404899,-2.3429577245127833,0.0,4.171464387070052
10,246,-0.668818713581401,201.44044258501907,-14.364621784446559,-3.867692081682156,147.6169725162805,-1.3577236936634152,2.8054143624159584,0.0,-9.365879762610282,3.4254832137236937,0.0,6.285453164027706
10,234,-12.054313631117902,97.43641059214218,-0.24529228700932126,-16.952991625801634,115.71203591659956,-1.4151536118448118,2.3802652971812135,0.0,-8.679305126182715,2.1034331274512783,0.0,5.868536092131467
10,124,-7.567487891861696,206.28398463484712,-6.597745089844999,-8.505599066927113,142.00481316821956,-7.8820228170749616,2.1865114427878245,0.0,-7.619351792315185,3.176722548192167,0.0,5.047717481263169
10,199,30.86890532603402,-327.5634599737485,41.9984980648702,6.813558674619005,-21.4187523934876,1.5685935435506009,1.627260410922415,0.0,-7.9219442203875365,-2.524436454029817,0.0,5.413890071942284
10,279,21.211890245479466,-415.7415438095903,44.27376880514981,8.692844126636789,-37.06526859145847,8.402723428893378,1.805246149417897,0.0,-7.894766800662028,-3.419101007023059,0.0,5.420419024489281
10,168,-50.12794053379494,547.9419443124197,-37.08886489161913,-6.784471845329102,130.19314452753702,-6.892195069760303,1.8251226277943404,0.0,-6.1311243926042645,7.51753248280028,0.0,4.10869467959431
10,111,1.4737304206489212,-8.512207549107622,-2.469889660540742,-6.528808751996886,60.94251016927647,-0.3595245856674344,1.2807092385660415,0.0,-5.062619287347187,0.4944371875919449,0.0,3.628653583299301
10,039,-18.139226480869873,296.0442536685504,-19.46672591791507,-18.833881355592666,168.19320009933347,3.0440702014590846,2.251044489697388,0.0,-7.177336555637942,4.13223112565902,0.0,4.898545778370792
10,142,-26.648558148948133,292.25603913167646,-25.37573731867984,-19.676408104706884,158.2795823806515,-1.2048000335162903,2.1999064249461258,0.0,-8.11233810684953,4.0548514954731765,0.0,5.152068273742911
10,333,-35.41061471108669,290.0009571174013,-22.42455115991041,-9.011898487231395,170.75046330308766,-5.901082294734728,2.2881729793553927,0.0,-8.266695731298462,4.109435625886546,0.0,5.463317854142055
10,352,-46.459606539324334,737.5594764739485,-66.03956422242693,-24.436587760572035,286.74839430147637,0.01788499632047369,1.4652075192207599,0.0,-7.414544482651221,7.836940553914045,0.0,4.833456027790547
10,307,-10.646956844479483,-35.47741612872278,14.61294550323729,-17.86725234058982,74.9496908937299,-9.465373727354697,2.291271219547945,0.0,-9.140793909477223,0.9444658597389632,0.0,5.930787572645505
10,068,2.0689673185698325,-6.078830043168138,-5.787951989185401,0.5886451476951665,59.425241280183386,-1.846130916991197,1.3241287947074833,0.0,-5.210844694025814,0.5057194431212824,0.0,3.5792119186726863
10,147,11.641736162104873,-202.18981409590276,15.478961143192628,-0.8649558270542648,9.858285738609828,3.4184070786371064,1.5318993139551593,0.0,-5.060269589214567,-1.2203262995446877,0.0,3.705054551206136
10,354,19.32800002237131,-335.54914745162716,32.199179235661695,2.692944144972933,-40.71467324426082,8.52830754738462,1.5736868910399904,0.0,-6.03088155317004,-2.36090382981305,0.0,4.13221561294225
10,038,2.2845832352742166,-60.9505148470158,2.0801029433743983,-1.6915507467225277,27.868062586395258,3.475732743988346,0.818379985861878,0.0,-4.119056348397887,-0.37250505254969785,0.0,2.945477636211801
10,145,11.780088033119478,-226.17059870449418,21.86773020149173,-0.16960466118450052,0.24658289935831953,1.292268972696489,1.5939304625901232,0.0,-5.313489250834394,-1.4038597247678264,0.0,3.8340584227302625
10,049,-17.97404279239169,219.59520012880685,-25.1453117423093,-12.66170112666013,105.21312085494861,-1.1776868508829161,1.3765941214518438,0.0,-5.4406062536551545,2.9467123671764828,0.0,3.665274721847383
10,208,13.853584442639255,-235.46018839351558,47.12798997144459,-1.905399006311982,23.180870736737656,-6.73055229252665,1.8869009250696132,0.0,-10.064919378670975,-1.8368156957324522,0.0,5.202711929774744
10,261,-40.31439255162466,448.53431687531304,-28.080419865951182,-39.313126437805565,214.2559848254914,-1.7913706683689448,2.7834375014380788,0.0,-8.553174350809485,5.774931349587391,0.0,5.725936235649951
10,340,-29.05269809481277,423.34930952713034,-38.8819249502918,-20.195644385333125,194.53206676311075,0.27178894607446935,2.5269337397063927,0.0,-8.126181388706241,5.497209869476385,0.0,5.557013154659664
10,345,-65.43590307621798,672.8334780366076,-28.3428100289848,-24.0620930895724,155.0212108186335,3.266740563913692,2.2915715061399764,0.0,-6.911497143573282,9.156770473353257,0.0,5.062347547822226
10,163,4.265036798402767,-306.87763464159,28.18825405402736,2.479815382876335,-39.85923543910141,4.04614971139634,1.4845558303403028,0.0,-5.59026208956841,-2.256159470254104,0.0,3.882097603061726
10,257,-34.513191496903296,415.590766906731,-17.11287291201614,-25.507802280838156,204.07614838661829,9.801645382846473,2.469512055920946,0.0,-7.880807897756367,5.342445841253478,0.0,5.329865825929036
10,206,15.017245556101006,-215.5290168587145,28.783062837457585,1.0384659896229123,29.187131497843957,-1.4895387933984103,2.164914198340098,0.0,-9.168881258521179,-1.1399923256057864,0.0,5.815999642857589
10,017,-23.58601923943882,428.6595782288051,-38.92930179419081,-11.00232899278575,164.53943532702263,-6.435982637882093,0.9406295696024249,0.0,-4.738143660626793,4.688351867830555,0.0,3.2841302238190577
10,121,6.286208485602614,-132.10326725568336,13.178190462844737,-0.1188418284771593,26.90635795574698,-6.719632865449867,1.8516377020267445,0.0,-6.991753611121473,-0.42563903413735676,0.0,4.610987131746104
10,179,18.147092633413962,-230.3650015887812,14.674180216853715,6.814092822162451,-34.68794236892811,7.473982153321659,0.6668639511770685,0.0,-3.763052109222628,-1.889948283045702,0.0,2.805125117869776
10,182,21.410078482556816,-256.80530280154505,12.147063725794256,0.8433822849647459,-34.1696396721084,9.198634352526703,0.9522133771612671,0.0,-4.103707986833543,-2.003164191544962,0.0,3.0622785391979073
10,181,14.957636886293672,-207.3174573258836,11.68459058515295,5.915481826697878,-31.159586802217238,7.735266493967261,0.4623819945406148,0.0,-3.7360730063530383,-1.7735157084200868,0.0,2.7546423388521855
10,308,9.413896185545628,-57.3686018131431,5.131992925810021,0.05998382188749396,89.75734482274402,-16.88181445857986,2.3112818866705673,0.0,-9.640323905753375,0.6276774389289312,0.0,6.460189113083144
10,326,-31.10930455235707,189.16540137358274,-6.046903574628574,-30.44988053521505,150.56850300923554,-10.923492753738726,2.617572782260608,0.0,-8.95684506097459,3.1768466630633347,0.0,5.984148946853552
10,304,-3.745877555510173,-14.200603110386018,11.92836283135733,-10.113014694363216,72.64093341195786,-18.02899114207579,1.8664543975452252,0.0,-7.899798204731714,0.7725335969390648,0.0,5.324881218003075
10,130,-20.085291218290887,231.45033082469672,-20.249551113913355,-12.077398996230249,105.286250080323,3.6111498796295773,1.3611406882205037,0.0,-5.653425052142083,2.9984705327113854,0.0,3.8824840610120486
10,334,-14.357776641786703,305.07152974797543,-23.38724143577805,-13.820536492454611,180.80125824520624,-12.528501122678328,2.5331802643598973,0.0,-8.667537618654334,4.28320000015683,0.0,5.9111347817984035
10,297,0.14824844470238274,-47.22691296505497,5.637232201534801,-8.148173258234392,87.48231519012401,-8.76252381138617,2.6242661197388153,0.0,-9.075326808431074,0.8477498362314648,0.0,5.701107162396803
10,087,-1.8606837825488198,54.50059108747098,-3.300659182963795,-7.267270948577656,102.62875029013163,-5.226063206947118,2.1775940855285283,0.0,-7.7376168140284225,1.574939963552359,0.0,5.213290006468045
10,189,33.452342763873105,-351.32752673086975,28.548882520146186,11.512768490341475,-42.553699688066054,3.9933646949670947,1.7252104503271593,0.0,-6.790259717071662,-2.3743417518025876,0.0,4.4940764207130215
10,296,-3.8085950157446464,-20.703428630422117,3.330722977224128,-9.581746526166052,93.32336882902447,-10.796824058928289,2.3319231755927996,0.0,-8.462202007293767,0.915628370448951,0.0,5.606422374091006
10,050,7.232342011292134,-110.99565152956129,12.52955420318297,-2.6393572433724275,48.24742428351649,-1.1403772823619223,1.5597848668742196,0.0,-5.838600788169937,-0.2758537139282097,0.0,3.947670506267991
10,258,-39.850174000785,404.62341875284824,-18.337266835721934,63.08191431070259,190.86727502703724,-41.88455076883547,2.3893120861646144,0.0,-7.926675045255191,5.192227533543451,0.0,5.296307923764875
10,267,-82.57967808221474,704.746832061683,-85.27081524390273,-42.736283527114416,262.17226798683964,-16.82106243837758,1.9460453596688712,0.0,-7.5605314384972315,8.046531581212815,0.0,4.94922536106401
10,080,-1.463444328149126,41.77240138438143,-8.026082973375827,0.6711476546527244,54.47799779484125,-0.9227440624556887,1.0276818849970892,0.0,-4.624094056330041,0.9324010353643797,0.0,3.287872564342553
10,286,23.19940141772941,-334.5868797888819,34.378554966051254,10.473608711517977,-24.55152132127344,4.871133736663772,1.8002499634034872,0.0,-8.375375559301629,-2.537435037610434,0.0,5.465718420129338
10,178,15.506276927937492,-230.41701537552544,13.121098412133897,2.894956386002924,-25.46434144403787,-0.7423723402463952,0.7786792116891252,0.0,-3.873639409475048,-1.8499588305360466,0.0,2.9652683925352568
10,150,-22.6788024363418,323.1292520902216,-22.838862019809063,-18.262892029605553,145.76482046604667,-11.971980871304154,1.5092756462356187,0.0,-6.594711907062932,3.9599021652509387,0.0,4.2708205941609165
10,348,-49.17659811429796,707.3878674824197,-51.410665872905355,-32.66017396596706,271.14361595362993,-5.8712432375684145,1.9377081420727928,0.0,-7.518179122684496,7.951477638438304,0.0,4.8216949415132895
10,256,-33.34446783518297,409.27784947609956,-35.243520494013374,-26.00925136012831,198.62092476106594,-6.540651507982274,2.3493496737323274,0.0,-7.812321102102262,5.3462551830813,0.0,5.347905828062493
10,114,-10.604758666950573,167.69754747389047,-14.448205737921601,-4.931208003929273,90.02407869269823,2.8779498877624343,1.2758343560668597,0.0,-5.278004449696928,2.415002631987454,0.0,3.6079505208573144
10,118,-11.563663169523277,204.13663834843948,-16.976821838177393,-12.11201442851169,124.7655517777971,-4.79671390437483,2.020113114682256,0.0,-6.6091145998136795,3.1378961702819956,0.0,4.6468470845299725
10,239,-24.500460417843342,220.47898309285114,-9.511088057956325,-26.369456511936924,151.9831564499704,-1.997724285684686,2.3742727278604723,0.0,-8.19115501142635,3.3930498755936838,0.0,5.456091857648787
10,051,-14.025642692746164,191.62506724005797,-15.74681783278031,-8.762450140159299,80.54708756349761,2.220319978952875,0.8374806491738856,0.0,-4.6734979208539995,2.492290532250716,0.0,3.1664655988701287
10,242,-18.991698766864683,215.45030523593553,-4.097003958438501,-20.669379859467835,149.37313312306242,-2.680337465027522,2.4753521001523753,0.0,-8.594715812555096,3.379193695704224,0.0,5.84050890347262
10,245,-24.78661675997437,210.4756472699112,-16.400517343660123,-23.911175964908544,170.4011010927239,-9.87515929486548,2.7234185713754915,0.0,-9.229305736844339,3.551535635170859,0.0,6.143873075195488
10,202,21.898541716337835,-342.6162747450955,42.28007155871991,1.402603542696665,-15.168573452964138,4.642035750228013,1.6540540850210514,0.0,-8.156504065520734,-2.6231024899380833,0.0,5.633656558720274
10,097,-3.878592890387462,43.82481568641096,-13.722753501307306,-4.263731200530054,70.54785484514652,-0.9712661261109367,1.3142410544529068,0.0,-5.38767227126279,1.1056633856079272,0.0,3.698922590120044
10,059,-14.688022665593701,224.38677719608006,-19.43343345616438,-15.932456072600399,141.11902551820728,-4.265425269366048,2.2623169313584204,0.0,-7.132375779957084,3.4464378287582673,0.0,5.1773065572456405
10,318,-14.785501664505258,89.40836839656087,2.2415684111740775,-21.030448203084802,127.92742258206171,-21.593543335626144,2.699752957537031,0.0,-9.627123833576993,2.0716771164104215,0.0,6.353578813789052
10,183,22.950847796202304,-278.3306611450224,17.47025165001112,7.882200178892943,-22.084010136548986,-3.5588280336298515,1.2338822074705016,0.0,-4.4501751996426515,-1.661839929940243,0.0,3.490140247124203
10,278,20.120885727636093,-406.2608593567826,41.706842672460496,11.523873981237873,-48.444044825021706,2.0173817566591303,1.6965874110406012,0.0,-7.454170832626198,-3.027724085014941,0.0,5.16965132433974
10,025,-33.49118564639341,358.0394122514601,-27.51203357875803,-23.871739337326833,155.0430430393907,-6.00071431131866,1.8378600908230935,0.0,-7.638470679290892,4.402220670513243,0.0,5.016596553359007
10,349,-48.75322525656656,720.9102667687762,-64.38443120728074,-23.4763785989578,290.0074795375535,-5.877092810036424,2.007493807631936,0.0,-7.2646339817041605,8.012434342183198,0.0,4.961194802397689
10,324,-19.691370874815913,211.64752836662734,-15.841605242263686,-17.522072424390124,151.65962522041661,4.36503840000389,2.5796435825574404,0.0,-8.847781646929976,3.4776716300172525,0.0,5.932434399679038
10,240,-10.609821941878376,208.27793945816467,-15.790559143515338,-15.309651337854454,148.27232418007713,-10.763783462061827,2.3499432413936785,0.0,-8.251157365102081,3.3049478469940996,0.0,5.335834105308152
10,274,23.905492012922895,-379.66376137074207,34.79494128537727,6.311157873446469,-44.875535718069486,5.964904040626488,1.7748114294080277,0.0,-6.612215692024721,-2.7310915074525193,0.0,4.57682239517985
10,226,0.6427420795513075,-61.94759217492193,9.792648559436202,-8.07091402994011,86.83274248019039,-13.749693488077101,2.250660731728355,0.0,-9.651342294337264,0.33985144962926084,0.0,6.548274537172843
10,084,-0.09053525394938888,39.24424591087244,-8.82628180503117,-3.94602533129864,79.92859124983208,-1.5998571327031048,1.6367462615958566,0.0,-5.884880548217949,1.1241941782981941,0.0,4.054219197577499
10,035,-19.299793946347002,249.68677211902028,-22.017843530989495,-13.79107747210774,97.15955399976843,-4.651658510287468,1.0294810546912723,0.0,-4.971090751503277,3.0750102059648694,0.0,3.483160647225224
10,295,4.636841790796529,-236.10921350264618,36.20113699404671,-5.457282493381281,5.757769022968436,3.125737268042704,1.789598773381034,0.0,-9.712117091813175,-1.5118574910482745,0.0,5.332005576160868
10,091,-2.620948774582578,59.6292528522212,-2.3663739637518693,-8.409338785036242,94.93229013149615,-5.0309842169877195,2.0320921589982412,0.0,-6.495333300286938,1.5167692530950672,0.0,4.38526609707028
10,057,-14.237866365550577,206.4303866422858,-16.03640137374514,-16.602230860463546,135.30278552851544,-3.690817429608926,2.2446823971306773,0.0,-7.216035570388565,3.1889369343759295,0.0,5.145800465695128
10,069,-9.372537507140427,130.01945652316914,-15.847289126091018,-14.495006058151477,126.77673502136533,-3.4195892910587533,2.3403931740771,0.0,-7.760889346136943,2.459001107991883,0.0,5.245158209992555
10,072,5.174497654133663,1.5891442743588542,-3.3299766376272437,-0.8829819622867001,85.2293797126899,-15.646590761703248,1.9224792250366058,0.0,-6.512915884694996,0.9912096003981731,0.0,4.478217128364771
10,207,10.232522949791054,-237.35402961005542,34.15836970986743,7.814831289006924,11.34095232737809,-6.246596146791503,1.9469124621892342,0.0,-9.039002581937732,-1.5186409509704364,0.0,5.983041548747903
10,139,2.1123872004110353,-57.78880584917114,1.9555146675480832,-2.563948773247944,24.230238594483275,2.8275759259340894,0.5882761105524412,0.0,-3.8524800198994242,-0.4596337822190732,0.0,2.6792885297829607
10,332,-21.40661238577278,297.5025246745103,-24.632253424768304,-19.58641874906097,164.70071605517526,-3.124235877609971,2.358545905105498,0.0,-8.28012088474048,4.351198630456687,0.0,5.387882001810925
10,172,-69.40366529706978,607.3768630694327,-54.39365371664824,-27.02870993051693,199.74682507650044,2.8017421640136924,1.9561615319997347,0.0,-6.314745869124693,7.5712452640230135,0.0,4.68561654083834
10,271,20.82376042966857,-322.77701207944364,34.462927561053654,7.3503528737320325,-34.99767362123596,3.0284167328257405,1.4818331230399717,0.0,-6.085638088725826,-2.2968211714307785,0.0,4.233591346289672
10,343,-32.67293986753843,433.68735920266005,-24.783430975732486,-18.144628932777945,210.84217152598305,1.185572650714335,2.5235935094296815,0.0,-8.37893466637632,5.674850137229195,0.0,5.575856531909826
10,300,4.952222660388829,-141.15279694285135,18.222330413696632,-9.431625298748415,82.33950505208347,-13.107256546225202,2.6207318036876024,0.0,-9.46980722707644,-0.3354324513907292,0.0,6.3338551442291005
10,115,-3.1504411127628287,2.0485937438546045,-5.258428949570053,-12.722928526655972,52.013543679974575,5.140623990302784,1.0365513816394292,0.0,-4.693949578888841,0.4793230568931499,0.0,3.2742016794225792
10,213,3.4284536119271154,-46.693782937182746,1.313284786762281,-1.1838031308284567,78.51978612827752,0.1356265492296179,2.2834312022478773,0.0,-8.12635365460971,0.7250331061569152,0.0,5.439842534075788
10,079,-10.567097658369832,128.9762030797618,-9.774336489101675,-8.624324975790785,94.72636996552342,2.4887368857383123,1.6197548224245866,0.0,-5.70683071793567,2.1299962060291913,0.0,4.067622509444795
10,174,-38.1097038755861,603.0989189990705,-38.79854645645669,-21.100381328439802,220.90743875013212,-1.4294234656917748,1.6076970993193378,0.0,-6.500695177583735,6.882063570845609,0.0,4.4059721668916545
10,285,20.0771680393176,-327.5973426496709,44.30963088763034,1.9966203625356367,-14.82818361815769,1.105107751148096,1.6983425611763723,0.0,-7.796466665403331,-2.5016023728157393,0.0,5.617791293230589
10,076,0.0565506312520222,-17.108358365075787,2.932989881165808,-6.7375798390641535,75.02814332593196,-4.830734348037947,2.026728094036108,0.0,-7.588068350650137,0.7900263317652866,0.0,5.027782210263967
10,237,-13.030164793198194,92.31897685385472,0.9395097430068988,-19.702247845328284,118.90248667576468,-2.249870214408118,2.6576810268592252,0.0,-9.877103851537406,2.1855138162948675,0.0,6.404259662046583
10,250,-22.212764300659014,276.7945167977203,-26.826061927325316,-22.678390532469326,158.02624349121115,0.9697540705610375,2.1853371408894953,0.0,-8.117719889008454,3.9628686990471795,0.0,5.38492911729806
10,176,13.677382846794783,-216.0512856039055,16.638516515276823,6.007679128148307,-38.09283095894006,1.2387134315790878,0.4828900177910158,0.0,-3.731670208123967,-1.889337583960177,0.0,2.7579505190794675
10,197,22.694172666077495,-300.2283888415396,31.915222837671536,8.860892021643968,-20.80989595597752,-2.745177168093348,1.752274369890968,0.0,-7.128220707841888,-1.9190775493600405,0.0,4.938524138712465
10,302,8.239499280390541,-197.74068217998374,34.121049197521316,-2.4115844944552487,46.84884500402822,-11.245271706402024,2.3915825523298997,0.0,-10.763358986449905,-1.076975883014265,0.0,6.772808178305683
10,013,-17.851653296443537,536.7370100052162,-44.074466717955225,-17.31601778054721,198.75033935884215,-6.248815964179046,1.525780909655228,0.0,-5.756753173743328,5.794380951499312,0.0,4.173300307795806
10,044,1.0933861926407245,-67.51749314055634,3.3749561276288667,-0.5276529426594339,44.69731175339655,-2.929112127217181,1.0570193204836906,0.0,-4.4955068668716525,-0.17920512883321227,0.0,3.1713597765354873
10,027,-29.13810909263806,353.1499683133859,-21.84438394564725,-26.837736771928146,170.579149786967,-4.397424014157008,1.7456267683106068,0.0,-6.967037066463047,4.309956407337165,0.0,4.684441274044881
10,187,29.542533897935947,-331.37880041212384,27.482697624937877,6.394759308736953,-41.5407069075442,10.131711986204564,1.7267935722380612,0.0,-5.975593790604347,-2.2920435164481274,0.0,4.20194922270822
10,018,9.043957248002949,-131.38564961136385,7.591346305859932,0.0691255093227694,0.6496484463932318,-1.5462645796018433,0.612460980889311,0.0,-3.850209278831148,-1.1212979725571897,0.0,2.758637642781755
10,232,-14.245128739037675,125.73181883199315,-1.0659999726365368,-10.507757006546232,137.2009285243687,-17.472891006719927,2.578616191649945,0.0,-8.951743785519012,2.5726221768946846,0.0,5.685682027898608
10,041,-23.1225590907367,295.06916736211036,-29.276688632102072,-17.425353108906748,151.20979508805752,1.8549526471110536,2.3309828652399895,0.0,-7.707992127999993,4.054564114773696,0.0,5.148914450967502
10,090,0.7038027038918068,47.57766411162204,-5.131668907616779,-6.525411585099539,91.11625242075861,-10.849879272670817,2.0444504507597205,0.0,-7.403446393148172,1.3803475229955438,0.0,4.775009956894414
10,214,-6.210559727325313,-80.52429841678004,18.949617369742402,-14.397876363385508,73.59358937244104,-10.830748669397291,2.291810197466033,0.0,-8.395353005913595,0.19282605050471402,0.0,5.718298299355216
10,006,23.52052123796332,-276.58449641584565,19.13599932967148,5.601708658083058,-22.769280660598668,-5.486791631266156,1.1996564019102811,0.0,-4.493952961535969,-2.152485615186486,0.0,3.3515866396200624
10,067,-12.38716266465385,138.48560323808482,-18.662852704461745,-12.762530118656663,60.95543800659293,0.5427441913819506,0.8108232015621707,0.0,-4.614323557047829,1.9333268720194565,0.0,3.2319357702419227
10,319,-23.253497869680512,87.20299932346661,-3.028211106728581,-25.579685629918615,128.29386531527237,-19.65317669074804,2.71394101600821,0.0,-10.15613974209509,2.2734099889508554,0.0,6.853289784555673
10,085,-4.482352523466318,24.303170555217008,-4.501193409500027,-8.996364100721644,86.69005113957053,-4.745039066182271,2.040756845531102,0.0,-7.877806072461492,1.1949581631923933,0.0,5.322029098234847
10,158,-32.799401729082895,378.6182796978356,-32.941719765260586,-23.289653108399882,175.75036045562723,-5.45831343033233,2.2690842861084213,0.0,-7.327398613542764,4.846946941490177,0.0,5.082046693181692
10,126,-16.129124871107525,209.92907163299589,-16.320944473716928,-14.019713151644048,145.39060861528446,-8.387872329993414,2.3627278466268384,0.0,-7.95931858044233,3.354309789426254,0.0,5.206522004016379
10,316,-19.090520094291808,101.28932750767703,-1.3168415983967925,-24.330871316676845,127.61842024092677,-2.3147982786950156,2.481161697131336,0.0,-9.05752952076424,2.3166581527453465,0.0,5.855595600084981
10,320,-7.656616641701441,261.87259532756616,-22.285936474422588,-7.94452916353691,171.42911850063342,-4.159902435072841,2.7180027346843847,0.0,-8.681638664931292,4.033409017845666,0.0,5.834905803618547
10,235,-5.567746364724766,87.9784992451609,2.201905795211138,-12.339054294630587,119.60877239947857,-19.196594914292337,2.397040179157763,0.0,-8.910395573991273,2.054786204877136,0.0,5.982941792871773
10,009,-33.98221639019259,579.331181614467,-35.65424384543797,-19.44426526531957,231.87783696804823,2.1154869647112595,1.7208729606798578,0.0,-6.301822493547187,6.420487405032147,0.0,4.349068244374037
10,321,-18.239330186458744,215.12386265756837,-9.070868872339016,-17.656773523861514,138.37947438923908,-5.858489429706758,2.2693582286466074,0.0,-7.985872823690864,3.435451485631828,0.0,5.389716045081074
10,192,29.578889879935737,-382.0562606486246,33.23041772330251,12.956741194261188,-50.715266081871235,-2.9342140912689203,1.8255905434651045,0.0,-7.496628471703547,-2.713602099326075,0.0,5.107814386980636
10,108,-12.371368390709785,125.17516727443629,-13.358650933715433,-16.676724808067988,128.561707807002,-6.099918642469575,2.1505774738365298,0.0,-7.2280798607570205,2.425079766344449,0.0,5.0542891221043265
10,046,4.213830964498681,-71.76937621527138,1.0349087717273802,-2.0875676039307947,45.6057451794643,-2.656907926452122,1.2529489196060273,0.0,-5.052110070191593,-0.18802512120982218,0.0,3.4577259294175877
10,161,25.28765990096281,-318.0880803123005,25.86232056434602,2.983043329459291,-42.12994176127878,3.3730352622316406,1.4292635944784444,0.0,-5.829837799959086,-2.3089078963344885,0.0,4.122003234392961
10,356,22.0175567039598,-370.81124760145525,39.01467103222835,6.322650955312325,-58.78972378191461,10.264712967013281,1.7146382258649167,0.0,-6.534196295401905,-2.5588622203658833,0.0,4.399204809192436
10,204,9.729536238715177,-153.8963131798559,15.732508764055497,-2.6204366128797116,26.703088369162707,0.5934067724795659,1.8294980247805475,0.0,-7.939163508763415,-0.5857893658059921,0.0,5.045034658320222
10,153,10.055160723467186,-166.32426144698186,11.78205343996359,0.7043799005739648,2.570128047841382,1.1641573593963743,1.0597476104753578,0.0,-4.3562305486489095,-1.2279991383088398,0.0,3.1800400418593777
10,269,-86.19195960975524,761.3975190028136,-87.46477120095463,-50.29735019315665,279.66851720368896,-13.595688919926758,1.9970155886436185,0.0,-7.604809441080925,8.665063110142897,0.0,5.297642481395743
10,033,-21.350832305627826,283.24262875116847,-24.659148108706045,-15.139517049541139,131.56539371611825,-5.613725432472787,1.4144047224306577,0.0,-5.398956556613981,3.566370774015387,0.0,3.7688596557816427
10,284,29.462820010084975,-330.42093822793373,36.544642167257194,14.933132457029773,-25.76243831095335,-4.996365586861641,1.7015645283460534,0.0,-7.687215219460252,-2.445647995182423,0.0,5.307330196011591
10,010,28.03590839150158,-308.55534634334697,21.28303808908353,5.149597421864015,-18.92671808674405,2.7679473802095296,1.5215150928192829,0.0,-5.268192097206661,-2.275769071283675,0.0,3.9391283112738775
10,254,-15.343215548548498,302.51475094567417,-33.762998600010604,-14.360554053853539,155.7848272394437,-4.875019914137957,2.4565352869671098,0.0,-8.676797845899788,4.449423390816063,0.0,5.750172595183937
10,236,-1.4832084774078873,91.02756133619259,-17.456833251596777,-10.81400702026648,128.37035094815562,-12.046553762753351,2.609035441994316,0.0,-9.333875045739461,2.150036961866963,0.0,6.02588150044439
10,089,-5.209438234716603,59.88918942733889,-10.136562318560388,-5.965409164708537,95.41027250816273,-8.017944161210204,2.1332080192488188,0.0,-7.451696201473232,1.5410884455620417,0.0,4.860293049873039
10,270,-71.52899873324984,775.9528758019541,-81.56721198369561,-41.52125231197586,312.77988794425346,10.756024391320558,2.177931428113307,0.0,-7.647173214051752,8.683226993837174,0.0,5.301113201165159
10,094,0.03699733542334405,5.745498386950151,-1.928880792855208,-6.323094662825677,86.02535804323098,-8.203007846216154,1.986709029595298,0.0,-8.140234071275726,1.1269615911950002,0.0,5.382704464445071
10,104,-5.975422298717149,130.7496112177142,-17.338740776773363,-12.994690030734429,116.8318501206538,-8.352310450620802,2.1714033563067296,0.0,-7.279221127514718,2.405851161050092,0.0,5.000458962816183
10,317,-5.79235943940331,92.92392855451402,-7.850343726857087,-8.534549642896422,132.06743778110373,-13.342752195227781,2.626454221866201,0.0,-9.875698102971787,2.2155153671887664,0.0,6.2510805322747665
10,055,-22.472504336563706,206.42964236644474,-14.182253411898348,-11.534774549940392,142.86772562480132,-6.262177364773187,2.24548478476899,0.0,-7.417233055716303,3.185060291978423,0.0,5.0776946797227165
10,026,13.862836968887937,-204.8827128123626,17.98166692900093,0.930112260517316,7.72217010776997,3.2592595386989403,1.5870223344675325,0.0,-5.173629518206853,-1.2165063461470162,0.0,3.663384001856461
10,015,-33.208789069673436,502.8215592033192,-38.53485509788151,-14.277005146666253,128.1584970136497,-6.919078528084778,1.6251686746054734,0.0,-5.529325370166295,5.943228622078591,0.0,4.373208542761612
10,131,6.265270806602443,-68.75062815003383,6.118754929488881,-3.4855394957641215,35.6476274611056,0.04463418249810336,0.990387264641082,0.0,-4.368609975627239,-0.32185438143974543,0.0,3.108275182497016
10,309,9.08127749599914,-70.6705737120221,9.620791301142344,-2.055461541626876,88.24532704397973,-11.70643550972906,2.4813597994372625,0.0,-10.370438264186678,0.5290861926084065,0.0,6.656790280883999
10,065,-10.702380705370478,162.0278971805648,-17.721425217264652,-10.166233730555646,84.09449247664875,2.259099881040391,1.2314517592165588,0.0,-5.209049909731616,2.354215616419357,0.0,3.6122957413579284
10,325,-21.2276606562831,191.05385416780769,-7.363705583655979,-21.339852534572326,153.4664282539387,2.7294776481555862,2.5903242419432195,0.0,-8.673784048054648,3.1466982430477435,0.0,5.916431667898151
10,029,-30.92036805817105,361.3218579111196,-26.10241795739406,-16.6447010291791,167.03658530179652,-5.015361858596782,2.076605640636498,0.0,-7.016181190139336,4.674772125376879,0.0,4.853868391057959
10,227,-2.224083252348014,-58.54044964125972,8.942545891308647,-9.702488578893329,99.8175039008646,-12.6890818827357,2.3047894127696376,0.0,-10.247378151952521,0.6504625443473875,0.0,6.591546990161233
10,098,-4.336784557056925,111.76319594616494,-15.502348246894801,-4.039552962131935,73.84257707788188,-3.4380366661299746,1.2161774130968452,0.0,-5.117619988903243,1.8063582712396125,0.0,3.6283698037489946
10,219,2.115771028577467,-138.5540856630245,28.403106473231446,-11.812889551089848,65.69808295038665,-10.071276915679327,2.7468964106718747,0.0,-11.030102070316609,-0.12267248798448671,0.0,6.937660025042465
10,070,-1.316013930874874,9.245098124467281,-4.426014146218422,-4.713809792615213,77.12968016228746,-3.797067656083425,1.719079037467191,0.0,-5.8276587849337,0.900103285739293,0.0,4.034549427790534
10,001,14.071379620167791,-211.8672481039451,15.996592713696131,0.3057195859135554,-35.690191616058,1.520667017141563,0.47292689555915446,0.0,-3.7172771672164906,-1.8834313547231023,0.0,2.7232872302481868
10,021,-22.399866031638712,317.5644649367758,-41.74490102204565,-14.147224258843599,100.68210844237957,1.2073543382856782,0.05493046618129349,0.0,-4.106056469082115,3.074501488382598,0.0,2.269607437659608
10,160,-26.290711857614415,342.5310709489986,-36.81958607380523,-15.985420778813673,104.35462103548396,-1.9912340935254378,0.3165897425751802,0.0,-4.050511334786187,3.6158180482029936,0.0,2.804193991815746
10,342,-32.79442613768683,450.3610621137716,-28.915814154887958,-26.695530993850905,237.73596195356313,-9.437718863427351,2.64240896113051,0.0,-8.561638996581673,5.7048903506924455,0.0,5.462882948564944
10,004,19.370968635936315,-248.25951365010346,13.868029463943289,5.497641694325135,-28.693985866178878,5.421183923747661,0.9808854925685396,0.0,-4.172254897828336,-1.8409838196696398,0.0,3.13365831641946
10,338,-30.083819398300623,421.55703766008116,-30.53872160249083,-16.308676612529872,202.47442694046785,4.5215184143056035,2.5361701611665097,0.0,-8.059521521439292,5.469197759371695,0.0,5.458086687600279
10,186,25.43126846292407,-306.8189659143452,25.781724815495835,2.9894803991936048,-35.638386416992375,7.151401656093472,1.4241102369789251,0.0,-5.096879448071891,-2.1792196404243906,0.0,3.7624381170146393
10,138,-32.44993821383574,286.8624439597038,-17.315262366250774,-27.731382139722328,161.39367317572157,1.1634519340334313,2.2476919954391565,0.0,-7.408928610625808,3.970651372510777,0.0,5.03698131808912
10,313,-14.149504406805724,119.29679003631655,-4.935684765152191,-14.362523716806377,133.29511061390318,-12.52905359241001,2.5688580249801207,0.0,-8.463345127188507,2.485982440330253,0.0,5.636387325183987
10,282,26.237849021320898,-296.5102353704111,35.84610536524686,4.85684907916384,6.627371185329502,-4.773136645977372,2.133275396034179,0.0,-7.688513134470888,-1.9572798979538435,0.0,5.05452620559638
10,088,-3.1524972275444973,51.39982806132847,-5.335273402965896,-9.077952752728244,99.64757890207038,-8.778882257018928,2.0984987861782853,0.0,-6.785832921969076,1.481795465194674,0.0,4.545245185583725
10,330,-28.776530414598664,302.0228783611445,-19.239846606676643,-22.17817206209401,171.73659344785202,-1.3056217950325166,2.4041087236560386,0.0,-8.63942436654424,4.204634557481166,0.0,5.576367390273445
10,064,-2.2365559132899646,-14.496249937427894,-3.0155002316982524,-2.3995676170189286,47.97426842807091,6.798836034340036,1.015045308177854,0.0,-4.570533998094834,0.34327859808484573,0.0,3.265007694831706
10,159,9.402498048146658,-140.61600847785678,11.259576074265212,-0.892968707574313,-4.29687115929414,2.3958766938433715,0.5552208184041432,0.0,-3.817455072078487,-1.2890985578130052,0.0,2.6627674410888478
10,132,-20.5925509081281,253.73549886219072,-19.59531714859932,-19.663089561391573,130.95347588587595,-5.067544972186001,1.695080646353214,0.0,-6.275849113144408,3.413816231088171,0.0,4.273168502636574
10,007,-71.18509736467921,615.3549378293559,-62.89599492606837,-28.256261436043882,240.0189710708185,-10.275974856127188,1.790882458148947,0.0,-6.492032738979885,7.017546744195285,0.0,4.487244541122122
10,263,-16.755786293723993,638.6571970901254,-56.89101745567968,-22.309874155940843,263.23844662758137,-5.297501318335329,1.9354084345908482,0.0,-6.8324842808533,7.1845577737877395,0.0,4.678483301419153
10,311,10.202227367143276,-107.91495776635249,9.58598993680661,-1.2303969080530872,85.56069090986982,-17.851880845806107,2.6931228715875446,0.0,-10.63430143045046,-0.18125737659686791,0.0,7.165508897056087
10,011,-34.08707840854374,557.4342399958668,-46.01706519544896,-30.549254157590028,205.48175799816528,-8.383941296713713,1.5610581105316697,0.0,-6.243107838769169,6.312095227470891,0.0,4.421657214532968
10,045,-23.902229633113794,285.64033378289525,-16.067930307461037,-19.516440071447285,152.7805438457706,5.701104438447042,2.0686100445850135,0.0,-6.98468285800652,3.9459589581375956,0.0,4.653524614755262
10,281,23.051739985653665,-304.3276910846046,29.67541825227358,6.669656706543995,-23.328115258168207,-2.371977875501264,1.8031056595976578,0.0,-6.825120994194874,-2.0240262302893868,0.0,4.6060697142568925
20,037,-2.1936907296661237,47.361925042291105,-11.686809934058852,-4.174331117666147,72.05684912613556,-2.080855970848691,1.4324104481396716,0.0,-3.9903273549828464,1.1563635098323353,0.0,2.8154372050150456
20,329,-36.171412392461775,395.7443771749962,-31.985016079269236,-29.817938036909737,235.80132083429808,8.426948806827527,3.4596708285721967,0.0,-6.736990525731356,5.3460977451592155,0.0,4.614500791632123
20,053,-8.236973385712433,138.6931005072787,-18.14143837609366,-9.314955693238428,89.53141128234324,2.3251061831694013,1.6581803711238186,0.0,-4.4700891356643995,2.3063309647368175,0.0,2.999944405538611
20,209,1.0088913168091684,-151.858726800432,23.675625511307217,-4.9430117235093505,111.3227093701503,-14.477377080342597,4.01387207432831,0.0,-9.041382066069707,0.44794388972498056,0.0,5.998283789414843
20,251,-28.765844762316526,409.5624558407148,-35.97890909340232,-31.288052241409684,245.0981149165598,-6.63703196565255,3.7283222430626726,0.0,-7.664242424813061,5.650662634686187,0.0,4.917362597827384
20,141,-10.467344423128392,197.34231374025737,-14.175027877932255,-14.046387874974721,170.6955909871088,2.621226893171441,3.1800751968330356,0.0,-6.426623654422776,3.486840302625099,0.0,4.409546766212421
20,154,-19.75685481395237,344.75761729006837,-25.1359525100324,-19.133830271651554,196.21834013305522,-10.718435731779673,3.102943478258399,0.0,-6.573498388024913,4.836013303384059,0.0,4.365008659276381
20,151,-19.818294565272122,251.82075146977354,-35.0804291331162,-11.468380420776395,132.60675569897717,-1.6166077900993563,1.938216555638124,0.0,-4.927237289331928,3.566464056070458,0.0,3.265973592053969
20,048,-7.951218258295771,132.2712767822825,-15.813602521907763,-12.971225852025979,141.71984488986845,-2.337085338963598,2.9208174311589667,0.0,-6.2004557199889225,2.648012358571364,0.0,4.073551242918778
20,152,-16.910627841623985,285.60928560383076,-24.569957751866703,-5.393407239656434,161.56808636507245,15.848841774130053,2.301145791181184,0.0,-5.271653247319778,3.9134441201014605,0.0,3.4938948365255422
20,164,11.44873881465042,-214.511077024347,18.63763115115761,-0.15297328946881122,-20.01522422311738,-1.1736925554798827,1.0109908076489384,0.0,-3.3819673454276162,-1.5642521571107275,0.0,2.5183887804525193
20,193,12.381860672075842,-300.7080684326436,26.450020849408794,5.072312650320383,12.048881496076946,-7.21886360357434,2.8214747439644516,0.0,-6.2439984898107115,-1.4307065729040689,0.0,4.313338474330867
20,031,-1.9338185789974895,12.402496242907857,-7.518243455218499,-4.806303204585375,87.3184052295901,-0.3326225763620885,1.8759497422499358,0.0,-4.542327809378998,0.8773505983175074,0.0,3.1160867586468184
20,248,-28.135218252208006,384.94907718089394,-36.20185031782689,-18.99460397017084,231.95781970906253,1.8608412224421986,3.3550893629850473,0.0,-7.1869311789138,5.475646140049841,0.0,4.809210690974126
20,221,-15.294381578103684,95.04687833134285,-5.993405337924608,-23.27892946927921,169.49125686769264,-7.301804030032593,3.7367662799342227,0.0,-7.938141379473109,2.6858009421742155,0.0,5.053390763824775
20,262,16.45966631291138,-334.2276406504095,32.64763067461367,5.227969506321681,-3.7143249793238535,2.411283616419356,2.676591641120081,0.0,-5.429160449409558,-1.7714897094722566,0.0,3.88074141912222
20,222,-3.2170615230009934,86.07914383988256,-11.423848191472043,-11.812115667518881,158.01282531278426,-6.946004246307107,3.6503175869767457,0.0,-7.763412774808624,2.4832852752753936,0.0,5.001725317549648
20,341,-120.7953322250394,711.6586269728265,-127.77621206833622,-25.807175271339347,343.355340397237,6.8022390134777515,3.290676625130847,0.0,-7.408558669402283,8.310109142013438,0.0,4.436182724603406
20,335,-25.547504412632218,422.55530061629304,-36.69462228893123,-26.142534682192483,254.64390309764113,1.9617102343974757,4.034086241236828,0.0,-8.204718044215863,6.059228317909291,0.0,5.149470880328034
20,205,-6.896162077007463,-60.13056746891177,17.077648101779086,-15.633885090188787,110.42342872122643,-12.3347112137739,3.5020725462602162,0.0,-7.655087125844489,1.1054816520953639,0.0,4.788483656207778
20,264,16.851126089741776,-358.9867046564684,37.43305981867363,3.684841901011254,-8.906826610683165,-4.66915253076285,3.0129773081201328,0.0,-6.267727180212117,-2.0190929324423306,0.0,4.098215157535167
20,107,6.95082240592864,-69.56508114937235,2.742435349954571,-2.500818065564108,74.66620082963692,-3.5952848502675296,2.1182451195796954,0.0,-4.561191518384535,0.13017981242270893,0.0,3.2540458626694932
20,083,18.2597873166023,-220.30410015321652,15.272783232483938,10.01440869945086,-9.67891047264532,4.176224364539494,1.3535328522661632,0.0,-3.632515635757234,-1.419255152482363,0.0,2.7345134316409747
20,223,-10.329922406614642,86.50160372492213,3.948343922192065,-17.89538111893529,163.92982046182897,-15.384328315576372,3.6522529046127943,0.0,-7.794853324292056,2.6000384646437293,0.0,5.193586575642027
20,188,15.177812110083588,-389.86495825537514,48.11066897779225,2.6575175917545186,5.128311744902621,8.46900013293169,3.225143765135791,0.0,-7.064364381621323,-2.2921866182062174,0.0,5.025110468744062
20,100,12.22531708908839,-229.30004154346616,19.43385215562254,0.4407166396751481,37.35970888050042,0.8230946898411952,2.6442835292762807,0.0,-5.3503203931648375,-0.851947820692976,0.0,3.781298840213956
20,075,-19.701080474812564,377.1774628646701,-37.468179067950224,-18.56502746930709,225.74564026075402,-1.792758117660827,3.1686390765956034,0.0,-6.543029089509863,5.404377944707586,0.0,4.370379470179071
20,134,-12.305772008391568,148.27790263429918,-7.696669813315827,-17.656375159730867,178.1734652999202,-7.477204579284301,3.305061558052863,0.0,-6.737923696774172,3.1618178303609037,0.0,4.6628397018443035
20,173,10.55166060634555,-208.49000549274243,19.42003562660786,4.634586319999767,-12.672242016529527,0.24764667741248103,1.0539552248229118,0.0,-3.664531280343509,-1.500693971293056,0.0,2.665786971238132
20,002,12.764174017021949,-224.1998547404283,18.827143105782213,3.1449341588851487,-7.324614607129703,3.1481681812928732,1.3586779495842387,0.0,-3.682893219502463,-1.5069032851330952,0.0,2.6969266817635833
20,063,-11.524668699964362,262.2509807205549,-25.620280263564307,-13.650127646826782,160.49515278607436,-1.0625391462657152,2.6748534702678968,0.0,-5.778409624780764,3.9619491325501643,0.0,3.948848150859508
20,229,-16.633730190153013,192.02161678684786,-14.544824120115798,-23.021639541163292,183.22055103312456,-11.232795769579951,3.393312373002453,0.0,-7.276720566736831,3.633232704234517,0.0,4.930885940520787
20,166,9.721479684765551,-222.9251833374763,21.82645981431267,-0.5013633055478348,-15.185205320803991,2.1922630734887236,1.4139384637187957,0.0,-3.7788291168913353,-1.436756123217393,0.0,2.7278885851961188
20,105,3.0858663707818836,-57.24459331360541,0.6332503481052036,0.11315598001353,57.58443030584536,-3.965507070139719,1.4690497517016814,0.0,-3.949972893117727,0.060589139216301824,0.0,2.7040025036308073
20,136,-7.231742638868025,96.32313742555611,-6.75299651325708,-19.701468182841793,155.61664830959734,-13.475614407143649,3.2998460662916305,0.0,-7.058350224256748,2.4886307710971423,0.0,4.617993147425269
20,290,0.7676353155159497,-111.67853258407506,15.43241131626078,-13.099519264784053,104.66218360160941,-7.1493834054161685,3.8351243100063557,0.0,-8.081393676209801,0.8483879105522549,0.0,5.342184352160534
20,339,-46.64437104366761,712.2174675705746,-55.0327516198344,-36.56873447901808,323.1426499266201,5.291589233179263,3.1698725222335273,0.0,-6.89843624353097,8.23442990052939,0.0,4.677316798799944
20,289,7.936055070728255,-83.70106621029691,6.441714050970528,-3.928745338919081,124.31408676476354,-12.978097068174213,3.814764748512819,0.0,-7.962589229593779,0.9127605660851608,0.0,5.237309911920637
20,081,-34.79944716205147,627.2011232133124,-49.488734293728605,-20.384502343126734,287.425171993726,10.597940098610106,2.9907676033077015,0.0,-6.664057185798085,7.580051809419739,0.0,4.060338800144165
20,238,-23.204220642164273,306.16555271526306,-29.190125427594946,-23.920883323778057,225.596780395175,-2.2346959682609766,3.7140753368311192,0.0,-7.536615507527238,4.766350764750262,0.0,4.888942066522587
20,190,14.557794761895693,-401.65356297354924,58.31791399269848,10.809521207952502,-8.960119162205084,1.1001825001383163,2.984238382493472,0.0,-7.407748091999431,-2.566095436060443,0.0,4.856004412148961
20,203,1.9107230986842971,-260.24335077426326,41.368555600156505,-2.6545605181372887,103.38495718035463,-11.94919359725619,3.193992087336226,0.0,-8.842781467610715,-1.8485681086131138,0.0,5.1373335952799435
20,233,-9.552568483657591,175.2006326199471,-22.283177997638592,-24.27811553174229,191.89000193484918,-4.102382869851769,3.824860761359821,0.0,-8.230839235478658,3.6220868531135197,0.0,5.186436521681327
20,253,-22.879612656748264,429.0165707669902,-37.412708376487764,-21.37840447075644,254.14508572450998,-6.966766796138744,3.976772520838087,0.0,-8.149148982120604,5.949460499718593,0.0,5.292735056776836
20,117,3.6798150247141033,5.43488282767447,-4.520369799950395,-3.166564321077223,108.39392923807848,-6.319480463038957,2.528283312992003,0.0,-5.3658200317725235,1.096568448201711,0.0,3.6629632060950668
20,212,-5.293901844867461,-187.96716166945734,42.188721214409924,-16.97123363633294,104.2078373985246,-14.760029998210431,4.069154425329467,0.0,-9.658446926596543,0.019990996367967195,0.0,6.406815709418623
20,314,-16.90110179973555,219.04482880984716,-12.257452080960054,-31.18930650745406,205.85789998648562,-8.943601974021327,3.8053657619481998,0.0,-7.758029095039853,4.134404566387327,0.0,5.217499652997562
20,169,10.694353103869888,-292.9263573835281,29.18951854204882,-1.5123859615034052,2.2899876467830143,1.8629970370374858,2.203485432436129,0.0,-4.3821311497960025,-1.3250476280927992,0.0,3.3624027978466775
20,032,0.2815376683619102,3.990490709198374,-5.248004074287131,-6.008164901753849,95.59747531858132,-5.952779236960552,2.145018093035558,0.0,-4.739735312538921,0.94074182398846,0.0,3.414484094722062
20,056,-10.360420326973184,205.3076473093734,-16.786582282632317,-8.599344908880182,162.34990009795624,1.3754631807002173,2.974794159671805,0.0,-6.023648561956759,3.5406339432858154,0.0,4.261308849771573
20,196,17.65972073067819,-341.54832949295013,50.84956766810774,10.959478299934085,22.554111233772062,-7.625523523463974,3.0495262931925065,0.0,-7.949838979288401,-1.879854659960778,0.0,4.911990511845337
20,129,-5.863120554016263,116.27169540830187,-17.160862499834217,-6.8158043220443245,93.5811180746862,-1.338384106397755,1.756049839012948,0.0,-4.322301872117764,2.063790149070681,0.0,2.998699062430183
20,275,16.5493478757868,-302.8219688867198,35.23502342156441,6.48753046005642,32.28883931012743,-6.346841318818253,2.971388512083183,0.0,-7.196448848267981,-1.604802808217323,0.0,4.976204010956306
20,156,-22.743409315125277,348.34032812217026,-24.060831030618914,-24.764810680890314,202.346097656227,-4.915187557225675,2.8820951107202517,0.0,-6.592790030051264,4.851275991872082,0.0,4.347668802511996
20,305,-12.332652466544397,115.84608266205817,-8.405349712349254,-20.025954254823265,181.45389038243715,-17.671999305094545,3.8699595365627033,0.0,-8.339055133178258,2.9012899334501103,0.0,5.455773398450127
20,155,-25.143941842718483,339.7951305126048,-29.199739562675962,-13.050391696254941,200.2944218093787,-10.410395686742167,2.9704982078160715,0.0,-6.718988256403674,4.854684891877594,0.0,4.231903932509093
20,327,-30.630674040342967,271.0627973265672,-29.098477319215444,-30.761890175203828,223.40052360609212,-2.2495220861740135,3.832316109091166,0.0,-7.754738879462898,4.624693975794182,0.0,5.23879228832689
20,022,2.662739744812448,-42.73135591831284,-0.543152020639835,-3.1055331563424096,48.539065901944326,-3.151260191912902,1.2285727160261415,0.0,-3.6613533944581547,0.0020148903981276334,0.0,2.557537809570351
20,120,-3.260608432857723,-30.338960774481716,6.225155916932435,-13.437186740376294,119.93881473537432,-10.787055848917461,3.249141455502014,0.0,-7.0497304571775725,1.1015285859438542,0.0,4.708481742194407
20,218,-3.3861428708009114,-77.23719504260049,13.016902115446817,-16.885520534816447,151.91252494194123,-14.593150713966597,4.15247981638563,0.0,-9.355234089547913,1.0573536539625061,0.0,6.17735390378173
20,125,-3.5779276961154576,52.8499732410108,-8.499394168297567,-11.247275283560317,135.0916496811515,-6.146481730000229,2.8259105389951555,0.0,-5.852434859905901,1.8130092412724785,0.0,4.162466063917413
20,093,2.5468366606196673,-147.84797667964241,16.84175205310313,-1.1699187707117815,26.09075822437596,0.6450522412505864,1.533891995809282,0.0,-3.845479041287506,-0.7879157279701051,0.0,2.7811592840707537
20,266,14.23496749342489,-361.47094053204904,41.68383493606547,2.6614104351068173,3.9056033238515377,-5.8773962394833905,2.6344038137731074,0.0,-6.140169289103344,-2.296456825532151,0.0,4.686860599677067
20,260,-52.36774274217329,740.5054474458971,-53.8961208424992,-17.913515144224874,331.3436619140127,12.080114630819352,3.296473828883362,0.0,-7.342475295921825,8.427342869468289,0.0,4.680344778052119
20,122,-5.423504308797882,49.283579398200146,-9.454973959697984,-9.539562820015336,86.16043695827436,0.8206098396562829,1.7344958542761038,0.0,-4.464691071264302,1.2368632869186884,0.0,3.11331028262638
20,078,-31.71739708838899,425.1161954085628,-41.78439890785515,-14.369712823782958,189.2787886284099,-4.9557266014783465,1.8255785294320517,0.0,-4.78734228707369,5.00373265574479,0.0,3.104098135151849
20,177,12.524527232251028,-296.4547130511228,21.930589759539917,4.742177604750665,75.53123703954549,-14.125889937771227,2.216972934579808,0.0,-4.32440992440071,-1.5178203230716778,0.0,3.3744940777149077
20,291,-15.646312089397313,-116.77075524811826,33.55337040392531,-24.225983381921438,121.48072012867635,-22.40295407146784,4.230431047170258,0.0,-9.371011886220606,0.9426756160499283,0.0,5.898033764614858
20,303,5.133650165617868,-123.85817869597706,18.57218924671876,-5.57716049129371,145.42881481666893,-15.823808518559096,4.171258094193877,0.0,-10.048229231753224,0.5226546179136093,0.0,6.466207565849041
20,162,-23.832101514354527,580.8306242348441,-49.03054058473528,-24.16063278581429,252.56653587099288,-4.693443610049951,2.673260613777208,0.0,-6.196092678645185,6.951597694752184,0.0,4.2782541300164105
20,215,-0.22351083187879028,-41.734211871392546,3.08473759160336,-10.191609552285472,123.41538108433959,-26.217731648799735,3.543194903573197,0.0,-8.054329641097056,1.2424314557495058,0.0,5.450599729090545
20,217,2.4238712591075244,-71.18028226486358,10.267287405092416,-9.529450275079697,126.94703078980112,-14.615704875433426,3.982533599229939,0.0,-9.438446139731179,1.0833122702452458,0.0,6.021469598412295
20,008,13.18219642234838,-313.75071394058784,27.651129982271712,2.6571947679372894,-8.917615103451968,-3.8718189145400284,2.3779581409570905,0.0,-5.077425435262626,-1.789644474291062,0.0,3.489359850020991
20,198,3.154182135978753,-185.28373307958594,25.083280459749652,-3.209288555447479,73.72357472566777,-8.035755415857931,3.12354660190423,0.0,-7.5960489667387145,-0.3500977675906889,0.0,5.110208206860231
20,030,-0.8448782291031538,0.6488348536539318,-7.2364783821301195,-5.087587299279973,71.35770895839494,-2.9864607097464653,1.5015387704031515,0.0,-4.0750751870075685,0.6175875778172373,0.0,2.7887416996702292
20,062,-20.913293403603458,238.72358631926198,-18.44590817016793,-15.271731025999093,138.38082057400675,4.12275401779455,2.2180353454309,0.0,-4.902868858825163,3.497737402624055,0.0,3.437423190944759
20,054,-9.010858736204945,163.14114368066782,-20.3119777909074,-12.640682141750453,115.42777060272903,-2.2224453712800263,2.0349649825363074,0.0,-5.007271912274684,2.6708375726289564,0.0,3.3597781105701774
20,244,-17.304550081271223,307.4085177154654,-25.621798114640686,-18.716572871529173,239.03037774333507,-0.09966736569930745,4.09903237550078,0.0,-8.323697067577495,4.863725923248351,0.0,5.394810905187475
20,175,12.356403339715163,-246.61827392652717,21.372328203474908,1.3820911353965157,-13.809505616775063,8.340889475598747,1.5640363844802951,0.0,-3.936618799561703,-1.5863190258053046,0.0,2.787924293993939
20,109,-0.19855364417116017,-88.75480467501764,4.167225810986656,-8.191352798354755,72.4652367589496,1.5384483669990048,2.488719784073272,0.0,-5.3466138164426456,0.30047747593556395,0.0,3.718557529551616
20,231,-25.37282452314947,220.5113671927067,-10.052697162791393,-27.32781158406986,209.10077497489644,-12.221532636285204,4.02520947848175,0.0,-8.395877925681448,4.0165636826299025,0.0,5.204355925809132
20,092,6.794527405272887,-143.06943458246053,12.013811358026029,0.6566235236364395,11.538212496493362,-3.776120384156669,1.1326760221867345,0.0,-3.541657739055069,-0.9015713415209988,0.0,2.537943001618083
20,005,12.649666136360294,-265.3020603926468,23.09062478332895,3.7192835821776873,-2.9799656364166216,3.210988560377805,1.8458689258121312,0.0,-4.179149820696607,-1.6605402791438968,0.0,3.005379732435434
20,265,18.91774464852982,-363.8976392680317,35.5836802953312,5.694321463126466,-8.407761076063185,3.790526925088601,2.72037099513652,0.0,-6.326047424607179,-2.149010195025577,0.0,4.465901892401696
20,096,11.016348225319717,-181.3218004985984,17.750298257949613,0.4958829737920617,29.86726050792954,0.4465610738677437,2.0733474157457885,0.0,-4.355197646923959,-0.8311851793964541,0.0,3.159944653410453
20,073,-20.79047953370905,361.49541440737744,-29.94149810619672,-19.55511478761404,206.932897609038,1.1651239513089084,2.9481603183694807,0.0,-6.498124717157535,5.0869130869537145,0.0,4.369521442575302
20,071,-8.10712081381555,316.6963667393844,-37.59966774121476,-14.915928416947883,172.4586299676869,-6.995911613799028,2.5176134682105427,0.0,-5.910804364955752,4.478942280038238,0.0,3.971052508535957
20,123,-2.470795586356371,47.388636841643134,-8.199321667691743,-7.786808577084402,107.54845812299295,-0.5827274592858804,2.1438044966095737,0.0,-4.857441626579755,1.4196493904221774,0.0,3.414331792262637
20,028,3.547447040461753,-125.61752830874394,15.552484855810137,-5.206341231056378,69.04208685278095,-6.6015678251942935,2.91720705227947,0.0,-6.432782761195009,0.15240188652847708,0.0,4.363006732951682
20,224,-7.197355008887635,59.60455576285197,-2.246926887421504,-18.865474358356646,154.03618191411468,-14.219032933900605,3.5839748620776177,0.0,-7.889698445604816,2.213004271460977,0.0,5.351327808068456
20,180,15.376705933280665,-248.45192306854338,15.816279066790285,3.1190146059164237,-12.40770483115275,-2.348583789587319,1.6879916002304505,0.0,-4.044237368974491,-1.5646932219699168,0.0,2.9420611481945436
20,272,14.384997760194333,-288.16644947528414,39.416165352112245,4.64282171065982,17.939519919966163,-3.4449653742557906,2.9759517238321522,0.0,-6.476591459348322,-1.2539615198408962,0.0,4.399726935745368
20,344,22.677969232476347,-325.3271032193073,25.822695046092907,9.229934761045648,6.733977805646546,-4.448173613531875,2.5952532344080974,0.0,-5.323145522371432,-1.8878660155132343,0.0,3.8637113655468274
20,020,11.860700976380329,-243.93691902584064,22.303353227559843,3.213480528901643,30.676366122340006,-2.8294947527455325,2.673113331901026,0.0,-5.548960646440318,-0.9453870435043052,0.0,3.9891385173518357
20,299,6.63176981775714,-42.88656174679573,-1.5742292607546549,-1.101539155129216,129.4724210853589,-17.977447052789746,4.044541389410489,0.0,-9.145211472307599,1.429700488539399,0.0,5.900095881013235
20,140,-19.7685421503881,207.00255350710887,-13.765601493807722,-15.582813037314523,189.81397366255325,5.248909225322411,2.702666927772621,0.0,-5.692734678707239,4.251793323424167,0.0,3.1959260563509453
20,148,-9.477118576031557,268.6545748922693,-28.262356178982692,-10.223374567634526,189.5360774966774,6.113013388293753,3.311454359185415,0.0,-7.0774432154106215,4.275450058497627,0.0,4.515248258221592
20,012,9.060991374632975,-146.70544078426573,13.154184844326142,2.5367040182845058,26.628607398753765,-1.0960009477164532,1.4217711715293642,0.0,-3.805836206458195,-0.8366996500407939,0.0,2.69885190372274
20,082,13.696912623017106,-208.69548196794926,15.332391253474876,6.678201340635915,-14.27142066174893,-0.2950857794819175,1.0899659852453139,0.0,-3.380525309198029,-1.5142600035665474,0.0,2.540360982956697
20,128,-0.7969757365821369,13.417109762480075,0.2827903006251259,-11.117520942714185,129.18125399424562,-19.740607819998008,3.142260103689562,0.0,-7.021505976397599,1.6127026884497029,0.0,4.698641184869699
20,110,1.8842614524466015,-117.8857815904405,14.829243451694154,-1.14076928848707,76.15979929938518,-11.16151977591747,2.6566718424883984,0.0,-5.947533087275846,0.14191646939142055,0.0,4.116679256844779
20,143,-15.073172573562653,192.08954259518157,-16.78104852553688,-17.33806874685466,178.62838341496263,1.245151198542052,3.296877040732321,0.0,-6.8906242571190095,3.4016551054814945,0.0,4.365912600430228
20,315,-11.544645041133203,210.90764218768618,-13.235560641862513,-17.023216442554318,205.4146197664961,-0.570855759235112,3.995518059760959,0.0,-8.727528297995121,3.9721050952141477,0.0,5.319125272809479
20,034,0.8246548767991473,-0.11230353258002669,-1.0013384056212522,-5.882333849709641,119.97806785535337,-6.310010092819442,2.938065258817466,0.0,-6.046623296931032,1.2731909614817283,0.0,4.084619140928224
20,135,-4.992989827891186,130.0624188482543,-20.385324677570363,-21.94063213541587,170.1899459606797,1.4266635427454393,3.5552841493211034,0.0,-7.193610220464321,2.939448901012498,0.0,4.905863547143255
20,220,3.980570517208392,-108.48184363169695,24.129149417625598,-9.796336118645169,143.81298939542344,-15.332196233766492,4.390027097920164,0.0,-10.170020969178859,0.8603780920815036,0.0,6.570978367300155
20,101,10.055833144902813,-254.7528021886758,26.585909580168558,2.1233746026623015,24.923932334776474,-1.1323438940413215,2.862386155408771,0.0,-5.842416149478086,-1.0330198344187667,0.0,3.951883297221495
20,312,-17.590901554609932,222.44679670907163,-19.434047668914232,-21.96533909688866,209.11929511172042,-1.3829083504062254,3.78097403237475,0.0,-7.630287586738777,4.121789119929499,0.0,4.859499836699211
20,149,-24.20881005792442,278.97680710346253,-26.75540931191722,-22.414984963055943,207.44976963889926,2.7920922370465346,3.513771475787558,0.0,-7.3933024815802435,4.446088869419895,0.0,4.641188838695896
20,201,4.7539902069592195,-238.40400053157757,43.933818106387974,-3.2590658281701894,72.94346876528479,-10.901733610805689,3.373870379924438,0.0,-8.633672717224972,-1.0009558481181768,0.0,4.944174110090623
20,228,-2.9501772643500055,38.6001902557254,4.62755174973528,-14.259670580667706,164.79650833766635,-20.89002779118011,4.1062149467474205,0.0,-9.061777622732894,2.4979279554042804,0.0,5.866313240723453
20,306,-16.006963678967338,80.60962232561745,-9.251521131147825,-21.664868406621583,158.0022977240061,-14.419686930210137,3.6379727131385255,0.0,-7.874314543966192,2.5403164372401688,0.0,5.290693135686122
20,241,-19.242229419068625,305.8941344976282,-30.542447870965727,-22.49494888747172,237.3452561609563,-0.2017354589482956,3.902351452689531,0.0,-7.990083015618379,5.043818791827954,0.0,5.283339002185073
20,310,-9.595576442972531,64.49083339546772,0.4343692582190699,-15.613286810576843,164.59625501154255,-25.638942783106412,4.09876318762903,0.0,-9.196833354487833,2.581785172400238,0.0,5.773716928938067
20,043,2.2534505411348706,38.46753267421343,-0.7331011709478804,-3.8705360326899534,146.44061459482728,-16.390445455822032,3.2959052690010804,0.0,-7.049494043525711,1.8712108722497074,0.0,4.762400449509215
20,200,12.730791105711427,-227.76343594033008,26.410189736085417,-0.4196964471852853,76.99843308723402,-15.903230339798597,3.422497401007959,0.0,-8.382938411853882,-0.7968938360550935,0.0,5.424130739140174
20,298,0.49703553113306675,-36.56052342485983,8.833438863775237,-11.100749923783834,121.0231270425379,-15.338227636344815,3.782240552860991,0.0,-8.549748269736444,1.5446985632364967,0.0,5.3899196782455485
20,019,6.383872529489488,-224.9784591591758,21.268254530053884,-0.17244274457319841,43.468422644245734,-3.9156224311272636,2.625173570366045,0.0,-5.273788688811131,-0.8538684249250684,0.0,3.808374051630419
20,077,-23.022082540164707,382.7922059767473,-51.05891675397014,-16.158724540587553,168.0256325961478,-7.055679909428214,1.4926788403359759,0.0,-4.494027916415321,4.5011649438710855,0.0,3.0279994989522807
20,336,-27.769374076747205,408.6979058096724,-31.578857676500007,-26.104918354449804,240.6160162527764,-1.780045205130345,3.610705033299128,0.0,-7.375830829671903,5.837098590290989,0.0,5.141950413974637
20,074,-17.1486312135386,373.89400159700097,-29.245961301894333,-16.624794869199818,213.04945969555007,1.59959181935593,2.984212623571706,0.0,-6.611055956301247,5.246975933912089,0.0,4.409333975670393
20,247,-29.12361349710668,376.0276662545726,-34.559237030475614,-25.47121545256369,226.50238437728981,-2.2430925522177736,3.371592959699445,0.0,-7.237049162367116,5.221474790627055,0.0,4.645250602756343
20,255,-44.61429134812367,654.0107898653354,-52.788705390287184,-32.9759915874847,284.90892522816335,0.45917710782656407,3.1030626301973356,0.0,-7.102607764615407,8.003050009677427,0.0,4.382413700208473
20,119,-0.07699334638465999,-20.140027149604613,-0.6135038209836026,-12.084100975610703,122.26519144325374,-4.68265968079147,3.0900068453577862,0.0,-6.509958045717378,1.2222393075538769,0.0,4.462268726667608
20,016,8.787923912303706,-196.31834014272283,13.042629834778063,4.539953919132775,39.63192036168039,-0.052110070099451455,2.368533596966736,0.0,-4.860297003065294,-0.8381277119154877,0.0,3.4233289382470455
20,246,-34.96043911282465,410.1186159953405,-33.17415276048618,-22.02434217485893,248.43517757795584,7.147801652546804,3.699173138410392,0.0,-7.064697780693882,5.769738901261143,0.0,4.7758969461009375
20,234,-32.38678792072173,200.07983442949705,-6.463085039011998,-37.845526750043156,202.1498761799443,-3.444937711062993,4.131553042876224,0.0,-8.339467079763942,3.9248349335424515,0.0,5.676507533279214
20,124,-1.6961175218079165,48.55422160788063,-9.513416954234057,-6.88703052772155,117.1994842995985,-3.403591334461346,2.5047602586410496,0.0,-5.306505816148017,1.5737462737977383,0.0,3.8316262777329007
20,199,15.320087795464975,-219.22077662340098,18.84304503006277,1.4317447995841146,61.898644941853526,-8.893448962187458,3.232869924329049,0.0,-7.983934261304658,-0.7194622442660847,0.0,5.467058947384153
20,279,19.092326146715372,-347.8835028691529,47.22642052168548,12.533082159265529,25.630295031653507,-5.7673664253476495,3.516574281612858,0.0,-8.64364905570138,-1.9873829832403018,0.0,5.296479792048114
20,168,6.9677869269181505,-266.5002692280923,21.154383876017114,0.3074414736700767,-10.738507444921005,-0.5532636309250506,1.842580144730294,0.0,-4.201012700279088,-1.557675371775666,0.0,3.0926209328209393
20,111,1.2708590919736853,-137.07893510046193,15.586623579224472,-2.068496211292719,70.62508138097755,-7.395400541957983,2.9458044661017118,0.0,-6.779911576549156,0.010397265776159959,0.0,4.441910008502225
20,039,-1.2493580278677108,48.73713367837778,-14.316102722542151,-8.465696942373524,103.37079208957002,-3.525763069726776,2.1524903712317847,0.0,-4.815043130030374,1.3872751260151621,0.0,3.3427757533175266
20,259,-26.52606153687727,731.0480924800846,-66.43412548561653,-30.481551842855232,345.5996196720183,-1.223057668619937,3.21604515135415,0.0,-7.232369462960683,8.33663793950071,0.0,4.489853162053787
20,273,15.152850246219465,-317.38007754843585,32.99926194597529,4.371838175159775,15.605072713445193,-4.492570333674289,2.930465517875171,0.0,-6.756130978455123,-1.5909221545410401,0.0,4.665161582433092
20,142,-13.909799256829782,195.02228400034636,-18.026517116727703,-9.686918617732045,175.21912677953014,-1.5278488423986225,3.1329956000617667,0.0,-6.452090724526952,3.5523581357007004,0.0,4.4243903441380965
20,333,-34.994209883759325,392.2950334657601,-31.154319340549222,-33.14359756294672,239.29450126329553,-8.986050885289917,3.4078948448525734,0.0,-7.308553272733336,5.427647886194078,0.0,4.793626070968743
20,230,-12.738070961389884,215.17094242424116,-15.86982705728964,-32.43752733847142,196.73366715260318,-2.8318614709523153,3.7460166858010764,0.0,-7.475203027733553,3.802224136596706,0.0,5.195206402616957
20,293,3.495252440813122,-157.74426620071793,30.596374603775775,-9.451933247464494,117.42120011238515,-15.295535652109972,4.05486824224426,0.0,-9.115504371452955,0.34117670915083886,0.0,6.235539874617492
20,068,-13.808830745758481,211.64267626851228,-26.738573702273758,-12.537719752357376,105.84629788143094,-0.6138956707366394,1.4674626581601897,0.0,-4.445250583129141,2.971778790346291,0.0,2.8762143307305843
20,147,-11.791065222671055,282.46473820705125,-33.40747319773753,-15.078883127564321,196.84634266516247,-3.298245748861219,3.2535410906615523,0.0,-6.686589981459034,4.271727482851994,0.0,4.501004598722902
20,145,-13.175027994188145,270.97258575862736,-23.093232476834835,-15.56216955189808,195.94428102658983,-3.603051743399558,3.1139879789310667,0.0,-6.2319364129855055,4.456573929964475,0.0,3.899781568383014
20,208,13.611202725515074,-130.62759329062342,7.532812066758337,4.2725107514826615,99.52869902876645,-15.949163765492754,3.9321628355006624,0.0,-8.511544860205408,0.6767670698506791,0.0,5.707639279641594
20,040,-1.5986931650292544,42.46128500218251,-6.273060420636979,-5.873597308249255,115.1802151664607,-3.2989169798140647,2.458818038368525,0.0,-5.286582776147891,1.4585346854407188,0.0,3.7687525645835636
20,345,18.126155564328158,-347.17927455332364,36.987067339177216,5.923702696090253,-13.879154732720046,1.021999529925384,2.717206617288876,0.0,-5.7756866843172725,-1.9098888801775549,0.0,3.9076009935184186
20,163,-40.08581094883537,617.7197341959727,-49.785474986691014,-20.15943939689062,303.63618341283143,5.738662993937295,2.8361952189479456,0.0,-6.105651136164918,6.84212820494197,0.0,4.007364618517727
20,206,-11.590385131856598,-48.49493579823785,11.214642364189888,-20.877679500527254,129.5231069279819,-12.671145623701925,3.8246876025003944,0.0,-8.097785555865908,1.429102387841431,0.0,5.1403280015027875
20,179,10.598352198790174,-268.88053134302027,20.567092515309813,0.7347153977177472,-4.808773466602797,3.6856527671041457,1.8689711070921535,0.0,-4.218891937115649,-1.5840821327262846,0.0,3.0560541625635085
20,182,13.548692897060857,-340.80689009045085,40.420327018722325,6.507767892242906,-4.833572532456502,-3.2207038478435197,2.7541412292648872,0.0,-5.88034260139384,-1.8272039080388034,0.0,3.9896191596072477
20,181,18.07340949355098,-325.8098337138643,35.36398564130044,5.688888956882243,3.7671083415758777,-0.8013216305963351,2.6721977955666745,0.0,-5.793616412260541,-1.8040269582984614,0.0,3.9091740220016438
20,137,-10.544658567521749,142.8513599505571,-16.61080073418603,-15.925070345981581,91.54367336543241,-0.2913060287373579,1.6458402704736657,0.0,-4.471346227315975,2.3077263171262548,0.0,3.0583196704699525
20,308,-4.481552594506777,62.54086804025683,1.0115338590989889,-15.633229860025018,151.9286039259844,-16.595848224499832,3.7607138968175824,0.0,-8.094017312583071,2.3919042699133217,0.0,5.431702224022251
20,326,-27.8415344285794,307.13643089500164,-21.920867167746035,-28.01715326468219,240.1925403383949,-2.5266820160628995,4.132474892955898,0.0,-8.200695930676364,4.924937211794352,0.0,5.32772258172725
20,146,-18.652917265507796,285.89194376442657,-24.937813131393455,-11.112150051615812,220.43045570699888,4.619755158671082,3.332404220695304,0.0,-6.445126507655502,4.679813271423249,0.0,3.9225427843403464
20,304,-18.697142393035705,118.5936401549179,-4.6085918280815195,-27.040001998149023,179.45072324495226,-13.661405783767204,3.693941370279324,0.0,-7.7012859355497465,2.9773495312471088,0.0,5.216215409664966
20,297,-2.7016542302073008,-1.1481435493386143,-0.7586635370396354,-15.562692865309435,136.1641985410276,-13.730122131987018,3.6411420102323477,0.0,-7.9964298111307555,1.8520947113994328,0.0,5.340949289463682
20,216,-1.5611645089133008,-49.95417144072497,7.600007688105223,-11.769708148332139,132.6334156143979,-17.687801277385653,3.687552627934397,0.0,-8.440199462369927,1.1612711399075952,0.0,5.885245315720325
20,087,10.476256984519452,-295.4340978722288,16.174105204402814,3.7459893607072026,4.406108616761822,-0.9969380601504303,1.7450445379569652,0.0,-3.536009521219936,-1.8004668760680254,0.0,3.455972004965038
20,296,0.896650834815893,16.84627132443595,-3.6931461151684934,-8.628758374859094,140.4427490254816,-13.47875107557184,3.5763805531315276,0.0,-7.778515493370173,1.9487693861285893,0.0,5.118925344953351
20,050,-13.979123215975353,138.75031967399485,-1.5062984390056058,-14.557596522946604,159.4071996944914,4.430263416176255,3.3220401291754618,0.0,-6.849224363884712,2.8329760906453934,0.0,4.55072350615818
20,346,14.801778569861572,-347.2471878583241,35.45818291212491,6.589021479190227,1.0858650438447368,-1.658155545612857,2.761160791579247,0.0,-6.0568395427566415,-1.902855283214341,0.0,4.221632097194406
20,157,-16.488268505841283,353.374821132087,-29.836563962170807,-15.435461445494715,211.2764360514317,-0.07113493373441848,3.03823099551734,0.0,-6.3756354919248155,5.006310619952902,0.0,4.278668473330804
20,258,-48.83550695770947,710.8176016308536,-51.26800461443149,-39.732506154479985,321.5285558455555,-4.90421625670494,3.200392189664959,0.0,-7.436561251462122,8.383129845613542,0.0,4.499282841332686
20,286,-6.906157834519197,-261.03317339706285,56.24928357261577,-4.838879518983685,51.06228146805134,-8.662501793101065,3.169111027194697,0.0,-9.093209416354675,-3.7100875751667344,0.0,5.0789001771870135
20,178,22.376070581877915,-296.01103053240996,23.66822149225842,8.42078625272732,-0.8098098324011761,-2.8319697941861097,2.299819513876561,0.0,-5.024477376794036,-1.541400173837014,0.0,3.582274095940518
20,150,-11.622175719604872,225.27404432476655,-27.621683471045394,-9.801782447471986,105.36148392402832,0.034308884016523766,1.5541070852398455,0.0,-4.312946080329255,3.088484507063451,0.0,2.991704238016108
20,348,22.6675761192534,-366.88619921584836,33.681005874243624,9.324853254721514,-14.567854279978858,-3.1973221942802343,2.8088603070111735,0.0,-6.720753421229288,-2.231863292885615,0.0,4.851732017438133
20,118,0.2438132953696438,1.6442306340664938,-2.7907747273308656,-8.90791214514745,117.4188619943256,-1.773435603945181,2.8756369052244186,0.0,-5.9985117855202565,1.3486092943789099,0.0,4.051893756043579
20,239,-20.472506958629808,311.1179167127252,-28.152173666197534,-20.626547434590893,229.45051438661037,0.6369897826798097,3.8775287740922164,0.0,-7.59670586718821,4.9705054934274635,0.0,5.00562375025082
20,242,-14.751182776058242,295.32939484404784,-29.76953906550535,-17.682420992999884,222.37615613090662,-1.176184631254337,3.811626923992727,0.0,-7.804652173634656,4.772603903758817,0.0,5.073871197237334
20,245,-16.754526229954838,410.12377995271515,-29.54176082215735,-18.127537651871414,247.34687684836365,-9.078011831103321,3.5284985833603626,0.0,-6.983019095890574,5.634996335942478,0.0,4.762229101743834
20,097,9.607735921949317,-204.4686222986155,18.79992439679816,4.325416291459706,37.70560769346506,1.505873062671127,2.3439581809694268,0.0,-4.5803771042089725,-0.8503866799159521,0.0,3.4026147391934
20,059,-15.115968939371044,204.7143655483594,-16.29607792698836,-18.824462159677175,180.47403797862955,-0.4114477863432704,3.420630265404998,0.0,-7.305302331197031,3.731536040238005,0.0,4.645106618374191
20,225,-9.723833547823167,71.43056173655533,-9.512223402265223,-20.396013331135585,168.24726878763792,-9.484991877395343,3.8915546340769507,0.0,-8.383086968001791,2.429875666040608,0.0,5.437591172874999
20,318,-15.752559537262684,179.70805575331323,-10.385100997317867,-25.0106310504322,196.1856154556745,-7.840817954488277,4.024475328586677,0.0,-8.099809968929598,3.656241748276086,0.0,5.574120733308876
20,183,11.917145171988082,-345.92205160313995,43.39111820487341,6.13566623273052,-15.000906562579576,-1.3623267155533778,2.688080307574206,0.0,-6.214054768798061,-1.9227415866420436,0.0,4.168824410726481
20,280,6.328840138290203,-176.3539073150767,19.375516724705676,-4.428943849565227,72.15705524135119,-8.846585697891948,3.3065449191740948,0.0,-7.400904744628336,-0.17246576939310865,0.0,4.879365942931393
20,278,13.286321161540666,-306.3706404008652,42.268341486144145,6.57310030803426,22.48971087189166,-4.334732615984704,2.6541238794298563,0.0,-6.63563582558135,-1.6601922737400292,0.0,5.030658616938433
20,025,5.328888800227793,-62.29430142129513,3.7266496576951456,-7.372891464013959,88.33166909631785,-11.511140263611495,2.4657920982841213,0.0,-5.04573606941577,0.31973011388984385,0.0,3.513536536889905
20,170,14.611850217044305,-296.63697828713794,24.896091315484426,2.581543986309131,-11.065369179316825,-2.985310298624196,1.6524148592667707,0.0,-3.430705379220432,-1.6441586293674892,0.0,3.475713816993713
20,324,-16.71429996762906,320.69461089186916,-31.265496903042084,-17.4426828432765,239.12400076043087,2.768381147857223,4.0702826596244694,0.0,-8.218227684528856,5.071662361909078,0.0,5.320260186859726
20,240,-13.844558600589806,303.00277309015416,-26.509265614905054,-17.531090887721295,225.41016918047754,-0.42016496954232174,3.8181623555542195,0.0,-7.46659009080641,4.8614022986924725,0.0,5.021912782926011
20,274,18.34961589724459,-314.28076554590547,34.18799918587951,9.635174232079688,21.297594157706364,-2.6826027536546277,2.8733086860375745,0.0,-7.042216198561941,-1.697653992283319,0.0,4.851074674781465
20,226,-8.280720464983599,69.7644665786942,-8.159983444914218,-17.815771786362983,166.86020845178945,-5.192544571411076,3.8366085168317356,0.0,-8.396690136408477,2.6662328513980986,0.0,5.544470859621792
20,084,14.509223900157867,-238.6952152239084,20.17013518053099,4.426717881140195,-5.846925887378834,-0.8222487713379041,1.5910168576346788,0.0,-3.9704353761638216,-1.4969853505700326,0.0,2.8870797850690586
20,035,0.6326461614550606,-10.843138837732843,-0.20463736381058012,-9.059354304956852,131.59240596204603,-11.15432028677187,3.2928893023992942,0.0,-6.935459774257274,1.3147276564072927,0.0,4.51083559206006
20,295,8.693184860025056,-156.4245130823484,28.051890056130166,-5.951154951686453,124.53438053855616,-21.027736111653276,4.421042299820703,0.0,-10.05022941289106,0.24449795312121037,0.0,6.70124821386727
20,091,18.11053677236841,-310.60984008879797,30.742104976153158,6.430878666793346,3.1600572581346094,-4.522218051716893,2.494939325747467,0.0,-5.407310497946339,-1.8106573793719896,0.0,3.687924754004495
20,057,-23.254574116716753,214.69939096978516,-9.504010380971998,-21.64607763401918,202.95645483786254,-0.5896212514402288,3.3093027176806014,0.0,-6.36904174365201,4.305041879065036,0.0,4.078590019322995
20,069,-16.083594687391653,258.6405025917522,-28.226547795014177,-11.685605123926383,141.57882848124922,-3.139883318013128,1.8829480694459964,0.0,-4.630853990200092,3.5760434861784693,0.0,3.127248874336293
20,133,-10.319742526129557,158.67527218228918,-10.311273553244508,-17.31812326951728,180.42095814472293,5.575987006803489,3.285172318634817,0.0,-6.32702505680704,3.4720290003076433,0.0,4.290291945495769
20,072,-21.828672701544974,344.65946733956974,-32.302233342910625,-29.791255157986473,197.6351584866529,-6.054506278729605,2.8898087818184854,0.0,-6.037644885345983,4.828883957042942,0.0,4.211012554857582
20,207,0.27493644456639954,-104.57886516515386,12.5405031925613,-5.4128028109756565,99.2543919621318,-17.758018099222678,3.851061531481748,0.0,-8.743463360487013,0.7548015044370509,0.0,5.537510630704165
20,139,-11.366779614763722,177.01757119434663,-16.639802229900162,-11.379829541899596,137.73589467710548,1.5967671609221608,2.523474140451631,0.0,-5.447782067521723,3.059198012862948,0.0,3.850495772631769
20,332,-34.868537371870104,366.15556367065494,-30.28181334948912,-29.968146209297615,223.99313081730335,-13.574049879745845,3.135333864664948,0.0,-6.9669974118166325,5.2722869949560875,0.0,4.536104342374309
20,172,15.198180016725594,-319.063306866392,37.37309909089272,5.132819479314249,-16.34451114779588,2.089806567038668,2.320503473819058,0.0,-5.424912554002904,-1.809319503760762,0.0,3.6973838656771574
20,271,17.651652645130298,-274.46543897603885,25.264553525737803,8.769393046077505,26.908565409963412,-5.404972834370602,2.859747695476566,0.0,-6.014745549891183,-1.1933682929608758,0.0,4.166955585872694
20,052,-3.5599334455447798,120.64387402005008,-14.422952022376283,-9.030403166284927,172.9858026429956,-4.989371833459794,3.3067780149263393,0.0,-7.028901230962273,2.8746166545804286,0.0,4.783218756790281
20,042,-3.9344450898690866,47.813387542119614,-1.7152390198000613,-9.964792200873783,140.20651113714302,-8.48193726773515,3.0713699890239856,0.0,-6.343242717104756,1.9001067065446202,0.0,4.364181758473906
20,194,11.859018737681414,-310.92172618730734,33.23640597689073,6.062012508602684,18.43656459820954,-8.24181849184462,2.651968589942385,0.0,-6.064910547942118,-1.575677663618264,0.0,4.581545271315539
20,343,-62.29578377847761,777.6705151526218,-89.84109834898858,-30.968140051073945,374.8666603487263,12.057840250031205,3.3156499892322793,0.0,-7.245537774413773,9.051781460554222,0.0,4.931498591080084
20,300,-4.320625397947456,-72.04973844382735,14.328826889382567,-16.137484344161503,132.57218099971914,-10.304240995178759,4.1305610136617075,0.0,-8.923624831052825,1.2417134371354224,0.0,6.0664185208833015
20,213,-2.2471163025478518,-4.255373811429946,2.111328822825441,-11.202301142232937,128.68688087288666,-16.171178393422746,3.3277360891928387,0.0,-7.550237731732577,1.508025315651302,0.0,5.156832188325552
20,060,-6.253274085422806,202.17431024383617,-15.30527613765621,-16.657065719624367,180.46063527469116,-5.237559803883131,3.489992387585599,0.0,-7.052222000438132,3.719351712862646,0.0,4.76548955091472
20,079,-43.46887888767037,483.216983712185,-39.10599009256913,-20.701187443937417,208.29010776760023,-1.4660282883682134,2.0354935893123356,0.0,-5.018665980163204,5.497485273606756,0.0,3.4006299986090625
20,174,9.87396787210271,-230.63030429490078,18.84132099122079,3.668283413891924,-16.49634742656799,1.4948757817708702,1.3748904150895689,0.0,-3.7436292947221212,-1.502503422679499,0.0,2.737203992957392
20,191,18.68669883686626,-270.2086303806588,27.374872187741715,10.971719225084037,25.27034009102434,-6.455054059659119,2.929740297780623,0.0,-6.07080953097519,-1.1211896337523166,0.0,4.2854155270597305
20,292,-0.8772198088678227,-131.6968100959265,28.252077336051716,-11.11273444523236,112.3337542909039,-12.789898013760357,4.364492080208382,0.0,-9.612177868086393,0.7510921778376154,0.0,6.1131317414191
20,285,-0.6036695574935749,-239.74820095176554,44.424185793626364,1.6830493293893083,55.094742518378816,-20.68298643519913,3.1630627914575764,0.0,-8.895316840552175,-2.951267760806944,0.0,4.967817496789892
20,076,-20.967733615873556,330.24354360258104,-42.00734876556915,-15.961019697700147,113.67356901553524,-3.747154376161316,0.9138646503722816,0.0,-4.031209489338239,3.773393973769606,0.0,2.6520370176792425
20,237,-24.749447135180723,308.90817677902453,-21.668464903254854,-18.496136939510368,219.2424472836188,3.9076062580811346,3.775507987091975,0.0,-7.6759423590887925,5.004504063153199,0.0,4.929785246411117
20,176,14.704815989272474,-267.98711052520184,22.132812730426103,1.9566885251347603,-9.825082800197965,-1.8069809848812661,1.8841432998406222,0.0,-4.180347054613809,-1.6419719299326545,0.0,3.139368751031891
20,197,7.129804169379458,-168.28171071072745,20.251067904946467,0.836886786611359,58.78769933741401,-4.123324365723284,3.214212222065778,0.0,-6.913247623993698,-0.05510962561783561,0.0,4.685975976715072
20,302,14.256273687606441,-102.65748822469602,6.78412583152911,1.701866558371492,138.9921179623839,-18.450454332910972,4.057274004100634,0.0,-9.568302041431625,0.9306579464190472,0.0,6.40046805230709
20,013,9.828897942757393,-164.33779130067995,12.605444768045317,3.456864907920613,24.752597755290896,-0.03103568561213943,1.7065942763944832,0.0,-4.148282418241867,-0.8638834464875572,0.0,2.939609118315888
20,044,-2.271372293947582,19.025536182759993,1.7844615348661053,-11.46231675955252,139.55289814655998,-20.818405480436315,3.2534566259799096,0.0,-7.300148409830999,1.737446540331797,0.0,4.9188287582372565
20,027,5.048577041891246,-114.47823146690615,12.916913306380462,-2.7729445698582467,68.22324589528536,-3.892676672254776,2.7523879875733748,0.0,-5.951181758267383,0.07888313194800922,0.0,4.040975133614236
20,058,-15.740248757856675,200.15946416824485,-12.312739665323889,-16.38280399483286,177.9961219183325,-1.48224909859122,3.400046084495524,0.0,-6.956033272536309,3.5464655007181163,0.0,4.657605520117688
20,018,10.07943287837229,-205.3319193453242,18.37067153004417,3.9223397335244297,48.45509994818794,0.05391491826586314,2.636163380380016,0.0,-4.959009504236266,-0.7319387550006756,0.0,3.6266344534408548
20,283,10.334306874659156,-212.0472819064641,27.25066153359175,-1.8644099256617508,66.01321767413356,-6.707520173621704,3.4675543534508537,0.0,-8.182532880587559,-0.43944782914524905,0.0,5.599267509725716
20,232,-28.968474737164346,201.0265110229583,-13.389452060048232,-34.933448400804124,194.66517042222733,-7.527531707702631,3.8807947711861144,0.0,-7.942155641772602,3.913745274805037,0.0,5.403046137782197
20,036,2.650877596081319,-22.7003540382896,-0.6691754945230256,-7.151640618028059,121.58520045899796,-14.546302520199646,3.253226016714126,0.0,-6.968083621944539,1.2318442642846053,0.0,4.79491269971091
20,171,9.020684946013844,-319.8082954188273,31.516165504710315,5.9856307845225505,-6.280746770072697,5.1469280653001235,2.397505158481033,0.0,-5.073475413621672,-1.7941157814485034,0.0,3.489713429873754
20,211,1.7552592051702636,-174.88150380414905,29.158820116401095,-5.94967654294278,119.03233965553954,-21.67738179626627,4.036751089210319,0.0,-9.527080732057318,-0.16669321280761817,0.0,6.020701498016049
20,041,-5.442847572052378,52.00938176233667,-3.1746167913960215,-12.695217301429727,132.27149066678516,-7.381106263708229,2.788776959836381,0.0,-5.8414271821876635,1.7696161709124918,0.0,4.162954821024269
20,090,15.241658500290562,-308.29085707672704,28.468888000377348,-0.17125627055085935,-15.688146840231697,-1.1844368813335757,2.421748812711593,0.0,-5.032184465904186,-1.7500629345949585,0.0,3.409025290248903
20,214,-12.225085621336083,-21.95825994961596,13.379142245951511,-21.32928247289719,119.3996251302559,-13.69253627103393,3.4259094486753248,0.0,-7.690701113743996,1.4403272422284044,0.0,5.148356477784138
20,006,9.401379173947813,-295.1825390257128,27.362311727484123,-0.5640151720157873,-0.029755284011341462,5.407533357195201,2.1830166189061617,0.0,-4.405100348777359,-1.7591100340146735,0.0,3.1546693729464157
20,067,-13.646078520655292,297.3994055776641,-32.32820136858998,-19.79657878850869,208.43786627711717,-5.443855246711283,3.376403688885483,0.0,-7.401032638912743,4.599836309086235,0.0,4.805864925060287
20,319,-19.840870746146187,192.294653858767,-18.297873874779235,-21.353776952189126,218.95595781819122,-14.514433189974518,4.260927875792513,0.0,-8.508975647531695,4.047398723743253,0.0,5.702774514672755
20,085,15.48017164413941,-276.05139776026215,19.835146957627984,7.437091557175787,4.564544600196246,-3.6436752922296396,1.8398574291090557,0.0,-4.031092448114314,-1.1188611273565234,0.0,3.085785109735032
20,158,-18.2164848880471,337.9330426029934,-42.48755732592139,-15.578634167849183,118.62435624788178,-8.917184148975071,0.9885627395060295,0.0,-3.8423525810162342,4.000559309831688,0.0,2.7604848475694155
20,126,-0.8144574897654615,43.06114865035732,-4.122326947227142,-5.562412433747813,137.684625616446,-12.308872479874207,3.1317183760207863,0.0,-6.432742207268589,1.837887139355605,0.0,4.404966792209444
20,316,-8.624734218297448,192.3642904125522,-13.783822560569323,-28.001641469385824,200.23918845437288,-5.061952723414447,4.037690450361822,0.0,-8.460189563229832,3.79051695303333,0.0,5.409888141264166
20,320,-29.69414409556844,289.11475855341166,-20.034341786376253,-25.885113899143878,214.8923698614381,-5.828924933662391,3.6643842989808992,0.0,-7.690493208382626,4.550189185115304,0.0,4.673784798544144
20,009,13.277455581083178,-317.8252132281664,31.717948180065036,6.770132739986251,-9.196847039206812,-0.5607044582976939,2.334826914929847,0.0,-5.385830205334645,-1.8381954286340454,0.0,3.6701579092465426
20,321,-15.65633524580101,305.181089571571,-21.027305480700083,-20.70515016171091,224.90547563080932,2.6614370525561126,3.691244165098151,0.0,-7.508429764598796,4.847726372037662,0.0,5.085656934212793
20,108,6.404932776562973,-71.38988635020269,6.702705406165571,-2.8999614520858557,80.03871287465181,-0.5328397872498565,2.382079415498914,0.0,-5.028892384482126,0.2644058616768552,0.0,3.4690684831264447
20,046,-7.951782551870227,116.50622310998205,-16.027586142568346,-8.3075454188292,111.08999963700636,-0.6761312124650876,2.0661640235903147,0.0,-4.9368094990526,2.2224286129040656,0.0,3.350660449093069
20,269,22.77438908390802,-395.58448269029543,49.6456353577078,11.478485582388362,-7.059735704578088,-1.583303814073258,3.0294944476555234,0.0,-7.311130639930469,-2.6128636866115333,0.0,4.884863999137441
20,033,0.9265823397591245,3.5507157367468984,-2.47475283603622,-5.15357030482872,108.4925159919859,-7.372552736546551,2.5452870284412557,0.0,-5.448850680553006,1.0391863278488052,0.0,3.687263000734807
20,010,7.280953060905292,-134.87582589477384,9.963076223781732,-1.3652691708731914,19.876897937801505,0.3907717939593306,1.1170078877822354,0.0,-3.4473191594746924,-0.8767363485096052,0.0,2.475207855095059
20,301,0.34525049445133416,-76.37441141394079,13.186100620097955,-13.120349572203283,139.84379796929704,-18.16641511236001,3.984502573547229,0.0,-9.202037505046768,1.1686388639455498,0.0,6.145008749060722
20,236,-14.621794588502471,176.59941714377365,-3.8978082375614935,-17.516213445377048,205.47447464730803,-5.728523185703846,4.141031116593799,0.0,-8.298141253837347,3.705825104054214,0.0,5.620665474569266
20,165,11.596324203267601,-212.78745751077372,18.661810014038075,2.1854632451653604,-3.6730101467281338,-0.9477143902523751,1.1171998076114076,0.0,-3.5228337463199386,-1.585780042056093,0.0,2.654017111257246
20,270,21.228655704429553,-402.76702752108156,49.872813677497376,2.378194368237791,6.134202342882553,5.4901087390610135,3.2953757909018435,0.0,-7.726061661932383,-2.5228914055703227,0.0,5.108621996933717
20,317,-18.72981529911216,197.25076892741555,-15.868232413806863,-21.11435393491826,219.19571798029565,3.4630877027846525,4.090757568182464,0.0,-8.183049574433545,4.01292149045829,0.0,5.417956045365669
20,055,-12.3026798101444,188.2693413993003,-15.837395036660308,-13.92883127772457,141.3392430739519,6.304433465478705,2.526980985469208,0.0,-5.517585213518652,3.1502132335393136,0.0,3.7881856339319224
20,026,5.268018691697874,-83.53128042611715,7.823668318859243,4.819514637844662,73.21216114116068,-2.152881020314175,2.5670495380232183,0.0,-5.610535280773612,0.2603792788247974,0.0,3.7350160275923376
20,144,-18.968288672650733,184.82827844111617,-19.944479706419543,-26.074362314608074,175.84952976508197,3.6357792687930246,3.157541994244962,0.0,-6.612128216873816,3.4169996000815086,0.0,4.538488334038357
20,131,-1.176309763071861,132.4881393923483,-10.55077689137986,-7.477799163942054,134.53695004993412,0.7882660858613488,2.5686763691060226,0.0,-5.393548088593763,2.576044208589148,0.0,3.75896062720875
20,309,-7.39983818469011,78.60409351032928,-3.03188215719835,-17.88722259997506,179.61310399433484,-20.625256892710603,4.051930265982416,0.0,-8.665662831322413,2.6328519946019755,0.0,5.696242027798266
20,065,-16.701811622803955,285.7494392487068,-20.288134140964097,-14.448226747194113,197.742104918082,4.292257919439524,3.244171988737741,0.0,-6.571080045019135,4.509056869629139,0.0,4.53558954557529
20,325,-23.388708148544048,299.6040194551023,-31.70636277262504,-27.655422594956168,223.9071684370782,3.3815333053376015,3.852080334832255,0.0,-7.9420485344475145,4.743842092109666,0.0,5.287108276399675
20,029,-0.7897092056676169,14.532625701804445,-7.068584854589268,-4.078846756938018,60.66691902975434,-1.3961620815526568,1.2734169339085506,0.0,-3.8161402179002453,0.6206701136152158,0.0,2.648653949434098
20,227,-5.024835780834027,88.39569004533432,-9.91966358066386,-17.16025309657606,199.72299801304897,-16.076398040836487,4.4680628324533505,0.0,-9.50569430403165,2.8916648049476326,0.0,5.885915156551577
20,288,0.4429818795577485,-65.02057373160386,8.41987719172392,-11.81556599131367,125.5389195299049,-10.707995445766079,3.5347767374918933,0.0,-7.420980811427521,0.9807908135970576,0.0,5.009743221002501
20,347,21.11384998905929,-366.07175894067746,35.9375330897925,9.619778271768121,-21.449191454974088,3.193559760591462,2.8280561352937195,0.0,-6.421437175712665,-1.9944734498138819,0.0,4.377510103517904
20,098,9.551790649706977,-206.91680659759822,18.81484175245227,-2.20344437556793,29.377555474802058,0.28464034395789817,2.5768551761461875,0.0,-5.054971301214531,-0.7276098603298267,0.0,3.5757410833236127
20,219,7.258076730278994,-107.82521421607949,14.543696330612125,-1.2230212772228768,128.12494266085733,-26.61238705551632,4.075372474169989,0.0,-9.275966929505737,0.7964515051790666,0.0,6.355079824167255
20,086,22.585411283275576,-290.4241140058389,17.677773958770935,8.179491731258748,-7.456313726521654,-0.10984248467189417,2.1770843073406896,0.0,-4.3943384186982,-1.6833689736093442,0.0,3.1871103602778463
20,070,-13.90497359320949,289.7743885486193,-26.834739346651723,-15.565488248139724,159.03283961751725,-2.5910892642592653,2.3860426783038045,0.0,-5.4328212360933525,4.063086655592712,0.0,3.652016297239125
20,001,14.918534405862138,-207.98019397126683,11.374355744599129,6.548190779728748,-18.405888095570447,1.7385223926317037,1.060133047070048,0.0,-3.334088473769233,-1.4925771594364328,0.0,2.476099634669
20,160,-26.70616847180078,422.0505101939797,-40.58132780122249,-19.97614276653025,180.44607095585476,-10.446191018076549,1.6872043488687098,0.0,-4.7829382709422035,5.018597305801669,0.0,3.195325279008561
20,061,-12.857844625348712,199.74315848983153,-20.9236857015854,-9.992726323252198,102.16205183172842,-0.6923630650195207,1.7097087337160548,0.0,-4.521307563851135,2.8259868827817627,0.0,3.0785477792994493
20,342,-50.7914387776468,751.2461680270882,-73.15474530816711,-15.050546982035392,361.67689507824315,12.733072822043441,3.199268886461363,0.0,-7.167497566517441,8.337905454750475,0.0,4.464479589106022
20,112,-0.2449595995211351,3.645906333208163,-6.958634122024309,-3.1887196868257197,55.02218148803485,-3.545615723495222,1.1319284529614246,0.0,-3.743501595782609,0.4877283299008982,0.0,2.634134121524851
20,004,11.770574032831458,-247.48013461109005,23.069369764841596,0.5955278932979362,-15.19466460541694,4.547638336554513,1.50249391020535,0.0,-3.7923830377302608,-1.5962792163195672,0.0,2.831368344580599
20,338,-40.92788221615417,655.4289855501004,-59.22794909549478,-19.516345060211627,316.36029027922183,9.118637938197374,2.8344800772104595,0.0,-6.340121940488748,7.441688903961711,0.0,3.987298125477959
20,186,9.1720733694121,-378.43658942854626,73.74511348679582,10.226846927723454,-8.803185304996948,-0.2989393210892537,3.1026368235263666,0.0,-6.974117285308744,-2.1004099123868483,0.0,4.5515931631605975
20,138,-7.735494969722804,161.93291351497288,-19.02138219266109,-11.204403819047972,115.76482772001813,6.215820945740492,2.1242729793312036,0.0,-5.042895731857048,2.698570080775517,0.0,3.4154723280749337
20,116,-0.6419175713652812,-2.0391400287094616,-3.2290534361772307,-7.271894709840343,91.32372093325394,-5.271603617014847,2.0887866416073018,0.0,-4.766261904488831,0.8914957226566985,0.0,3.319659607743576
20,313,-2.775513554963335,196.21400797025214,-13.934440369855912,-5.1144906735349185,196.07648194971551,-12.358892488555064,3.671248009784758,0.0,-7.590267418908917,3.6731120096439422,0.0,4.884716137324117
20,282,10.525148169718152,-213.1637322092032,33.24543449482307,-4.067395833026354,83.36137539087864,-3.980577165436256,3.662565089327547,0.0,-8.649733685078731,-0.3350947572441074,0.0,5.722093370539129
20,243,-24.936682343856802,282.1977672739161,-18.3007419973357,-25.633262746346613,205.69269201444507,-0.11663877846754112,3.7754660749846414,0.0,-7.850566929247241,4.710837199801416,0.0,5.174743559000246
20,330,-24.88250157402718,416.62207812110455,-37.31842070395526,-12.433870972779776,251.04735103966598,-1.6677424544570285,3.9835215084956466,0.0,-7.702711217661911,5.864415547564578,0.0,5.054594435534928
20,064,-19.914793711336557,293.5893490842941,-18.132825883189806,-17.028157392232718,202.65721720133158,-4.0139359354486075,3.33450493528206,0.0,-6.445499183930059,4.585999677040286,0.0,4.528485410045198
20,159,-16.42807351668531,378.4809984325879,-53.73666843830903,-13.142099131333753,155.00470344311213,-8.307249966016014,1.377296924480527,0.0,-4.21682455739894,4.445693543254491,0.0,2.9105520175688633
20,132,-2.3607463687552603,135.86590126542012,-12.989087800940686,-10.539914768477143,148.4492280149984,-2.8138723782580777,2.8150069817352295,0.0,-5.803320065991998,2.6538067244665853,0.0,4.0605371345085555
20,007,15.947540155553362,-302.68745488087734,20.149193147680748,3.884655189930366,-2.4386984227936286,-0.6735997744598015,2.4016810346377264,0.0,-4.926512364513314,-1.8598888247677636,0.0,3.312095373517573
20,263,7.4599120877569955,-357.8031538692484,39.819158988266864,8.63246796791082,-15.17690090670483,7.498979205472828,2.6481884255731987,0.0,-5.7029823755747495,-2.0767360401694273,0.0,3.7557603320721893
20,311,-15.75590820792331,66.12249005263132,7.394836952063282,-32.635787803996244,177.27073203016246,-12.953369510165956,4.334150923035134,0.0,-8.919790545783869,2.7015130487085592,0.0,5.884611871821868
20,281,7.467418514743167,-193.8374586885001,23.37660453471358,-1.4180883384894476,58.093780229929074,-10.395089353453752,3.514527188226374,0.0,-7.948873612733115,-0.41422875096004375,0.0,5.190184583386307
