racket_angle,traj_dir,spin_before_x,spin_before_y,spin_before_z,spin_after_x,spin_after_y,spin_after_z,v_in_x,v_in_y,v_in_z,v_out_x,v_out_y,v_out_z
0,037,-3.659913490999155,80.34792606506852,-7.855665211567795,-1.2194416490271718,33.70041004855424,-3.9015293524895003,0.7029577468767397,0.0,-8.181654043632426,1.228421295558892,0.0,6.030123606704584
0,329,-52.02588842386921,405.21639680216043,-29.907968162609087,-6.482230832011025,36.453653018427445,3.067095636814154,0.8445773386959146,0.0,-8.080250338277454,5.534471490649308,0.0,5.996394478891878
0,053,-18.441265484783717,200.43835523256368,-11.940866983112194,-1.819100015963081,33.58769078767215,2.1191338711449537,0.6754404073636504,0.0,-7.930583438050292,3.069722607566498,0.0,5.491705066625875
0,251,-42.14769069827037,385.1018091799732,-20.056065182535615,-6.577016129406024,31.314598328022655,-2.4831439221267697,0.7008512238622041,0.0,-7.844724842193042,5.308762150721246,0.0,5.728757252971105
0,141,-31.23180905607944,245.70470611473922,-15.540120658940475,-2.532608968619124,5.824719673506574,4.519336797352757,0.05748067337814989,0.0,-5.159979179473493,3.3556185691148706,0.0,3.9287452829972302
0,331,-46.2103556725787,426.2729908425985,-31.461675696200036,-7.804241022255683,44.83689952808141,-10.929434955673242,0.6259264499671482,0.0,-9.340013288017545,5.999746648886449,0.0,6.2543979047637
0,003,27.300714389133734,-251.74384455917945,10.274911001781083,-0.9760751603458355,9.097452875017257,4.584330620420616,0.45803300893323046,0.0,-4.093851180941242,-2.8887390049952537,0.0,3.3490422155046344
0,151,-55.54335494226489,481.02165820990797,-35.619560527576276,-10.3195404219148,50.700666878550116,4.521571361916948,0.6498036863517824,0.0,-5.416755194962672,6.3592894735484045,0.0,4.165921733470642
0,152,-44.220580845702194,530.9650560700983,-50.48928728821887,-12.46594488616469,57.86592249548711,-1.1590594699204793,0.7707185697158406,0.0,-5.926751921949646,7.065514296782506,0.0,4.491084861215284
0,164,-79.3362428257057,614.6217870824784,-46.204005058477115,-11.541960894342518,72.06883043200114,7.5743826037506485,0.9502177179665727,0.0,-6.698242867545515,8.189288330570202,0.0,5.13379608967808
0,193,34.20282580830795,-350.29485514826547,23.430043250250634,1.060840789006096,16.995786274987108,-7.920254363806651,0.1651010072185319,0.0,-6.962277484320128,-4.605936166614314,0.0,5.060700762481326
0,031,-6.8817353974971835,36.25239834597937,-7.1815693879750695,-2.193284916689359,-0.18832798962509859,5.9448963317998205,-0.15194028501375187,0.0,-4.428230923314601,0.4566135831883058,0.0,3.3536041482977934
0,248,-32.161893721089946,279.0658250187389,-23.97964430047511,-5.5165148139701365,21.143209642940295,-4.649594632320932,0.6330406933060501,0.0,-8.979799784186806,3.993282425646007,0.0,6.492211854342794
0,249,-42.57321486561213,375.65912896872425,-28.985807667351317,-5.5714872759144916,33.60933578440852,-2.7799678492560056,0.5765726597075961,0.0,-7.99481269939989,5.248202496621283,0.0,5.683720751372419
0,221,12.86406002688934,-60.60750152838152,8.424156083327935,0.5374750865621143,22.240301323403884,-7.759301214038525,0.2351931022933645,0.0,-9.378414080181882,-0.7574954996439155,0.0,6.210808198880456
0,262,-89.66203057552833,779.0236155209507,-42.03853265817294,-17.468638033721106,123.8248360962376,2.830503050821431,1.4258023990514457,0.0,-8.2105966465783,10.232656303639908,0.0,5.869882505994691
0,335,-83.05735743422156,708.7221057128571,-32.13231015621316,-10.952579902891962,86.09383467372102,3.7418616994591605,1.0652040541533558,0.0,-7.9315934271098705,9.232736024695619,0.0,5.615757999612523
0,205,20.923108073062938,-158.15334297296755,18.07869373701849,3.305743482473907,21.917411902197177,-13.085827132088966,0.0030398761884016497,0.0,-8.155075547256757,-2.181370431568987,0.0,5.048128036242353
0,264,33.51287951057278,-325.8974445774155,27.677550834293836,0.3253174384764964,27.706771803099837,-6.871667130295774,0.4376440467830949,0.0,-6.25855158017125,-4.047864808324585,0.0,4.769288510543757
0,107,3.9981120404568316,-11.093614852238712,-1.57368138808184,-2.767308789031845,30.722252053870918,-3.39413718113942,0.4351812255428169,0.0,-5.8309175223286225,0.011473825958877538,0.0,4.801202093988857
0,223,6.178051912004356,-120.68984015673732,32.001004085701375,-6.366231249457921,7.04738814002394,-6.650272258067661,0.05361004541387904,0.0,-9.512078775282767,-1.660607357251257,0.0,5.874774855255782
0,127,-21.780242306234033,180.02280009977363,-13.935329876827092,-5.0370515773711215,23.846692707406785,1.3864747357357854,0.40199360872803275,0.0,-6.785307225203963,2.812405560613269,0.0,4.867208032178978
0,100,13.632757537912276,-124.68607937809375,16.403049671103624,-0.2667215869836343,24.928518188909756,-4.074774725439907,0.24711221010341308,0.0,-6.58253315411268,-1.6727188738493803,0.0,4.77871309066005
0,014,25.465227633361206,-254.73398806665102,27.391640140354216,-0.9525085006225248,29.091536210646044,-4.686822859568153,0.47044161006694446,0.0,-6.394031271191392,-3.234477818649731,0.0,4.867240321792686
0,075,-55.45457827332206,524.2729402346299,-30.01866375924519,-8.219711313786904,55.58086253486686,0.656534351702765,0.8457943467349213,0.0,-5.9051895671866665,6.804845466062753,0.0,4.560028438487785
0,134,-22.826421779165244,235.5532921067297,-21.604784001380658,-2.4647103935124526,20.172246006090695,4.124264701405551,0.3669274732319409,0.0,-6.0866362386828134,3.418612720667955,0.0,4.609847327509653
0,173,25.694268020478518,-228.9975477783632,12.05388282929043,0.8757264048771303,7.198820473182607,-0.5924760726265692,0.19606428829059666,0.0,-3.961232772407204,-2.886782759551471,0.0,3.207759390340951
0,002,23.80644969696791,-234.47441032415057,9.465877706418016,0.26054995857982977,0.7433862044201818,1.7375802883347402,0.1986586220100166,0.0,-3.8338299775314084,-2.838600272882442,0.0,3.088566490326008
0,099,9.530331131893437,-105.91677206287056,12.646350491138096,-5.270966044556201,30.250535298774658,2.746279591873996,0.3176220516626725,0.0,-6.005808715922441,-1.2731576517298173,0.0,4.552604922256758
0,229,-8.816825397586163,82.9394694549027,-4.7930871325785604,-1.1345812291742519,22.649926865568805,-2.5515787643985415,0.3990853774585231,0.0,-8.865127613716933,1.4183393720066488,0.0,6.387546532335172
0,166,-43.299865531060036,372.7558055181557,-29.183921071522164,-0.17394435227572363,7.116533107653066,1.6149557051067012,-0.11276143353204901,0.0,-4.708561904705668,4.73137688762008,0.0,3.5912379846198346
0,136,-35.34493732718761,263.7666167883947,-10.04903379072021,-6.820852070245724,27.130790575341045,-0.1046967310642524,0.6228501241147275,0.0,-7.431495068238923,3.7898222146082117,0.0,5.254742601905136
0,289,20.051761358509335,-147.78749947981777,15.379959893277622,4.067645085909892,22.972752928630904,-0.2834356614958949,0.17795856970003804,0.0,-10.465680914210852,-1.8986286447435248,0.0,6.434183106241952
0,238,-17.07829381034937,166.72536918221647,-1.6137012015666483,-3.1957354078444618,23.411598105995754,-2.7842034224228547,0.5744973957005622,0.0,-8.711723263061218,2.6354810982529244,0.0,6.186882843273054
0,190,21.618697626119936,-266.1094198774125,16.727814421960286,-2.6557021695176997,22.52071249571981,-5.743219059766174,0.4832680964813788,0.0,-4.672337166065748,-3.2845110039531025,0.0,3.6098188078760023
0,203,36.76700892602714,-329.3124417787021,38.997519095076484,-0.41701433527747955,16.58681756006274,-4.47066387351089,0.07475595158820458,0.0,-8.525450930332823,-4.412715584933819,0.0,5.29262734691741
0,233,-22.96210155376684,200.22561179858747,-8.095041936735152,-5.998256938483849,26.98208187047521,-3.4204364500728848,0.5708088268749164,0.0,-8.279996039155952,3.0774867839296474,0.0,5.776151981373913
0,253,-44.73066386041613,419.946971401828,-19.99123159588505,-15.366531224698113,43.935862724132214,0.08550282476486898,0.6958459528607477,0.0,-8.501472329992268,5.88002423508279,0.0,6.092640900703111
0,117,-15.7647523926068,91.81043615361642,-16.469948252179574,-4.105617734968187,1.2700917191345675,7.632414142330741,-0.06474308757167842,0.0,-4.674482483543732,1.2264806452022574,0.0,3.55267023077936
0,212,11.327868763446125,-118.96694552547842,21.02654712953184,-2.4396874022720754,17.989396694167468,-7.511329775640621,0.17756742986547377,0.0,-8.81270367839365,-1.649745850807297,0.0,6.0602689918862085
0,169,-58.12225490034356,383.180643841656,-25.814748761279404,-5.387227970177945,23.415733409285323,-0.8206586922053152,0.1743832464462709,0.0,-4.552374963288116,4.979537248942087,0.0,3.4123736863817373
0,032,-6.343211671211856,48.147427080029985,-4.5899269248557655,-2.3167096198494943,9.491507670582164,4.810731307366328,0.05864714641154722,0.0,-4.845241549220603,0.7797641852538365,0.0,3.6496728501624855
0,056,-20.2095350879835,199.12396791138994,-16.631017418863813,-3.084756048343418,11.627960143675523,4.26688067789776,0.12456441459295374,0.0,-5.517884092345825,2.8012777482089004,0.0,4.148246217769913
0,196,37.49611660444903,-376.79940973298767,41.90143160698564,0.9563107630010051,16.91520374167833,-1.201778412875055,0.10103671049279105,0.0,-7.574661067239173,-4.97489597346602,0.0,5.19444443931681
0,129,-15.563499274188809,178.74858052877934,-4.277597450156894,-2.9851854368537287,26.354262830487656,2.9541059687373044,0.55647568633285,0.0,-7.305738018274852,2.7766164655093384,0.0,5.316329166316194
0,275,28.67406668952087,-304.68226328419996,32.4675556017568,-5.788019548951594,11.76030727845535,-0.17916132823032707,0.02065312785374488,0.0,-7.816916078303483,-4.206971933297435,0.0,5.305735609794351
0,156,25.673584388187777,-285.3158494688259,19.747847199824164,-5.183291521306646,35.75589978349762,-3.0272171647463373,0.733413013614211,0.0,-5.080023376566189,-3.4127231265279523,0.0,4.029401158464237
0,305,1.3473931971718667,53.28697612079947,-5.5406720613587135,2.078954110579797,23.358794486640026,-5.40724199443794,0.3401587614341379,0.0,-9.30750921841765,0.9484186540234107,0.0,6.522196834708411
0,155,29.20648742252845,-264.4016154342325,11.696073326503246,-2.0477737841723798,20.381826553410477,-2.094527783496542,0.5547798046200975,0.0,-4.822432710045629,-3.3466541321179353,0.0,3.714069891903406
0,327,-44.251658826663814,398.85465808286824,-37.751046133151625,-10.714791250052135,40.90006872543606,-3.6761281791346,0.6274876154445883,0.0,-8.358503403561043,5.728668025203545,0.0,5.811812442183197
0,022,16.68080429028104,-143.39839550519142,14.522975928347773,-1.1311581244727356,26.01432515019972,-4.585485581825634,0.11363824518583773,0.0,-7.113501551521147,-1.8973001226220796,0.0,4.9828092208246435
0,120,-16.256364844426216,145.06458769233174,-9.54539729181745,-3.565050577684621,37.235296211730294,-1.9394088071879851,0.7532587149152014,0.0,-7.602932047780768,2.385315069982306,0.0,5.2793617800208485
0,125,-30.16165828137576,162.63054769660974,-29.335472426353185,-1.982929551758772,12.224812403779405,2.189118810008876,0.2182500798817584,0.0,-5.457489011937998,2.362119480640119,0.0,4.124697714740828
0,266,36.61681513907144,-330.448175758027,32.01176498422392,-4.048228985905743,20.64443169163198,3.4105708707659312,0.28962062184307874,0.0,-6.466901337322327,-4.2075103036484345,0.0,5.0559829785754316
0,260,-82.16845536867116,742.9903667257371,-47.344588096372966,-7.882445853937548,113.99667411542102,-0.7954268712515062,1.289513018801696,0.0,-7.906410243083665,9.657694847244546,0.0,5.66998623225145
0,252,-36.9919263796069,398.06292183948483,-36.035959694246124,-3.193609905324663,33.55640569960413,-0.7175907451435153,0.6635831460238583,0.0,-8.388482932645399,5.537417287505379,0.0,5.826859554849786
0,177,32.54706875574858,-306.24838692031705,21.987780863899424,-2.171450319287872,31.509112544065204,-1.8242644777999657,0.6530139407316088,0.0,-5.28624551487426,-3.8138740371736395,0.0,4.064376160253796
0,303,-19.199588587301477,98.33430147388573,-3.4309984634689337,-6.412957728946599,24.29555111192594,-4.604794116234444,0.42109972911758337,0.0,-8.914491945825858,1.6171233878986127,0.0,6.286124343153861
0,162,-57.989252560766424,560.7175720204699,-32.319794309254114,-15.38194951397798,68.15727249936667,5.577969860385478,1.018630995839706,0.0,-6.336422016986398,7.329534593984265,0.0,4.797987880592402
0,008,32.72275645316967,-318.69681177340544,22.931054693528615,-2.986356729605009,27.37897680906934,0.13764264480974567,0.46253532426902416,0.0,-6.22451338123247,-3.8810990729448775,0.0,4.629898560841506
0,198,41.356323502216064,-413.624939136132,37.457174359474664,1.9600339858012101,30.19990776486555,-2.6882059043871136,0.4455085707703115,0.0,-8.17004392477754,-5.1386834211278005,0.0,5.801883903796903
0,030,1.4191687168528926,-10.835539142974357,2.802725117880513,-4.827956831289574,37.05180641487705,-7.4102136656117015,0.4746739370152367,0.0,-8.475873653476114,0.18569424155594766,0.0,5.98696631830614
0,062,-51.32097247767878,252.57166276842923,-13.542742544983248,-11.108328827950718,14.906258461280766,3.5499937898653737,0.45783729315998484,0.0,-7.561056966117217,3.7311080716770393,0.0,5.501434569956835
0,054,-22.6741341984102,199.0046457009274,-14.040028397555417,-4.123972387695101,26.811433714287578,0.05920869397357658,0.6919488898284317,0.0,-7.849364409010078,3.006746797569014,0.0,5.80233147822457
0,337,-76.23978891454121,742.7516262020633,-32.22671577691384,-21.431668778545475,95.3876180500521,-1.464446087248791,1.0567184853125628,0.0,-7.579760560477629,9.543375484738318,0.0,5.592448725351673
0,244,-42.49106856431523,280.2649744926237,-10.031617600196999,-11.650418556405027,24.30730759865446,1.4722218278603434,0.48724611974421644,0.0,-8.418999762816256,4.118116262957581,0.0,6.16506802616437
0,109,0.35818787762195914,-24.57768318254507,2.948341197524014,-5.297317308028622,32.80385570397287,-5.817359596181765,0.4644174024025751,0.0,-8.19760056708874,-0.1445566208226613,0.0,5.780316773377266
0,047,-15.841170141552336,131.4936643093248,-14.963641861010146,-1.7558587002309056,3.5088138494085643,4.716283084071038,-0.11439683440069516,0.0,-4.800298356537018,1.77948911504585,0.0,3.670523391832609
0,167,-35.60397255239091,430.16254806232405,-21.417671560367936,-8.225350154476935,33.03250153249367,-1.2979508559176443,0.3751602548451103,0.0,-5.096633059232036,5.685430002619241,0.0,3.8751289655428733
0,231,-19.9116394863979,66.60523390851684,9.847340693193933,-13.915748427103647,29.18686453099243,-6.508649424398866,0.5838086247538975,0.0,-9.374972898569954,1.1969371767327286,0.0,6.960425660265207
0,092,22.50588289569605,-204.99515017797947,20.370468811668815,-6.225316527679812,35.257368665885934,-4.417309954208119,0.6160689735445062,0.0,-5.250187966214171,-2.4170192243889477,0.0,4.2632072188098205
0,005,30.72133260952683,-291.7947806768729,12.376022608956626,-0.916230152907053,27.963401748008717,-0.9001916560700721,0.8119403282075456,0.0,-5.07512480948739,-3.481876798918661,0.0,3.9863833611043487
0,265,36.35982542321974,-334.5311501832618,31.95349841031895,5.733377561577589,16.565820132129538,0.04293418989817676,0.28606872938540234,0.0,-6.089092498697275,-4.312929973251718,0.0,4.6171353590825355
0,096,3.454847599318678,-56.8838242357306,3.09343606037723,-0.6469993092960444,-8.900715748672358,6.459151479291115,-0.23036282876836453,0.0,-3.83537534034467,-0.7043796854199667,0.0,2.9144682401706086
0,073,-58.222437855337866,425.662167534764,-18.3336142626142,-8.607924666189085,38.932941577357475,4.817546333387939,0.4118739491201876,0.0,-4.786189356641452,5.70084140927701,0.0,3.6971907694941217
0,071,-46.57578550486167,327.77860702339024,-38.491561651116164,-5.732648451356252,-13.09080252493329,0.4628498131013005,-0.42965372535211355,0.0,-3.9432675222816864,4.019981890778342,0.0,3.1149075100420225
0,123,-11.819919650321058,109.42971398257014,-6.942565102296251,-4.735290363305286,29.794299161142778,-7.658867269680283,0.6155326317722091,0.0,-8.119230058215013,1.8534348378442045,0.0,5.846210169947294
0,185,33.742227133019234,-320.21913476190855,27.24256817688237,-3.215764440259378,26.934740920710095,-4.608540779409952,0.5586669888892152,0.0,-6.000924945019915,-4.035636385788444,0.0,4.630769265478808
0,224,7.528489300018211,-104.40218826714505,17.21696571594072,-3.0559983168158844,21.380812088857944,-2.4513817003953893,0.1311705540140853,0.0,-10.291600575254328,-1.2726211316563014,0.0,6.619278383279695
0,180,22.512773710370844,-252.25350001642911,13.01200987354448,-3.96580379563071,14.694134787832168,3.066327896357356,0.3849655918072528,0.0,-4.35196106701332,-3.037163142854362,0.0,3.480444064431235
0,272,31.40273203034783,-402.2652476845684,43.40960350039507,0.2929690489795143,13.995713636014559,-11.003576532625917,0.19039781690124888,0.0,-8.0661291252202,-5.267248214950271,0.0,5.414806274582712
0,020,9.273158288263057,-93.71727922347469,9.387001510836226,-6.465866753205153,33.38332590207523,1.1335689017224426,0.4121544732503917,0.0,-6.326336192645405,-1.1613534989240175,0.0,4.566468263766509
0,299,21.99733674314413,-118.69069571285596,1.6663229884501038,3.678896514262098,16.808594645802494,-8.061461006081121,0.24958037128806074,0.0,-10.207688762425482,-1.5947766749387586,0.0,6.851283489427307
0,140,-25.189177520602943,213.90325199656922,-12.913389937309283,-5.303859447642889,-2.3380137672883166,5.024601845099904,-0.17799556013223244,0.0,-4.546728783456558,2.8703339474369987,0.0,3.443914747091912
0,148,-42.1611322239121,319.8772587474589,-31.36792694090855,-9.462496421510838,-12.414794120868072,3.4340707170449423,-0.47559362981328474,0.0,-4.038494394468722,3.95507211278496,0.0,2.987106916982899
0,277,32.32132928572032,-312.3959990201693,42.58351880673618,2.7025026007051967,14.792772877668234,0.12483785701775384,0.05012006876408695,0.0,-8.146459811196026,-4.2598860443393995,0.0,5.436014317864921
0,012,21.366506704525715,-226.13509302525665,19.125234414244037,-7.878469003834033,31.628212746134032,-1.4286974247336304,0.5170980749517887,0.0,-5.783098725758152,-2.7162091769727814,0.0,4.348897160044159
0,082,25.863531735544246,-229.6311208993931,8.215080890714885,2.590103615024065,3.6152698061950916,-1.2875676094515407,0.225742038140392,0.0,-3.9592136211712656,-2.922451160032911,0.0,3.1560467523537072
0,128,-21.472642302477606,186.08864322879185,-4.115283084757115,-5.078860100406688,30.0584024984956,3.222882742296792,0.5937416746758455,0.0,-7.085603652667718,2.7912605660206324,0.0,5.277419497161065
0,110,-7.336392331879896,34.393814882981026,-7.421223676052601,-2.4978027009317576,-0.7522597930064474,4.250173794557948,-0.15166837608461994,0.0,-4.237990447195484,0.4631143969815431,0.0,3.3749564195129653
0,143,-26.41073185081904,284.7416532231753,-26.884063818637205,-2.723914831716455,6.677424980326961,1.0461152930621815,0.20699692659792043,0.0,-6.181071746084719,3.8609916878965342,0.0,4.714688914345644
0,315,-24.31674729366265,163.0450888191664,-12.502342200280658,-8.814578420415854,35.88171045738225,-3.2050475669006575,0.7247659193047478,0.0,-9.653414493326979,2.709369758623625,0.0,6.8529825157384145
0,135,-27.558123705335962,245.94196424086533,-12.252168123667852,-6.866071167766844,21.49107927668438,0.586330084684762,0.49299113095961905,0.0,-6.640309358393662,3.5904754908132857,0.0,4.9108764567441945
0,220,2.668990484652926,-25.118565450471184,-2.9406112343179767,-0.35988792301014266,16.785910109685982,-11.443665450901458,0.1700658586161186,0.0,-8.372698851660614,-0.2548173812916961,0.0,6.3779495799794965
0,101,15.77694822121209,-144.90298404700988,19.793738404648742,-2.001901149259206,21.928475989782314,-2.3767370556875704,0.08168088400185404,0.0,-7.014274389997875,-2.0077830391983658,0.0,5.074562478727541
0,312,-13.675899925735287,178.165331567958,-7.431925532511506,-0.5114627071201995,22.771057758138692,-0.9199552912552453,0.5089735238815933,0.0,-8.865266479651588,2.6788314816674808,0.0,6.411852115610681
0,149,-57.40227709679058,373.12738772270603,-32.7568381595739,-7.3441610396613495,21.016538521656834,2.746070089010858,0.07261589042845103,0.0,-4.625456946650106,4.94905118274777,0.0,3.4513185072116106
0,201,32.22480134403405,-312.117966345646,29.912996652336208,-4.819342714813762,20.437850390261968,-3.403043267043941,0.16473166260337307,0.0,-7.806911571840831,-4.103915113191892,0.0,5.489523914830428
0,228,-20.033588598602673,111.0318538700539,-13.828130602430074,-7.068821334127873,28.13175672181667,0.21900463149812632,0.5306094701001389,0.0,-9.29302674252806,1.832824852898579,0.0,6.389994623006172
0,306,-14.538220499029158,88.39410647987938,4.236802209305904,-7.288848799553477,25.335267702447,-9.238064009554659,0.5962937125272048,0.0,-9.707539549397302,1.4305544662561682,0.0,6.962179782582719
0,241,-23.81731312083297,281.409391168477,-25.901498117249986,-0.9858261502764369,26.43048600641072,-3.949906249458616,0.5817557290448494,0.0,-8.047860566868382,4.123967281775257,0.0,5.684705772016439
0,310,-21.82365388460046,172.87318720956586,-19.89771189050174,-5.420623351775307,18.246063807714727,1.372667446557867,0.5029234915153674,0.0,-8.254357931715544,2.609027731742163,0.0,5.905369023085538
0,043,-11.353500247058701,143.29015631359334,-5.440300798358867,-1.9944046520302512,38.66457039878041,0.9266375843369975,0.7707585210441013,0.0,-7.143255323733423,2.3482242472966774,0.0,5.242589979168669
0,200,34.9028200121033,-289.39047010046977,29.961705535202604,1.320450329592801,21.94696798588691,-2.494259649869839,0.28586222436388975,0.0,-7.417802727562793,-3.8281680022484563,0.0,5.200500376386514
0,019,7.807440571007762,-73.06202591435469,3.0893410425570496,-3.814293096490242,33.68477115972311,-0.09238572046179573,0.5060702136276509,0.0,-5.637249377273374,-0.7499940366544758,0.0,4.1289395853553135
0,336,-94.27467262601803,731.5013941517859,-7.965178069871036,-15.068491069580146,103.77299047244576,-0.38734386221254263,1.1038907310176345,0.0,-7.800158734227488,9.66806916381842,0.0,5.685335487930596
0,247,-38.98622808609706,271.6232501357166,-16.467783776732926,-8.878358961966272,28.565927996490107,-2.6786105850128767,0.6677534329401642,0.0,-9.061805488149675,4.0222076556595505,0.0,6.128946883637862
0,016,3.630077370102783,-61.40309922888013,2.5891592735563393,-2.2016905505681033,1.836184628083118,6.143629813659866,0.023890206267990762,0.0,-4.297710881788505,-0.7877897948686029,0.0,3.1870322007984684
0,246,-31.886046105106395,291.74692959846357,-18.61863103128428,-4.187252324331331,30.92057687358751,6.840934036178132,0.7370611879905363,0.0,-8.700095932585567,4.283116623249348,0.0,6.263578328601859
0,234,-20.795472311767757,162.58769903991507,-6.061791825428685,-5.451122177283984,15.493268325061793,0.16002455744229138,0.41631372257559685,0.0,-7.90164249397104,2.4567088180813217,0.0,5.802340591352488
0,199,30.64977205758044,-270.5997639055897,29.794737642832136,2.3946885401999705,31.467095580144374,-7.8267045277980625,0.399382575770171,0.0,-7.005373104941111,-3.4369259662152527,0.0,5.261552390996213
0,168,-20.06784412269303,323.3700489190727,-40.545181803820014,-7.380168090137467,-7.891925030712067,1.6569733546403385,-0.5742241606962384,0.0,-4.018066897208933,3.879207064527237,0.0,2.937628765014112
0,111,-4.750142182564323,38.55133800913771,-5.542498798301576,-1.3151661942326136,5.268854967823096,5.3984644734385006,0.03489727815843147,0.0,-4.934619254021194,0.6553541062411584,0.0,3.636707435283813
0,039,-15.905770350011595,123.85511556002263,-5.1791236296364405,-5.9633619784637375,14.80980788657449,3.205969452466784,0.18278546334903925,0.0,-5.179459227623399,1.852337666399796,0.0,3.799919775859742
0,259,-66.71093194629148,698.973649559203,-36.07919936838881,-9.01710596297836,93.02777649603574,0.8554711335882584,1.127115528219705,0.0,-7.627191067086097,9.058036547299773,0.0,5.551720037496858
0,273,30.478001673852898,-284.86171407540877,27.450895757317078,-0.8448386490997616,30.150612208692262,0.5030766932664703,0.38666449974425743,0.0,-6.823686822759225,-3.5808994074613696,0.0,5.05893260354696
0,142,-40.22444968501846,290.4534630780761,-28.826997961772133,-3.3024604496641037,26.685758823197585,1.3766764732143038,0.49014183620288143,0.0,-5.749532905114227,4.019739802137867,0.0,4.3322543947817564
0,307,-4.360275459352941,18.948381725249277,-3.8002450755858757,-4.8256715238949015,29.722729567725512,-8.017847188668886,0.5743673094003029,0.0,-9.997800158834183,0.38061755829204236,0.0,6.833024140475649
0,068,-38.793175746697834,337.32052506567726,-41.165756382332674,-4.3582594689761445,33.21041955282628,-2.93290754979477,0.5799899580705917,0.0,-7.099163389721862,4.8678533427641995,0.0,5.256196533167111
0,147,-39.40987361209181,340.38957376870655,-23.16845120181717,-5.222617718368806,27.409646280370183,-2.70650192651371,0.47384630995537447,0.0,-6.894987769386428,4.788204614770651,0.0,5.056405781658629
0,145,-32.08283419085315,322.08276320063374,-17.548808701018988,-1.0258857229045812,23.051184369707,5.862997032287465,0.4924871289725115,0.0,-6.852772986145579,4.5040543796955665,0.0,4.9532401986974595
0,049,-19.63401368145055,178.49527793256686,-10.605151300383996,-4.339041277102115,20.846607103701423,-3.055573214472902,0.4465852749391924,0.0,-6.1226036898724026,2.6515803441639036,0.0,4.5883926370015455
0,095,29.571136587957014,-253.25434785936972,29.13143069181366,-2.0162895334587376,27.926596421414327,-4.785838618305935,0.3828417768884518,0.0,-6.3792879392258675,-3.183792730959093,0.0,4.897767749702869
0,261,-55.28858968138865,752.0780336921896,-38.18970038620267,-1.9439727768608952,100.11297038422462,0.0844068584600484,1.131007668074862,0.0,-7.809287709627924,9.759468752434493,0.0,5.740954927530138
0,340,32.412366928073276,-323.58360755367676,27.91482298065971,-0.5878479778336485,35.19221358068444,0.23303782239948082,0.5588509652059992,0.0,-6.204232053077896,-3.9560067789162243,0.0,4.7764608512195315
0,163,-60.20931770528356,585.160978311087,-28.86403589605634,-15.442590364444518,74.16500631833584,1.7967756303913032,1.1002255911927719,0.0,-6.316037429141353,7.712475085734867,0.0,4.597297026082677
0,257,-50.77712478919952,650.5011774297571,-53.490949863287696,-8.664811833755259,88.6232821613152,0.39595341257811345,1.1248441714006674,0.0,-7.2099863747483335,8.659646143293031,0.0,5.350149541097708
0,206,19.996708361474937,-186.51132536608137,22.77315234449165,-1.5030221588570865,22.266366396124397,-0.09302326879524198,-0.024329117126203,0.0,-8.194178205810744,-2.5934756298645305,0.0,5.48731549675036
0,017,1.073955550788342,-67.95167280613946,2.740349329183665,-4.9751269868971795,10.003248379558576,6.500332155532068,0.1025019496307304,0.0,-4.559958782610663,-0.7979144906818105,0.0,3.5358055606342638
0,182,33.52339893482006,-296.6757866044411,19.61152543654819,-2.231000024385342,34.97012279599702,-3.362577832837927,0.7974023730430785,0.0,-5.047519766753062,-3.6484965522367014,0.0,3.9364945270088003
0,181,29.81565434568296,-270.91305821223136,19.168559169602865,-2.5531089177292134,29.10289240381103,-0.6255741807251076,0.562566250472551,0.0,-4.696601273497276,-3.3146681994764196,0.0,3.690994696609312
0,137,-23.19737337595861,238.4647494896448,-16.341852556729545,-2.3770828035164926,21.55409012379877,4.2375098436835055,0.4835348382847913,0.0,-7.00584997644025,3.5230296385493785,0.0,5.127861585838358
0,308,-28.466205305759974,215.14551619572495,-16.005147487574817,-7.0968716824595655,35.861501214637336,-0.31263721638480924,0.7510211185062652,0.0,-8.626995379042262,3.2363208314845875,0.0,5.937620307848515
0,146,-35.703020878926154,314.37056670996117,-2.0392244662375205,-7.030951630841182,22.76349396518963,3.5223055025205556,0.40993072245310225,0.0,-6.568280660122433,4.450717314918616,0.0,4.947089539711514
0,304,-11.703633323121208,76.96023577726648,2.4336391049816326,-6.294169780818941,23.72971036956489,-8.594444602369002,0.47744971783934614,0.0,-8.541764541180765,1.3489040273482247,0.0,6.134289078388863
0,130,-15.213383137473667,182.62728535450066,-14.007282378975207,-1.083312240739599,23.56732218408567,7.701653344738121,0.5675897379547569,0.0,-7.4915044303769545,2.8015156208540897,0.0,5.55007426379102
0,087,30.418600447441342,-312.9436295655513,25.680153313685707,-5.415240710694134,25.375365706586084,-0.6920058139269744,0.41095487938901143,0.0,-6.227472591810578,-3.9288343594869626,0.0,4.602891791320979
0,189,22.782753119949604,-250.1777809683272,12.831621027538942,1.141858197694366,17.59468743557755,-1.8936411937765354,0.35274169877203343,0.0,-4.2617868234345275,-3.0788053414030774,0.0,3.3458591074000643
0,296,6.868928488040674,-63.86389405595507,9.440496701127037,-1.3493359358186385,22.06379234873567,-10.080081968048432,0.23654871804255143,0.0,-9.298812739838306,-0.8103100544995356,0.0,6.302539970313999
0,050,-21.338193223733125,193.5498622176285,-10.0001572762948,-5.028714465848974,24.41523813649186,2.069371001685873,0.6456147559377816,0.0,-6.724976865760169,2.8239646224903203,0.0,5.0966942449832455
0,157,-33.854374007718626,317.4660011424144,-30.02759685801785,-5.803425453930517,-14.674985853655052,-1.928454174966079,-0.5795137141506072,0.0,-3.9337533962399234,3.848855321133053,0.0,2.8182894397620086
0,267,38.71849974585296,-344.374222776268,36.293390811698885,1.403524945803587,18.61582213660311,-6.563369948599605,0.262278868310659,0.0,-7.1469732761645215,-4.505360502492678,0.0,5.124307543343583
0,286,17.330976927331047,-97.42122464941869,5.380973697806037,4.909272834764616,21.176611394444816,-10.705987249786629,0.1295310782234214,0.0,-8.338076166064937,-1.3308884045570866,0.0,5.677213993305729
0,150,-45.04680848077194,438.51803678801224,-30.619400955390272,-6.670889424317442,48.98570270348322,0.5046939612325446,0.56138547346213,0.0,-5.003706837247743,5.7319668584194,0.0,3.9516687406088584
0,256,-46.28974038499893,428.45674364824174,-23.157738578836614,-14.61815484840247,42.86589627742403,-1.5222359659919822,0.7687011128973947,0.0,-8.493375961739673,5.97660548274389,0.0,6.301571211339704
0,114,-1.4694435188689747,60.284201567402256,-0.8818282994917047,-2.9455871927325306,33.84256086292092,-2.9559483806297298,0.7004502184145874,0.0,-6.879980360784722,1.1164770997653377,0.0,4.990184145836092
0,118,-13.606320663841336,118.82159789781318,-11.256272030119543,-2.558434241122218,18.233622280101436,0.8048909130035491,0.365529909206046,0.0,-6.010405312183172,1.8791538645301475,0.0,4.45680594986504
0,239,-13.59174931549925,173.62200390876544,-3.1325089204276853,-1.647459890169421,25.90499458617156,-7.9950676344696125,0.6985454403212151,0.0,-9.047332093406446,2.6398803145842265,0.0,6.427413291108124
0,051,-12.623573221925676,189.3901287518628,-12.692466386895703,1.0126780912401168,32.30689921952222,-0.5625580135253764,0.49094600240435865,0.0,-7.18109804197711,2.9396427914688834,0.0,5.2463125442045575
0,242,-38.25447575255377,286.91144524657653,-22.291685807877357,-9.195549253291773,28.50647720971178,-0.8233696017116372,0.6265257134584129,0.0,-8.080204014671919,4.193219500759897,0.0,5.851900405781826
0,245,-31.22468581223855,270.4358241954737,-16.031906238065652,-4.771285715602124,26.286924577842647,0.3455539181536601,0.6113962546450297,0.0,-8.460022617244288,4.006935054634029,0.0,6.1805140163546355
0,202,30.376432144468673,-299.4887128696676,35.83156232369574,-2.3209538226182476,17.26953411088978,-4.284326906287712,0.0216284070113793,0.0,-7.762227775699397,-4.018531398866864,0.0,5.064403193734276
0,097,-0.6249376786280565,-61.27193172069015,2.8587813678285565,-5.28325523818068,0.3639049778151992,6.926918561092008,-0.04396122767289884,0.0,-4.295179783534597,-0.7376113353237386,0.0,3.2547999811899775
0,059,-28.499755656924556,284.13449536643367,-23.615516104135413,-4.005365052824328,39.78915907150176,-0.5771527611145937,0.727961962708142,0.0,-7.431956887813651,4.200511083317861,0.0,5.536746232731677
0,225,-0.3216062876258171,-82.15940648107531,23.568287604768212,-8.353570070265308,18.942830410262697,-8.361553066797693,0.31094984753503785,0.0,-11.301109068671451,-0.9596880742831742,0.0,6.845078218812057
0,318,-30.42753252391691,266.6085128360355,-23.796568956329477,-5.129190960664247,13.841993289062613,3.855793588065105,0.47028923713916204,0.0,-7.967453336458628,3.7653274949472615,0.0,5.816623115725074
0,183,36.2462064968296,-296.48619557384586,25.072878483963798,3.7867518287377706,23.670343592312356,-2.6703897780044357,0.5347688621478929,0.0,-5.461001147937514,-3.7752038837376563,0.0,4.268705540426031
0,195,41.897709776968505,-362.7471774016914,39.122725368772706,-1.7835818237501015,18.86766310365282,-3.2547165273199847,0.25604623578314994,0.0,-7.277560152396258,-4.736115831753061,0.0,5.381164675042921
0,278,36.958838920834395,-310.1192135933834,39.35036399401321,-0.95331726016843,15.501798354171028,-5.644309937815943,0.026183347013125934,0.0,-8.74676298887494,-4.286189801188338,0.0,5.517057961353603
0,170,-51.90768379120437,433.6157645305921,-34.06736218156711,-11.709839795253359,33.059615416178836,3.5185649623153457,0.38861753895616513,0.0,-5.041990710394583,5.69244020305625,0.0,3.816798603693892
0,324,-46.899036951747384,378.9537964775587,-23.634980814235835,-8.45675264956216,30.81952509739665,-4.9793133887506045,0.6768079097012739,0.0,-7.901865340700199,5.211006682831387,0.0,5.635762345098735
0,240,-10.616899804472544,189.7930090455032,-10.434729191607143,-1.383378174064089,40.44368283589713,-13.266497169409574,0.7276654367599434,0.0,-9.634190407835467,3.01810907728223,0.0,7.003218928021809
0,274,25.66003583377113,-296.14150544598044,32.86562031041068,-1.2074837620633865,22.447969223925817,1.3908143317492911,0.1935156766785963,0.0,-7.064164058372191,-3.8814034628157095,0.0,5.122581594753792
0,226,-12.911072323921774,80.6894846264975,-12.207575702555276,-3.7320777140378247,23.725389008989136,-0.8186275376001263,0.4770583161876085,0.0,-8.279354246356284,1.4196756888747832,0.0,5.79952043096311
0,084,22.882918678106446,-265.05214291750144,15.530941246127911,-4.688343996885023,24.678331596927556,2.8140481654619993,0.5684341071177643,0.0,-4.564685939725504,-3.1379680941122032,0.0,3.7372641771769293
0,035,-3.2453087726334453,78.35076231641604,-8.779761300875816,-2.0052026724383896,40.891154598041105,-2.6103188361989353,0.8330852005343012,0.0,-7.146435077226605,1.3861834770897659,0.0,4.957837086279997
0,295,1.9208209016793854,-44.68637218120251,9.385158986818436,-6.321367185510948,23.57219305713332,-2.1608188387864486,0.29880961808399087,0.0,-8.881118025612903,-0.38852817016381597,0.0,6.263660723423848
0,091,18.47511187619145,-189.16927448274078,16.73789117303082,-2.159045537045988,20.754182319967796,2.2980406815439287,0.33323126022643174,0.0,-4.982360205518148,-2.3915333935764114,0.0,3.8003562637599764
0,057,-32.36344981935061,236.75422584794848,-21.02968670961899,-3.0131548269365047,21.10763299714187,4.068060269557408,0.41037913952303434,0.0,-6.341014435135759,3.378193186955246,0.0,4.627660642759231
0,069,-38.77415947326008,354.15051836837114,-25.710891459921545,-6.8445880370488155,29.634319270557537,-0.24663871103430068,0.5452106175291006,0.0,-7.44956938172663,4.96775640813441,0.0,5.4867080557586005
0,133,-25.38030272391173,215.1530573373578,-11.784095110051203,-0.71186044826614,16.96905853877854,2.268956743227993,0.2589730445310734,0.0,-5.2682377594613765,3.0487970977301018,0.0,4.098634962953763
0,139,-33.16861176369591,246.35511162521402,-15.989850346180829,-6.407494785802463,12.703282420913997,-0.6665055896466404,0.3245446293707748,0.0,-7.696786317042296,3.5804203833463455,0.0,5.353059010202727
0,332,-63.087301698253974,657.7152349321667,-48.358375055496985,-11.912249359295627,93.31296798133442,0.39981987277084197,1.1590983562844035,0.0,-7.586926307978071,8.789719238625025,0.0,5.324550754953937
0,271,46.849809611978664,-391.37019273811103,47.48702680833502,5.451187630048647,23.144995978510718,-1.0229222745802196,0.21312021551006372,0.0,-7.831042795633626,-4.973740647690896,0.0,5.768695864452976
0,052,-17.98384812690054,198.4556092264448,-7.024124756297623,-3.92953032044985,27.792635248266443,-1.3303988330662444,0.6458354389190976,0.0,-7.620563453532703,2.949725067492843,0.0,5.556929572114586
0,042,-9.846201535621262,132.25156822373722,-11.764771494924478,-0.6082962870369906,27.69882093443121,-0.2693421496567758,0.5897807753891208,0.0,-6.800563526895299,2.073120186332955,0.0,4.986863231533204
0,194,33.74374456895432,-359.4474925121839,33.21394020544455,0.9819676522910056,20.83154776397861,-5.908075247901805,0.2022867226375185,0.0,-7.260509781348901,-4.632254788224678,0.0,5.229581696815819
0,300,10.819008652843955,-120.16423915127159,26.777412312134697,-5.105656922850106,20.15378641937512,-10.843336093403785,0.17879751689184448,0.0,-10.424282910645381,-1.5866643255601587,0.0,6.503504196014615
0,115,-2.882073595935918,42.998630041580824,-3.215986181299043,-3.3396960668596596,30.61954646299417,-1.6471520618739208,0.5359585616949236,0.0,-7.356730100051814,0.7476441731179975,0.0,5.495389036968714
0,213,7.3426148873314405,-158.05306758252198,34.24407486785644,-8.38060016668002,14.993449315077688,-1.8981448787084279,0.11845034731417246,0.0,-9.029519430200631,-2.14217389872682,0.0,5.848923393491351
0,060,-29.36302280225721,286.7783007971573,-20.402042269986286,-1.075417537710287,38.041105741877594,1.9861923647574586,0.7807413421536971,0.0,-7.299675349990414,4.166978286976707,0.0,5.468373815247999
0,079,22.133136652986696,-210.40934608670557,14.225428198908531,0.4270230393148615,-4.286225256202333,2.849241246451769,0.03478746281501481,0.0,-3.6473692172601786,-2.65975880334206,0.0,2.941397547262565
0,174,30.491789922236975,-244.9096081084709,13.630869555915476,2.1701078541349075,19.97689961668262,-0.38428303963437,0.40755516505951017,0.0,-4.42001770998256,-3.041458808409807,0.0,3.4887204149427022
0,328,-48.953779913606205,397.90488705892847,-38.05435243446456,-9.390625657130688,38.484953835785944,-0.635043707016994,0.6126888410006708,0.0,-8.311504310379673,5.702175311418295,0.0,5.931142027774129
0,066,-30.869569666496123,306.9699739981376,-32.23851056359175,-4.101250534928178,24.30940028566639,4.67362462131885,0.4136494899609003,0.0,-6.5281817251942735,4.380097529224632,0.0,4.79620000529974
0,285,-1.2811256863542793,-38.088128667912656,9.829848703256545,-3.454763435887777,17.26517178787544,-4.0636702712505555,0.22464228326050217,0.0,-8.845449905245367,-0.33807580035739837,0.0,5.907148044515005
0,076,-65.81866170361454,560.6526823760868,-41.07279651486053,-12.871694594171169,95.22847516122897,0.9365830027603465,1.0801332649351694,0.0,-6.252702985360148,7.183464911114657,0.0,4.788521705183542
0,237,-23.764700456164093,165.9269021925094,-10.08538078882911,-5.137800161684327,18.905246316499753,-4.001354439654793,0.5643373107261356,0.0,-8.443754568929672,2.492591890326863,0.0,6.143009356222179
0,294,3.7927314296845394,-10.460068437327015,4.532667870942987,-0.24253142569875222,26.084112295272895,-8.588981711636027,0.3755017664151577,0.0,-8.7285040016693,0.047903399091969626,0.0,6.148110689913493
0,250,-42.306498099207666,375.536641345774,-25.984089591257213,-6.421483863125978,23.921119111376196,1.7987172167570402,0.45846463144307514,0.0,-7.834510424021269,5.275719377727091,0.0,5.8339053522123745
0,176,27.647605799567,-271.83944225673116,19.28094678757972,-3.1373385367732283,29.03279353878441,-1.5402239141260503,0.5665439045992139,0.0,-4.626538048633257,-3.2383097975633865,0.0,3.740602340972353
0,197,37.569665514129454,-397.7119578540281,43.36376949033166,0.6712328821227384,23.449375942731628,-6.279647137093913,0.24099686564772926,0.0,-8.127551218071968,-5.117263065332843,0.0,5.780175950239652
0,302,-6.465482621067587,85.84457671434399,-11.479245959139606,-1.9900987289288523,25.61079132332593,-3.389801975884056,0.5117364843961316,0.0,-8.282007461856153,1.4773477260676007,0.0,6.3057649804726825
0,013,26.212096501804012,-245.073693902895,21.887672214061737,-4.307526103688383,29.299533756129286,-1.560731963956954,0.45762152462179057,0.0,-6.12910793647929,-3.079945963348137,0.0,4.5771796033421746
0,044,-15.72975017804398,140.83084361344837,-9.979914564607299,-1.6645469344508619,35.32627166813159,0.5835752951157923,0.6290065766312002,0.0,-7.813242504667873,2.3669517864244676,0.0,5.5088032908113425
0,027,0.1227209995219997,11.925610251981519,-4.843462405980466,-2.647767862897752,32.66354479456082,-1.3613172337227246,0.5487525753703077,0.0,-6.241214239898813,0.3733119407027744,0.0,4.429538630328774
0,058,-21.357579652829934,262.73092431577766,-20.951741704950457,-1.786281238866016,29.139342542344135,6.36598158496533,0.6131089609975657,0.0,-7.096843917339619,3.7668851722627816,0.0,5.057518401957332
0,187,23.33808433436441,-208.1142665087871,13.549877941845654,-0.454782715215502,-6.889704890147922,-0.6588988736868728,-0.05551259660137029,0.0,-3.7388291228477732,-2.656868281399727,0.0,2.974639963211428
0,018,3.3123764807154217,-59.685739169376824,1.029830668934303,-4.95580372345333,24.87384540753822,2.311925847407502,0.34671278390627214,0.0,-5.287863519750806,-0.6392904723983299,0.0,3.860001201891142
0,232,-9.151884418038394,43.222521759928306,1.4373392971828876,-6.930115440670124,28.229036781005323,-5.78122450475486,0.40987033909115406,0.0,-10.369303683713325,0.9895284115815312,0.0,7.375749067758247
0,036,-0.4399714313195772,48.584186906900996,-0.9850163739084994,0.9353742073800292,31.267097177339352,-3.7222930003236008,0.542883738968501,0.0,-7.450824089293544,0.8601324690138067,0.0,5.441093099014273
0,171,-51.34864872876266,484.2766533438871,-36.981849191132284,-10.081057446636434,52.80939306111344,5.129454746392463,0.6125596865385349,0.0,-5.347026361634489,6.278859039286106,0.0,4.133506064705906
0,211,0.8794754207645855,-85.21353877750762,20.47264212606949,-7.34415849038685,22.139067469522125,-6.626847533437806,0.3242312508669665,0.0,-8.50300679000998,-1.1330923659250045,0.0,5.9892775665255185
0,041,-10.731921975320002,107.93732358008414,-7.414967784095445,-0.5429301818910051,14.811768629813292,2.6233496773165075,0.3293488114129821,0.0,-6.130066185574074,1.6745661814091974,0.0,4.496511661571179
0,090,19.267059478516828,-168.5051592842821,12.056904509353362,-2.6241912717469633,8.014792674319384,4.038966230427681,0.12712165415540594,0.0,-4.592412413765624,-2.1283420384475185,0.0,3.5097948069979488
0,214,20.22551031014296,-152.03623218451833,13.355127546935234,-0.6531057633983582,23.993543681487182,2.493226112322934,0.13385700317906532,0.0,-9.744409837922557,-2.0400779065995054,0.0,6.166121627049252
0,006,41.313375928473974,-303.64617176136727,20.796960340148058,-3.312453752291037,31.884375152010442,3.45943782992887,0.8325618159076272,0.0,-5.296934930931988,-3.6231703541029536,0.0,4.121011352320429
0,067,-33.22696842097093,334.6011961268918,-14.381510001694732,-4.600017521993803,31.52393533338748,4.458836462210974,0.6324798835665619,0.0,-7.129901672903361,4.624241746320729,0.0,5.153795851553723
0,319,-23.479138090925286,264.5342467715733,-23.543730779416173,-3.3500823741022394,23.532992288764,-2.193423481449486,0.5076590803707289,0.0,-8.350997878785726,3.9688361537389847,0.0,5.955169173020771
0,085,23.041681709574227,-285.7748500217982,18.72283407011167,-9.224890783931459,39.470767206093846,-1.5374153617768287,0.7855139263789589,0.0,-5.080716142555882,-3.431647136082107,0.0,4.030623977491916
0,158,-50.195748228751214,380.10684619445,-26.300926456454786,-9.482375649194807,26.42322554653879,5.790189618431936,0.3299325202106757,0.0,-4.569027764244661,4.955889502544378,0.0,3.4456651433467496
0,126,-22.24952317407795,171.8681602148441,-11.953739273058806,-7.411324667007812,18.58381301302876,9.213349365744216,0.2814069586744292,0.0,-6.288844509305148,2.596638933288812,0.0,4.441815651232823
0,316,-33.31850211440091,253.3265666963101,-24.079392321357545,-9.553790405247875,15.986734525682339,-5.246606031651515,0.42428398709468396,0.0,-8.358171363333035,3.658274309112993,0.0,5.713122972039243
0,320,-34.150840642053886,273.43107344792156,-11.73902157941772,-4.924819116320205,20.44575297987032,0.2794539285193725,0.5046292857535254,0.0,-8.386898533284759,3.9186826860730055,0.0,6.154129867949382
0,235,-15.712461872050472,169.3349040239656,-2.731244235881839,-2.0641017715045566,18.72196742442242,-4.690925132081801,0.46229617472998324,0.0,-8.156657565078003,2.515981800731117,0.0,6.042463796279817
0,009,14.0866463933533,-170.06942820311386,12.940483966943722,-2.954346803056166,11.614708520972593,3.4897366569673713,0.1990238678678731,0.0,-4.634873465285002,-2.0478590227372515,0.0,3.59033448263846
0,321,-29.49935936951692,257.3340608703515,-15.166053488555063,-7.216767129733458,21.137699219427677,0.30395418574041105,0.4628573266819046,0.0,-8.720612507475176,3.783406468241426,0.0,6.002461386182311
0,192,39.627771285233514,-340.6524662818494,20.352205182412884,0.010065017208527427,29.295475397552412,-2.375325544658343,0.42930062102707967,0.0,-6.7055710041836765,-4.383336300491242,0.0,4.977121896736654
0,108,4.293170190929545,-18.01542434336597,-4.788980743921864,-2.197840181687675,36.84287025755751,-1.8081240080588512,0.46162983817466186,0.0,-7.319596572063966,-0.06304005276202433,0.0,5.325281708823157
0,046,-14.11356433712215,111.27036415311275,-7.74060223706439,-3.1279077346587303,29.686316469767032,-1.7155150756112278,0.5916243586879214,0.0,-8.143454516645619,1.9012238010976517,0.0,5.656404933851766
0,161,-59.32141051604593,545.9228267010383,-25.85349480592823,-6.730198066504442,66.51013819576158,2.816261537175223,0.8533590326515342,0.0,-6.266001716695672,7.178586884480859,0.0,4.6634441585203446
0,204,35.5190561970776,-330.3071923945536,44.15494014796058,0.5896039795943083,23.08528356140652,-9.611790621441308,0.06758941668111147,0.0,-8.939872922679488,-4.31552386063754,0.0,5.589761941912737
0,153,-66.20604921440983,569.6820954088396,-16.651685600323802,-13.361106468667616,71.99227436415528,2.6988414052070864,1.089093602267958,0.0,-6.258451655154424,7.868715185658889,0.0,4.441809581436673
0,269,32.66307831493707,-356.00135948053804,34.14283399615507,-1.487122507296299,21.0753791484939,-4.436265634686093,0.26273433396356405,0.0,-7.17836967989863,-4.6588779942534435,0.0,5.085194352749198
0,033,-4.9288305631113225,52.481427243702576,-4.863501215547252,-2.1603090747503417,20.76069389887698,3.549492558095568,0.3291230901656263,0.0,-5.636252776730791,0.9604757258406683,0.0,4.172176215585388
0,254,-44.55376930875913,412.51098745341665,-25.628774615940028,-9.383917191830946,36.79892021439718,2.472803505188304,0.6498032331268766,0.0,-8.118304959190503,5.782215944709681,0.0,5.970585072908649
0,236,-18.738856640769413,179.412331249865,-10.559502286139642,-7.231267229857615,23.45604009664383,-9.481446420371114,0.4725047924301874,0.0,-8.627299372492478,2.8237627213034524,0.0,6.276057680954076
0,165,-51.610400049816214,330.76068166578744,-30.72659835957207,-9.206678609086365,-12.090648618018301,2.7770049211267374,-0.4602503803192624,0.0,-4.061995338840578,4.151553192656855,0.0,3.0502859488844303
0,270,40.737288628335705,-378.7696131643293,36.06997115602386,-1.0154178976803458,19.30334856047949,0.5857678093708579,0.34778428232362735,0.0,-7.75929284934397,-4.824091560377465,0.0,5.515128295211879
0,094,20.771092414473237,-232.50807443232299,21.691557948084025,-3.600872417532511,30.294966739538037,0.8355972775765912,0.5361710449193593,0.0,-6.106805236252179,-2.9759138580134636,0.0,4.583466730078003
0,104,-2.040614370931364,0.37066272191609967,-6.6756495688562465,-2.3086808429872225,10.969105518491657,5.809252407877766,0.08147068202726694,0.0,-4.781227245316391,0.0938860356114976,0.0,3.7726915726462225
0,317,-31.18868952054977,280.6737384664435,-20.089237454428613,-11.125458415886634,29.52815700288506,1.7544127220700305,0.6204781823018286,0.0,-8.058680087408067,4.150499761648036,0.0,5.749930491837663
0,055,-16.610622311413206,175.6845272335664,-14.031638700891685,-1.4684639906827777,-3.9430482693188877,4.499512827667935,-0.18769377780510849,0.0,-4.752508015371371,2.2658329744427697,0.0,3.659639243717073
0,144,-36.099366613148604,325.514888825371,-27.976559650133836,-3.9693812218586264,32.99546583200334,0.9553209117471894,0.6426746493019984,0.0,-6.684536153807266,4.5696774641835995,0.0,4.987691375194279
0,131,-18.232866853414176,167.5602830374124,-14.718424898744095,-1.1788771301195464,21.85100806169395,-0.6760403979345024,0.4909724262828286,0.0,-7.579247652489774,2.6178925149153063,0.0,5.402991536431264
0,309,-20.367355366396367,187.13766169803935,-9.583557020042965,-6.668609158120867,19.570036476342125,-0.4990642690750471,0.5505870327826682,0.0,-8.193807485936176,2.7872238305849084,0.0,5.862178126809624
0,065,-31.147463270287567,281.4616330829353,-24.019039583696497,-2.8356997621553175,12.807465070480994,2.3543751240606756,0.22863866409130246,0.0,-5.863667900898495,3.848885784665812,0.0,4.417837226639611
0,325,-59.952922364189206,378.10099695972116,-31.47565972949756,-13.600441440996061,29.893336937206193,0.5190575802495793,0.5462555411353016,0.0,-8.02358309625527,5.352795121684119,0.0,5.884525421709731
0,227,-14.062980918389481,122.62621668347862,-12.73429795055071,-4.340493481644673,29.29391851798559,-1.37453631084627,0.48328343822249015,0.0,-8.774017965596656,2.0075295085773415,0.0,6.329663275556294
0,288,7.446378552995455,-122.35503248561766,26.427013618976392,-5.863125579931939,12.10256320380278,-9.251337281216477,-0.06722987154990753,0.0,-9.433451527584308,-1.729410762071585,0.0,5.793068815730221
0,098,6.301798094359212,-81.25384295886818,5.100171209734029,-4.336767365017575,30.559646669328917,1.6615339095942858,0.3785627237547117,0.0,-5.500449573857291,-0.9299646125686781,0.0,4.051406627858016
0,219,-9.757428587014711,-13.887224886045217,7.979071095956381,-8.702064171750223,25.200173144191044,-3.8986153772167853,0.3687575704645981,0.0,-9.192658253321502,-0.008486066076771975,0.0,6.23351921838775
0,086,28.351018019288464,-301.2091270984913,18.538717545915645,-2.0626091115088356,30.719773927053794,1.8039470619877915,0.75072233555823,0.0,-5.258518326726137,-3.6057027688883507,0.0,4.257681608821181
0,070,-39.66431759826558,351.0389328832756,-25.762856088369084,-7.568254870897562,25.041855631779,-5.103197446915149,0.585197884968241,0.0,-7.36564469179556,4.885211314198649,0.0,5.485914585361976
0,021,15.516819686412658,-113.86279363676805,15.505539244287428,0.9774569117505545,20.90933674883103,-3.9496500321234116,0.16384299372757197,0.0,-6.57948201157333,-1.6410658160033618,0.0,4.791272587927926
0,160,-46.15373085112135,488.6841759029326,-28.077849930927105,-7.583557654973534,58.35788790247823,1.315272604064349,0.727545925366259,0.0,-5.591998312504102,6.541929733147717,0.0,4.186551305154239
0,113,-4.776591216414643,59.392826627243245,-5.286587740542184,-2.209217065087556,23.620406663016457,1.765945171176371,0.48152842617902447,0.0,-6.398799483332083,0.9794701198956309,0.0,4.5127370693193924
0,061,-32.33437185241883,281.37973561582425,-13.505145751981328,-8.251183240501993,31.478499861028407,0.0034404791273724964,0.656865511358821,0.0,-7.545393833330591,4.205665183597967,0.0,5.489791423372514
0,112,-0.8045512500470617,32.74013603267462,-9.69439752591848,-0.8956076131524553,14.151490008358037,0.502005457919809,0.21750556659746806,0.0,-5.352022744269226,0.6117190876205814,0.0,3.978439743860705
0,004,28.29060165187783,-269.98164141536813,17.6734653458961,-5.660449254381237,17.76882778943816,-0.6079863516970937,0.5965978784170635,0.0,-4.499574418035159,-3.2088524470696154,0.0,3.6171598465618406
0,186,11.207489618201775,-146.41872779832264,8.913412175999992,-2.3831288117308196,-8.606847364576891,2.6079474274544623,-0.13728853481913636,0.0,-3.9092576368366765,-1.7935930635849056,0.0,3.1106642074183313
0,138,-27.9126391121145,257.72747791751016,-21.961061332792667,-2.473214944655074,16.679992415309297,1.2180951210780375,0.3448838668401639,0.0,-7.479911984240783,3.7918753036103343,0.0,5.437321013885299
0,106,2.978756324779254,-7.8370335787796535,-0.05019305244341291,-2.87958270553101,29.73583193379869,-3.438391687116305,0.46235943427701226,0.0,-5.809278115036312,0.13885031760402664,0.0,4.324547627626442
0,116,-4.725611658090613,41.524123330972095,-3.7724091081886404,-4.856334615781564,28.18923155012077,4.846290749641725,0.47767783759933313,0.0,-7.539480037840724,0.8697944057076361,0.0,5.862471028601088
0,313,-24.707692766817075,193.14414410565598,-11.624538403297779,-6.31656677196378,31.983436166642345,-0.2370517724010815,0.8349888113046398,0.0,-9.555396017437905,2.875809320473588,0.0,6.627880167019932
0,088,11.006303087875255,-144.13166605231226,12.913252975031012,-2.3844004047721423,-6.57339769776481,7.23724785593528,-0.08195353834481808,0.0,-3.8124459146688574,-1.7812864598015652,0.0,3.040328148022093
0,243,-34.69398149746175,274.86432163278073,-16.9434285802089,-7.515799709432,28.32173142381614,-5.0738158271037435,0.5747172283791919,0.0,-8.227458527609746,4.173176953920627,0.0,6.018428921847216
0,330,-50.80544255058519,410.9961041823145,-40.642347173257654,-9.14209983555159,37.762541082989465,-3.5910846814075637,0.5397424097594625,0.0,-8.656352197898334,5.862788471482192,0.0,6.2197101950024765
0,064,-32.85674546925272,244.24938356249606,-19.380891014743376,-6.649220005766515,8.197987544313996,3.5755095618317227,0.039548834668991735,0.0,-5.372586498598138,3.3355775619922174,0.0,3.9784682913052114
0,159,-47.16297698757432,424.9387289308833,-31.545419592198712,-8.456163674629128,27.654148878404815,4.780192494385805,0.374684095165649,0.0,-4.979519700566416,5.622732700440931,0.0,3.728461699963956
0,132,-22.440812116937796,179.207506009822,-19.864672455040285,-3.609613951511259,-1.6761130514534424,4.745741103788577,-0.16969214960559204,0.0,-4.844394532967245,2.4138846273308165,0.0,3.574210700062831
0,007,28.788963637730724,-306.20279955662426,26.417271011822564,2.4426864500429923,28.656446224526853,2.5058047711599527,0.6733082278048088,0.0,-5.718544083225932,-3.7807082150654825,0.0,4.375212048121515
0,263,-93.74809666916035,774.4399179180793,-64.56863364427569,-13.221677429018046,96.17367641317549,0.5970070310175947,0.7181079390089812,0.0,-7.948600905137786,9.930281022216494,0.0,5.675625211063842
0,311,-15.173006396461572,203.5348212400629,-6.3971324163238705,-1.7768819024007092,27.415331173240066,-1.2859222713742373,0.63727545369466,0.0,-9.244204230948899,3.0486652152344393,0.0,6.615804188592377
0,011,20.51173090732709,-198.80766256823156,16.499895661237513,-5.603117231980892,26.858709519135996,-0.17355941655867893,0.4951647644687079,0.0,-5.502834430772766,-2.4023541350769295,0.0,4.209005398178577
0,045,-15.530196405061615,136.95107622801262,-15.727254521578896,-3.8930337491510905,34.59841480500785,10.036283072981165,0.6250282972679293,0.0,-8.343743283227088,2.2339424985143435,0.0,5.690804163673982
10,037,-4.9644884997072385,43.24885859820396,-12.304032574496608,-11.103634057200347,54.982692237011925,7.641339916873926,1.039167849016252,0.0,-4.5832118693474015,0.9362654640300364,0.0,3.5575627722407326
10,329,-28.252607815965312,196.06425553096963,-13.29501866657208,-23.549677028846467,122.2895917315757,-3.3275829847547684,2.4974561927219847,0.0,-8.892982562493092,3.460242735561538,0.0,6.251272155127433
10,053,-12.483588037595354,172.48724489568426,-21.138887848831477,-1.6408784556430671,68.82405444895514,7.3526716041818005,1.3113567288917045,0.0,-5.254124642861506,2.6891104356296243,0.0,4.027038155204855
10,209,17.178912996575203,-263.5725069524274,41.88311350845132,-12.250876035319978,114.58512120030133,-16.29876600021739,1.9494407192640373,0.0,-10.176434989704969,-3.0669414000903705,0.0,6.062719840274246
10,251,-37.0136943126947,282.13684149711264,-27.577290825477878,-23.368905198201045,117.54340335063486,1.1784000448398357,2.323093206799399,0.0,-8.403151614248713,4.684584559537926,0.0,6.066622508426323
10,154,-20.080833041803054,286.29519257511885,-17.611649555651553,-10.523808689595214,112.3432595391453,7.6056177654091295,2.173525860484788,0.0,-7.123287872207597,4.4471733582887225,0.0,5.361661297176322
10,331,-34.3374979134119,219.14217418451673,-7.2004726483020125,-25.306382694121336,137.53105488366467,-1.1296192823203501,2.809704345777928,0.0,-9.73906543482787,3.7800208358666767,0.0,6.856577851608435
10,151,-18.906738153086685,244.7354843402576,-15.78624275133601,-8.55386670890524,80.14774952723144,5.547590431125871,1.531237395905773,0.0,-5.3422163783585095,3.6738057990505495,0.0,4.195022926251768
10,048,-5.691450780551109,152.70694827064176,-12.8848565386528,-8.235153699255964,111.28499600598431,-2.2534807723127663,2.2452149394438283,0.0,-6.973606033693118,2.7437953489499227,0.0,5.2426926869270005
10,164,-27.705383080655754,355.7938873418897,-34.91504026567557,-5.4681872842501065,94.65347916068676,8.00991440261902,1.8604135002313518,0.0,-6.961560681295607,5.338782281707057,0.0,5.097492505029596
10,193,31.68889682785823,-325.2821444501617,39.360095176152115,-3.202885724985408,94.22760391509524,-11.246748147063947,1.6613089001273489,0.0,-7.212051460382561,-3.723086589215634,0.0,5.445146889506359
10,249,-4.919798586559301,313.7817146479302,-25.585173263677472,-7.395902791841214,133.44423081720421,11.213350692087303,2.6054872315642457,0.0,-8.536007246962539,5.021411958821229,0.0,6.1345783670567515
10,221,-2.2363786376927868,-8.491931325303666,9.079148595903703,-15.69949030231069,119.10659890061774,-14.246376981330085,2.2318934498597787,0.0,-8.89090968674489,0.715752845502114,0.0,6.379331336927581
10,262,-48.19495676787242,651.2866684302568,-54.17003287512522,1.8773260940404604,123.31151108154988,1.199996352893395,1.9792153692320078,0.0,-6.944171940072745,8.628193730233805,0.0,5.3361390410796705
10,222,4.666460477379665,-59.79679596422958,11.411782387746944,-12.094784749590582,128.21745189495965,-16.26149716879134,2.277894585549731,0.0,-9.030768335514338,-0.08958018401978785,0.0,6.529999541855176
10,341,-40.70328200207581,415.97250570433863,-20.22613796487134,-12.615490007699533,127.92466283134215,12.820313111326385,2.3933848640366024,0.0,-7.618475290047489,6.152823012932217,0.0,5.766290728110418
10,335,-30.5374442765577,319.21146354479043,-21.67731118547094,-16.44151466103116,129.9338976083411,7.82967217695936,2.5721294669759285,0.0,-8.45343108501,5.145965170298048,0.0,5.781332365294367
10,205,12.688783082430025,-239.32883717490435,32.64106278888682,-12.33694229936793,112.6234461749114,-10.285188427906235,1.9088171805231104,0.0,-9.051906323359583,-2.688547042784685,0.0,6.296414773712696
10,322,-9.022799709276427,99.75464285781517,-6.994211961295964,-15.114349081961391,137.60763197178656,-8.861316548912834,2.6242825484074412,0.0,-9.457608629440521,2.1649014319148554,0.0,6.885936991168594
10,264,-49.59487062267989,703.6364990712418,-47.488161792525204,-10.32614123999698,144.17151730191688,9.051609046153423,2.1196250903179052,0.0,-7.573439599876994,9.277538573657106,0.0,5.467209519988739
10,188,20.953839165632388,-391.3404981807082,41.459465841002725,-11.056989642975756,96.94768841562447,-0.3438749340761862,1.7610457623164986,0.0,-7.131053941875439,-4.539797278568908,0.0,5.5404878903067445
10,134,-8.693710130531626,91.06404980983011,-10.929440542201894,-3.5679485490190705,44.71776913282252,6.698066589683822,0.8414424014238203,0.0,-4.581646886934146,1.4773118688806286,0.0,3.483516740401077
10,173,-56.50270392842443,612.663797753983,-40.51410207973141,-8.535470174691268,133.7798049551458,7.327752361847841,2.090391638868888,0.0,-6.609877015580123,8.016313459919994,0.0,5.1796501490742575
10,002,19.034716468384374,-227.77326829386956,14.595968299789119,-2.462787325714601,35.039574924829544,2.1247492650028468,0.7793665875895776,0.0,-3.9942095807863383,-2.592203683954957,0.0,3.1877115250492984
10,361,24.694800058316126,-343.0814995443313,26.56011322035686,-2.736336262074496,91.80073947711563,-8.34578410175497,1.7561408112871293,0.0,-6.345820435869607,-3.856360379088234,0.0,4.732146715969863
10,099,11.494540651234013,-160.38268627402547,12.053480071827318,-4.270010317676191,52.54447228889845,1.0711104341983373,1.1570503464705013,0.0,-4.526273108343114,-1.7578155710757204,0.0,3.46890638381601
10,229,-13.369538327112405,105.51825278163615,-7.1786643831068595,-14.276576403001288,122.52621726284808,-9.465954221346147,2.3445134511424675,0.0,-8.381078605187161,2.2702217241294957,0.0,5.841385400492232
10,024,8.604348178885624,-103.2374937255355,10.481057426886364,-8.397112818091767,92.24046395317392,-2.3754843038567426,1.5104463619558615,0.0,-5.86081125468252,-0.7391297846927238,0.0,4.450426724520233
10,166,-38.605560409849964,378.92955348001,-25.603764700075285,-13.864415387511206,106.6108246702691,5.521034008183255,2.0167065782765645,0.0,-7.34839044657762,5.583391310032734,0.0,5.325076374145815
10,105,10.84585357584946,-237.17090454318821,19.646309205681504,-9.182405137807118,92.39871762475738,-3.1634245160165912,1.7218273817214085,0.0,-5.654681897302564,-2.4107835382939293,0.0,4.461216538722642
10,136,-16.37799644173624,116.14989408591919,-6.8001912509876234,-3.0937577146163355,78.01188454317695,12.862799949563213,1.5726252797137004,0.0,-5.81473822044865,2.1111563738295867,0.0,4.295228336159066
10,339,-32.54469129433607,291.14779352023913,-18.822396752925883,-20.218787231420244,120.14201479079088,1.1911617902101268,2.457214301729119,0.0,-8.659915881874829,4.822564855911388,0.0,6.269450646737815
10,289,30.527672834743765,-336.4468334512609,43.11225216675197,-6.713799886853026,94.74198775285258,-16.292670474282804,1.7514919641993099,0.0,-8.242378269112137,-4.028894163958509,0.0,6.055236956438496
10,081,-42.37151083246195,556.8974993285201,-43.92801837665147,-15.247662616076463,200.78526330651846,1.5939719155877796,1.9643633963571985,0.0,-6.025553301451931,5.6015508852725295,0.0,5.3391439616857435
10,190,26.697830829145172,-404.6407334535762,38.542576159806984,-8.874120995137668,91.05347170832175,-7.245002489640003,1.8426558398029678,0.0,-8.411002310487538,-4.779563812522178,0.0,5.6882453504842685
10,203,19.026036703985028,-190.6118259737376,22.76935628358732,-7.846196867849742,117.37612813190945,-11.627908343630295,2.0384444937764346,0.0,-8.130456061267969,-2.089099951086363,0.0,5.865207337542285
10,233,-4.811772628993659,101.34553402687186,-7.8250233837958145,-13.465940820556034,129.30518637550867,-8.053768190709025,2.476702624991309,0.0,-9.456181161391466,2.2445194932128807,0.0,6.575953117914653
10,253,-42.904527200819146,417.88931138825257,-33.123458833540816,-20.90371083518043,134.388184277206,0.4196347858945324,2.457681542818875,0.0,-7.73112964457682,6.129484378917644,0.0,5.657588704705111
10,117,13.046250460295019,-152.86420969158547,18.950249602838902,-9.374537668668836,95.45817467353383,-8.014663290941462,1.5519405874912109,0.0,-6.713651577860463,-1.4904989709021415,0.0,4.990268270604147
10,323,-3.5834947490255917,71.77188285912328,-3.9260308376877933,-16.590938366068148,139.80376323649025,-14.183571470083471,2.558939814031469,0.0,-9.757879927251595,1.8629334686697034,0.0,6.9189272588379005
10,314,7.773170132895158,-52.62770176137117,4.630711740944999,-9.791186845694618,127.53387401818652,-12.270631433793334,2.295919264886769,0.0,-9.82626404638273,0.10587090772441732,0.0,6.906649700535799
10,056,-22.184846827332652,211.31089612794128,-6.285598688332103,-11.832332969167947,109.51979747197832,6.504480217657375,2.1947523367130275,0.0,-7.049871733108678,3.546533176554444,0.0,5.306648077782267
10,196,31.336875322682655,-346.2840072064885,43.127061735641924,-4.457238166427823,101.02635726546866,-13.228149456569954,1.754575932681897,0.0,-7.990399153623066,-3.9646931842453093,0.0,5.917019074738593
10,129,1.192609581030088,54.22707027133724,-6.793317025606149,-5.987214603672331,85.64520830137631,-0.19970819157853537,1.6767099999546067,0.0,-6.066530516958925,1.150113694991786,0.0,4.43853537040128
10,275,22.421062519013375,-379.6359110064855,43.74142021916633,-10.249977446266046,91.49055087843182,3.717759738369205,1.7036971434216817,0.0,-7.252596825770127,-4.401685211373283,0.0,5.387289745002574
10,305,16.993749537835573,-175.60518890388195,31.30577730470569,-7.437164958547751,128.77955072718527,-22.13953278777818,2.385338841426087,0.0,-10.102933646745544,-1.6770871154136393,0.0,7.068662548142706
10,155,-27.224299027228756,295.7976103697499,-9.278649721249327,-16.289769709569306,114.0146141040304,5.068072330886854,2.1927232044302283,0.0,-7.311064385143242,4.772050471353618,0.0,5.470805396507783
10,327,-19.78951627762614,204.6021075348142,-16.1570845812246,-7.246375120229821,120.59163490023315,0.621404229000456,2.356536188668611,0.0,-8.473417391448104,3.670219410253714,0.0,5.982339705648463
10,218,0.987240612746076,-166.1443888137853,27.6606805156293,-15.450406833708621,128.85778844826586,-11.976029193099876,2.3690579362340847,0.0,-10.927735453355329,-1.4234385352704746,0.0,7.189886255599913
10,125,-0.2084344567309856,-18.22648051245262,3.4324217883734325,-12.711223322457316,115.03501552246468,-6.968708715253338,2.126764329869675,0.0,-8.064138847608993,0.3194126952905729,0.0,5.620447577053321
10,093,23.226903496872573,-303.7312973325303,23.333456832886302,-5.81411891279967,75.6194674152463,-4.493270853093707,1.3625013233734578,0.0,-5.530310749140094,-3.363949413955111,0.0,4.263297638910368
10,266,-82.00139858473419,733.8999893748834,-69.43823579529735,2.866146358634099,157.43886468551995,15.171440666090804,2.161440141693211,0.0,-8.025773888217342,9.683937116299793,0.0,5.617604972436018
10,260,-52.0474643247584,425.45970669590355,-27.190823140211105,-18.70054690981573,125.87799175958376,12.353228546955636,2.4951053842742565,0.0,-8.404088700603007,6.291168946368191,0.0,6.130777043671148
10,078,-35.67617658989962,385.9418119678743,-33.67147770992267,-9.805478482574255,44.68823295233374,4.997218697049544,0.6778537464534102,0.0,-4.566520687880902,5.057526583765235,0.0,3.4629156271555095
10,252,-28.188910281288152,319.2211224224324,-23.974160226820995,-13.069569814114901,139.3144495842007,-6.089758819862009,2.6677813101866716,0.0,-9.188816782198948,5.1784422114628805,0.0,6.571502155961551
10,177,13.40202037459945,-230.18214338502125,17.84698612378126,-10.995829810187196,33.66464421989696,2.260844530421435,0.7267516129207028,0.0,-3.921337289531762,-2.633656962031399,0.0,3.1411808786490028
10,291,12.557684727262618,-185.70745204998673,26.551587123322623,-10.347722946835706,110.91739059789701,-7.10480685407574,1.8574339859943412,0.0,-8.091838031799634,-2.138196714555554,0.0,5.740450112994382
10,268,-60.92008600761389,769.4577264274333,-51.65882213405061,0.22485356756379327,152.76500386844342,16.524255635224478,2.0270375499328734,0.0,-7.881633717740433,9.8512953061383,0.0,5.792906557671322
10,162,-8.766557738493749,318.8338710686,-15.799037609702028,-1.8294113193578356,75.73352855358547,0.31010604031695643,1.3857706328924886,0.0,-6.300012220600243,4.758449021670136,0.0,4.597196483098293
10,217,5.087171922545667,-181.93901724641458,36.48427288005214,-23.493995998445488,140.75288334108842,-14.262863706296745,2.430056565108112,0.0,-11.109209252161161,-1.6424690792366339,0.0,7.286844735102572
10,008,26.501809756474252,-316.6442222820994,27.148410747499142,-4.448686261931238,73.03703044823378,-1.368702669258068,1.3824352321388185,0.0,-5.3972418779434,-3.595004587987477,0.0,4.215706250442065
10,062,-16.587863605313114,259.6487137191937,-11.19898066471783,-4.800514364424206,87.62282520390733,5.963069830426734,1.7269102138579695,0.0,-6.2730955468193725,3.899522439589491,0.0,4.638192920465531
10,054,-19.217581171023824,185.49819775549332,-5.139369573614831,-10.468452421686633,79.04029918029033,4.531886993240566,1.6103679432946205,0.0,-5.772578987426408,2.937504504830629,0.0,4.468727840769525
10,337,-19.571145249290844,326.2237405884047,-26.20004144974446,-15.776569636249,133.1422881674264,7.177461974640967,2.62082949284415,0.0,-8.57175207417476,5.236998933831601,0.0,6.376879888358411
10,244,-25.46984310097301,202.6394484476192,-14.754821476981546,-20.198787707349375,139.83081509499962,-1.5672785970649796,2.8207798405219053,0.0,-9.156506479116453,3.590837129529371,0.0,6.704340061053605
10,351,-45.532415964795916,642.5031835353585,-44.181264022163695,-8.502802481844487,116.86875397390718,9.136898951238244,1.8724029526863966,0.0,-7.015538810692075,8.741777450122138,0.0,5.269727348497536
10,047,-8.727630253332432,132.66784594195363,-14.821202543588011,-9.037900649104104,93.51754069477288,-0.08053985625225857,1.8569971697644148,0.0,-6.334964950067821,2.344798605170767,0.0,4.836160861515416
10,167,-30.358419547290715,331.7733535671122,-38.576103793776944,-2.900631806044241,20.66098670040683,6.330808395144981,0.21163130915759149,0.0,-4.098748753784815,4.17255670429649,0.0,3.1101923888986844
10,231,-14.54293557619927,115.29081833244763,-5.65280514277877,-17.617054317392036,130.55808500710882,-2.4459927041904055,2.6016676375785304,0.0,-9.224072883106043,2.2834591535372475,0.0,6.5420832484022355
10,092,25.279920383605916,-297.64644932016074,19.969373907528745,-10.584892014107242,70.39966297359427,-2.449407913605287,1.383171341620609,0.0,-5.259460709912312,-3.333906220846865,0.0,4.122465240993728
10,005,17.823112710670404,-269.7089130601669,15.934779183585722,-4.112459402417946,62.585560168531,-2.904016733465992,1.1729911773369452,0.0,-4.5512733877182825,-2.8930478734397287,0.0,3.7176031890461982
10,265,-67.60430033522408,704.9042973875858,-42.24837195533691,-16.29639655354967,147.23092865234958,8.820568762531133,2.01915440945857,0.0,-7.5635608791186435,9.571969262671706,0.0,5.374681384180674
10,073,-26.901225570932347,359.9512832034853,-21.378911969472576,-11.670714174011758,93.9014800262043,1.5475991023141615,1.8623197210979183,0.0,-7.007979060021214,5.3738567460620565,0.0,5.046043754748994
10,071,-29.918240963692078,322.2541149380699,-31.163727273394162,-10.60864987520991,77.63759815232665,0.6626426833073169,1.6196536784818232,0.0,-6.573044770374702,4.74460053585134,0.0,4.640133733944993
10,185,17.09998987928941,-349.9971923288673,38.78888112877547,-11.376305229278573,80.7567723382871,2.444092507532895,1.5836138319531576,0.0,-6.5084948539501895,-3.954900699591189,0.0,4.958966513907206
10,224,-3.1072878061854428,-75.36807403716169,19.58624063623246,-18.110245005195086,120.00609664844404,-14.640983628180996,2.376742837032034,0.0,-10.019661803098854,-0.32583731445945174,0.0,6.740959453380717
10,180,23.771379038409897,-273.374629876316,15.230448235243127,-5.949866603592743,52.12180708821421,-0.44061675401985956,1.1331024839124857,0.0,-4.551544870121724,-3.0981824424143185,0.0,3.658190278194595
10,272,37.26211773568856,-363.57901868311814,36.50044903329541,-10.687677888999769,90.09527957781722,-4.268398672625981,1.8059238165263047,0.0,-6.635553470444049,-4.199132205994347,0.0,4.773276654529198
10,344,-46.39987100442208,403.82194986599194,-20.03716030499941,-20.57557581631779,124.72539457498208,1.3670148921053453,2.4648095668173946,0.0,-7.844074476934998,6.087845810671026,0.0,5.841942611709667
10,020,20.862113161369088,-244.24142058338282,22.528352048802233,-13.241076005889035,95.36458200263144,-5.682007472117977,1.7673458374229645,0.0,-6.102344951764378,-2.7290191534248844,0.0,4.688066281302858
10,140,-19.702628081822727,145.31164713025265,0.37296828117485736,-21.39392406956918,119.1968682964097,-5.414320123392967,2.3400955454762795,0.0,-7.783321155464564,2.7791963926366767,0.0,5.786352999938233
10,287,29.763565811948226,-333.24402096075335,41.71587007259063,-2.0415309696760477,103.05670569173911,-13.851021919465568,1.7694252820180014,0.0,-8.150837455424691,-3.853455661840819,0.0,5.861211447506389
10,148,-15.322521687608404,208.1893987207047,-15.653866783080264,-10.139867835252254,116.32494682817367,5.238167116508956,2.2195434226484023,0.0,-7.4768338588066365,3.4909834794537886,0.0,5.614204702389897
10,082,-58.34670343050668,580.2132189495669,-47.37553500456572,-7.3466191053675,115.74454312619982,13.629961829397063,1.9561891862213745,0.0,-6.43392453463408,7.497186224878766,0.0,5.0501924252807715
10,128,-2.0083308296278517,39.33494473673898,-3.869333978708258,-6.922810583647244,68.58223939835678,2.2747616618122137,1.2712113729672114,0.0,-5.120496810123306,0.941058477162988,0.0,3.9396124899795444
10,110,2.5536410853476377,-62.2091575901171,-0.43676231756545925,-6.250473269287793,37.370484679328314,5.142222550216747,0.7783183185610412,0.0,-4.101559632559286,-0.5121254673924662,0.0,3.1231314075420356
10,143,-12.880988653511183,168.6087103184418,-23.08607329802608,-2.818205983045652,66.97127056663786,3.197898405557725,1.2985412686261284,0.0,-5.19554188687895,2.6618686191258396,0.0,4.0392294147226036
10,315,1.2968372687007346,-80.70824321561523,18.325905258493513,-16.203236076137173,131.77841947763244,-19.499065432328813,2.318372465545979,0.0,-10.64340374143258,-0.34645623453691976,0.0,7.200675411619734
10,135,-9.80676174205546,105.30287036209866,-17.407610146316866,-1.3932710195486306,62.602853464506495,13.520097054585968,1.1750966455363245,0.0,-5.0893630883874446,1.8271110328299596,0.0,3.911463715068096
10,103,13.708847836312525,-203.82780278375193,15.031178093146092,-4.043501209922175,80.99400126516348,-3.0812984642765966,1.623198106349405,0.0,-5.227977449879978,-2.1650568617217925,0.0,4.109237933205335
10,101,12.657458250828714,-184.4101028859823,14.636807538647988,-9.038529629974068,62.61380147324582,-2.087691252656577,1.3141355112378563,0.0,-4.9182071289145775,-2.010089768362693,0.0,3.7251938307982515
10,023,5.520207935105624,-82.37074185162548,7.115502906726587,-14.735862405319166,81.02204231817537,2.2689116106792926,1.5629905768516013,0.0,-5.3552943528781425,-0.6338134897094234,0.0,3.951012670686807
10,149,-22.90857973046054,218.94642924970046,-14.307367169685804,-16.299393213626278,119.71013681412273,1.1955188928604206,2.4765933363189134,0.0,-8.198941078535613,3.8093938122984605,0.0,5.723000885695589
10,201,16.329262065553927,-154.8354039176677,16.957019210354975,-10.895981583885986,109.88766170254283,-8.258736638487958,1.6002571011787416,0.0,-6.926904427216135,-1.6421810580314662,0.0,5.595198422228817
10,228,5.438923748831508,-115.06816418224093,19.967535338778465,-18.48053361619501,149.2519971544251,-21.262614221868436,2.694549322700995,0.0,-11.625952753818032,-0.5619278612221552,0.0,7.3617544673066515
10,306,-3.7203128403561614,-157.2923953500247,46.71467937104235,-22.53293517919203,125.33686489061674,-19.489630705542996,2.334225463636429,0.0,-10.162232631342663,-1.5234437203303701,0.0,7.1410333973456055
10,241,-13.320834522315145,204.3415055903168,-7.788292461096898,-10.930463640723499,120.91939398024596,-0.4203589999937365,2.4080249682602783,0.0,-8.671855243709633,3.536532240700207,0.0,6.323709601797993
10,360,10.438075838209537,-344.3573042120434,26.161987204432602,-13.32843266520771,88.80572441606273,-7.087060787824553,1.8044156085721275,0.0,-6.002600115283833,-3.832764265066109,0.0,4.60735202976473
10,363,33.441877735188015,-373.7699890377394,33.09343326105462,-10.248795933872238,90.31487460684832,-10.023321059796142,1.7507149627587495,0.0,-6.642856607215432,-4.265620329258395,0.0,5.246644552815994
10,310,-3.3523098073389965,30.429350947347096,-3.234081622129151,-11.157490076584752,125.02515096120617,-11.207629050373951,2.218992561944845,0.0,-8.718438819744028,1.210684816445069,0.0,6.086371705146208
10,043,-3.7278364214632784,32.15913068959252,0.14773878919236616,-14.896800373379484,113.89686759743391,-9.798524487322613,2.117056100648515,0.0,-7.773462355523164,1.0580784842468625,0.0,5.819660060659016
10,077,-44.87774600808376,329.5854011217186,-40.06584196548354,-0.6840310301798566,27.304878761126357,4.71778153349564,0.19983788270095804,0.0,-4.19304428918456,4.222388888703636,0.0,3.1306380734457395
10,184,23.442346356510036,-339.15424991000776,33.84594139001819,-4.511288041701883,82.33870032485731,-7.177247172037605,1.6667804785173024,0.0,-6.524913377665271,-3.875408133779317,0.0,4.764174777182798
10,336,-29.88046303893929,303.3004716172,-10.58708718378783,-12.143448214608162,115.19719873747063,-2.379116352888096,2.424106918114518,0.0,-8.642396467372373,4.860647237095563,0.0,6.027191951339953
10,355,-57.95109325367309,709.1647511348837,-60.37660028988513,-7.668965710940707,157.76282938677426,3.8338768359221995,2.0646002481686856,0.0,-7.280867150242956,9.642416620583015,0.0,5.362931189810348
10,074,-37.123406886189656,365.0336341522389,-34.91247802358207,-12.601194130936108,92.4778558277844,3.62455279422575,1.8515940203152184,0.0,-7.146627323379421,5.540046124111233,0.0,5.177812836187661
10,247,-24.61789944510208,310.69316902427977,-24.367376720140836,-14.415691849254616,125.56892594285776,10.968210280114349,2.4063553430155973,0.0,-8.103484319799842,4.984354773022217,0.0,5.910962401795872
10,255,-46.06373246243486,429.76921609878036,-19.87232084486292,-4.510440524747683,139.50436409534348,6.5267623611703565,2.519111667042649,0.0,-8.189997961428242,6.268654100985065,0.0,5.832435877879745
10,016,13.740129153978572,-192.75169148768842,16.632222181313473,-8.68510975496515,83.06722341829177,-4.845140642149748,1.702539278450999,0.0,-5.202104764842453,-1.9337290579255506,0.0,4.001550404393732
10,246,-26.70076722649904,317.38029123333166,-25.75825242725218,-12.14000196807467,125.00066122747664,10.119448581777094,2.393605260514449,0.0,-8.222256527095352,5.1213881736150695,0.0,5.917753303172904
10,234,-13.394164515820094,111.70650639253081,4.306255609648643,-21.01057230780392,137.55174881520182,-13.249053643921574,2.551233409698206,0.0,-9.708157776898407,2.3784277323789387,0.0,7.014891132505859
10,199,37.29295214416767,-362.6682643751897,42.54507059764971,-8.512138799305374,107.78390166766229,-13.135346484202472,1.8850191087351358,0.0,-8.257442091490423,-4.132579323547745,0.0,6.079186860676976
10,279,9.87136644043446,-282.5233086813972,26.248221440498913,-7.611124429532246,87.11597305166914,-6.758454925520569,1.7257999555354793,0.0,-6.445391457627635,-3.2507616686797483,0.0,4.748649947469689
10,168,-39.228350326180944,386.3746299961348,-21.769727673418757,-4.713717531496922,42.060850205900195,7.308993890285782,0.6747310261157908,0.0,-4.488095208143293,5.117575977031838,0.0,3.466160521060595
10,111,8.185471781805914,-68.85724090980308,6.590845031207892,-5.593690407361621,50.50419068943883,1.6579423126795558,0.9986097993001058,0.0,-4.470754692647973,-0.610740750287731,0.0,3.40585304339516
10,039,1.9652927425630298,47.32080709084568,-9.670579807798733,-6.171449507640555,88.26854950271027,3.2930123206106447,1.5987029495279474,0.0,-5.7196482544976135,1.097769087309357,0.0,4.305958697889122
10,273,26.0281687070216,-361.75624790397825,37.8566645988331,-4.670775365203383,84.89539188377432,-7.850944472163048,1.6555942729241124,0.0,-6.735304153719679,-4.171804869642717,0.0,5.1682686855033895
10,142,-12.892053298934513,142.58566913255586,-16.349131769877335,-3.1411554340555927,46.967503066848764,5.966608950756288,0.8964771625748786,0.0,-4.611487415388853,2.139470244087841,0.0,3.5891569397423977
10,333,-25.944624092041483,310.52039235804585,-28.677085755478114,-14.382088082444257,119.91231932037837,1.1955202019392357,2.414873705977133,0.0,-8.22332119245547,4.966137235869688,0.0,5.93406319305544
10,230,-5.911491041693296,100.52961126509845,-8.849699928452488,-6.802690058003891,121.32827669964969,-5.661609953313926,2.2709222079619726,0.0,-8.734683364793888,2.135741837336882,0.0,6.156037068356844
10,307,17.97036878742062,-180.61733520245093,17.7395146920807,-2.6820956106818605,138.28652168835652,-16.173074755558964,2.403818888289859,0.0,-10.982485467822354,-1.8066127853422513,0.0,7.589456381148292
10,068,-24.263284682338018,233.3024553112423,-22.842585972920457,-10.274771857973217,50.571970130429584,7.2786357957722405,0.9015613050617413,0.0,-4.497070746594888,3.3568390569235182,0.0,3.4868530831889863
10,147,-16.693277579754934,218.76059993277232,-16.33786198538293,-9.564270017220343,111.49387882901392,6.0790982491859955,2.2576525282716675,0.0,-7.1772492845637705,3.6470683881785835,0.0,5.493908337405637
10,354,-48.52137260501118,682.9655446028391,-44.430249517134214,-13.47668034587953,125.6040143061989,8.85965880162087,1.8738284124692024,0.0,-7.2787085028786604,8.98068453170542,0.0,5.32810723286111
10,038,-2.8980327012917773,42.64397665683282,-11.913627228506162,-3.709987648748089,69.41652495896248,3.283116583596116,1.3123664386909926,0.0,-5.323574594602099,0.9294160658477036,0.0,3.912664540526336
10,145,-8.514563641449008,206.7881471142885,-22.14247593202665,-4.94601275391338,97.71141231275756,-0.14027673950776642,1.8582753839296169,0.0,-6.374902572507013,3.3851779358032097,0.0,4.886138240413656
10,049,-9.461540707174006,148.562068437778,-0.16248339552794366,-9.844447710634332,116.79225916059808,2.0060185691672148,2.2334512241550355,0.0,-7.295556870256645,2.8181231190243086,0.0,5.396731925367056
10,095,21.621823169843726,-314.75277088938367,32.40454784041447,-3.0905225606211424,69.31164575186418,-6.734269842930109,1.294107665643871,0.0,-5.909702288651845,-3.644746167099743,0.0,4.680740509005417
10,261,-44.66765247938478,423.1828921960868,-26.574115910723634,-16.988016851023623,122.4959585124155,4.156056587018889,2.3951698959241163,0.0,-8.149466415117528,6.159972714149039,0.0,5.994081670790226
10,340,-22.580802884083422,314.5224151295319,-16.448071777369,-9.79812242593893,133.9477854447426,3.5396928095261213,2.6256940013874646,0.0,-8.624479418812205,5.084272079771447,0.0,6.343008102520766
10,345,-34.32451967533116,410.217279799002,-35.05496142144749,-8.821477105518053,119.74701122573734,6.826223623029124,2.4812497882020206,0.0,-8.277123367939692,6.0753070959246225,0.0,5.969082642178321
10,163,-25.25313039484733,354.26424678241705,-27.198044198219254,-6.373782630509233,98.00476678659456,6.779031570540398,1.9856208985606707,0.0,-6.950005436272282,5.328523951641756,0.0,5.040417603195212
10,257,-33.91736146013989,442.0520085267908,-32.56453264239055,-12.273414261596082,141.69016576406236,5.770283401338289,2.7496510118722464,0.0,-8.353422323590625,6.73376614443477,0.0,5.99591891149137
10,017,15.816557859150896,-212.52117761944578,19.248809285937636,-9.375527196536147,86.5683125255829,-3.7895626212680473,1.6607978711015303,0.0,-5.3965576863248,-2.2645508164971653,0.0,4.231679350455907
10,358,-47.57471966721934,772.2838241124385,-62.65534077778596,-3.066913829812946,155.5177690499358,2.244665153544605,2.087591759329725,0.0,-7.644552077089175,10.036780054724161,0.0,5.842383383553451
10,179,20.148619782962584,-245.8167882925361,15.123448760751218,-3.254835199109808,46.4763110410069,3.165439031719199,0.906062985972872,0.0,-4.196751545908,-2.6947385443266403,0.0,3.4643007915395643
10,182,13.735462984685878,-341.6363215397854,23.39183592376974,-7.958786793107713,79.25983025779875,-3.28661516769582,1.6401298336833714,0.0,-5.818920513583898,-3.84732177885661,0.0,4.4838696762038115
10,181,13.855557626582303,-297.3182902294958,26.952343039924997,-3.4092544068942545,63.96352631123416,-0.48355222163036976,1.3602274112379336,0.0,-4.735297583061158,-3.374671584426438,0.0,3.809245286168713
10,137,-14.766607226257628,137.40847951562418,-4.577266314276518,-9.52692687205831,92.6565502847546,8.799130262454613,1.8680858115876873,0.0,-6.406551663809436,2.4305359941366547,0.0,4.830894748733375
10,326,-16.251539436249367,218.25836051433166,-14.781481293626657,-14.195161772726498,124.50206800363105,2.379614456157345,2.386819865276078,0.0,-8.088278267183044,3.781523558109271,0.0,5.85392143929985
10,146,-15.220359668974915,206.3980385084423,-17.385972300935155,-5.702326831351314,107.22390916082085,10.899326285535558,2.103328181990002,0.0,-6.971566636376733,3.413527796409861,0.0,5.347079396245194
10,130,-0.9563416374963862,53.54651331001309,-7.191601715142823,-10.066858451844698,103.69581568990849,-0.3792063015450018,2.015919049049414,0.0,-6.554056785577637,1.2439986017132276,0.0,4.941619602395484
10,334,-27.13835296823751,296.06753372032466,-31.376354931140725,-12.526545779571684,114.15957854949632,9.891740308437575,2.387473913867293,0.0,-8.109347066689953,4.758678043388376,0.0,5.7440752158260935
10,216,9.52865855549847,-153.9990322692971,18.281108738986095,-8.847169197346927,148.97670772619156,-9.088916417810571,2.261611823098996,0.0,-8.868554349182377,-1.3425129305902324,0.0,7.061153820222678
10,087,23.228840258154825,-235.07954588426384,17.194031125973893,-3.752649339711658,32.18544558855016,-4.118836731335077,0.7699665882358204,0.0,-3.8531862443518947,-2.7607975029978147,0.0,3.169830883970872
10,189,30.360904184247488,-395.6629053272403,39.92811023169912,-11.7921488241775,109.95655858438758,-7.710938134307787,1.9701718559850807,0.0,-7.40809902409212,-4.378820665696027,0.0,5.57217470091771
10,157,-20.2650171436187,303.20478181323375,-19.337493299141542,-12.180102636679829,115.3817686914174,6.48477707635282,2.2871145571185667,0.0,-7.6356604167340985,4.88680751153692,0.0,5.590919234688007
10,258,-47.49339400391378,408.50500359123356,-25.668007556429657,-21.656127842867505,121.5040200809828,2.695695739738805,2.537355572265753,0.0,-8.710925158858473,5.870805436531369,0.0,6.172386609787419
10,267,-57.67421875586978,741.0869787354942,-46.10183497480605,-10.286480882480118,150.2865086215646,3.6264448607177444,2.09847196020142,0.0,-7.533694412248872,9.560649349001157,0.0,5.687906613631119
10,080,-57.74172661095555,478.7427677765854,-43.58312193626114,-10.535274340714398,87.73041062279646,10.11877439888455,1.3308125494977305,0.0,-5.50715325643795,6.381131615368639,0.0,4.089186621444759
10,286,18.399284194445656,-323.53003331576883,41.03853243605661,-5.9346729375901255,86.3972865255024,-11.702247611388309,1.4408556650131743,0.0,-7.757248757737213,-3.857411312378854,0.0,5.341740943794037
10,150,-23.641255368918095,207.23017724592225,-20.58007457781245,-2.3909212395422497,56.819736377194545,7.490116743093117,1.006922905866783,0.0,-4.790583587327013,3.1574197482748043,0.0,3.563979464014569
10,348,-24.106727212356603,414.37046487226075,-30.49212671419294,-10.329934881992452,122.8358094261098,-0.2878115182171528,2.2623893704296516,0.0,-8.04061509442824,6.134770853005454,0.0,5.897256901766182
10,256,-22.803362925062267,404.91340809604947,-32.52486841690537,-11.430256515286247,121.31946036558291,4.452511875201916,2.1853795010560937,0.0,-7.971139141926772,6.059169097262592,0.0,5.805119107095962
10,114,10.497163408564651,-96.13898795589424,8.564982934566919,-7.0055662972666966,88.36950318744636,-5.096229887980618,1.4547010814756973,0.0,-5.45624209045283,-0.863399678110567,0.0,4.322894890537543
10,239,-10.510689339397763,229.53059180963368,-18.36991925987073,-10.768646769532314,126.45042042561056,0.12094112236545951,2.5847358295163585,0.0,-8.82233242614647,3.880616793924295,0.0,6.316736655601151
10,051,-13.81477238427877,133.3830676823397,-9.676950138626216,-16.183286856406617,122.11479675209279,2.4853022564549145,2.495751875487258,0.0,-8.389732832749688,2.4735995484122686,0.0,6.08384629854951
10,245,-22.26639258912738,311.30023072161396,-28.11212777019611,-14.505453582962485,114.46778196275025,1.078854154778488,2.3080378023198715,0.0,-7.9524539799672525,4.871819497509405,0.0,5.837969629287868
10,097,10.306460976647967,-144.05469411799524,11.24665997465849,-7.207055632861833,19.297805611991595,5.873376976016784,0.5657565883421141,0.0,-3.7726668065323525,-1.4914829201426842,0.0,3.0514132599620893
10,059,-17.617932732337174,186.01489685712568,-17.978260019531092,-13.786951408463688,100.27241012738408,0.6207607263557842,2.105762858796562,0.0,-7.488417873148429,3.2118666980723867,0.0,5.514750301316675
10,225,5.283717304191542,-86.322331200996,18.443515917534548,-16.802295134110086,119.4070004664903,-12.159063639918342,2.0899214289376298,0.0,-9.78037126622031,-0.27607324784506093,0.0,6.901690928266107
10,318,-10.885273473519614,109.30995796181347,-8.945366079717697,-15.413233979940015,123.49999850244872,1.4153916550829,2.296477490552756,0.0,-8.443689322853404,2.293810595263716,0.0,6.163514966028364
10,195,17.57757567197862,-339.4309365607054,41.85927932811781,-13.155183691101374,99.20491288210121,-9.793230464343214,1.6184632552249165,0.0,-7.681571595817177,-3.890338913604565,0.0,5.643459798041163
10,280,14.788002742295568,-307.4235221604251,32.76845021651993,-12.57252783957583,94.13343827143107,-7.927658546245376,1.7581374349088534,0.0,-6.7218681177685795,-3.485394459781505,0.0,5.099094031529157
10,025,10.508358355586518,-124.49648389388662,13.207139279173465,-7.389201269072813,91.16803548598087,-4.0329255394435135,1.4413315900891799,0.0,-5.940435885365594,-1.1951940415987292,0.0,4.664564515924988
10,276,38.3093396853965,-393.38540357415025,44.39350261138152,-8.797974137357942,82.38059464163034,-10.861859044307316,1.7185959949587348,0.0,-7.66643672012454,-4.730025041305646,0.0,5.551911414267276
10,170,-39.61570362827103,472.24511041206193,-39.816784975484225,-5.666262642969749,70.0593184372401,5.497598865441696,1.2051452694731069,0.0,-5.531186265157695,6.367170648564787,0.0,4.131693379477126
10,349,-41.552181721026066,443.39892841415934,-31.878927989818195,-21.456156762926827,131.74045263932038,5.962277421417014,2.546065845435505,0.0,-8.721928281133223,6.355049668545147,0.0,6.158473110116637
10,324,3.334477088861827,72.44235060642231,-18.662621718863377,-6.16142452083519,139.24751488572238,-3.550796506146933,2.7012455470356413,0.0,-10.185415179254319,1.8658763783097319,0.0,6.99327063655225
10,240,-23.94889620772102,232.58931313101274,-13.81598770448182,-18.048170481701796,131.59317617868092,2.383693312010554,2.6695597999463287,0.0,-9.037615847468022,4.053064820634671,0.0,6.373542429341693
10,274,24.829291942640697,-378.50009513251723,45.25527284930972,-8.125798004132095,90.77259649941301,-8.811566391878063,1.6560000280808478,0.0,-6.9433092563209575,-4.430094789503073,0.0,5.43369362205018
10,226,9.43546807455016,-73.93045017362888,6.816385827371196,-13.070145305499567,143.5997616483877,-15.477966266361783,2.6435570838994096,0.0,-10.84327369972006,-0.20807081757911838,0.0,7.363816133936988
10,084,-49.19476689273922,591.3633301067102,-59.3739083200597,3.4873005632378664,114.48464139863015,2.631272242408991,1.7442646452539838,0.0,-6.534693562647495,8.22418543255211,0.0,4.736785508280231
10,035,-2.2447690925828985,-8.035051561416969,5.815789918183245,-15.064028578875412,116.98400582201818,-9.532735844599806,2.1178027389542557,0.0,-7.729346899585534,0.45365471880564134,0.0,5.756672759065743
10,295,15.471813993240728,-237.81157293468573,28.32095661607676,-12.514759794608532,109.79995682911017,-12.562398109952609,2.0594573142983337,0.0,-10.136294767019386,-2.7067923347180347,0.0,6.460591682889354
10,091,24.828833799240716,-288.12901742927534,17.38882258349325,-4.613430623850323,65.6455437186119,4.579071561597925,1.465145223130928,0.0,-4.696699018675279,-3.158203021459017,0.0,3.8312311006692408
10,057,-13.909683147702504,196.55170823006696,-17.813287494756764,-5.175922259625116,109.39441833045747,4.623176419216356,2.21552385602644,0.0,-7.379119763983081,3.420296031313015,0.0,5.318221666078141
10,069,-19.450766831849784,261.4316128426082,-23.22314522559172,0.713222423616122,60.5099361800159,11.296536648213792,1.1795663920340025,0.0,-5.196789375194533,3.781892213266033,0.0,3.9826182806978534
10,133,-1.2668551522178146,20.093973564799057,-2.5674847952179976,-10.884477221809947,113.71623257651062,-6.22368945070588,2.0176386384854355,0.0,-7.921192774416973,0.9923431438498143,0.0,5.676891062092215
10,072,-22.267377993752127,349.09731933030486,-38.38451229102323,-5.270831881772105,97.38156279740686,2.0310700307456617,1.8613154626825743,0.0,-6.721087705476928,5.266080267154521,0.0,5.027759718516997
10,207,11.69420081477786,-249.72948174902132,27.003305091571043,-10.124838544947613,106.82422497996508,-8.845341549014151,1.8699277157310619,0.0,-8.93162180292716,-2.981791482892052,0.0,5.790407708715088
10,139,-13.30551482010828,133.42740323643466,-5.109602496940489,-13.283295557605523,107.55098317160152,-1.0491700792308263,2.1973681814914867,0.0,-7.222948538750529,2.5223388857734186,0.0,5.390800345476431
10,332,-13.535545687562122,196.48999942461438,-14.352207585080276,-10.452408156785488,140.04262687632786,-3.6374592294751285,2.7273453188998227,0.0,-9.37222012873044,3.522438964808223,0.0,6.813790149670831
10,271,28.92112236733298,-345.70950568175635,29.157288297889345,0.05041511549872402,85.07497559101128,-8.270265133783957,1.7638686548334264,0.0,-6.219904213591373,-3.954782321937316,0.0,4.6413879927828825
10,052,-14.4575736071506,144.64501926886862,-17.9090930515601,-3.3255092322674056,50.565856617390374,6.1456952971848775,0.891402149310132,0.0,-4.595128846382944,2.2149315398428446,0.0,3.4409904886042004
10,042,-5.975765009233046,56.62316385635137,-10.973063406904075,-12.286304345377477,120.21691173229377,-6.572000264491697,2.2802385259207667,0.0,-8.114571032233195,1.4953648445121601,0.0,5.597320386789808
10,194,25.471749508565246,-315.43953769926037,37.53563325448724,-3.2129889389906494,92.79050066113813,-12.168985440987862,1.6747719590851389,0.0,-7.744779671720506,-3.6381294415540504,0.0,5.48050189062644
10,300,-0.4301708262438615,-51.02958284062622,9.170406013183873,-14.682242928365513,118.40468969510168,-9.718037668217193,2.065083004756336,0.0,-7.8118659070493335,-0.04870916721641627,0.0,5.596311497492261
10,115,8.532973270447076,-130.84642118175077,12.787184962927533,-6.74183640987067,92.20151695549995,-8.099664888963375,1.6552321120455638,0.0,-6.420220733346281,-1.3239255250362407,0.0,4.590517243704147
10,359,-45.97164904947597,791.8661496044984,-56.21161149278078,-8.686778529959197,168.9319622547526,3.0385409437814768,2.420774385248599,0.0,-8.048941447666492,10.51106657174758,0.0,5.977900602181055
10,079,-38.997456027490294,422.04418602357663,-37.75583613911935,-0.8550784289166897,55.43988475335396,2.1521761246140967,0.8336458207324503,0.0,-5.024859999632207,5.5685918647042225,0.0,3.808511062749459
10,328,-9.36147206142696,197.52115953194223,-17.304149324817917,-7.165443218107004,119.94148373066517,-4.469470273679356,2.300916039097207,0.0,-8.47769042071812,3.4946858025803538,0.0,6.111066116714849
10,066,-24.82800207898208,288.06018997600444,-34.365882246296266,-10.014106639739524,111.84699418382907,10.602900942450503,2.17686064234183,0.0,-7.655636884319565,4.69890400246475,0.0,5.201000822317334
10,191,12.929152654940129,-277.131048371491,30.219031355895293,-8.103051066164143,94.37759814955382,-10.093045493883901,1.78700385338072,0.0,-6.365223932324156,-3.04423934481449,0.0,4.798803755662679
10,292,19.468587448221843,-222.9781748316921,30.085402861152655,-7.308077232103878,121.50240218141091,-12.290873106293079,2.075620402794808,0.0,-8.94248982817539,-2.305700870705823,0.0,6.122037238921282
10,285,15.968037624987879,-331.9168961620163,40.60776432465227,-8.036208552244597,94.88513577443487,-14.052840433195582,1.8137699214179115,0.0,-7.615484764415059,-3.766063850069574,0.0,5.625643410684304
10,237,-30.50059336742896,231.93103094469686,-9.395346955739239,-18.521116119784903,122.97824119511395,-3.799928291141628,2.429662433135637,0.0,-8.28741915021465,3.9597939531796578,0.0,5.952759058745032
10,197,22.327304343642126,-334.90123012044495,43.76278486646327,-1.367088002589073,94.60402824711308,-9.67748158712614,1.6197888944361738,0.0,-8.212869981811904,-3.917184667644879,0.0,5.636717893559295
10,013,10.4332812857366,-164.90607423956595,14.348026036054645,-2.318245086772291,52.4255166597147,8.213007356379478,1.0984268216496091,0.0,-4.433115171839151,-1.6848032403664162,0.0,3.4884490887151345
10,044,-12.408750935616915,111.13873088748679,-14.94202581451302,-1.7957197715904614,56.7536793606332,12.169849392171274,0.9983635969047596,0.0,-4.620665028299305,1.8762344902223247,0.0,3.4833586122011186
10,027,-2.159875787417613,4.685788521560792,-7.982758393662757,-2.452091822343982,28.85479473584428,4.679240060989678,0.5216070992451359,0.0,-3.9800942453076527,0.3416639558825408,0.0,2.969093016576028
10,058,-9.770682651984721,214.27682957623733,-9.651653582941616,-6.9636794505437685,113.96956100664642,-1.8259105049306275,2.3295623877035028,0.0,-7.699634064005238,3.6093315616094968,0.0,5.663395955393978
10,187,23.719642241185262,-365.49213683287377,43.587908479970025,-9.376661970304129,88.82895135400506,-10.995641726940194,1.7149306916495224,0.0,-7.0655492697271844,-4.223580788392908,0.0,5.229233003170571
10,018,11.15836177243371,-231.21392803807979,26.116773562222416,-15.852078962010753,87.95271644686527,-3.9634993842830175,1.7502756261248702,0.0,-5.6864465436466025,-2.6488359297271007,0.0,4.535983946457844
10,283,20.337973064778634,-328.46879987441787,36.654405617542615,-11.63751209735827,90.31564410452786,-12.390537880431701,1.6479774788093542,0.0,-7.374181634498941,-3.741598516940118,0.0,5.538437445567203
10,036,-5.627511888296118,40.66727503666103,-10.171139888520848,-7.186752752141965,39.489311114802625,3.9163870282708055,0.7135773845238641,0.0,-4.230429719458502,0.7645822064965409,0.0,3.262674013512134
10,211,4.0195108601527485,-49.0337448226002,9.533663910785926,-10.397159880281723,121.89308489117059,-12.322389575672698,2.2861597346497273,0.0,-8.355305262026594,-0.0606476702325589,0.0,5.822383628367727
10,041,0.08268630492031104,52.86316087716103,-6.752534607432956,-7.654413692361637,114.46873495228098,3.698960805056018,2.1133600360168048,0.0,-7.359459320184393,1.2997406506199072,0.0,5.252775120234407
10,214,-2.3373262558503707,-121.24753646363791,20.275403150407417,-18.556039707395882,134.56144915968372,-12.108678812728115,2.0973411619543283,0.0,-7.752262022583523,-1.1573402966939716,0.0,6.381647478297367
10,353,-41.940939159289506,695.4312970944666,-56.04515021920137,-14.301226908496464,165.03365415081848,0.47369368764034947,2.3714898785306655,0.0,-7.246071904079929,9.496847598317801,0.0,5.164038236124405
10,006,23.30686521243539,-299.3654783876033,18.230937928391782,-6.877112597477683,67.03212724757074,-8.488944005892431,1.4548383822699453,0.0,-4.863650800260507,-3.375444179882427,0.0,3.7995861017022863
10,067,-31.25956336636632,295.4350781063205,-14.932905219352147,-18.05029804630544,103.91208950980496,-6.650564282449798,2.1218438608078865,0.0,-7.642871269528349,4.720324177353893,0.0,5.610007823229607
10,319,-19.882917844042264,86.47038254062466,2.1395946745232233,-24.844306593521722,115.94462470070044,-10.222105776109002,2.297909152406965,0.0,-8.315126823735934,1.8362633999446294,0.0,6.17936262153902
10,085,-61.588494945850854,638.9017854002624,-51.88562453152554,-5.2167543869821165,140.72404275473528,4.486387685171117,2.0080973338147903,0.0,-6.893353249465546,8.837882024848863,0.0,5.230222641981992
10,158,-20.281052651925414,291.95285305890894,-29.120928028283814,-8.166625846195105,108.34141723858093,7.950031139628983,2.092913071761973,0.0,-7.801607362270674,4.668865735785102,0.0,5.554788208079718
10,320,-17.276605060794825,99.00435673536457,0.7078517480078856,-22.81913506632009,122.78835520119085,-0.7605474258761244,2.6168341253176415,0.0,-9.172081446102093,2.000690017978842,0.0,6.428951072060775
10,235,-16.691786461073495,95.55718033427233,-7.204582602610241,-22.300916616497837,140.49429719870446,-5.064982540410722,2.636415537162181,0.0,-9.87374074041321,2.225681747258191,0.0,6.874329748733541
10,009,24.150689949181725,-319.11691161529177,38.91943088143895,-9.811283590064775,65.91405820080764,-2.7110888629638614,1.219082269532613,0.0,-5.608827315838773,-3.7928274538155904,0.0,4.575814919401033
10,321,-12.397578546969557,98.94439834163511,-6.403275279707782,-16.327960887163407,128.98600276463426,-11.608734193500077,2.5108328604153147,0.0,-9.17775447335588,2.229426499686113,0.0,6.5952225750291715
10,108,-1.2747342747862347,-50.968328789117145,1.4372963135479955,-8.564429380843128,26.157807134841644,4.768017018034934,0.578837108571009,0.0,-3.850163896685272,-0.41898199633879457,0.0,2.935381594915126
10,046,-14.042149187333797,116.4314761702358,-12.528029017255125,-11.084709665612685,79.5123291060111,6.153762597512527,1.584125812237904,0.0,-5.946849007750889,2.050970475671665,0.0,4.438895393796986
10,161,-22.190200915163235,291.3389653906619,-25.274644418145197,-3.3284406542446887,77.02944038860537,3.4593950170516314,1.501993887806009,0.0,-5.762396094862687,4.307600866679385,0.0,4.3742807148350495
10,356,-76.68686007289014,744.6800970804642,-32.10268604321448,-10.944385196710634,164.7431602659432,12.974284095837957,2.2713528954686764,0.0,-7.676177112078824,10.128634967695382,0.0,5.727689769050539
10,204,11.869740064624619,-223.65177197077577,32.11862829075007,-13.474172311975405,117.03797741637975,-10.849859771959789,1.938879455382504,0.0,-8.55515536005006,-2.4995435260555805,0.0,6.092228579988693
10,153,-24.784202574917906,283.46971414499836,-29.535874657544458,-10.98733662896357,102.73109235950893,4.139681013007235,2.0771849411668057,0.0,-6.860619232933113,4.436223603059439,0.0,5.218969311247509
10,269,-32.50752871141697,760.7873996541006,-62.11100533130195,10.85694505257986,161.12563329952815,10.62489998330699,2.1188395970140044,0.0,-7.38864074238696,9.866561110662223,0.0,5.521135853959533
10,010,8.886059222458414,-136.65168399369355,8.990098822808926,-3.0348811049639166,21.034115052892787,1.7143514286067536,0.6013307675282183,0.0,-3.8309170481466155,-1.5118969010483596,0.0,2.95217087732425
10,254,-34.29391657349084,399.7451036557788,-27.863608439128846,-14.344809412070655,116.34836077675924,9.222615770524982,2.303494722510699,0.0,-8.196940062187135,5.9948293209934755,0.0,5.635117738083148
10,236,-4.912989401740273,86.20878019678936,2.2790481760372843,-16.24585466814257,137.93071648797928,-9.154078602380714,2.7534989787017863,0.0,-10.636314437311325,1.9437004792492887,0.0,7.055947282363339
10,165,-22.93968481330412,354.85107850470837,-31.597593845414494,-5.685944423485068,83.2422190695793,-5.497677652118506,1.6767134344397956,0.0,-7.082692075604688,5.3697455874956574,0.0,5.2392157301973095
10,089,18.76406813771781,-271.0916697155193,26.714323117194525,-9.495439623964161,53.05247068732019,-3.6437277383182036,1.2105840641561776,0.0,-4.524302402727995,-3.0606541751087954,0.0,3.596926154692266
10,270,26.52456629856544,-328.23855328382825,23.6092784152051,-8.58758075341841,87.58016187670228,-7.693340752885559,1.8288520631493872,0.0,-6.184071315270437,-3.7632151813226677,0.0,4.555581044177883
10,104,17.264421827182897,-219.70214057522512,21.46934258736961,-10.560716189461706,87.48440306524093,-4.447328341167781,1.7152270629996185,0.0,-5.531724441176857,-2.308914071434127,0.0,4.204378212099174
10,317,8.013236731129616,-104.13130887947705,18.916390064993266,-9.007817095899291,136.07630605943635,-19.319831903117027,2.351179390675868,0.0,-10.656520275445562,-0.5125988174684047,0.0,7.26441325738609
10,055,-18.71828839947865,190.73116683190963,-14.868745952092993,-9.586717051136109,92.63162814959567,2.29872500188417,2.009006529216281,0.0,-6.444918564473537,3.1343335859343346,0.0,4.975153411669327
10,026,13.32592553186484,-140.0216069915547,16.430251198755528,-8.92276690157651,96.67510147297611,-7.03421002503435,1.5790205188912656,0.0,-7.0664988839159975,-1.3655251213813817,0.0,5.115984303465328
10,144,-17.833381699314607,191.9775544194102,-22.992630825196436,-9.363085548863456,80.87857975467999,5.35352873645895,1.6664674233946675,0.0,-6.020781975145173,3.098096840505716,0.0,4.588370240452726
10,015,10.660264395506871,-178.6325813108258,14.132609108746479,-7.994588520831631,64.53832648330801,1.162230203692689,1.3479585641145304,0.0,-4.833900814570644,-1.8914007363937166,0.0,3.6900254332068427
10,131,3.0522013515627653,47.73908301907651,-6.828940279617648,-10.83224702649895,112.52385450073311,-1.9403270621417146,2.0561856605925803,0.0,-7.0896717727035785,1.1568339227863014,0.0,5.379800633505649
10,065,-40.24306668813721,292.65757696197613,-18.18112090798013,-16.033193243012207,111.21125323108792,8.655435555783313,2.29238318655435,0.0,-7.338486089665935,4.588755641860718,0.0,5.324379730818407
10,325,-21.729846801034146,217.25279154005983,-12.053215662572352,-12.0705662055314,119.39788155579092,2.400415001080129,2.443930788319528,0.0,-8.830297409828068,3.7061911519820283,0.0,6.044991583052735
10,098,11.812534972633589,-153.21072079931884,10.932161185027084,-0.0058272319149057505,35.885621852532566,3.0446801124056893,0.7868087121525541,0.0,-4.099651021312671,-1.7287174892494164,0.0,3.221343570207066
10,219,-7.053565358843266,5.317124046575865,6.140215515351844,-16.341682160752214,115.52909942492384,-5.006184898350684,2.023406275922765,0.0,-8.125934951659994,0.8649062628111502,0.0,5.8206410249924865
10,086,12.881255790955672,-214.70954649887364,19.38841116409231,-6.374094129911911,17.19514512439518,0.2134497964480473,0.41130855236490005,0.0,-3.6483028019441974,-2.5055967407195694,0.0,3.0104664056208863
10,001,18.263710401009252,-218.677203829389,17.46531787366155,-5.224031475059525,17.1494534174272,4.2758103667556755,0.4259650168248411,0.0,-3.681299967055369,-2.593333086703712,0.0,2.9728369572377
10,021,-0.14963639686221245,-46.58665967409331,-1.0841934246021336,-5.325746409818879,28.092527225248876,5.288554748312223,0.6018711186997433,0.0,-3.881930211785007,-0.32161973695542134,0.0,3.0067601281775014
10,160,-19.883718234592596,262.57009300784273,-24.138742939891007,2.670939576187668,61.28273077731123,6.575874150155811,1.2230983243659064,0.0,-5.109288461687296,3.798520635974696,0.0,3.9839261619686326
10,113,6.06701554966991,-78.16074487053696,-0.6787990114366818,-7.297635711446866,85.93152329246183,-0.33591380548403005,1.6063337583796136,0.0,-5.194885328212711,-0.46547639794676365,0.0,4.074053809883337
10,061,-13.520151227912928,232.14388869695082,-20.15915451684146,-4.0730083424742975,73.16828107535656,5.909645252832842,1.404838585442166,0.0,-5.5118141866306765,3.5563217250036416,0.0,4.123054719622321
10,112,1.9268029009101366,-73.1943778958884,2.8033666593533124,-8.370113591725787,61.794737282539955,3.8353643372031856,1.2182569313765548,0.0,-4.782422073848077,-0.5680707226561882,0.0,3.6908335931138057
10,338,-37.58046003501169,280.4323801606694,-12.824655031739882,-23.149694073404373,109.94620618405355,-1.0572935334466043,2.285938689609698,0.0,-8.084506116906406,4.6391979951409645,0.0,5.954050067404969
10,186,19.164950302872533,-360.1881326350474,42.53700498930294,-7.699914941941312,89.16405189061119,-9.078665715382002,1.6822817946856672,0.0,-7.006826557083228,-4.200709345366285,0.0,5.361951036030004
10,138,-4.162748641060616,136.32532542230257,-7.292768793460501,-6.561412754701439,108.45184789975812,1.3299444941752425,2.146520047582593,0.0,-7.188443010985838,2.5192734599792694,0.0,5.095313713640482
10,106,20.62033419838758,-259.058916865065,27.095456608226897,-13.611574792940093,98.03252843358729,-8.120349643464738,1.8879415545619913,0.0,-6.353773755236292,-2.774694505389759,0.0,4.695972236356111
10,313,-3.9532967626793516,-32.00757444777831,12.839531784962597,-19.348136256779128,122.00761369579791,-11.963307511931045,2.2438785981316784,0.0,-9.25120841427524,0.20810300807036652,0.0,6.593015773723597
10,088,16.084323974610122,-245.77901192409857,16.03834243369612,-5.375440508299881,45.75406275075481,0.0076193797355473825,0.8501420283967881,0.0,-4.204459415851221,-2.7618415184069853,0.0,3.3924176262121475
10,243,-28.790970767062372,220.89415691235317,-12.38789513903923,-21.53358023381846,143.92273856366677,1.384300270824975,2.8980055713665327,0.0,-9.340309720495076,3.889733523560383,0.0,6.771481152851286
10,330,-25.717363678998318,213.87380870252898,-14.414961047886752,-21.431222320290413,137.39513011590503,-2.441027671367401,2.781035202534986,0.0,-9.514435065286742,3.7824166994822823,0.0,6.6214312990646516
10,064,-23.23634509971109,299.73916597891844,-27.690532042535636,-12.17060217390845,112.96064636659526,2.6276187076489,2.2786415869297496,0.0,-7.351413117984911,4.650983413672876,0.0,5.501426981559859
10,159,-23.62241923359163,222.7364535125218,-25.683724303770838,-0.4418079128743989,42.174101633771336,7.7563554502573,0.7918009062592849,0.0,-4.60663973546719,3.1360903196042322,0.0,3.4944101098162514
10,132,-3.6364668789959165,31.96987852031725,3.140954493462388,-13.694322131147166,109.45251117473066,-2.441640057952188,2.0347828906806225,0.0,-7.7174282451154745,1.0362920354511649,0.0,5.38775285457443
10,007,22.437228243150667,-306.8517065601171,23.58438737885148,-3.071722431019369,66.10695348204635,-4.856843939762777,1.3668628273576526,0.0,-5.135327291351498,-3.441176416294221,0.0,4.040518611814678
10,263,-70.22336679329572,684.1630014688357,-33.066355612261184,-7.406076986456759,157.09971827678925,11.995272627985809,2.2624834626719723,0.0,-7.2974268796635435,9.35677384891289,0.0,5.296979944195846
10,011,9.344749808199031,-152.23951653321416,7.245006473186034,-5.607734472225753,36.2965584221005,6.937821850102294,0.8496586915045072,0.0,-4.104393764773716,-1.5876265557492486,0.0,3.2628719374702126
10,045,-6.551638058076511,110.41334728933543,-13.62770040264443,-3.1477410506251484,64.75645303018031,7.6799047783653425,1.2026602559967476,0.0,-5.028285351621617,1.9046993617446906,0.0,3.8641515261021935
10,281,24.631973909556965,-320.36092253709376,34.79137103584853,-4.843250571691411,96.43808388527138,-9.02174476606739,1.6406979675583322,0.0,-6.992758305116677,-3.625438328688225,0.0,5.433231779728237
20,037,6.001670551740131,2.5310038955567737,-2.1164492071175944,-9.912346687243083,181.42498359259412,-8.142271224763748,3.5532005569692373,0.0,-7.119978026883928,0.9705922876652484,0.0,5.1629756351830824
20,053,-9.47909358394438,146.48764662600914,-11.674036920791325,-21.049573299951884,189.56404072400986,1.96397792201146,3.5842759552047494,0.0,-7.149923938970739,3.0333057518790634,0.0,5.350387542206082
20,251,-32.48621344318209,394.43996867344913,-32.56141582830449,-16.33989641758213,171.8272044611976,7.849880791048522,3.5266731799940656,0.0,-7.234458559207738,6.277705819226046,0.0,5.374658152980778
20,154,-9.709155162632818,272.96920419916955,-31.755743731498676,-9.308420981719149,161.18028746920166,11.087604725438826,3.2448328246043463,0.0,-6.923101545659049,4.61885718707776,0.0,4.797190811083251
20,331,-16.97751262200356,186.25399130888425,-9.3891011637674,-31.723578617191407,192.6622948981115,-1.7781780426999028,3.972890248381931,0.0,-8.629784460382474,3.7278139999147077,0.0,5.821127365265912
20,003,19.37334211879339,-250.08656732289052,17.834595443941176,-3.2103616767788328,70.34927074824382,-4.911226537727147,1.599764990289814,0.0,-3.9720924901211423,-2.618144832357623,0.0,3.1340524845309172
20,151,-3.1438977436051534,279.19316510853156,-27.221968536124276,-1.6919157043572923,155.52334215451071,12.65012983612782,3.000990518433592,0.0,-6.053265697384289,4.454328415132632,0.0,4.603214068988467
20,152,-8.82460960962242,287.6777131374092,-32.05563323056096,-9.30933431995456,169.428403854516,5.878565210785758,3.5869765902050803,0.0,-6.954157634091409,4.896064416822032,0.0,5.018880542588986
20,164,-25.721086100585936,368.4260814891805,-33.27770883967279,-17.282436592917776,168.53727947153757,-4.307413880653041,3.3065725054375563,0.0,-6.909767342115658,5.8705198894828685,0.0,5.145565832348616
20,193,21.660359893513274,-325.53554107589974,52.104411021797915,-18.501294045554584,146.9554218728504,-23.94972116330124,2.894672582289801,0.0,-6.680500487957201,-3.5844704030716907,0.0,5.234547171146943
20,031,-2.02033375032629,2.7929848812344575,-6.569399105156507,-8.040951768072901,54.01802742489536,0.930607190032926,1.1212352105590602,0.0,-3.662560996302958,0.5892855911874189,0.0,2.9394783143602927
20,248,-8.317262165329003,394.25957680412375,-41.08960405970842,-8.223739064472749,178.39634694568838,9.568499444183628,3.666280699217288,0.0,-7.471053308932393,6.275151307751461,0.0,5.388256416050629
20,249,-35.313584205972155,397.261857710421,-43.09542568704342,-11.992393918524057,185.96958590934958,6.688293093742398,3.6229323739313393,0.0,-7.3550769119446535,6.433213824490581,0.0,5.333508018980421
20,262,-34.22590009792803,731.974958353551,-56.6889369715542,-15.946329408356018,209.66458389832832,7.618755915671237,3.363098179553918,0.0,-7.067965542485847,9.827780222852715,0.0,5.112488541958109
20,341,-7.550090879521216,299.8763906878391,-14.745784112015102,-12.255407258020806,200.85954466080923,4.579530096756891,4.046642816904935,0.0,-8.433790878568523,5.260578865416581,0.0,5.754074314017673
20,335,-28.870249097963917,311.9415975857148,-27.964031193531348,-22.32980137486037,186.9535533037157,5.801254813945085,3.859064541499558,0.0,-7.711433635030198,5.2701351104978995,0.0,5.442194905535088
20,371,11.717631706750296,-364.9364369574495,36.233786060750795,-19.1520235984797,143.92036963531018,-17.70727461473086,2.9430685108793146,0.0,-6.41629082431275,-3.749119228707152,0.0,5.003575530517892
20,102,14.8637673554307,-199.92326039066256,19.68054614294834,-5.239914765080256,118.35644911627544,-8.146324633000056,2.442278673945546,0.0,-4.945773415563299,-1.8415386163352911,0.0,3.7106803539844533
20,107,2.3779319414851443,-65.01471315334376,2.4687562636015317,-5.156887967738682,68.60288288374309,0.49791720214632895,1.392245306139451,0.0,-3.8509360201586613,-0.3248772179130808,0.0,2.9933067005933323
20,100,11.973289129540976,-166.44841462811112,13.265953723964387,-8.632694454497445,89.44400290902136,-1.469865641408372,1.6648566175619268,0.0,-3.9733917427784666,-1.5494448143705282,0.0,3.176151588669543
20,075,-19.318759134790724,350.24802403121265,-30.93362985526374,-13.42814939345986,152.24388042495798,2.0803786462417433,3.1134341920442923,0.0,-6.6685326249881385,5.359701550311432,0.0,4.633731175262896
20,134,-4.141167625807664,124.34230725438641,-20.883720564235084,-6.08766879651568,131.3592603686229,1.6587862915197857,2.5056654422153284,0.0,-5.360063799221966,2.4584021119558654,0.0,4.115073035052925
20,173,-43.974679826213034,628.858552764397,-46.22136377858037,-15.086867319807855,175.24558671684042,19.34383934841936,3.004987062002011,0.0,-6.2130662466760675,8.261766050457318,0.0,4.643700079460867
20,002,14.084100351169885,-232.3921681036419,14.190878854886872,-6.024924967570705,61.685154813425996,0.4433739064213442,1.3566605428681866,0.0,-3.6670771591785933,-2.417967709241136,0.0,2.9646269928305315
20,099,8.926960738421016,-150.66357850916535,9.266486863873254,-6.601092388757191,75.71292217423999,1.958066108584782,1.543243344092771,0.0,-3.8617999456199175,-1.4298719164166636,0.0,3.070209497986604
20,063,-7.617620403320827,192.22444665665526,-23.843594499852742,-4.181297525434475,88.99609094713026,9.275063172019552,1.753020762596595,0.0,-4.541787779009851,3.0001998237467014,0.0,3.3464875961263267
20,229,-13.558941403177588,94.05830770897994,1.451098242475715,-30.45522313685166,209.36024588055741,-0.8791491409203562,4.165542000054044,0.0,-8.766283440954682,2.3854971259675883,0.0,6.30142798057645
20,024,4.2816511550642735,-68.44993980065865,5.829527543423808,-9.085753394533413,104.24300838404207,-0.4685516483334835,2.1042909172049624,0.0,-4.668078487894093,-0.21575768829134134,0.0,3.5583703036568997
20,166,-17.098912918290683,343.31247925855985,-45.989365524432046,-2.239414845882928,69.35846322855407,9.051595449499766,1.173139299270216,0.0,-4.253638178456776,4.774571131697326,0.0,3.1034308124787495
20,105,11.391134891597375,-256.7345641317223,26.537440501898036,-8.924313612307994,140.29564636128282,-13.419490292505163,2.837225516793204,0.0,-5.935939919099453,-2.456040645168729,0.0,4.393134079401835
20,136,-6.4696726684037,139.69154727474074,-12.463028281133669,-18.11925792195274,168.23560683597435,4.480078577084816,3.29917857769869,0.0,-6.66439551900662,2.819018398321896,0.0,4.78910225833905
20,289,33.68509804088933,-345.31200048159934,49.51557920863124,-2.039343296427133,170.89822273476022,-24.745055183735005,3.187329796532497,0.0,-7.87420650266408,-3.5826163547778105,0.0,5.606962540407863
20,081,-30.01590311895388,435.795987631598,-45.24661984392875,-0.9117283822735875,105.1439972806903,4.2697465176700025,1.7670859819105964,0.0,-4.681246413312017,6.163662444565533,0.0,3.6467791698559973
20,238,-29.188436199026285,206.4523366931519,-14.78565219881091,-35.65167609546234,211.03442273550715,-11.522627818483112,4.342748747893768,0.0,-8.478796158405576,4.074701433686805,0.0,6.135737977261665
20,190,18.62803709006793,-287.2971411085027,28.402284720247295,-10.620475098513955,139.62032689537622,-10.495151861655826,2.8495803930269052,0.0,-5.956880250089468,-3.117034227700331,0.0,4.5318498730977925
20,203,17.074537835027947,-241.78830980918562,38.555020194944944,-14.201102824249674,188.10569841293088,-21.806726362141788,3.4886421651327835,0.0,-8.844016839428527,-2.319510172430667,0.0,5.961527468918016
20,253,-17.481667133654646,413.1869350887926,-29.526917614146853,-11.017276490438316,187.79867520672204,9.39758138009011,3.7063934502426568,0.0,-7.695874551245806,6.490235326033279,0.0,5.53071074561325
20,117,-1.1401958338489373,-0.653909206893183,-7.638718275863141,-8.465004135816075,70.4572220096877,1.6327426428966962,1.438611161213016,0.0,-3.9881487882785414,0.4760543152715627,0.0,3.1242098793118274
20,323,-1.821241922380973,67.35273155335915,1.121518908766906,-23.12933520782469,212.4299342487863,-16.547434387445524,3.8899705993624134,0.0,-9.00852670228747,2.150420861240666,0.0,6.449615195227695
20,212,-3.4715397511428945,-171.44191681327953,29.240716911428677,-22.995655405747875,212.8182149301841,-16.99605912496405,3.9268675211329898,0.0,-8.5503642655875,-1.241150432204063,0.0,6.323976251076249
20,314,9.106854185753313,-51.490533859839154,9.466954854021058,-16.14951005212262,211.80087318104998,-22.132848740261064,4.176781109473959,0.0,-9.849176443583834,0.36612018046380035,0.0,6.7848888971914105
20,169,-28.049278270421496,490.12538060754656,-45.71148028447808,-1.8511148467676377,136.92688863760455,13.255042159316389,2.0806484596977874,0.0,-5.128136657515191,6.7512927280558275,0.0,3.8591991406203188
20,056,-10.905191372048998,155.77536834793034,-16.821536046086802,-10.325416796919068,107.74190222036043,10.248861029404551,2.036152667420569,0.0,-4.906774297098995,2.7197672029436237,0.0,3.592666487136253
20,196,11.934431027000253,-340.7072962204604,43.600003170901786,-8.555625244834918,157.26374370217428,-18.0009392348494,2.8629003880982835,0.0,-7.2617489149703625,-3.6534003109652757,0.0,5.348449293603736
20,129,-1.4975719295143985,53.6305387935281,-6.474541516578636,-16.543841362461986,175.07609841312927,-7.15207003329285,3.284990879544071,0.0,-6.623198212723931,1.6229782922835168,0.0,4.949034072919474
20,275,4.56084397330547,-396.59878950513337,43.315349776075124,-17.195042201811347,160.36784740909417,-17.037228257370895,3.2686389815569017,0.0,-7.230440377443986,-4.116649736305995,0.0,5.382316330179419
20,156,-13.596325282035624,226.40431081394658,-24.277457606417794,-7.564878200408665,83.20627049753949,3.3896805714844507,1.5307886380409783,0.0,-4.36612873210882,3.405250421160906,0.0,3.246124834136828
20,305,18.696172325389956,-130.73111638950388,18.484317079224375,-14.72551260596617,231.19499897642993,-27.048692166650714,4.432065385331675,0.0,-9.101092654013453,-0.7116561608222798,0.0,6.67124586909932
20,155,-23.60591640009352,264.9640933943411,-24.24875925400943,-15.826294302992292,160.58467931154078,7.3176623195066774,3.210770738929414,0.0,-7.00628596061719,4.591963257606692,0.0,5.026636586897558
20,327,-3.2366824817187094,211.27779873534908,-22.006019934820536,-14.420871890356654,190.30820065706962,12.092037390628693,3.7810539950730835,0.0,-7.641898314499267,3.999283598782567,0.0,5.590064901342296
20,022,3.5145722971932782,-68.1102287743564,3.5341810737942807,-11.497707153115043,90.51413784286018,-3.3933791089918492,1.7356915882003963,0.0,-4.2287340616242295,-0.20943818905129497,0.0,3.3078293309954487
20,120,2.1309208913221087,-8.013931862035257,-3.3514218974677434,-10.24142152430148,123.949977283824,-0.33070446789757035,2.3623788696465113,0.0,-5.19900763887679,0.5654195047583244,0.0,3.992677439723715
20,125,-2.4725277585955916,55.36508566486685,-9.442331544578575,-7.370427783561841,97.27495402200051,4.323792271678427,1.9547351809201972,0.0,-4.743427802225503,1.3273623812099724,0.0,3.4554745657387986
20,266,21.721742107005767,-339.2513995938009,48.766534583797394,11.285044728148405,128.8362528491948,-4.999633692853923,2.8484628875340174,0.0,-5.73007674155822,-3.5893980073564884,0.0,4.288402985757634
20,260,-49.53204656963796,699.2432022055134,-59.56749598348706,-13.453450107084292,185.68840902338908,1.4673866363974462,3.1740261373741703,0.0,-7.294044802119113,9.88981168540454,0.0,4.985426269340069
20,078,-27.643188860522148,374.72245820012523,-33.30508007901025,-15.650310048806599,170.08463953523145,9.234735190536885,3.2929007827898755,0.0,-6.5375890736955276,5.951161286828252,0.0,4.834034028065183
20,369,15.946420768087966,-355.3233920451437,33.922679484265196,-7.146611017739882,139.518012280226,-4.575291322896971,2.7278928169995513,0.0,-6.160416040267492,-3.7706794270821717,0.0,4.9014048155708565
20,177,15.251919047857951,-269.9054823125138,24.004528359661155,-10.885728046321768,85.44188404461363,-6.022239578294532,1.9772102725676213,0.0,-4.3915019340676995,-2.781174440513304,0.0,3.4130622591774693
20,291,11.799254646680058,-173.40983742088736,23.424668399490933,-12.114971935898433,164.98344173635635,-16.715818363980073,3.072332026105704,0.0,-6.907051914452475,-1.4940097994401902,0.0,5.163693237259583
20,162,-23.862581233603564,363.84391702107484,-29.10052139913772,-15.041652693390922,153.46084521209747,-1.8762512502488975,3.0477094289151414,0.0,-6.877461659525078,5.738100780290647,0.0,4.98492718732395
20,215,2.288616985416028,-190.21447419922484,24.739442535147173,-20.22863317992621,220.0779123211986,-21.98076488714583,3.991721594222872,0.0,-10.042961217659307,-1.5369281203726124,0.0,6.903090674554584
20,217,1.8151790820191167,-14.893249896456886,1.9865153340628279,-17.582791192830822,189.4325935018183,-18.47712462362041,3.5471425815149495,0.0,-7.954014311562866,0.9175474223363951,0.0,5.818724811155155
20,378,15.134302657997113,-280.241654150215,34.27508144307835,-10.910551637245874,145.11853381674024,-15.77042560436059,2.852246494350443,0.0,-6.034317466052178,-2.7569320043666186,0.0,4.5878420268219795
20,062,-18.774132121517145,192.6903506359482,-15.740874781166912,-18.23668653993513,177.77207646024362,7.705414386498738,3.4439898235672954,0.0,-7.215104610072071,3.6926630328477845,0.0,5.168649001801214
20,054,-10.90596408657225,146.16591615533997,-16.804578279775384,-22.873078005703597,200.6509968411184,2.4796295006305016,3.742767183846133,0.0,-7.702365353391937,3.253312989848726,0.0,5.447314455649354
20,337,-24.379396936907998,285.45916602787304,-27.440533468514268,-21.53030221031142,181.9559451264074,9.074910590416984,3.5943483382809487,0.0,-7.774459927197818,5.018510336783264,0.0,5.365519724650568
20,368,12.575769246388575,-333.7460946440555,52.480370225541556,-15.031841980203552,131.1566375821098,-19.534466795794263,2.622083174650776,0.0,-5.99817018748381,-3.5617120381547265,0.0,4.54490044206369
20,175,19.86579006482418,-241.93798052373737,14.744485408989494,-8.479797747012148,61.44690484747527,-1.6220508353947556,1.3807546618071973,0.0,-3.5363131228816616,-2.5973391070792267,0.0,2.8981576070744057
20,109,5.090498561750139,-75.53992188934485,4.405172018303681,-8.362343490105737,104.38728924403439,-1.5109216682891573,2.0706014063932385,0.0,-4.597076544777084,-0.3027084804267305,0.0,3.5422180715834823
20,047,-2.670843145747771,99.67414646609646,-13.58886784539142,-5.065702159755121,87.29674858497836,3.0736361842182838,1.6613656659654876,0.0,-4.31872656611027,1.831388345326916,0.0,3.3381328293993278
20,167,-24.607813601710475,384.328427348607,-47.94821062532711,-1.3865341327614267,85.04230717230894,4.442523655016321,1.4750327327256356,0.0,-4.346228636035661,5.47568507181084,0.0,3.2933332513498623
20,231,-13.720021814670831,91.88996529893596,-9.398546382122653,-31.35490022674155,221.9283364373167,-18.311579409063874,4.738446550924349,0.0,-9.959270791946926,2.3723881936035216,0.0,6.8394490432679085
20,092,16.554651850415134,-303.9183845311717,23.230339122434,-7.115544221904189,100.04428024810811,-2.78628553524095,2.215811774012568,0.0,-4.417647491834381,-3.035606071590566,0.0,3.5238150618166952
20,005,15.646952174960873,-293.05744276663444,26.206478116662623,-7.571545748979271,104.33479555198598,-5.295209723736971,2.176527695178001,0.0,-4.444810272518563,-3.033980992217577,0.0,3.647154898676619
20,096,16.973745002934017,-319.87682174430523,30.06354616410912,-5.390762718885837,112.25117957533088,-11.069821871151674,2.316857355628451,0.0,-5.25730793879793,-3.2801017508897976,0.0,4.036552684236841
20,073,-31.157637871781006,305.60085125315146,-32.98679387937233,-10.035145573635628,134.402233202623,14.052965404140913,2.491009588648218,0.0,-5.264779288362717,4.5955252465001095,0.0,3.963044384843856
20,071,-12.784204308848759,230.68105334027302,-29.887429289047848,-7.029098747080621,84.02378285936975,8.049352142125034,1.5687953410786772,0.0,-4.324494234814354,3.470436734646051,0.0,3.2890191897531498
20,123,-0.7350072473013239,-27.792398394855,3.52358634819271,-18.258510300702802,179.04706815973003,-10.710450697234235,3.3842034775155923,0.0,-7.115162836343685,0.600034573143102,0.0,5.230654306736306
20,344,-18.55697931951902,392.02898195697657,-48.66283401405104,-14.91670939733089,180.29109130924687,3.93402692378276,3.3852696529626463,0.0,-6.840765670220945,6.192585704970629,0.0,5.118430007255089
20,020,-0.3738498420812807,-56.27646780725118,1.0714483779950867,-5.402447082095613,56.546773981387624,0.7380494387859013,1.185074538722736,0.0,-3.6625515489313387,-0.27573636388987766,0.0,2.8661438273045423
20,140,-6.537756925890982,133.06119701313318,-17.715383901499,-4.819717701250079,83.29707531909426,8.505030883398113,1.6220768678955593,0.0,-4.343898596573311,2.3088699860773745,0.0,3.353625870100529
20,148,-10.46597113252444,183.49276991818647,-23.666708024002123,-6.943194563100248,86.64512406405115,8.557689125769812,1.6927096547154363,0.0,-4.597459566171538,2.9149471524692028,0.0,3.4588988870223467
20,277,21.738601425138086,-410.64190071168844,43.50794951245903,-8.525763428675711,170.3065239431204,-10.281129780365436,3.4179098482989816,0.0,-7.980475376849083,-4.184025029581076,0.0,5.614887045070615
20,012,7.669645299391003,-160.437878811092,13.753225425738062,-7.165527797961895,70.89134010778635,0.03672380589843849,1.4903323004686935,0.0,-3.8808154608710055,-1.405685037112392,0.0,3.031208008355153
20,082,-27.635565358284524,499.8082461848021,-54.63189021864055,-7.469312916105835,135.54897296077698,11.38685019317776,2.254839042269653,0.0,-5.2486726624319635,6.8887553018521945,0.0,3.9288145290369756
20,128,2.083470265506428,54.37223790924963,-8.084288279517855,-13.757102684192697,157.681706594314,-5.658002743186075,3.1155625410737575,0.0,-6.1505708685107185,1.6322868501052816,0.0,4.5496508212892275
20,143,-6.155755383468592,202.69866755784594,-20.729477033072694,-11.055575794134965,149.55866950902913,6.804616853474442,3.005902750450728,0.0,-6.160749611134035,3.6092139280085638,0.0,4.550710180356016
20,374,16.062853857972836,-389.8844899385627,55.54831370729784,-15.469573175339281,154.90359548172972,-17.007382802566408,2.9810939645994017,0.0,-7.059037880146922,-3.967677258366378,0.0,5.132531461750009
20,034,0.7840256300853474,1.705418160660418,-4.004102435602245,-8.870841865294695,113.6039542075175,-3.040819859875981,2.248419980216823,0.0,-4.936120219811836,0.7674025705189211,0.0,3.799427781955794
20,135,2.00413385331756,120.60021662906574,-7.507416146419775,-7.044624019612771,144.49301409553087,2.50122327534251,2.769060800850285,0.0,-5.902968447467615,2.454943915941589,0.0,4.463893185027221
20,101,16.96208133336019,-186.6110158475008,17.523911285292073,-0.33924176748448054,99.7778075040803,-3.5093462832190543,1.9923077068091763,0.0,-4.3957533735136165,-1.7652901585317557,0.0,3.434281788593509
20,312,-4.100790478359456,-8.371914389000695,-0.7452920464581038,-19.793420289395392,196.7946405854556,-12.301785833681892,3.9940942442198266,0.0,-9.125213551200023,0.9897122334783404,0.0,6.1764735708725
20,149,-10.622918958094736,214.69137361477786,-25.584399630726338,-5.601178320872304,108.90133810325527,7.425548683020665,2.123086187525744,0.0,-4.884176926444605,3.483929607356475,0.0,3.8150242842278024
20,201,5.177494144748442,-201.2959887272901,28.147041366509622,-12.517923903491535,172.22674317783847,-16.832994537598264,3.2154637781189894,0.0,-7.38794894204587,-1.8639972590676457,0.0,5.381634761621092
20,228,-12.297240293148228,101.71711884485711,-9.731109570174969,-28.795552024454985,213.54319945529585,-4.101207962898281,4.207672502064613,0.0,-8.875695401172411,2.5678410402429463,0.0,6.285953943319717
20,306,6.4035658381644645,-161.97729777442308,14.653463781906042,-20.059863292298644,239.7883312980658,-18.257307727146458,4.555649008143352,0.0,-9.952492962708408,-0.8907175510402121,0.0,6.978002525143689
20,363,-36.775120294909826,767.32595856937,-52.53101138340429,-33.75981100833683,211.79656194117175,1.7933870713080253,3.3319417891377148,0.0,-7.544904360788439,10.269954707294604,0.0,5.171723991700802
20,043,0.3411099755533056,69.53123474375117,-7.586641403715158,-14.190944138126365,166.90452043295232,2.502815147454853,3.189764252865396,0.0,-6.3295749796066625,1.9365756772414269,0.0,4.569187499681351
20,200,11.483629508822624,-175.7785029062719,17.95276682929861,-11.500166924818016,156.04278813434985,-10.465423137166672,2.986900984192886,0.0,-7.33398008120299,-1.5255959582720389,0.0,5.000139346371795
20,077,-16.832549821317393,341.21004127255344,-31.93510191025168,-11.13967469423357,140.8167252873255,0.44760126229861585,2.754439250102376,0.0,-6.438954297004602,5.267309115741971,0.0,4.6508141659868905
20,184,26.431350078641884,-373.77274723830857,31.99030902041578,-6.081493351257651,150.42304150127364,-6.876868799646655,3.0727466312338034,0.0,-6.406036485349578,-3.7270504960743427,0.0,4.7635038561619725
20,074,-16.49170756959898,326.9562837438977,-33.05152632743842,-9.129461301225005,131.99331291092446,-0.8590035173386785,2.5344939875734087,0.0,-6.1436550026183365,5.268785952811786,0.0,4.421021060152173
20,247,-17.884126282036796,332.0927918149618,-23.524612578590734,-15.258094245418267,227.22528591146641,5.663031121239675,4.3339885790183725,0.0,-8.495428567473837,5.8686788513100225,0.0,5.955747895077193
20,255,-26.312975439788687,427.8619529592191,-36.79497486020297,-13.471188957709876,197.13787727022952,8.828248261061166,3.8849054012891733,0.0,-7.747474303627994,6.7325992732145945,0.0,5.750680691084957
20,119,3.046916053981088,-10.930146150126093,-3.7136976725474176,-9.104075775200434,105.70859563699577,2.5312352056751464,2.1825871334033744,0.0,-4.846384239239607,0.5867012536071055,0.0,3.6787290913165718
20,016,7.270688646079184,-229.81744886927186,18.95282773771533,-12.639135020251475,123.65674218034748,-6.777236167804045,2.4749792284216405,0.0,-5.172557361499004,-2.080075173950561,0.0,3.892730293154904
20,246,-31.70732853947178,303.0804784511827,-21.454125739737535,-27.586450878695363,201.48645528991088,6.342714241446824,3.891534438142388,0.0,-8.049669566847518,5.272539999042671,0.0,5.772183247413222
20,234,-17.147723550248195,213.6186638273121,-16.058099753280594,-25.9443451516818,192.21181758748745,-3.671754301747982,3.7635860236396783,0.0,-7.885144848279841,4.021609188677383,0.0,5.795320659795898
20,124,0.135033988504214,35.8204852328122,-8.984896939279743,-5.194370464814881,71.24478533535569,1.341821979388996,1.4109328875257057,0.0,-4.029735034480671,0.9778053088243185,0.0,3.113079286405705
20,279,16.70120250373821,-297.9256032299908,34.440907763202745,-11.849690033411562,152.4101818139166,-14.32688959569417,2.8888981323507656,0.0,-6.3545564996301795,-2.9198358445692554,0.0,4.842242366088273
20,168,-21.615515877797137,425.08225619863066,-49.06987441988127,-3.9379071897957454,97.20170578755541,4.170172935684125,1.7115224763053953,0.0,-4.632677140488671,5.986530043257804,0.0,3.639578185805969
20,111,7.337995248767042,-94.76254022443659,9.062931604803747,-7.09359433483546,134.14366273671243,-9.931537865125415,2.5497749666982923,0.0,-5.4448382274986,-0.5018365303160555,0.0,4.220280240546249
20,039,-4.147873952451121,39.28506098507292,-10.55265340590365,-7.469341209946169,71.47685137789188,0.9325491287801047,1.349240624343824,0.0,-3.992864090875327,0.9986779062127399,0.0,3.1038954517448545
20,142,-3.2689179763731513,184.5375880164127,-18.443472865611845,-5.631225682081849,129.67097512872598,6.071547335494037,2.5514072082744166,0.0,-5.352140629014588,3.0771011441271634,0.0,4.191123305924232
20,333,-7.142011852285153,201.1813796887147,-9.041812542579613,-26.400508241351,216.51963704387092,-3.151261977247927,4.160657275117165,0.0,-8.641674332389453,3.9825139864068184,0.0,6.390406426292717
20,230,-1.9827853654545355,95.92217575500432,3.2665615529832372,-23.45070461069232,227.56841836177588,-7.8668175300873395,4.278348771448342,0.0,-9.099538582364842,2.5297519069847514,0.0,6.6385836826339535
20,293,7.675124162074461,-211.93561397134903,33.160480808691396,-15.649494449077041,185.4700608235502,-24.738387147392306,3.2980204058564966,0.0,-8.254281082325193,-1.8852400580119917,0.0,5.750934823899803
20,147,-12.35426402011726,195.18566896508764,-16.568794283608398,-14.44928233052389,160.14072601252846,-0.9513581941541349,3.5009874645587624,0.0,-7.234189690010788,3.682847196417283,0.0,5.202986842423214
20,145,-19.486897746089607,208.3011886489303,-13.033462853765599,-19.03281508345208,172.54233508792368,6.415126418062392,3.34845518248475,0.0,-6.700125733111125,3.8691675110077215,0.0,4.996790922659458
20,049,-6.658584887057566,117.57663164405801,-11.818348088574625,-14.20777708436378,123.41842159141254,6.093494586013287,2.4013026126680095,0.0,-5.342584681748199,2.2818789294506283,0.0,4.057755110299461
20,040,-0.3313427405863658,41.379028715005504,-13.760314283037511,-10.885309216727563,90.12360070377503,4.258981273367509,1.7810635855218648,0.0,-4.64441367273998,1.1613305677698211,0.0,3.4142358050708737
20,340,-33.356917988705604,287.57419643612184,-19.26481062922839,-27.859118777968913,193.13685145604148,4.7907872067031025,4.135463958535141,0.0,-8.508134983384501,4.96746862449569,0.0,5.500953698540529
20,017,8.980055431875876,-248.6543442935732,23.948312790547675,-14.425686344615672,134.13843440599854,-9.62511511306993,2.6230018254893452,0.0,-5.391505208290041,-2.3022173994171924,0.0,4.048447962614707
20,121,6.98583394721564,-15.170941248633099,-1.7732611591564602,-9.229151539538872,145.926888101584,-3.208206330321939,2.917492441441005,0.0,-6.083842431777929,0.6357022187341217,0.0,4.459582160045302
20,179,17.80217960557964,-292.84357188378567,27.5794295622971,-11.328584544439781,103.4623253674183,-7.692778276321102,2.209008967245526,0.0,-4.506650160698716,-2.9953141381478448,0.0,3.566361892209163
20,182,8.999686035358282,-356.9075541228382,30.91438144241382,-14.166243534116171,131.762133779469,-11.832805857317926,2.7820888645327715,0.0,-5.93151715986911,-3.7701119225369495,0.0,4.479851054852196
20,181,29.85461765946515,-336.800777033295,31.371155167542714,-6.70070212202654,131.7001900184722,-15.016051762625894,2.6579615235770455,0.0,-5.654961466906802,-3.4545131512460294,0.0,4.496375105407226
20,137,-5.305426159415017,124.0117108249403,-8.747172332519174,-19.37888194607978,171.20464802861483,1.9087158850318469,3.2700220756557377,0.0,-6.763473855492251,2.78596853115247,0.0,4.904822088994052
20,326,-10.49099952942391,227.36242359753615,-20.441088632957275,-24.701283173721322,197.5660083304788,-5.003076118962764,3.7630047208687025,0.0,-7.874898376208334,4.1761184375304605,0.0,5.785662515432941
20,146,-11.045819428313266,211.38486025083785,-17.32702921668723,-14.899230960372229,177.51503929403526,-5.3973514382774646,3.5534516183840745,0.0,-7.215133494791029,3.8365914724649457,0.0,5.043068333265203
20,130,-3.3617908256598334,38.670276337855235,-0.3548955306057703,-14.913093210232127,176.40429291256734,-5.7586574853479595,3.266022582609887,0.0,-7.021231222600291,1.4120323607142016,0.0,5.214975878021268
20,189,32.97115362348859,-420.8986361351398,33.62797263724239,-10.002058871375738,164.00240664555676,-15.568250921177393,3.410206013267261,0.0,-7.7441209893453875,-4.419709394737075,0.0,5.566532329758633
20,050,2.0596596314508426,130.35263846721384,-20.651596550970638,-1.0643208152756563,152.98512411997322,1.7550546661194888,2.9053842828261467,0.0,-5.983654186276136,2.7038596950070612,0.0,4.517542534868099
20,157,-9.219783410463158,266.02354039441553,-34.90702839601288,-4.250371209860638,105.99530332565895,1.1030810093221388,2.040612235177346,0.0,-4.984802576250889,3.9923701515960968,0.0,3.6445117084495258
20,258,-45.45208202983804,697.2969526695987,-55.93468399869861,-8.999035975096014,197.14823783318317,16.449766193697215,3.1996856519781476,0.0,-7.1032399043085945,9.63758301789507,0.0,4.935473343317041
20,080,-18.245493796966166,387.412582157196,-55.97697614166414,7.410822399688562,88.74682627081972,3.847950955018538,1.4753347999332451,0.0,-4.333297955129929,5.547613266674192,0.0,3.4164797947200674
20,286,19.685047114213198,-310.83835305977624,37.2077636270311,-11.29197053968665,152.60653776075415,-20.01889561040982,2.888477863237408,0.0,-7.499536019782557,-3.4075331219998315,0.0,5.4220336418637505
20,150,-19.522548680783547,253.73964929834995,-30.466947230816174,-10.893729521206874,136.77416740202324,4.0701319539496925,2.691588954122327,0.0,-5.570073141685743,4.177339971672791,0.0,4.259106311846842
20,348,-29.440009861836554,399.79348745888734,-40.416280155563015,-22.95156140180882,186.30248890578753,-3.277457290474958,3.570435412172804,0.0,-7.358030730092078,6.427811546449341,0.0,5.42429441932604
20,256,-38.54650317135647,648.9295752606055,-51.71042499288663,-9.293493944068999,186.17357803896496,18.47442093524502,3.046291505501022,0.0,-6.719418199109797,8.780221980553936,0.0,4.7792245985433945
20,365,24.243275977651503,-333.67675521700596,21.81545969567715,-5.574286484722131,134.8603476353114,-4.424253117222271,2.834817688253037,0.0,-5.64712748768882,-3.480498457065159,0.0,4.40666960799268
20,239,0.5491463305017352,199.82681522672428,-12.141192749155687,-15.243892495748897,221.75844014971418,5.256120233565387,4.530672603768549,0.0,-9.039175993275856,4.035684813298241,0.0,6.530553298586772
20,051,-15.445841578662648,155.53213234489584,-17.029827969660737,-17.239236268383813,174.51815191303,3.1515042044920207,3.517902648721046,0.0,-6.930806017297087,3.169643258008438,0.0,4.938085414942606
20,242,-29.47030694045876,320.2437308554192,-22.69458239964893,-28.557730577387964,199.06218525098984,1.5378370292015369,3.8451245440235335,0.0,-7.9227147336994515,5.519265682780806,0.0,5.725335485433632
20,245,-27.716253429762226,306.2690401314709,-22.53963771030264,-23.6440344422689,190.67408762264438,-4.1447819901374094,3.740670469780815,0.0,-7.8173454282871395,5.328852534879582,0.0,5.681704591831187
20,202,7.342762884981836,-237.22662886026643,31.715616824624735,-13.698615781684815,177.83930208052632,-21.08694428503344,3.0799757556337233,0.0,-8.131136692468342,-2.1849398219351777,0.0,5.486215314933693
20,097,21.01046829361958,-324.4914943725426,35.94369321958402,-5.20498960264072,112.6179045818676,-16.871822931928758,2.247546742002216,0.0,-5.4358264414956565,-3.4533146370901155,0.0,4.424524234386273
20,059,-10.434884063399455,203.84849116680334,-14.534651341418062,-18.922146141408394,164.27382557439935,11.364731717101364,3.1036985334130742,0.0,-6.293440485100515,3.702881796368068,0.0,4.799222682692193
20,318,-7.871364504984199,109.82582542104754,-8.973198478720771,-13.300335728001755,189.98100081891747,-8.366845502981743,3.8634147025016454,0.0,-7.938531294178876,2.5401363150376985,0.0,5.597088322852961
20,183,26.10165654499666,-371.1533250793696,38.46274794969749,-9.030316663153469,132.37689007368166,-14.99402745850212,2.842578141297066,0.0,-5.996555803035174,-3.9014748700709676,0.0,4.48144923839218
20,195,15.686277119771866,-340.5081044610882,40.699028122280794,-8.673769680469897,153.52382641513861,-16.4591981170667,3.027245236782628,0.0,-6.99581163383386,-3.6890199876210956,0.0,5.355480387616072
20,280,20.383515645655958,-317.38799542966746,32.28503975755419,-6.237016491998903,152.5922152643765,-11.84651467086071,3.066358636066741,0.0,-6.949429416250552,-3.284424097363447,0.0,5.084635690225026
20,278,13.875213218013407,-290.5243521041878,29.044320314848086,-7.458384563108312,150.53977693125654,-13.102153663256418,2.9610501502823037,0.0,-5.964387165367665,-2.7824591090216493,0.0,4.565214122049051
20,170,-45.34410002813893,529.5261805082963,-61.17893010612967,-4.048575760813446,148.50029824268634,2.5580543950132384,2.4979085963993364,0.0,-5.768411283481309,7.46364867734765,0.0,4.164173328010621
20,349,-27.58619336218409,421.688786184202,-26.674422603189697,-17.669943521985743,193.47246624767305,7.50035593809819,3.806652507061952,0.0,-7.571034145509986,6.819587065165523,0.0,5.493539035317715
20,324,9.533683968048738,97.41867926105978,-5.314979967165629,-13.818858023571675,221.36595607018162,-7.799460203976034,4.204715359308916,0.0,-9.170414904497285,2.5047574180189116,0.0,6.6387206671279575
20,240,-19.515295346537265,296.5474015777584,-19.058999379528956,-14.984580496959648,181.37890579462893,-2.0357883139330077,3.6880547078981984,0.0,-7.599074301926023,5.111993278658605,0.0,5.332551007972638
20,226,-12.57645642315823,113.3299110884826,-7.001162337322848,-27.308978123152553,217.3626580396487,-6.602622618287553,4.214559624500685,0.0,-8.884764168437941,2.871873198979161,0.0,5.906554876297408
20,084,-40.21176355438137,571.3944523146746,-46.10277937724209,-2.2508453152212713,174.9920011434939,16.251586243955295,2.748528283669656,0.0,-5.964677294650539,7.928979645631278,0.0,4.432535230839419
20,295,-3.304635131595674,-244.47098749035402,47.54422731229063,-16.671303628852673,185.58738298484857,-23.80989784555105,3.4270774228310454,0.0,-8.964498644993112,-2.4530118802831717,0.0,5.597845806818514
20,373,13.449832503268937,-385.5879707533161,33.30420945610421,-9.87648055103437,146.6004958195457,-8.264368514157631,2.8980488868393306,0.0,-6.516834670925211,-4.066409819823642,0.0,5.023170423395732
20,091,10.594279016377293,-272.66033396094645,26.848893126104002,-12.268497009182123,89.58685916719305,-7.867713636219054,1.8791499198534383,0.0,-4.219096799780878,-2.730066344163344,0.0,3.393726776316835
20,057,-7.04286036181181,179.59703795193315,-12.530578403155562,-11.180151680257996,125.98105390114522,10.360548109663316,2.4335498131764117,0.0,-5.352607567402833,3.1001223716168136,0.0,4.05255098526962
20,069,-21.441400441117885,278.5133726103367,-25.15741555966048,-13.346115515244346,164.93149513504275,4.381754491119194,3.387380068543374,0.0,-7.364696255718661,4.755572319768952,0.0,4.939336818096143
20,072,-8.321007215747219,254.78695689346378,-29.645301708170255,-7.3023228186527245,97.9301320299751,1.3354671126607984,1.9385964631294839,0.0,-4.8396903477810955,3.849083510976735,0.0,3.653555747282595
20,139,-16.492414477962434,128.61923434613348,-11.59697718332506,-17.45658296526443,188.24585885843462,-4.683935270043475,3.5716386351894727,0.0,-7.162315153684341,2.836506022948374,0.0,5.295448227882705
20,332,-12.07229039656912,179.95286842737627,-14.154759551595316,-23.26339692426356,202.20818652149325,1.4911153084453908,3.936530539040498,0.0,-8.147921236888973,3.677058959179228,0.0,5.983424241945281
20,172,-50.10005728166301,597.8348809596621,-60.769152831408874,-4.587869514523477,177.9426504955501,14.118353169729462,2.85859672987788,0.0,-6.156514495345304,7.904008660551432,0.0,4.498019484533698
20,271,19.3282922828419,-371.1408680857622,35.852516348258376,-8.141572504794327,141.43230396814172,-12.093913056821389,2.914579105422226,0.0,-6.773477621154125,-3.953185774288859,0.0,4.927048186188254
20,052,-7.178318524281706,139.0097309318882,-11.967335049668316,-19.0488234701956,173.96399589861915,-1.4480637124922664,3.4957811969486423,0.0,-6.966045710725007,2.888709206419078,0.0,5.102222379088308
20,042,-0.9806320883060851,62.09625745962911,-7.518905688510431,-10.517771214107777,142.08494642962617,-0.09239691676369377,2.799209924198239,0.0,-5.707283185109419,1.6424205996092247,0.0,4.235841726415614
20,343,-36.613847770146386,406.47198726237747,-37.44498150512524,-26.72432296552755,187.50163734929546,3.4053792230983824,3.547004705588491,0.0,-7.11417930591805,6.453826423391846,0.0,5.247696354618357
20,115,5.627159715628565,-139.17069965092335,18.520962105708374,-10.80008343039558,150.3996838227549,-17.38484493784471,2.6795423199985473,0.0,-6.149231362369898,-1.1066768677446837,0.0,4.8569404033010395
20,213,2.499792455854948,-170.06471155432084,23.57151309961847,-27.414553903084908,229.73143756009588,-24.20419853340011,4.263523010545397,0.0,-9.41496548118428,-0.9730938011227905,0.0,6.742102749585931
20,060,-13.010836255353404,216.87170869726867,-11.597791829312104,-18.883062339456256,178.36632855594897,1.5231186045069274,3.616287174617169,0.0,-7.198253325848147,3.9385695219441956,0.0,4.997540375030296
20,359,-39.81139950439881,718.0169351320609,-37.4172476949273,-3.9710111631756613,213.8915716506296,19.15898945692728,3.3073947979020373,0.0,-6.916076946072327,9.844674065818731,0.0,5.294431673164437
20,079,-17.97240515573874,331.79391159056473,-44.21096087983049,2.6183073826768632,56.65893884809785,5.363420786703446,0.8937045971394857,0.0,-4.000028929846318,4.43022563706515,0.0,2.881243741249608
20,174,13.16769646856151,-223.45145640053929,14.154770341207655,-5.625370475694163,46.61757566026388,-1.1175138953871318,1.0844597952427415,0.0,-3.523081952651235,-2.4333973221433727,0.0,2.89010744847308
20,328,-11.442379503027682,209.4176453976003,-24.741044301330547,-10.803365520308844,199.19839838837356,7.101921050151391,3.7415903286619305,0.0,-7.9875464884323915,4.115229834131695,0.0,5.72988307351442
20,066,-19.2571848087962,273.46161363988904,-29.9172532428561,-14.82786959257607,156.08306906224058,8.957033533023614,3.0445239746805655,0.0,-6.095130816512377,4.401867892995579,0.0,4.631493063079155
20,210,10.664191652606531,-103.75669680289646,5.378326190914561,-23.703488105539783,209.161792909863,-13.74523981315373,3.7848050694438355,0.0,-8.208887793147236,-0.3106998273701236,0.0,6.023107413990959
20,292,19.071330123983124,-202.77843257732084,31.09375168950659,-5.026412570966507,163.58847243216994,-26.260153108016322,3.0195427960007835,0.0,-7.5992078370813925,-2.0554555664793095,0.0,5.334471074668539
20,076,-25.077776492756435,356.4220894127418,-35.19635934624993,-18.801396736706863,155.7522534394781,4.857196757132579,3.1361418469495215,0.0,-6.761975300711509,5.443010858134407,0.0,4.75123439445441
20,294,8.301382066522228,-232.96434188427483,27.342785715853573,-11.78566257509451,193.96371147789176,-29.335471620101476,3.6798466546551265,0.0,-8.634345385323101,-2.2016069751416394,0.0,6.03857400370435
20,250,-14.342021553003375,407.46105102726165,-28.93783164526232,-6.588797058606749,186.14145792647005,8.927360314326723,3.5908703274216016,0.0,-7.110366082428043,6.444656482179274,0.0,5.224997307591305
20,176,16.913532280222796,-251.17804558528368,22.338800919773092,-0.868164089118918,71.94730192762128,3.7164037769881078,1.6114846455626,0.0,-4.059333153940169,-2.6147837269594687,0.0,3.1809540705703805
20,302,3.0999467127151235,-97.55191016904482,15.398847822849154,-25.358530119178326,210.20597854599987,-21.555970102296996,4.063659445097847,0.0,-8.470493533935112,-0.211182510907731,0.0,6.305755021757999
20,357,-54.00056471696878,673.446974123608,-52.69929309149397,-16.54505183696331,188.91999115315227,5.172352008164915,2.9940861726748795,0.0,-6.601751665697674,9.390635512766195,0.0,4.84021541079279
20,013,11.37334995681248,-174.88461391673218,12.346483708033986,-10.554305813651702,89.86210601760126,-3.884896289228152,1.7776380706719683,0.0,-4.129323131842656,-1.4836301672576868,0.0,3.171542141096912
20,044,-2.418989682097553,71.36027614849793,-11.911699864603962,-15.294545942774006,180.18686183945013,-0.4933117390945423,3.43849591084636,0.0,-6.7590917484755,1.8496990847178514,0.0,5.087895877572257
20,027,9.567347227445675,-115.59015469578246,13.92857697213362,-7.629277581632139,143.3028933714866,-11.92294814033042,2.7132572373626,0.0,-6.0065352487756,-0.8107813725137892,0.0,4.642184000705192
20,058,-16.35475528290166,210.44995813226265,-22.417996869105348,-16.578102354714204,151.82904159563614,6.668928363736909,2.9762878996857105,0.0,-6.127707200553494,3.673546295881917,0.0,4.615699200013677
20,187,29.89081697510706,-391.77588364074063,35.41836566027219,-10.78642367209365,151.34366220306134,-14.39191934029543,3.0862691843261105,0.0,-6.897745023182788,-4.114885551807132,0.0,5.164833654181104
20,018,8.088977943243204,-249.24400691405776,23.953646464236172,-12.049369801265954,139.73120027418634,-13.933239610422282,2.815901746577941,0.0,-5.648077669805925,-2.453358542791519,0.0,4.480571357458934
20,283,31.192152034229863,-326.1586342177292,38.688610251325244,-8.602730907267853,158.2609662831675,-11.928572294515003,3.0492736511223746,0.0,-7.141218136524378,-3.383886162499407,0.0,5.3026982367352336
20,036,9.89599136978472,7.958733016268228,-3.1606177809971845,-11.223917220010625,161.53339477180612,-7.754460141521,3.2321826936393556,0.0,-6.514129126649154,1.1432878925829895,0.0,4.5971649011518885
20,171,-38.432877929266226,579.0013039098768,-51.522024867489236,-8.14278153489927,168.50959536438245,11.351338416451812,2.6988884210023825,0.0,-5.660197937294203,7.804702079580254,0.0,4.540965492510441
20,211,9.651395862015168,-128.8128430204911,15.028982059300677,-22.315778169367896,203.93805174786442,-22.091760759648444,4.15105364402498,0.0,-9.45109154482545,-0.7140830366342563,0.0,6.302986332474825
20,041,-2.2949786748526044,49.191683494160635,-13.287838265860618,-10.12017566068408,115.94718648179038,6.657552792252839,2.222988483886112,0.0,-4.975110275837384,1.4058526376016098,0.0,3.841797622816405
20,214,5.391880329108281,-159.69933542874253,21.93708611531099,-21.655374346264228,226.077549540707,-28.62825750061004,3.5069446015763877,0.0,-7.543567275656574,-1.1101339813201292,0.0,6.894324901237778
20,353,-32.9205198027453,431.72750343398866,-31.02121938229891,-24.868134545305338,202.37093280556417,6.638597885588304,3.842151312967417,0.0,-7.82691740291922,6.766595101558673,0.0,5.6487654432823495
20,067,-23.014535364405596,284.07022286661913,-20.376918258491788,-18.941588533078818,169.69157061187235,8.662987561828956,3.1848095975433566,0.0,-6.2334942907447415,4.734438563897918,0.0,4.600695303367994
20,319,-12.797291330517808,104.6348392982808,-12.111670523036846,-25.303183478697395,197.04265523221113,-0.991782953768185,3.829066729953233,0.0,-7.9103994624634595,2.5155540684885924,0.0,5.7935978843069895
20,158,-20.17109774212705,300.31831528852246,-36.493243291341074,-10.281320540283906,126.67921123517881,8.571668499052713,2.3309420921966266,0.0,-5.159860434131255,4.742292980307053,0.0,4.00678830006522
20,126,-2.3758796505657767,54.08229097201627,-8.190935388487034,-10.948639903023672,117.88580823649473,8.01258612592399,2.2759825078090397,0.0,-5.051213839275826,1.4264771349671215,0.0,3.7566360983150853
20,320,-14.570263875224974,86.24555608315328,-1.3404156356047707,-31.341902138621137,185.9754131623247,-10.431479002725833,3.7716103930832867,0.0,-8.027031455765425,2.212509624653948,0.0,5.71120851994786
20,009,17.58539657981602,-304.4316579230857,35.351648441355536,-8.045787566221248,108.53758086575839,-9.463116792915963,2.3156924130053316,0.0,-5.40923452388659,-3.1647116490352856,0.0,4.219059992065756
20,321,-0.35895947726371746,85.28624538631969,-5.450572751901923,-19.661170410597926,204.17840947096607,-4.727839828425552,3.8617911325100893,0.0,-8.4050528891623,2.347166403390184,0.0,5.962135790359365
20,108,3.1274926554109093,-78.58669491191793,3.369914444667614,-6.198991157455925,84.06316979260221,-1.1879096558584916,1.6422890571988327,0.0,-4.086869496551695,-0.41050800026198286,0.0,3.231946620613129
20,046,-2.100048188841104,57.53623109572059,-6.04148647213089,-17.401699350685533,194.77124252750824,-10.495771261330985,3.6037882781316375,0.0,-7.609310886466815,1.7712407578864993,0.0,5.617378788575974
20,161,-23.140461920378797,353.18309522493416,-36.11072642667534,-6.862613843044723,150.71462817225586,7.798759621816101,2.9487635735053126,0.0,-6.616041381265464,5.7098268701891755,0.0,4.739526138187109
20,153,-15.890518614700696,288.302300465048,-19.200119077354316,-10.49224944190791,169.8249523900862,2.418137052296323,3.3528615635003955,0.0,-7.009274535480664,4.896857243994305,0.0,5.116327432683396
20,377,15.634017742539116,-419.0658883883576,52.58016504632135,-10.506134810072258,162.91489888915422,-11.691813578792576,3.4091700946786756,0.0,-7.615595698676451,-4.434779941588815,0.0,5.5062385167906855
20,269,22.126682177070773,-367.76542737504394,39.74507555141425,-6.814727891366914,131.88943299499397,-14.50870345708223,2.9283465930131976,0.0,-6.289832545003085,-3.9325493155336617,0.0,4.569665636576746
20,254,-35.13798277206916,425.2892910913574,-29.928231256031,-16.65069806827379,197.094507428304,4.111564157072595,3.7648264632073793,0.0,-7.7560490815441705,6.847841852331861,0.0,5.626904736697483
20,236,-17.205730605466314,203.28466431649343,-31.004713113360843,-19.49691832026713,204.0587671782186,-1.7421803784919714,4.070949182133797,0.0,-8.384327230316691,4.11562840891859,0.0,5.977410268444764
20,089,14.439000024988378,-240.0439048946948,21.149545812657575,-2.605327241241914,55.56304063833853,3.8036888084805973,1.3768774694455468,0.0,-3.6445083653406534,-2.5808511730424533,0.0,2.9619082194652115
20,094,26.278602415917483,-304.5481671305726,33.168414891558974,-3.4817562098764956,104.21445902283061,-14.875108491802635,2.209604409448886,0.0,-4.881239364768028,-3.1574201823242976,0.0,3.9800953309184894
20,104,12.926439662753115,-225.15705052851789,25.510970639741117,-15.99769776323223,135.48797925727376,-8.075317698515484,2.231255842631127,0.0,-4.710691661812209,-2.261985149004562,0.0,4.097033449858195
20,317,-3.9225094220519887,-93.50472218022688,24.878865401224292,-29.507758161111543,236.27888397336295,-32.45980881471928,4.420954068436302,0.0,-10.343437958787506,0.24754436398425206,0.0,7.0363519093446865
20,376,30.756747913204222,-398.9745662180929,39.475105020394636,1.1891792595170982,160.62324016518724,-13.929775899647504,3.0146080469200243,0.0,-7.076633673040294,-4.250263600199165,0.0,5.215277738269772
20,055,-8.089704925646572,160.67882546971174,-19.761757904600714,-9.929827250392147,92.22465742170498,9.920390968712937,1.7598905682221195,0.0,-4.493569052401793,2.662804667012419,0.0,3.4151802341675683
20,026,6.253092204487496,-100.58996582612231,5.924851444078737,-7.661860113465162,134.21032011876534,-4.586502722596317,2.51577551997941,0.0,-5.35738125109244,-0.5310720592373601,0.0,4.171652011868342
20,144,-11.104052448211565,205.12250797833872,-19.29937814818074,-15.138511513659362,166.00676097070573,1.9819820657238223,3.3262785116291727,0.0,-6.875533027345192,3.695648305279187,0.0,4.833378501783558
20,015,16.89177466516528,-202.91553619618844,17.01526990878854,-3.789699225807919,119.86118266086397,-9.045864253962982,2.4840911986485654,0.0,-4.868727968170893,-1.9265343206824777,0.0,3.6358056114105866
20,131,-2.3200734194800208,18.755585691034682,-3.538236726107523,-17.00360714589535,177.81677748339897,-10.915686972736484,3.3026494621139637,0.0,-7.241103659218359,1.2001517248728029,0.0,5.407680605467011
20,309,3.824983079006275,-222.10149732236712,41.352886436080524,-26.539874689396193,211.0546118333202,-27.567871365425525,4.4707031417605725,0.0,-10.962144940123604,-1.83578752123862,0.0,6.72186661067227
20,065,-15.73983188401704,251.7234506478455,-15.165787848592014,-11.436983395039348,134.03418361124824,8.332145139023758,2.6073239024402532,0.0,-5.553827554612253,4.155013247742238,0.0,4.221895615712814
20,029,9.244287563803718,-137.45228302059448,14.258868057922044,-10.86043696896833,155.97899799308496,-9.25993164616375,2.9109937402344848,0.0,-6.538183488918549,-0.9677518113745638,0.0,4.907263749236321
20,288,27.73505108777401,-355.6800440971175,52.56257411569766,-12.574830860747078,156.77435679549902,-19.914804942496094,3.108939235396032,0.0,-7.887442065148544,-3.97441294415177,0.0,5.580703594758267
20,098,9.569852613909422,-134.9418803816937,11.661299333950485,-4.279975989434353,61.27312652960921,-2.361324795533119,1.303955200597532,0.0,-3.674725619728479,-1.2765018210941308,0.0,2.869081096616044
20,086,-35.90185340534836,631.2628892281955,-45.35088001583389,-6.937394359774181,187.8572720656672,14.922023922669304,3.1140829833317283,0.0,-6.450931722958227,8.608696146505212,0.0,4.768978850051203
20,070,-22.955121897375943,287.5005788890066,-21.91532604491008,-13.28016557618258,166.89643790729258,-1.9784486726687875,3.2930166448625835,0.0,-7.033126413394247,5.045285430748345,0.0,5.059005211016517
20,021,0.05230331546483088,-64.17661400119343,0.021747486656388423,-5.937289018569923,67.7515544820125,0.7538274622056709,1.4270316349037921,0.0,-3.9203433613883933,-0.2549781746933787,0.0,3.027399605708421
20,160,-16.32821154353133,342.1661123863731,-35.64389623038363,-9.454841705101472,150.2898383328203,1.7860391195942302,2.9764656546938157,0.0,-6.427423573756997,5.43982387908374,0.0,4.799621193425548
20,113,8.562648877883161,-123.78999118350175,15.249930735507785,-9.153341195494942,141.8208799978089,-10.431605755146652,2.7112706324524396,0.0,-6.2650211904485165,-0.7077787533686131,0.0,4.602190906794792
20,061,-15.037870583490248,198.95344321372127,-16.91276840901566,-16.500453658001874,174.3897708961087,8.522967151890036,3.4489964105703743,0.0,-7.354165401387482,3.723560900416686,0.0,5.061161111515689
20,342,-10.355887081688554,284.81340561308156,-37.373467383700245,-8.749484159630214,197.01526645244627,7.01651110934738,4.1227542929099465,0.0,-8.749055671627353,5.079463463528356,0.0,5.762897487064949
20,004,12.506278232129047,-269.43230212003385,16.224170374436493,-8.77324036524637,94.33439070544745,-3.4509772733785073,1.9117033532715615,0.0,-4.2469126208045465,-2.7049365056186145,0.0,3.3980715012793556
20,338,-22.77661481131422,286.5903808958691,-23.935797186581723,-20.413761057287044,176.02740145587802,-1.7696842530506407,3.5986868839490507,0.0,-7.722672275566009,5.032255856490708,0.0,5.413788621258462
20,186,25.591756902381178,-373.83953920822427,26.857830329281846,-6.116055076829742,147.45558230608907,-12.122842116845073,2.9661883464187024,0.0,-6.764903237401112,-4.080645100326734,0.0,5.210389244685753
20,106,3.2244371628906645,-57.96112775305825,0.7616413933623778,-3.920476507439724,53.446680052547116,5.818725030135817,1.178108725154302,0.0,-3.697203169372933,-0.25609454820441213,0.0,2.8155217366029737
20,088,14.375163441578852,-211.72162933497316,15.387568686064412,0.4134059852507127,46.520645706005915,-3.8242260660226415,1.120329466492498,0.0,-3.53356983187134,-2.2249571869213867,0.0,2.928405411809354
20,243,-30.40586385588331,316.88973040875345,-25.5223065722711,-26.443094863909423,198.11737129377948,3.7716926100655517,3.9112095268857585,0.0,-8.515551958369228,5.475739503893239,0.0,5.743394987626861
20,064,-10.198154372113345,212.0168810108288,-28.233810537724803,-7.034573383585789,106.50599051781904,4.5289643329227145,2.062994110754301,0.0,-5.0748478870784615,3.479688363099748,0.0,3.8689567109563203
20,159,-18.618768565383924,334.9901697238864,-30.77608334701455,-8.122517334009334,137.17474130079992,4.209324153730886,2.8451117682568987,0.0,-6.29182270031999,5.434228645679242,0.0,4.4766193873864815
20,007,20.129667458838913,-301.2180465311096,25.95803307554419,-9.114688651467006,114.17753394189019,-4.5597007226713675,2.265341451052697,0.0,-4.826828818485673,-3.062236625516449,0.0,3.8991256628407065
20,263,-58.973213294442886,747.0083057830361,-75.68801060890988,-12.960242257302053,215.56711157506595,19.583622535055728,3.32981296540438,0.0,-7.348783799198416,10.240800777811032,0.0,5.1924454154788116
20,011,5.428604284652752,-142.5878119319827,10.95365294602185,-6.054582550645984,55.8524047996391,0.8320320032740169,1.185751543737422,0.0,-3.576555611527216,-1.3715714562830026,0.0,2.8529090451893273
