racket_angle,traj_dir,spin_before_x,spin_before_y,spin_before_z,spin_after_x,spin_after_y,spin_after_z,v_in_x,v_in_y,v_in_z,v_out_x,v_out_y,v_out_z
0,037,-6.815320562093613,39.61325838893658,-9.341122660883649,-1.0595114941801655,-4.03798205442713,12.879225946929157,-0.14799900840758734,0.0,-4.40304753147478,0.7431517237159978,0.0,3.3391428823100453
0,329,-16.963348408541822,163.35086374619507,-13.572128968326817,0.06939754284684045,28.585131463908542,4.971947816546742,0.4805525345805061,0.0,-8.164828024902215,2.6011166474837344,0.0,5.705604200801195
0,053,-15.816905027639729,156.6014103843621,-17.730137897614544,0.7471260743808235,6.925763690692588,9.612627077706119,0.16617544412655116,0.0,-5.601430868398892,2.520642395648208,0.0,4.059429739468395
0,209,-1.135470170404868,-63.62211451763795,13.77570285901432,-8.011803707140258,28.72251874668218,1.9338520823320278,0.2116138172422206,0.0,-8.042016591714985,-0.7020312688001499,0.0,5.621540337132203
0,251,-24.6438278565419,281.1078062690246,-30.727148849938335,2.48716820970152,46.52723015199998,12.342982880991054,0.6490549813235434,0.0,-8.503294298396039,4.109774837813892,0.0,5.845832570693975
0,141,-12.641431172280148,114.8464164924091,-8.875833308711266,-1.601049931823307,21.636845007728855,8.345423986563896,0.32294685624338815,0.0,-5.813967215249298,1.9356558607445924,0.0,4.372629843414106
0,003,29.722011479755153,-246.1602062237485,10.03010574188725,-2.2408255264026966,48.4165464946477,-0.9777538439920272,0.415131160568711,0.0,-4.226104572888697,-3.405342819341795,0.0,3.434602115460832
0,151,-20.368602545672992,183.37836942991214,-11.55958240490097,-1.4328327208148801,40.467770042000296,8.64661758191892,0.6438563373670162,0.0,-7.313637502687661,2.982434859381048,0.0,5.065351515191663
0,048,-4.1622375889308865,136.82392992015954,-7.02266113313454,0.03421156212582095,44.26588489727927,1.3307171230783605,0.7563586263018636,0.0,-7.218311785349803,2.410642734770614,0.0,5.225809520524576
0,152,-14.862019797849516,200.45845713455697,-20.009808043290278,2.407896661865865,47.472505180309994,8.969475272664653,0.8586179746844268,0.0,-7.497443751923234,3.1587987072144643,0.0,5.481127591672415
0,164,-24.508687745372665,233.94781799127557,-31.21426331961329,2.5087770691533624,-9.316004917002932,4.249594115232823,-0.004927704071516853,0.0,-5.0126018139000355,3.5627247646292624,0.0,3.8147433756318683
0,031,-2.7333898565999584,-8.896391453083417,1.1292555483517515,-6.004592560673431,21.290876316583244,10.986967701952006,0.19934322637684426,0.0,-5.346027979715188,0.152546866237813,0.0,3.9979374185639256
0,248,-37.69771155778232,274.6872012324254,-20.69207229134322,-7.215423857316389,43.171084933734384,5.034165076582112,0.5663029571819401,0.0,-8.28945624395831,4.155823969460133,0.0,5.698496751488021
0,262,-67.87293867309619,641.479410050689,-55.97949720730925,-1.3040580642329553,91.2752126946319,13.033800354787886,0.9191916206509122,0.0,-7.302377615667546,8.594368305306666,0.0,5.068235543138945
0,341,-37.41941970341141,285.08614598306224,-15.516586040323517,-7.114899477500008,52.41643580352871,8.952797287625076,0.7191661659223684,0.0,-8.91500340158152,4.271844421097672,0.0,5.9172161622982875
0,322,-3.391210301324554,69.64119428985855,-2.3592897694000947,-1.3096370580023755,35.932951875579654,0.731334506616859,0.5471192401004188,0.0,-8.868387683043167,1.5224433862027675,0.0,6.140953590344066
0,102,23.583684937623126,-172.52523074158333,18.18430641245749,-6.680534210012179,48.36849842349791,-1.3279273345072249,0.4156428192070353,0.0,-4.959242508714454,-2.391739757760161,0.0,3.8578311450051186
0,264,-89.99077168415216,690.2599008748641,-39.73693175804301,-7.363214067834587,116.61142920809424,12.050948951295272,1.1139434676282702,0.0,-7.440123841151344,9.058804097434862,0.0,5.172222863567307
0,107,26.69801934164574,-254.24354535748446,22.212899293218324,-10.773147783267877,49.571027447102466,-3.5460587041814415,0.6306730358935237,0.0,-6.54592107426651,-3.2078496902578904,0.0,4.883526036357835
0,083,-22.187883414111575,189.71943830864217,-16.145995645594255,2.4158206845464667,-11.118596913965364,7.565866052399138,-0.03249052439395959,0.0,-5.133728524308308,2.9560896662801315,0.0,3.6986332604652143
0,223,7.409148449260477,-68.16006990120631,2.1238580168520333,-4.262659170643677,29.916354231659348,8.95600083605017,0.16818706210144915,0.0,-9.676920677128049,-0.6083361656293403,0.0,6.023262912231
0,127,2.0547121541019284,-13.769167559721872,-1.1789450254731835,-6.306733892145866,38.41718201713248,5.563877859989067,0.5175971319082272,0.0,-7.397325181883545,0.17276575037860023,0.0,5.306829786186921
0,188,36.161136632755856,-382.137966660431,39.22695796648296,-12.688303182026118,31.065026786441816,8.930436911429386,0.1918370621559187,0.0,-7.569780952363694,-5.022365249479732,0.0,5.297304550137665
0,100,13.972722801209239,-154.78802363498968,10.03567959079609,-4.483033843221147,21.22335979764844,5.945683922154161,-0.011239468091910341,0.0,-4.262496828377631,-2.253754138386819,0.0,3.350205939639288
0,014,14.557272741982555,-189.34305978023684,13.883098240402239,-12.907395885174603,45.30604218182594,2.4181247291988472,0.32114092516935366,0.0,-4.888098262825865,-2.5748143760080993,0.0,3.888886725776586
0,075,-47.59827484865322,470.60638221435744,-33.91115735853093,-0.97364635231668,27.672794958931085,7.93103103569397,0.5332955240693706,0.0,-5.326964385907724,6.590195994839964,0.0,4.013598711303215
0,134,-4.591065048642699,55.35363326647246,-6.703683951567754,-1.712480526622131,28.501372813547277,8.837484165732407,0.472076556374138,0.0,-6.0962902815474855,1.029030164681649,0.0,4.576591239603634
0,173,-49.319749178553124,426.1240405832627,-33.21480309231099,5.187300315644064,24.630723283644496,1.631951679701421,0.2864949230237761,0.0,-5.2822538010411,5.927950605062045,0.0,3.6849009571614277
0,002,21.962188350328134,-228.9759264119688,12.588020241938294,-10.03115556486892,36.85870869105892,4.886574398116122,0.21495908880820014,0.0,-3.93003408520695,-3.183906936789579,0.0,3.2807410217282964
0,099,12.527001864510261,-142.5521588453528,11.463544382314755,-6.154419179056254,11.411264102496462,10.133817209154898,-0.18347123066510648,0.0,-3.908703230105376,-2.01696937498489,0.0,3.1456340615078653
0,063,-24.22157530692545,245.56950295239508,-30.93530434254003,3.38390483957881,18.52824110661691,2.3812877745311827,0.362001848344472,0.0,-7.432954221816249,3.7639359017051253,0.0,5.3577365286936836
0,024,7.592416963781734,-74.83746538588848,2.3473266594372966,-7.426456963642994,52.962808693147295,5.0760627190670755,0.557845150651208,0.0,-5.563048836162283,-0.7596056074974264,0.0,4.174611670068141
0,166,-34.43300150570229,300.84215484240593,-32.55350029330452,-4.182289643641099,23.100691800460677,3.1921556943871447,0.33128928107547134,0.0,-6.712539625751297,4.486388024513111,0.0,4.538866482045934
0,290,19.134216078683494,-161.28665304199347,18.723234011403985,-4.067173730798461,33.86598227931759,3.0186834776506064,0.2531584825962692,0.0,-7.841418311356817,-2.012007090434215,0.0,5.4222958129576995
0,339,-26.46676638688372,265.22988371863465,-24.092088461249606,-0.8836079236313097,43.04143308735085,8.826650010126638,0.5969470939939742,0.0,-8.508950475960846,3.9970560339570658,0.0,5.783880693491985
0,081,30.441322417140796,-233.2572795783919,16.684258395231943,-4.015210027709779,36.518952723487345,7.802426799616679,0.1904041830321941,0.0,-3.9026046165818666,-3.313182076969475,0.0,3.2239229284559263
0,238,-20.475122739922714,171.5844069425642,-10.684478478646492,-1.6416321904314448,33.34829200939334,6.477874943338786,0.5350536117905825,0.0,-8.137649727841824,2.829815353563251,0.0,5.415125570467696
0,190,42.09004970354774,-406.201327207103,42.828148266992315,-7.7666041638469165,25.03440932802306,6.738832212825231,0.11003772070375409,0.0,-8.099495435459994,-5.162062927304776,0.0,5.298754190188208
0,233,-11.06805221100138,82.88746193453413,-9.738451763429856,-4.112385806703678,30.152112897112335,2.479012834172902,0.4717978475669852,0.0,-9.428532068552798,1.576178521965561,0.0,6.290910136120241
0,253,-28.203338639748633,251.43535721644224,-21.80319489159747,-3.630273465189028,38.92037032004805,6.864253681940725,0.504897949567249,0.0,-8.44629199455391,3.6965599578481347,0.0,5.833178651453893
0,117,14.69924839797294,-143.77593591409,17.851015567598466,-6.869112948484305,36.378082933872804,3.547024371722574,0.10856658123517682,0.0,-7.325517585695448,-1.8526730815996533,0.0,5.018531378007206
0,323,-14.563897659071758,75.28969028452961,-0.7149953026289955,-8.862333859746064,34.22856872441782,0.2915377068669274,0.43317087211242716,0.0,-9.612402940190963,1.4624694827615279,0.0,6.32745094368386
0,212,-4.154096379310325,-128.60666248476377,32.94135476491959,-17.38419440442425,20.04905132787068,3.0714406161605066,0.18406609625648854,0.0,-9.482562853948249,-1.54372539602491,0.0,6.113798067097265
0,314,1.5576912714400215,-65.9923777916806,9.320770918475677,-7.923052121276922,30.104692717149945,9.76732677560741,0.08050410960765071,0.0,-9.749595834669309,-0.5660212298663477,0.0,6.017310699340312
0,169,-43.85036374865604,355.44906319536733,-32.75897614533617,-6.098794114273939,52.158205361998505,6.615949152593902,0.6540089855217037,0.0,-7.36697125399725,5.146845475264855,0.0,5.181683945530346
0,056,-29.34155385912012,205.38624167670488,-15.45021110204628,-3.29392688904954,42.6503605964114,5.228667708817738,0.722063712663032,0.0,-7.3724679777173305,3.3886401280983645,0.0,5.172581280567439
0,129,-8.92528892704412,52.482874619488186,-6.6960668068329365,-2.3380832207222695,-0.2629564007913028,12.032599877878056,-0.004008531196248442,0.0,-4.5339100738986335,0.9455133625098743,0.0,3.481278524695196
0,275,33.27770460937625,-367.9704845536266,43.63346607785674,-10.204848432021256,32.73607869651726,10.871222737782256,0.27937544182237817,0.0,-7.176023063270245,-4.908022768670647,0.0,5.179338442141164
0,155,-22.56479934182546,185.7879940751995,-9.9224879015252,4.753412693895565,-10.752652342066515,9.66735072741517,-0.06804479067499242,0.0,-4.782381565778883,2.89397719148451,0.0,3.597615268307693
0,022,6.950523579304642,-78.56705118397076,5.232214199336313,-5.193951734405084,17.574005229131096,9.22090729206196,0.039846217602766125,0.0,-4.450672934905509,-1.070287391055541,0.0,3.554914997860628
0,350,-54.8325661202648,420.33542633472507,-29.428588073104418,-13.914828180580635,60.44474237196739,4.202623847926405,0.7752873220657045,0.0,-8.415052877548518,5.817911654791692,0.0,5.896213217041896
0,093,27.411777859285184,-232.63907046307799,10.767667800235953,-8.903440644927072,38.21297899471224,5.791803585226227,0.1703376779455695,0.0,-3.949736042883837,-3.208058192760383,0.0,3.328317066789662
0,260,-64.77718913073983,387.76400220041614,-6.250008888272897,-12.586842881361969,69.76512722333493,11.27492531214719,0.5598145016360223,0.0,-8.299704108919736,5.461536332620431,0.0,5.580238474126541
0,078,-56.442735390967755,588.2442598131539,-36.93217145843301,-1.8395214491511267,85.83746811523136,9.412316881058528,0.9922476085583224,0.0,-6.732185468993412,7.9662443031767305,0.0,4.741407235933183
0,252,-31.34895328683451,273.7483695286614,-17.47928808243686,-7.273560989436893,48.43028280867964,-0.9717134451796777,0.5374766386546834,0.0,-8.634992568274265,3.9573350304360786,0.0,5.9192051311699165
0,177,-80.09360692600444,591.7870155842653,-35.505439785341515,-6.134851570094236,89.92212571213096,12.385242073983946,1.01528310880628,0.0,-6.372750939642108,7.661424258316951,0.0,4.931606429135264
0,268,-106.4147891008998,773.0248543002685,-43.450267568647064,-16.48161037710045,141.51312484508878,6.131554107814503,1.225679842859625,0.0,-7.88705703068688,10.07521817267343,0.0,5.506029562018982
0,303,15.83885390743212,-138.79366929085717,30.98414399720092,-8.692809084812739,24.896552173784848,0.37905374659455077,0.07711170691491726,0.0,-9.421980458486955,-1.8193463705281263,0.0,5.539982408174852
0,162,-32.78897844567157,259.11649565438717,-25.826043441237463,-4.906720694295542,37.402645797815815,8.641215930038086,0.5117344752096903,0.0,-7.6708305041605165,3.99294404071274,0.0,5.22916682746738
0,008,28.76337510901511,-304.5981629160816,22.048444206687357,-8.478494532196986,58.95753220288196,-2.8101925437257522,0.530774181939031,0.0,-5.68625944323302,-4.107418706175945,0.0,4.395305135473677
0,062,-29.49339349156735,258.75134118518736,-17.401628878579796,-1.9474281875754105,35.737871527601264,13.547732777694627,0.5810597777858569,0.0,-7.487839521083519,3.883259457608568,0.0,5.181277612421652
0,054,-19.576112936876772,175.27059196727262,-12.722309369272734,-0.9908646070433327,22.127087004487944,9.161589917821347,0.38200943156550304,0.0,-5.95996321894609,2.886235124290083,0.0,4.342113155521652
0,244,-16.890139812929576,141.13754993311213,-7.359732113187761,-5.499026972454412,38.952229340039594,6.658547253935209,0.521160205329446,0.0,-8.965052453906223,2.4111155647269094,0.0,6.095971796784975
0,175,-68.76675016392967,538.7398050281233,-51.06967529919659,-1.8145129492558134,68.53331713033933,10.805171654189232,1.0239735356280093,0.0,-6.307649797879336,7.210488160921828,0.0,4.734591690821228
0,109,6.231054284255812,-58.70876791482452,2.9556534388985503,-1.7415628398375997,4.904908000452548,7.142450321989527,-0.18246784505185576,0.0,-3.9753461803035144,-0.7271763102813553,0.0,3.0847377010199404
0,351,-48.958124789276006,408.36572921538277,-32.99873628005237,-11.643131041038497,63.30283431742406,10.647167431041943,0.7656321375702498,0.0,-8.532161132417095,5.74625310773131,0.0,5.686474575758507
0,167,-36.201363814846026,322.63856501219044,-28.600056938974106,4.5746517085207365,39.968810053404965,2.3110888985551825,0.5901187330884671,0.0,-6.865285368159149,4.883135697428554,0.0,4.596148954508774
0,231,-13.334675202010274,94.9478589798043,-5.193285741687107,-6.580288958230429,29.840288027839932,2.9517951202766515,0.4362681257219419,0.0,-8.862099805702309,1.7431649952453334,0.0,5.911389802729161
0,092,17.601874622027893,-213.9976785988479,14.186340680903411,-5.542863861796645,20.01107582635798,5.040634485248796,-0.06662172749113954,0.0,-3.716127430308702,-3.0335451621375817,0.0,3.0635024641272066
0,005,30.529954661849573,-290.16839131447824,12.994264976466276,-14.635792548398006,74.42034205000039,5.449384898116594,0.8951913429311041,0.0,-5.1244510535033045,-3.915805263741082,0.0,4.031126815585221
0,265,-68.27749725674977,701.4456520124703,-44.365074597762934,-3.649242271217549,97.76215341995561,13.808992184623994,0.9591726738569388,0.0,-8.050687508039577,9.317332972907193,0.0,5.34319900442115
0,096,29.427490088699532,-293.3251145499822,15.507096563769496,-11.491995073103832,73.06172827073688,1.083336492500705,0.783213731550492,0.0,-5.056938739094015,-3.729543891235791,0.0,4.196042019980527
0,071,-32.56413258633314,347.9528123698537,-34.43239280691297,2.194810172303136,15.789654323849803,1.3878178311933163,0.5202917698634815,0.0,-7.742157666689026,5.1512766288419805,0.0,5.378874376997126
0,185,41.014113488591434,-351.26536729534746,43.78784305243429,-13.017417594844712,28.39791296645181,7.881982666587786,-0.004818272967043717,0.0,-7.407916438962628,-4.857196429455157,0.0,4.551981177044539
0,224,0.8039475491645774,-55.56551167378303,11.613107355643162,-11.55922072926143,37.055297178931006,0.3008531963255316,0.2582446771524111,0.0,-9.792628849375411,-0.4182219368475287,0.0,6.5972096693120506
0,180,23.9424732378042,-230.45771835874703,12.864523529795468,-7.205767034928375,37.81571244559125,1.7337936789622108,0.22853523924602673,0.0,-3.917395208591334,-3.189583995759046,0.0,3.235642974029834
0,272,32.303557368536076,-321.9094890064573,22.701974594174494,-7.353210506156135,49.2231431083522,-2.662645643684986,0.45908295028872315,0.0,-6.354380865169042,-4.33129270828431,0.0,4.868014782021811
0,344,-50.102717780519995,390.5148569403636,-23.16902656714057,-15.97348402462853,63.54360939217544,6.2381128918517605,0.8532742714960158,0.0,-7.931782473336835,5.804514462129338,0.0,5.4499807220371705
0,020,4.720195367474973,-62.00710836588755,2.770854649529008,-5.265270049505078,11.713932414492238,9.578360952834725,-0.059260569531145176,0.0,-4.3642167170418436,-0.8016139415260476,0.0,3.3244507317670844
0,299,4.768521996082967,-46.81661279366298,5.273465815809238,-4.975946352691056,25.739061184744557,3.5111491555074568,0.19843657442914858,0.0,-8.676243625141462,-0.36682300698744086,0.0,5.795974000382506
0,140,-11.778783850989578,114.85030664505013,-11.555946915248741,0.34103041385844696,13.561780637720798,13.43790680204017,0.23852311391384867,0.0,-5.2404350739377765,1.9417096213545328,0.0,3.9852504227067995
0,148,-13.107575459447292,155.04796679874818,-12.321602449506711,1.8420795769422222,5.1607016614679955,7.495395051062036,0.1346269976942887,0.0,-5.414225461346974,2.4517719944978555,0.0,4.001149053928164
0,277,44.58978293563558,-372.60217907974754,37.381265807071564,-8.519885523697672,35.01933914230864,1.7867595226238528,0.265470688977203,0.0,-7.5802137572762325,-4.783246060049116,0.0,5.318323408853814
0,082,26.109913012920416,-248.08285237386892,14.143436219486984,-5.949107484772223,45.73336093582205,1.372200884774699,0.40766897201226077,0.0,-4.252758480481753,-3.403730833261334,0.0,3.4832872047609893
0,128,-0.12935277334666334,-9.786466178050498,-1.3678693482098407,-8.518672945460649,46.937778418268024,5.72851900318544,0.5426311621671491,0.0,-8.191207360873609,0.3464603085153368,0.0,5.676783575307915
0,143,-16.835987097908372,131.4435969045858,-8.62319434849828,-4.395383746888903,40.88143085182262,10.841663176419233,0.7413744501614575,0.0,-7.003686676533778,2.231536905784767,0.0,5.228512836881931
0,220,1.1895453177364836,-46.050067234397766,10.317864365144247,-6.5428912450736805,25.493335151609205,4.34026103131611,0.18957571052827488,0.0,-8.88520790909401,-0.3979965671325822,0.0,6.005563921916445
0,103,21.314003258425412,-198.97777236546128,15.696414778246346,-8.554956980886324,63.57846539775182,-1.1725466636913369,0.655346759369806,0.0,-5.405025902448702,-2.5602284220622025,0.0,4.261206478528844
0,101,16.583698367010022,-170.21141780902042,13.107450695275372,-9.118242440644693,35.25922640410592,4.73172561393828,0.1965810625148682,0.0,-4.646383015757311,-2.3201641485165094,0.0,3.6574873812958284
0,312,-1.186237909963265,-48.10528920203869,6.05725603330302,-8.047619562260088,27.58021586474798,5.644559680927536,0.2845983286723285,0.0,-8.623864456696882,-0.3826578057276549,0.0,6.086765696944099
0,149,-16.581714133262242,179.51688909858592,-15.732711458861143,0.4735170697665909,17.41804160457344,12.224290121132674,0.42031448100806706,0.0,-6.319560992711137,2.7812574579140708,0.0,4.4712254508516365
0,201,11.162056987253449,-156.9601720674091,23.685611422776674,-11.926631562984165,31.453397323955468,11.247424751453066,-0.02296154843321506,0.0,-8.045312304389668,-2.0040760383808855,0.0,5.260279237148473
0,228,10.567343851091893,-105.5181531046573,13.582526140100661,-1.4228836737418862,24.552977299958883,1.3613470340470577,-0.03019610102318128,0.0,-10.187020473511804,-1.1798037108684287,0.0,6.089834476458761
0,241,-18.99104032844577,176.30432980226763,-2.495879770797478,-3.7855161523242793,40.327518421559816,5.342029976302097,0.6066843050949751,0.0,-8.992919295484398,2.8846195445995564,0.0,5.867965422158423
0,019,2.548868069631877,-58.03188841765315,1.3983198098388205,-2.830290621047816,4.227631404572795,8.528673279522378,-0.15248562480184366,0.0,-3.8263133451943085,-0.7951825781443675,0.0,3.110917705764475
0,077,-59.27584507128694,563.0913851397332,-46.386701959167354,7.454074030137653,83.93751755445996,6.0089296990312935,1.034896051564748,0.0,-6.4872956280860405,7.806445960354375,0.0,4.365443166166133
0,336,-37.60602261695249,271.65218373717926,-19.067974416350104,-1.5945712638918277,32.498114993869315,14.229611865166238,0.4723638077606594,0.0,-7.8596937619331655,4.102220025230861,0.0,5.490298486960005
0,355,-74.60012704527188,700.0937417612546,-49.31925005568117,-5.665750239738251,108.34904521739708,-4.807484921382305,0.9623161720577272,0.0,-7.619972071509995,8.922223271161473,0.0,5.324160883751476
0,074,-41.59174886082023,436.0765345715423,-25.156204385573474,2.9748067958672153,25.376441999646648,9.645107518255156,0.5833469395380426,0.0,-4.980187965771413,6.079331341624616,0.0,3.9398300630660663
0,247,-39.803306450498766,251.88136553711684,-16.884893762584205,-9.108451127473995,22.43199866864208,5.585708606925734,0.32322844838879705,0.0,-7.863449459655047,3.737397998803211,0.0,5.479100035463723
0,255,-42.44293477170566,393.48091175793087,-39.07727150920197,-3.589352241480274,65.17599696121015,2.562249943613929,0.7987325270421817,0.0,-8.299899459202065,5.616033327942191,0.0,5.389207825424293
0,016,18.266970517399493,-210.5143394575548,18.463247395263537,-9.459471205942586,56.41552655441897,-1.9710916322927898,0.5527123540065869,0.0,-6.032623217812396,-2.726936664442255,0.0,4.504917986170674
0,246,-25.5251574720545,268.916296198838,-17.70600385244411,-2.011658913490147,38.77260953351392,-2.813779038007581,0.47743100463309285,0.0,-7.829291955685367,4.08653608770045,0.0,5.503254753007727
0,234,-4.9015707999717515,38.84249443916646,-5.005469376982135,-4.653654121804367,30.447902180005517,0.6002669492688594,0.3696546391515853,0.0,-8.558871500048223,0.9795468981133272,0.0,5.9605031011610174
0,124,-1.6253395595856068,8.209818440202927,-4.265030793258329,-6.93093437925534,39.680284702507535,8.773056448887537,0.5000442669976813,0.0,-5.984795397660311,0.533294569491236,0.0,4.403198389838121
0,279,35.85434665525863,-393.7219202935341,43.754337263349555,-12.83059804735848,13.630104608000133,4.944234927863438,0.1292330368723241,0.0,-8.204036802643152,-5.0978518227646346,0.0,5.241648722151844
0,168,-36.39095900256194,330.0213752181489,-26.48099040055606,-1.6638823349437244,41.79528874752876,10.072924355234923,0.5673501366113302,0.0,-6.794639710880062,4.7461414008340705,0.0,4.834207218902561
0,111,4.092480848979112,-59.16648137514633,1.505630005011134,-4.369194953790216,9.917990157948504,10.16385304854207,-0.015541374265074716,0.0,-4.338566382221176,-0.776999784360117,0.0,3.322021787868657
0,039,-6.562586660378249,73.39533689424469,-7.25279033400546,-3.7816946795671975,46.470744263305605,11.514758498555572,0.8074345824689118,0.0,-6.832784050141388,1.5183989120794958,0.0,4.986333839756957
0,259,-44.55153458836231,385.806208345768,-25.095995230130235,-2.2356917852862894,56.800785073829545,4.474223564863678,0.49087985404225937,0.0,-8.542384205342218,5.4027085160577935,0.0,5.498397152845217
0,142,-11.98491550210989,128.71223602422117,-3.7392650993410457,0.7376582307762238,30.75524830433521,7.241851380745175,0.4714352784278844,0.0,-6.75544700300698,2.1681390608080338,0.0,4.721144581792358
0,333,-11.323215411210072,149.18438264814202,-19.95893786526421,0.13079989244054116,32.454102484004025,5.525663657482014,0.5182624673663999,0.0,-8.769236291288664,2.4589541712341094,0.0,6.130000659027148
0,230,-14.198325256935941,106.39658291544008,-11.661104500730325,-4.7538964944025395,37.22404670415747,9.057641562803507,0.5813493501644998,0.0,-8.415997649224066,1.9306230306365904,0.0,5.888651518940726
0,068,-29.11122552237919,330.3598311078863,-27.62321729644449,-1.901137146785356,43.70850929130767,-0.9897559654085593,0.5576761457167412,0.0,-6.978371145937845,4.859994502452367,0.0,4.928218863825219
0,147,-14.954374865903194,138.4727569991553,-12.51732831347898,0.5822157275939964,-10.76172531968922,8.448785245456891,-0.04941229192360198,0.0,-4.853964790964587,2.1599800167184116,0.0,3.636890281481138
0,354,-65.82632957565082,712.0331202483534,-51.456960840039585,-1.1050971845410886,144.21119328823067,2.015144216841493,1.2857092538492352,0.0,-7.570414453763497,8.881725366993365,0.0,5.485615715923876
0,145,-8.98646060491401,124.32220594529257,-8.439196271995606,-2.519733206533755,42.46151839756746,10.405944065371681,0.6618598685787935,0.0,-8.00309570594965,2.175574258278997,0.0,5.660901614231412
0,049,-11.97746253419767,148.94325513318302,-12.134959239895029,-1.9471885379237037,46.7446528604528,7.745345138023026,0.719007769177737,0.0,-7.66128892221727,2.5535406337656164,0.0,5.519678832134952
0,261,-53.987903882557994,406.1692488455428,-22.333902164698266,-12.701400151838754,61.967653652844994,2.516112337985267,0.7069117331572248,0.0,-8.599008428089714,5.642434951799259,0.0,5.509252815285305
0,340,-19.708578114478108,274.0019863480761,-21.63522425743321,6.0312578429492865,37.02638426522957,6.0353439212430295,0.5137575844689193,0.0,-8.550946975410362,4.058935640466094,0.0,5.770366893418001
0,163,-19.428145468436504,212.9952320863647,-21.36942850523702,5.283388158993629,-15.394994684188395,8.455756029069928,-0.13146619257076253,0.0,-4.552340761550643,3.1969016098634606,0.0,3.3797831995562095
0,257,-42.56067743930152,398.28276599534894,-24.41424910117398,-4.35578152159142,52.51864853949025,1.9858938318353005,0.6192928013621286,0.0,-7.962888684899183,5.727496628538297,0.0,5.452999839447504
0,017,30.182306242862275,-215.86743371296717,18.15018963155982,-3.0353586217729505,61.496044724008996,-0.43970732780319816,0.6117037122160894,0.0,-6.45383979100862,-2.767970372444997,0.0,4.650487510316169
0,358,-109.64653373568348,755.6873889118184,-32.33705159171152,-25.11933446938792,147.90408558252022,0.7354404911645448,1.1220141335392388,0.0,-8.147181114236187,9.717278594775964,0.0,5.232706974391007
0,179,18.890746070795895,-225.32730331930017,20.909478887696725,-8.609943172177076,25.621815503236977,0.3324251903778965,0.003990020397956263,0.0,-3.380113288615203,-3.184701552609432,0.0,2.905261237911161
0,182,41.212574910704035,-344.23604598530665,32.393601533044624,-7.924201698841207,48.00029281907908,0.7341074492402475,0.5117916752304407,0.0,-6.566756143660062,-4.276729524659719,0.0,4.897631121212608
0,181,32.5415019149108,-319.2845577228738,27.99567531857128,-9.348814648108014,46.044028141340696,6.139662550915595,0.4059080008086517,0.0,-6.562266073989739,-4.196002065383058,0.0,4.7332518999688
0,146,-8.083521326830272,100.61473302799072,-10.683030626404257,-3.5729161941284224,37.1218309426612,9.524281432846434,0.6412708726116381,0.0,-7.787541668501393,1.8165677254984796,0.0,5.544290344185314
0,334,-18.355349468062844,152.64707228841968,-19.563922657092352,-5.962035886535079,41.62288558286256,10.327133744108544,0.5274460867180799,0.0,-8.998082701119278,2.6565532097707933,0.0,6.019773177153619
0,087,-34.45714372284625,277.4525206406233,-20.398622068062114,-0.24995914243221742,41.477966472373346,8.12845236864889,0.7983375512899654,0.0,-7.184045594118152,4.218921170088421,0.0,5.230064930506417
0,050,-5.994648478791731,115.24671638004087,-11.175214217563694,1.9608097369589363,36.82467648836504,7.623551033721758,0.4062804963124083,0.0,-7.5263580547569395,2.137591785627113,0.0,5.40645285747096
0,346,-56.690509314989974,376.56356394236906,-30.35555736569553,-7.4503799754090725,49.71699897517441,-4.44808191292919,0.4651019679765292,0.0,-8.438144320774834,5.4077848252860345,0.0,5.432217073231536
0,157,-25.334566419777595,256.0797207992486,-22.11459547949646,1.673219076579768,30.420531197228463,12.82505919845454,0.6168376767026901,0.0,-6.393044015251059,3.948428836397915,0.0,4.578850897962354
0,258,-45.69493830993445,380.6704479716632,-22.67727528612957,-2.82999823390955,34.56719955511724,4.19258318607385,0.4989468326520111,0.0,-8.420003922887437,5.520584435826845,0.0,5.59579277863648
0,267,-98.26496632187533,710.7526981894663,-38.96464922660738,-10.351617475348196,114.80528382406266,8.487372812973472,0.8454868145170275,0.0,-7.764463399094957,9.44922864476085,0.0,5.024926855047598
0,080,22.78618979373932,-207.65660286634773,12.955696496610678,-4.336370433566576,18.302745513478815,5.204895936502464,-0.07502074775261652,0.0,-3.7389535896217034,-2.876159846522915,0.0,3.030700061686158
0,178,-53.93447316189205,625.6971253120355,-51.485987626874675,4.454070133256027,102.12734542013571,5.7371956788254534,1.0821821360565387,0.0,-6.971071106640746,8.30356566572445,0.0,4.969372921551465
0,150,-21.128952429514015,186.1179852661282,-9.58070280506732,-2.691652093632253,29.318900147157862,10.993816000077354,0.5734818271495069,0.0,-6.572565806281221,3.0460929032898894,0.0,4.686789923117508
0,256,-50.72428155299341,386.23294740094525,-37.86128483955032,-7.556844739455613,61.43179669009077,3.833645468930081,0.7096816796700733,0.0,-8.156183679805158,5.507320281353545,0.0,5.449251517130125
0,114,9.097256161788929,-77.7352542784393,7.7341073639701285,-5.247701333039415,40.23599531441302,2.4998340180825322,0.4069915793984732,0.0,-5.677281344464423,-0.9393531550553028,0.0,4.138846242029853
0,051,-10.858902947455698,116.82089211979299,-15.171037554125139,-1.8505004392595623,45.245750781931925,5.310910209633479,0.6154850687338542,0.0,-8.303182840308313,2.1286996967776095,0.0,5.713241282784083
0,242,-22.34390905385984,162.29637805954548,-5.858297259503676,-8.562006143669862,36.227593175341624,4.093002861240533,0.28213286876487415,0.0,-8.552526461217063,2.7042269679273074,0.0,6.075384228528434
0,245,-9.177621607830257,149.89107762188763,-10.279695172956925,-1.0433403255192175,43.657563484524886,0.7335326429738682,0.48798554203104927,0.0,-8.74200480459872,2.5554010009838373,0.0,6.148911845770734
0,202,25.59552306617728,-193.53891107389225,25.234091566651518,-2.078899167939412,23.926184770949035,6.591595655069885,0.1463107461232503,0.0,-8.484475423794283,-2.511149135431807,0.0,5.395934576750453
0,097,39.07307392282343,-304.80456635688375,19.152355994938528,-12.060558905633114,68.0597402575279,-1.609739276212555,0.6702398925358948,0.0,-5.336215672998765,-4.027722172784843,0.0,4.21066720331762
0,059,-20.417753977905782,178.52087359256598,-14.333776601908804,-3.3173400420942603,33.019053154273756,9.02757755817956,0.49434343685331794,0.0,-8.076649365841202,2.9022459123361872,0.0,5.539335554740421
0,318,7.292738026018555,-110.5056742929253,16.212793167215104,-6.278860741543185,27.109114496983228,5.705198635111133,0.24277495480569886,0.0,-10.376178068924629,-1.3385803469472708,0.0,6.15343090806833
0,183,37.20401884194928,-349.3699428181152,34.02894734715253,-12.350233648571592,48.23461569626954,2.211581126538022,0.13857218436473778,0.0,-7.220296076747471,-4.619403655034899,0.0,5.135763414434178
0,278,34.42409697747832,-381.18806046865035,36.954266474233144,-11.763318833453607,29.28586870482017,-0.7364196671041041,0.3470290130629014,0.0,-7.5600261722847035,-4.9322321745886955,0.0,5.33619889864562
0,025,12.29439199358674,-102.61338344453878,7.518746872349781,-4.98992160691803,42.592361618631784,2.6233808615797005,0.3246776303884343,0.0,-6.043971242753268,-1.2166097475606497,0.0,4.515551141175381
0,170,-37.87493316065456,362.01860340761266,-27.176940344339993,-0.22964761506178538,47.300657560132464,0.5346694309084602,0.5941868990083408,0.0,-7.544539826618952,5.310806111948455,0.0,5.221959443715004
0,349,-44.7535314752165,412.37836331580496,-28.826076728391804,-5.402305031071463,59.358138662431394,-3.2042308028999424,0.6568396970987528,0.0,-8.790124377712402,5.849859344573459,0.0,5.739565317541475
0,324,-1.9391297217418189,40.00760985928456,-3.2220579423597386,-3.275612088788782,34.65966113640715,-2.392304070756269,0.3899626045345328,0.0,-9.39979092107481,1.0664237520183837,0.0,6.26159643012014
0,240,-22.27236092871587,185.8068812586919,-21.645575788710154,-4.465766298340047,35.74716559642222,2.9217045255207856,0.48661442858117593,0.0,-8.540856322184217,2.9765633280260007,0.0,6.01951074686055
0,274,38.20317148835953,-351.64050744749903,36.541205660716926,-14.566515099493474,40.842553848079426,4.592284289847297,0.2923519411427086,0.0,-6.900108054886127,-4.565053888082159,0.0,5.126425279050723
0,084,-22.67921446474524,225.90603721035038,-27.635805778767303,-1.6038182562903043,15.958055979938527,7.083106082832895,0.2749368149829242,0.0,-5.647146861988706,3.455849670728603,0.0,4.163179559711966
0,035,1.1351815791882711,-4.305591661499879,0.8624502428478981,-4.353448315633577,39.50566949673546,2.3904017496565513,0.5732584969504155,0.0,-7.847384596092502,0.2742586345443014,0.0,5.298107766507625
0,091,-26.705678907889062,266.84535995962705,-24.632183570338096,-2.817821022318209,32.22287904795919,10.072095943193839,0.49102643472875085,0.0,-7.487768583841247,3.9582136841810716,0.0,5.317787627013652
0,057,-17.14699167137574,207.19049072962142,-12.273620331894616,0.40503197172212946,47.780637187724885,9.273244143699245,0.7836975990576831,0.0,-7.8193279132135745,3.301163832972104,0.0,5.519720857852317
0,069,-21.652218544945853,338.4881521149385,-31.55556763551423,3.583312616831412,47.69754348038412,9.32170514966786,0.5955999292663394,0.0,-7.380991041235798,5.012881943535674,0.0,5.024115166910407
0,133,-6.2431795778469015,45.05758670948323,-9.094996843238166,-5.771596566475865,20.856517547406508,11.352815603330923,0.30079075793127596,0.0,-5.609744297184029,0.8835091869125647,0.0,4.141908968931045
0,072,-50.18847831681927,320.21882395268165,-27.87293863683145,2.4526220246325936,-44.79918225064972,8.282061782372613,-0.4885221414100801,0.0,-4.1502145436962605,4.5149566702559225,0.0,2.970614447671948
0,332,-21.25125122525105,166.13893130822555,-10.643506659000625,-4.357074581122349,40.21580478820068,6.079817915367244,0.6204570816149775,0.0,-8.805349383137312,2.734040135122193,0.0,5.873202983303258
0,172,-53.55880919124863,372.3032956289891,-34.60600439928382,-1.153735101514371,9.048338244980691,6.934381867005111,-0.13962409181091162,0.0,-4.645711827282845,4.967140774214941,0.0,3.391942409351399
0,271,33.23489282779093,-332.04539723646843,37.69652535845551,-11.977722337527034,39.238377907998604,9.306780262326138,0.329425426080418,0.0,-6.474573957610168,-4.279205127446983,0.0,4.891100939837966
0,052,-13.071507300568992,140.72923731295322,-15.586346924937194,2.61743860789055,-9.545434339211976,8.385720593311396,0.017910969680272202,0.0,-4.932592780792248,2.166022128169017,0.0,3.673680692074232
0,042,-4.157170927578665,51.94171840291017,-2.1989561312067796,-2.551104335404643,37.933025253820354,6.663395594919084,0.5244611459415475,0.0,-8.343947472367569,1.1681289038136504,0.0,5.70154106908421
0,194,36.28792061651847,-293.3220610577723,33.933785119543316,-7.075903949485177,33.13909037797904,1.737663600950139,0.15070538000216793,0.0,-7.340640966312845,-3.9338265807002646,0.0,5.098899292357825
0,343,-23.074615394237874,259.0843781334595,-12.194723249894013,-0.3750678011011072,45.927260519484854,0.3379152636599842,0.5795825697936918,0.0,-8.726884239027065,3.906780551427203,0.0,5.837282726648099
0,115,9.78793637649614,-87.4126499207084,8.004348199540596,-4.963170562574881,46.605223511001114,10.488296131498574,0.48489052458462384,0.0,-6.318081122939546,-1.034126012679625,0.0,4.572889159143632
0,060,-12.839151548365527,189.02294233050404,-15.585749180611433,5.903249802580217,-11.32833641378903,9.1418102386449,-0.1073936837231504,0.0,-4.947006574909873,3.0030959850945447,0.0,3.5976007102975593
0,079,-76.49324365010202,613.3018691579738,-29.98951697587608,-9.464569024893144,83.40151991185333,12.919523174905082,1.0133083301262449,0.0,-6.830216519926798,8.31472684640269,0.0,4.958245683939732
0,174,-58.98438432143349,486.9232615755428,-15.461432356508087,-2.364525833330709,55.77594554849375,8.620634789916194,0.7927053834112497,0.0,-5.627376347842067,6.705414683214298,0.0,4.182120536366207
0,328,-17.450079841374084,170.1819150490444,-22.331996884467323,-1.759280206846543,29.10174298832778,5.056324344543352,0.47730072610959035,0.0,-8.236805350413809,2.7900989324549705,0.0,5.545503863368881
0,066,-26.923432258571196,278.27904512592033,-27.321598966142883,4.882043953929889,10.959998070889013,3.8238887347939357,0.28311353194732947,0.0,-5.881927657629992,4.15031193924272,0.0,4.192532575570835
0,210,6.133294262328776,-60.85405543886614,-3.004058648287821,-5.304133875276744,36.76505049006322,6.478450961632589,0.41270828802059206,0.0,-9.309976105715842,-0.5150489573061162,0.0,6.246947031841819
0,285,34.3142352694835,-306.9689446895351,33.22259121597993,-8.55506693290121,25.24759844657585,1.8896928198091183,0.12638091392296358,0.0,-7.979213370260166,-4.083134540529751,0.0,5.020002767157674
0,076,-48.92383705591761,537.9292143579228,-26.14006670425476,0.315850537730366,57.60705204467899,8.782801785791625,0.8165722839950411,0.0,-6.057162892616431,7.61193716868311,0.0,4.324807493549051
0,250,-24.826257203017892,267.80120083105294,-26.99288721583912,0.1258255077797414,35.015471562381954,9.12985484486232,0.5299290197471853,0.0,-8.522916906688486,3.9309404277365223,0.0,6.001691638287663
0,176,-68.39862973330794,566.4277672843722,-10.07421039140065,-3.294067805715262,83.2656536094519,13.609846029156955,1.0196234521893077,0.0,-6.246837825532408,7.85348305190554,0.0,4.407717746985462
0,197,40.59572737513915,-306.8197348248563,37.121719168466946,-1.7910656097790458,19.354887940798733,1.2867434824990671,0.08256239667714786,0.0,-8.208397874574114,-4.2006151380832035,0.0,5.145228376635602
0,357,-47.30805561625374,758.2616894730122,-41.482399352396946,14.876241151259984,136.38519160249805,-0.2159145980996144,1.2090350599451778,0.0,-7.847011287903802,9.756906269110903,0.0,5.359932804708703
0,013,17.813878535331202,-170.53094433665422,13.408082561661635,-7.7081825890860465,33.72798407660853,2.8771875421120647,0.15037627871332138,0.0,-4.528325660667482,-2.3259272012704177,0.0,3.6469857717439256
0,044,-12.27883260653612,100.41383328225531,-10.434355757857274,1.1258765964972763,-4.994364956273047,10.430026152418916,0.009520607647866277,0.0,-4.87736965889033,1.6013222262859108,0.0,3.6502387027527856
0,027,16.046005794592805,-152.63817395609405,17.902445928007797,-4.300580042993757,38.336139336488486,5.738777385011791,0.33497311674461666,0.0,-7.122063945147938,-2.0739975707460974,0.0,5.149091811694409
0,018,27.823191029947168,-256.11955054128566,26.390131060075635,-7.286853032911097,53.28065442567047,-1.2526346748974377,0.44630102608505445,0.0,-6.837139883753686,-3.4007991890249825,0.0,4.817887637880651
0,232,-15.133169865860408,84.1523243562914,-4.404165896111588,-7.845946083402825,27.309161051460656,-0.6508646455004761,0.35763629700446964,0.0,-8.703754228945447,1.5552719479748982,0.0,6.347262843555041
0,036,5.796203052166403,-20.655972554737176,-3.218739407418534,-1.3660283222501841,35.952873984426276,1.0694039863541285,0.372986261625268,0.0,-7.968659121285377,0.02616222372724865,0.0,5.654096586347761
0,171,-37.55951610020159,328.20516501746727,-34.37390427881775,1.9607912399651275,-34.18594036271305,7.3655265575182955,-0.408487158991997,0.0,-4.097263979522277,4.565077696266143,0.0,3.0404467572364116
0,211,20.55565798622068,-108.05664070689593,8.955089231429787,-4.471984038763,29.881231901335887,-1.5733694338030444,0.2041992117412731,0.0,-8.83985006759081,-1.4379466371511493,0.0,5.775838168342211
0,353,-84.91128532400174,675.0838239046057,-62.196975300330024,-10.917730987093615,122.18472551524867,14.68530806009273,1.2834003951345163,0.0,-7.512225260063535,8.777340281220905,0.0,5.547348414815516
0,067,-30.76687922830449,300.88088125581766,-32.87528923749206,1.008073887770456,29.259731525285588,2.4432007616823275,0.440558631242626,0.0,-6.26738919175589,4.528949399675187,0.0,4.529415112464796
0,319,-13.520543235487757,106.0547772340035,-8.710000028906645,-2.6864648483432436,41.46139072257431,2.4060782635180553,0.624122125347607,0.0,-8.282843389260927,2.022640717183125,0.0,5.811287150272541
0,158,-26.308145779317243,264.3310362307935,-16.60276476190121,4.251266386891059,38.14766447762699,6.477067480626689,0.6919402207948184,0.0,-6.739534865653457,4.209526877114613,0.0,4.7107592254520805
0,126,6.111431442492894,-9.713366245478065,2.40197440944702,-3.1651981033526697,36.59358436350083,3.813140601039574,0.47973899080567894,0.0,-6.589127340641403,0.1323920569862614,0.0,4.816999745949709
0,316,5.22754494225705,-93.77167966744969,21.29212432013689,-11.598029754648307,29.550380256224194,8.289713167831168,0.11979911017011778,0.0,-10.592243531733098,-1.0074292598857566,0.0,5.9288774064669605
0,235,-3.729809904151673,49.75681480730178,-8.515896706821607,-2.725718469670279,29.693630887472544,3.891184648577469,0.3053534977366404,0.0,-9.333732481237023,1.1182113919537338,0.0,6.473086834251969
0,009,29.600481226953434,-310.54945196267266,32.14042980749647,-14.353129439104286,49.685847908880845,6.163470563095994,0.4683665531789354,0.0,-5.896385575017662,-4.174461566617114,0.0,4.567420879761984
0,321,-2.720424848629645,87.76707538867582,-15.505199509656661,3.385766449468759,33.10628826327485,4.776971624403792,0.42665557583488906,0.0,-9.066369746350297,1.630315073459364,0.0,6.037842635332145
0,192,29.65358355782597,-301.6510270081675,34.73293579522377,-8.457565274875357,35.69822963257937,8.085228627644966,0.30108733606110194,0.0,-7.046578749441537,-3.882308854920252,0.0,5.158596058363292
0,046,-12.18757269248133,118.10363011448459,-8.55628805717975,1.5470943613527874,19.80179031992581,10.42439070629403,0.42472460349071434,0.0,-6.082345377174326,1.9911461787376676,0.0,4.42795284543564
0,161,-29.091564720616454,303.64269967061153,-17.765231441247398,-4.341384748996261,56.29038893277786,7.782539821923097,0.7818202003616541,0.0,-8.195391981626713,4.58328627943095,0.0,5.689822949310171
0,356,-77.73848902752127,737.7640333973461,-58.446294157641084,-6.1444768066658275,128.33736287433905,4.424175451373815,1.20584815567339,0.0,-8.113918771744332,9.689093378404463,0.0,5.502060057475981
0,153,-10.194334082800692,195.31784450106147,-14.57385260873414,1.179272398325562,40.4706693240462,9.630239652520723,0.7748050858770479,0.0,-7.556924162984118,3.0153594726360335,0.0,5.344078939359362
0,269,-96.63023831054137,781.6113703770675,-43.40803527120103,-21.69611499693376,146.3236447978385,7.531340115897,0.8670209837786228,0.0,-8.18707309086993,10.017602325466191,0.0,5.284652793325943
0,033,2.5131345736865978,-3.149469959257505,-3.4934618229799974,-2.947857833949426,43.84332988144566,2.759285098184771,0.5765832746614304,0.0,-5.858809934824499,0.3091828027406723,0.0,4.373018364300162
0,284,28.256170114741476,-299.2642765058338,28.276252901939053,-4.586976263774553,31.136648969299458,2.0068487499109904,0.28105211232575655,0.0,-7.593200585623443,-3.840411293973753,0.0,5.314575550302436
0,010,10.873987159466786,-138.3765981094828,11.297486398419796,-7.3181491684000415,13.992813476633476,8.63827827020003,-0.184691707793556,0.0,-3.9160089500926585,-1.9577686119783315,0.0,3.1600377467629954
0,254,-45.16250301058433,365.4922942700476,-38.935937238766776,-3.013500280357894,43.422896150766555,-0.2215614079585901,0.5203057061023953,0.0,-8.347340957669937,5.269225739801436,0.0,5.394475305473647
0,301,17.995255870497157,-122.49400539413236,13.2683826753338,-0.5741348983001223,27.666621783934964,1.2498307149571675,0.12933106021791343,0.0,-9.301690774607888,-1.5435097144858785,0.0,5.986225587041311
0,236,-17.772011168371993,49.75576053822309,6.346855609148652,-11.934075036754884,33.05670557528355,2.576320093431497,0.3442269851206362,0.0,-9.416179888109163,1.143437867887601,0.0,6.623625657561622
0,165,-27.87182837016071,278.8197927425023,-23.17851988999228,2.1129162385280678,12.83518405515115,6.734977023367523,0.29992699521068567,0.0,-5.690534695635906,4.054509755565478,0.0,4.253847749225747
0,270,31.302119663552475,-332.06135659445675,23.87782835562484,-7.89275660936571,27.98293345502012,5.464807279707641,0.44703863798352295,0.0,-6.122141321308897,-4.003965929610636,0.0,4.675108173031273
0,094,25.033493870347375,-249.50850910806372,13.050815101537381,-10.795008754311707,47.252971886533274,0.8160749524504515,0.35001019992514737,0.0,-4.210441452105445,-3.385412136555335,0.0,3.5372897514477084
0,317,18.30384582303398,-120.03526231739878,7.855991615647955,-2.040071416370692,26.604490084062302,-1.8665614675203692,0.10437577329701121,0.0,-10.869822213554993,-1.466597962194158,0.0,6.045034711402254
0,055,-18.26005756763395,193.65643797660857,-15.804646842597606,-0.41644205806099677,32.6791149383497,9.113058748685939,0.5507600122913313,0.0,-6.8983538843560535,3.1618216181666448,0.0,4.738747198150913
0,026,11.731457136665462,-121.2195193970611,13.070749108327833,-4.904621039316931,36.378890448872696,7.285998593859804,0.1944625767384505,0.0,-6.54390855914769,-1.6075066273547665,0.0,4.793250275984927
0,144,-10.986654445574015,126.21829157538131,-10.561667567194387,-3.5156669457085523,41.01127816723629,4.7475865276436195,0.6217753047296635,0.0,-7.350602618832645,2.2781612242977496,0.0,5.285277657905635
0,015,18.20134718646368,-196.087503427923,16.167325946253253,-11.517166257489954,59.5968110997426,1.2415358966537207,0.5351456159225148,0.0,-5.364885260114139,-2.6080523880390687,0.0,4.2127950835301755
0,131,-4.5005396474779005,49.95940207749095,-6.521624874692094,-1.1408675771603594,13.1595461559548,7.899966253762657,0.19321189241080525,0.0,-4.9934321251951275,0.9576034853867953,0.0,3.828966973488988
0,309,3.7432036353961236,-7.201531056306649,1.9959460867685948,-3.124954659213453,31.691316077825725,-0.25308620846432367,0.27679569237880175,0.0,-8.872073641121752,0.3105095421701232,0.0,5.8870131387367275
0,065,-26.801139684055784,237.9050679931333,-27.761260104897314,3.7465457248313734,-9.134631936792594,4.281999358363003,-0.03849022133406554,0.0,-5.054481869153047,3.5903632170261353,0.0,3.7694966756075274
0,227,17.42516502664935,-95.625358136987,-3.4375926244978414,2.369179063602649,24.851640293914922,8.632186669146204,-0.021517657904235727,0.0,-10.092147744510921,-1.0921467529524667,0.0,5.801250153195804
0,347,-43.639220416045575,387.94686754265854,-29.242355763211314,-5.200930721923727,61.87043631198079,6.3510966046681485,0.7268879856184798,0.0,-8.298438971812619,5.675673208653959,0.0,5.4412887510282175
0,098,37.21751264162651,-320.90403547117063,29.64451891963283,-13.266360187559627,43.877387726781876,1.468740650766947,0.47979403516759656,0.0,-5.9534192833992075,-4.333138970407346,0.0,4.564134996568863
0,086,-44.844812947411334,295.2874359488644,-12.738571537430078,-10.529272632412887,47.72677736532188,9.395106787320644,0.8303042042234153,0.0,-7.429371396950776,4.539189772402199,0.0,5.248167148739215
0,070,-37.41302465467524,361.4056323553578,-30.683973904661787,1.7025825134483143,48.47801896875898,12.1317319368715,0.6545550278605993,0.0,-7.346504601009717,5.257537376427768,0.0,5.066549573084542
0,001,24.27578614747198,-211.8402413323003,8.180792653310855,-1.187808166262345,24.514817733189233,6.582707942846409,0.0027151227537198495,0.0,-3.635281389633669,-2.954393084511738,0.0,3.023892424168671
0,160,-26.671377836179634,263.3380243071,-24.39478652348676,-1.3389611343524181,41.48746991755302,3.4409594101078103,0.7239732830234549,0.0,-7.534449592716469,3.9755762154702254,0.0,5.09138967066116
0,004,25.806114637486743,-272.3242551662815,12.114783363341639,-11.006520701197429,63.94930418492693,1.1178551027312449,0.6163737230108352,0.0,-4.449579830281627,-3.594966080599172,0.0,3.764475638857521
0,186,37.10537306351304,-370.55593904717574,35.7842017104437,-10.344355333455054,27.90531311012546,4.988008012860106,0.27251488664835194,0.0,-7.725987675232067,-4.76676913354064,0.0,5.306797032242864
0,106,22.860523122369173,-234.08745135325537,23.701874310197862,-13.650897906479985,57.24263242379095,-1.9840708741345485,0.6155572627394742,0.0,-5.989587667431485,-2.940782000964216,0.0,4.553238389608592
0,313,3.252895789690214,-70.43916422358637,17.795752456198986,-9.699487367506816,35.31610160348103,11.250973810532473,0.2598573724775706,0.0,-9.469714816307933,-0.6205485284280559,0.0,6.031498255984987
0,282,33.46910202482375,-295.1787754366634,28.2782937567557,-8.858432327570098,30.94585092704112,6.01965352287931,0.2594203315508016,0.0,-7.435097357581155,-3.783614889650545,0.0,5.330080612241775
0,088,-29.88979696717484,276.18136853057933,-21.978107152477694,-2.395372112733405,38.79966488946066,14.298027941687504,0.6827122059426876,0.0,-7.474218666347796,4.084786189578274,0.0,5.3077273719699685
0,243,-23.676300908298025,169.32758339862804,-11.780818262948348,-6.063752525895993,39.98861561574212,9.723211746342354,0.5748766496521591,0.0,-9.121722688399274,2.7334237036759172,0.0,6.02306505815926
0,330,-17.52082163909503,167.55679456201912,-15.367292471253007,-2.759629658696397,26.481252535973702,4.5268915103480705,0.614371656061629,0.0,-8.47317173142008,2.712346796686784,0.0,5.929424005709756
0,064,-20.046944690082015,216.36525818869652,-21.21363165949493,5.621496337182686,-23.26535205790951,4.840455915476282,-0.22735697629209778,0.0,-4.645455530911394,3.2901570002078224,0.0,3.3993302877631066
0,159,-32.3883760353624,282.4266804278917,-19.873974746057627,-4.536711226918834,47.806409863287776,11.545486038018792,0.8137846681328499,0.0,-7.494524656232889,4.272010192872918,0.0,5.396710728744817
0,007,33.82997955179073,-299.7678246591585,16.21473986443375,-9.398200898554109,74.07005032972847,-3.641658492021725,0.7572567802023736,0.0,-5.567897674922257,-4.0243567051733375,0.0,4.286017138265704
0,011,14.728512930612558,-155.2440446118395,10.681113898899504,-9.538517560886921,25.140473642193115,7.756163394260029,0.0279311085381155,0.0,-4.231479005866191,-2.1757978436266283,0.0,3.3630248097650717
0,045,-13.296719925356935,110.78511097790965,-16.92143436254157,-0.4633982749974515,9.033097537284252,9.240194680192106,0.2613631771815749,0.0,-5.373139611620214,1.8073048829901386,0.0,3.9409563264810705
0,281,25.377330464320238,-273.8405701529176,28.129423554074947,-8.262616697765395,41.05981633480927,4.339750405253459,0.3033740616136254,0.0,-6.784767906986676,-3.58745991666886,0.0,5.037505481591219
10,037,1.1783501735680586,-13.712106863034668,-4.952254936239588,-9.575011718289893,116.50347334271484,-17.79666083180528,2.0135484138450175,0.0,-7.073965351393984,0.36691792407834,0.0,5.128894084538093
10,329,-27.97506670568483,292.0507929425818,-14.910112407120065,-18.953142613594476,111.33196990080035,-7.274146738661737,2.202476440199031,0.0,-7.6263493921725045,4.712682164643396,0.0,5.521770872653492
10,251,-23.201147891753205,289.5108826543899,-25.036526572196728,-15.436797721270372,120.32657084208078,-12.252503214661651,2.164659527103873,0.0,-7.8596060041538385,4.681125959644007,0.0,5.576336095371081
10,141,-14.494640072584232,221.76760377809114,-16.9312930387536,-9.832975940068572,117.73213026764068,-8.604290373423034,2.333136150147102,0.0,-6.940549179438809,3.789157497815123,0.0,5.352737915727266
10,154,-28.20675324208243,257.8459478899507,-25.272093798975884,-8.354698122001661,47.841469863906795,4.6047704409622146,1.1100402251332748,0.0,-5.09527963777056,4.002305312146675,0.0,3.8433844105819204
10,331,-10.832599154651534,311.9313624244214,-31.30367070311732,-7.14331119637593,132.27561982954242,4.488025407805052,2.4355724154029845,0.0,-8.24735117534362,4.982643092983476,0.0,5.8465387032361384
10,003,21.098646128070282,-248.59169839965588,13.683020240662442,8.321861473119663,65.02284841030088,-15.816707968158159,0.9113086334237431,0.0,-4.162507647231847,-3.1495774775305017,0.0,3.3539548018800547
10,151,-30.572206493554148,321.7529210792685,-17.0719705170555,-21.70258387109409,127.37429661954191,-6.875090295522611,2.384663677792079,0.0,-7.642530543697035,4.982202747336858,0.0,5.615231577941085
10,048,-11.132343743385325,119.4564047540309,-17.218891175484185,-6.426853755289258,60.58291258139366,-6.274396220995509,1.2414136904578588,0.0,-5.103974424624187,2.1645558370121916,0.0,4.0033532104861
10,152,-27.04410099740604,291.513955808662,-24.132349612692472,-18.716972136299567,110.4730885234707,-8.703537404752609,2.2187174553513316,0.0,-7.723316192264134,4.635371144363862,0.0,5.521720180767422
10,164,-60.62984397766235,475.80739916167335,-52.72019452544617,-18.562591871149216,84.78531896249085,-4.402791681800474,1.391365020273718,0.0,-5.6513877389400315,6.5731927722744405,0.0,4.219696765712714
10,193,31.945173967104274,-396.60615913299625,40.69685056679704,1.1748237744877414,79.78292786082866,-12.62728084379817,1.7923404019190592,0.0,-7.4503040001338166,-4.779516712894015,0.0,5.316542325448921
10,248,-16.772798555800737,220.12173859457997,-9.371883322539777,-14.611618944399975,140.1721076325598,-22.961811054759828,2.7651283739886727,0.0,-9.357664572104285,3.929071787965327,0.0,6.542377173791468
10,249,-24.597823229819152,210.8132157252006,-16.369740177134567,-22.3541009125398,149.88645756664542,-11.238737951889666,2.9941422514274616,0.0,-10.030392788561487,3.868486403716526,0.0,6.694759127717812
10,262,-25.136466833768743,416.44135269284715,-29.5067949675524,-19.746258360044298,135.7168580689975,-15.006797108488822,2.372164090731684,0.0,-7.951636998471054,5.978342217912484,0.0,5.801453818043296
10,222,15.60945224558924,-147.07784648712033,11.528163964886234,1.7967241237603444,134.1279903739288,-31.129614109478243,2.5375328847039262,0.0,-10.106870862466216,-1.1002405792673988,0.0,6.790812756247691
10,341,-36.96497609722817,415.44449501482035,-35.731359092538135,-19.394477573388183,132.33355276660032,-1.0854809833453896,2.248168596431722,0.0,-8.0655031612085,6.104017790689005,0.0,5.637038529603794
10,335,-37.804823430834425,301.75319607761844,-13.835339479122197,-31.900674272788628,133.98905113830077,-11.342103914514755,2.541749081675492,0.0,-8.883304673530068,4.996034925643638,0.0,6.062725823403518
10,205,19.61734872194353,-192.64134895365407,30.78668764706234,2.4334494347520303,95.49218491814446,-26.71818532871419,1.783462894198858,0.0,-8.170114528702547,-2.211573530163066,0.0,5.567131092011955
10,322,-27.83089953950061,240.08267043871572,-20.95926104123248,-19.635326322368616,136.74158866051758,-5.888373095757153,2.5680601095732953,0.0,-9.321674300120039,4.1849016822276734,0.0,6.051612031660043
10,107,12.571217477616456,-114.67805414659723,14.31678846075768,-1.6758082427346603,103.78494677800931,-16.894377570026567,1.6074023283645784,0.0,-6.7094769776376735,-1.1007623838027043,0.0,4.67825018000799
10,083,15.049102274245241,-211.7007802950494,18.152576176218425,-2.6551831850209107,48.21361914322151,-5.594873244269187,0.4688837582212204,0.0,-3.7646590825374657,-2.7722982222942227,0.0,3.0232986143886853
10,223,18.288745225206974,-145.5767979915714,28.61365415528164,-5.03578066463701,125.15784695022853,-36.2867009738899,2.3478693084789826,0.0,-10.2993064800753,-1.311557568120419,0.0,6.720264925082995
10,127,-9.643784550194223,38.40694503120064,-1.5391705722134437,-12.84710835965566,112.58406290918597,-14.381363580631858,2.0805651678018426,0.0,-7.637307356449744,1.1390037704047977,0.0,5.556944175426677
10,188,26.742510007076532,-342.1953968743977,36.698388942829084,-1.6114967233416373,89.0261195305465,-11.850137866320374,1.6745247925098103,0.0,-6.399854662592898,-4.237670838483665,0.0,4.651596879837528
10,100,2.3341092614225234,-62.50356200827732,-0.5688712962679211,-5.286694968528005,52.13468301544667,-1.7935542562950744,0.7853533898148278,0.0,-4.168225048406486,-0.7134191398780516,0.0,3.2005000872383844
10,075,-25.93349414138717,329.62904277230854,-40.93222042938799,-7.9028378319325014,-4.57515184408556,2.505016574398537,0.22913546402005297,0.0,-4.127207146994679,4.715788372505484,0.0,3.0360063488247016
10,134,-9.071390565780575,111.51582161817912,-12.136072788662663,-9.079454625228836,101.66736859166183,-11.178816067807293,2.062567078099639,0.0,-6.9464633220309695,2.084545168351049,0.0,5.247012175846403
10,173,21.924692202407318,-291.2470537889739,22.906124362336634,0.9935859681006873,87.3107435905829,-16.146129405070305,1.445221175192065,0.0,-4.801195071080346,-3.501280405733414,0.0,3.953738586997299
10,361,-23.778567950655365,281.43903523930976,-25.67639463843176,-19.94945682169743,121.47915179011682,-6.868776770794081,2.2182849516876995,0.0,-8.096338503451273,4.681401669131757,0.0,5.607392441884972
10,099,0.7090049377124823,-50.08818897740232,-0.16012934754449712,-4.352522800698004,39.9257059031056,0.9521086905397576,0.5330028181099987,0.0,-3.8420993890402406,-0.49861262981246596,0.0,2.990225942075231
10,063,-30.73011252252013,205.79077929561032,-26.092419437980418,-17.141997138035432,38.107355661551296,-1.168018057232586,1.0079483562534628,0.0,-4.8781646214071746,3.269149545479054,0.0,3.748691588653983
10,229,-2.930323024461309,-11.2285466590989,4.933551212887528,-11.970451548352564,118.42941585373157,-25.597122345737503,2.2573060177527298,0.0,-9.49877015391413,0.4997825535923004,0.0,6.48103335638227
10,024,6.781790144514484,-74.18541908583508,5.784592342756922,-7.519924697649568,102.08663323098699,-9.941124629115336,1.6885903837629952,0.0,-5.471720599587519,-0.695393263899125,0.0,4.143431308993602
10,105,8.172259545808766,-98.52776356337925,10.094397359822478,-7.337824286270878,102.89341504217761,-10.999255012349682,1.5071155089386623,0.0,-6.052704272728753,-0.8883661258986543,0.0,4.3089978156388
10,339,-43.29771541452182,411.9290896316117,-31.088157085241264,-24.021184679992594,133.1752391717375,-5.713342127343095,2.378471379716805,0.0,-7.851597122693336,6.112995802700013,0.0,5.562943970851116
10,081,-68.71103161654472,596.5262719952773,-39.05929365600521,-27.522363845517678,124.44979926174304,-2.978514751869096,1.8220719320980798,0.0,-6.353435045748296,8.13260106771983,0.0,4.7401837001444225
10,190,32.625247975986134,-373.3033003413698,41.781281636816075,6.324690586930339,85.43764062097874,-15.827275803569949,1.8246535640553627,0.0,-6.695193763122128,-4.3230595925642605,0.0,4.790382905554681
10,233,-0.3090273465941342,-109.92145330310709,28.649108599357955,-13.90526804237788,136.68183516109536,-36.557344297935444,2.549259018376106,0.0,-10.73409173005087,-0.46389890341844364,0.0,7.080019657019135
10,253,-22.98545696083244,280.17702965608896,-25.73087467084253,-15.193433264892668,113.39290269420746,-3.192207162171457,2.2692346508425922,0.0,-8.616831466514192,4.508389398664228,0.0,5.828381802116052
10,117,3.0530467355708186,-1.8859795623249005,-4.30645703359192,-2.976842216968551,92.1515785909194,-9.92106526374294,1.6026588120070593,0.0,-5.702892422837851,0.4321562966583945,0.0,4.386629846998104
10,323,-23.63583737168825,229.91712634148035,-15.603935695499063,-21.840045003509623,131.98672692165738,-7.3759358663322026,2.558112229561605,0.0,-8.338562727895848,3.897478807752453,0.0,6.172126511274707
10,169,21.03510460319819,-212.04294490072806,13.202899795443074,5.664461515185737,43.62548348820506,-7.5829787949013046,0.4760708867644242,0.0,-3.724853421907543,-2.79693140651613,0.0,2.94402859643545
10,056,-15.113756705706415,176.9141767615421,-22.16648228204118,-12.671526131453966,61.98312007259539,-6.048851325287096,1.4009790021209154,0.0,-5.427479492884081,2.963457316911854,0.0,4.169017608053701
10,196,29.315806611286128,-310.2061750780564,33.45492064194417,1.7137867199513166,105.59414758706902,-21.090060409392876,1.7169533283205611,0.0,-6.765368490966027,-3.571609413291781,0.0,4.903194748132772
10,129,-13.501722828661046,94.48433432150337,-13.369253445620146,-5.419172800562826,41.02793357833036,4.143945736749555,0.8815138239822617,0.0,-4.664193038480507,1.665727379288957,0.0,3.520785227757849
10,275,28.640529873883082,-351.52406316205713,27.538870779367794,1.8681419439078781,91.44704242158961,-11.194287109693793,1.5711540754917528,0.0,-6.209863913246778,-4.38180982237865,0.0,4.585728749450648
10,156,-24.06677825281698,323.9205842213381,-24.50752430049516,-16.366984448852964,74.73577556153252,-1.9831631657217998,1.5085966479931863,0.0,-6.298962113666945,4.90558479864044,0.0,4.602952551405489
10,305,13.821947935659145,-142.69185515613637,13.085438440136254,-5.8491976053706125,126.22405545814198,-9.75995384329826,2.3541995700109637,0.0,-10.353529509404325,-1.1108191096801816,0.0,7.078449939204602
10,155,-34.76835406427806,293.6058479521409,-23.356490690758086,-13.455182018652522,72.67967477531415,2.1087180729011115,1.4903478562082486,0.0,-5.81510251200111,4.458528929764283,0.0,4.413440714949342
10,327,-18.54705153425543,210.54342917299078,-4.098472104723874,-21.673937557239107,143.3235666317981,-14.592698051787764,2.741440081461689,0.0,-9.5746383047808,3.7410321836858964,0.0,6.415195026728487
10,350,-65.86087533134744,716.5189628054407,-56.02229487313285,-22.67899243738159,163.23189828853495,-8.745091898206859,2.118594636553369,0.0,-7.4494508934288985,9.339367421105537,0.0,5.3342151432244025
10,120,-0.3318347608342327,-25.41798156799266,4.164047523264993,-9.98340830991967,114.37136142667164,-23.674286604489037,2.11408279689727,0.0,-7.616791324204755,0.14520337585922927,0.0,5.333935014430737
10,125,-0.2838078808728237,67.22262045266903,-7.744946438464361,-7.658717854105635,108.15748298389771,-10.978691801154502,1.9530417544787197,0.0,-6.369394331967261,1.4771986984606218,0.0,4.937465388286047
10,093,11.415839176676409,-162.3849919797871,11.668454328615502,-1.1352905462062317,82.30246956872232,-7.424286735631787,1.1490336560576235,0.0,-4.420374596085279,-2.00894761775825,0.0,3.5000822602224093
10,266,-5.071476272160053,646.4154308449787,-38.45331034537461,-9.123979965042793,145.54819972459424,-1.4554858920538931,2.0043113521473774,0.0,-6.795768580315594,8.517959383996681,0.0,5.090857758282195
10,260,-34.31801217023921,390.19195965478264,-30.013361105419502,-12.82373204004389,125.08352426783115,-1.306235200811607,2.2620759385432962,0.0,-7.6860220613988295,5.687247236723579,0.0,5.63981098423572
10,122,-7.6848417015775246,36.92801842550406,-9.041290807381333,-6.212041838710689,55.798313751458906,0.06600573744750937,0.9968283794140806,0.0,-4.605314303431779,0.8763808572717493,0.0,3.6538588725694296
10,078,-41.70753956270866,485.75487785231917,-45.77855511888204,-17.73160268731769,78.11673946770652,6.049507018879634,1.282014889211515,0.0,-5.594680127534789,6.603718043895005,0.0,4.205369014174033
10,252,-35.16604276204111,303.20966462953663,-17.306845480997602,-26.953064925261575,123.79195805142234,-10.919575933784458,2.479633526268687,0.0,-8.515731652821838,4.79053371671841,0.0,5.876996532082046
10,177,-32.4332837644376,328.8334425618309,-31.328369878171173,-13.820778858895283,86.06607920302928,-7.903505303634044,1.5206394081076797,0.0,-6.333436959894119,4.9775934303556975,0.0,4.562635849765142
10,291,12.865134332249982,-205.29819026996608,30.47009440123984,-4.539561288766604,103.6982478870597,-25.63770066889659,2.0062344128638516,0.0,-8.78737268309871,-2.0628400777682567,0.0,5.948586252082535
10,303,1.0603626659010432,-123.71087791000535,23.257653989514537,-11.530801233850253,143.88890130350003,-31.869457166544933,2.8433855004605686,0.0,-9.917778120684806,-0.7439132054366696,0.0,6.8791424691155285
10,162,-30.779465002684933,383.66479089691563,-44.39134111557798,-11.3986973182238,22.15602992743848,3.736222083104454,0.6347284833831108,0.0,-4.458558906796023,5.405076063150707,0.0,3.3861026910783067
10,215,-2.9245848151094913,-55.2289061053472,13.357834634286258,-15.905305489987839,124.71379250679738,-27.77392797974987,2.2545965918991335,0.0,-8.095836882069117,-0.052888034462297506,0.0,5.479875671732468
10,217,-2.6432051948699655,-74.8156642805308,17.35073721470098,-13.451947243221216,138.04661313234433,-15.26908838020755,2.453783145772246,0.0,-8.261556520038813,-0.245980237130497,0.0,5.965659327040045
10,008,8.443364556741432,-146.29008694301695,11.57015473336046,-1.1757343199363093,50.404671826293715,-3.1200387048412317,0.5738589440339382,0.0,-3.7916682780232,-1.8917995667163305,0.0,3.0342954376559295
10,198,24.375673070166368,-329.33328069306464,41.70765406020144,4.7396275240795145,88.2607995224565,-18.600481354416786,1.6857462243977719,0.0,-7.648106226676466,-3.7640626101913455,0.0,5.311715294695326
10,054,-13.838512866687577,132.76807783957375,-14.67295325912414,-11.94455080142307,117.49417855347203,-14.38232061388506,2.2259234957824767,0.0,-7.701644744149082,2.544360589011726,0.0,5.710247066296793
10,337,-41.2305208203012,428.22198009315065,-31.546748484882,-17.020240995364638,156.02249531279472,-3.781766482308353,2.6109423258450724,0.0,-7.750604905374371,6.184762101410108,0.0,5.80151322087801
10,368,-38.81598863922719,304.41271919634596,-18.350377004742175,-26.891600746793195,126.42571178962689,-3.5295002172982137,2.259743231729911,0.0,-8.002743646395578,4.798179842773098,0.0,5.757575685202217
10,244,-30.643211113313175,220.89128447055964,-6.011111110271248,-23.30333987430817,128.13042777566682,-8.38249775264331,2.5521421054745335,0.0,-8.830705635182664,3.824673237799172,0.0,6.016207968085528
10,175,-21.134241472916763,253.81259244012105,-23.766432460684698,-9.166282368671999,47.29619943517978,-3.1341308428833052,1.0618679306747154,0.0,-4.9683401192828125,3.9682613282192363,0.0,3.722154155822373
10,351,-94.05074162113758,730.6171174326912,-63.58026416954627,-34.97067227988214,174.92091256984065,2.1847675841441454,2.226613583589325,0.0,-7.446044098553215,9.75031114538058,0.0,5.453609341234006
10,047,-9.185374256746407,101.28275447656648,-5.231714694543001,-5.81297577605871,43.28286866393646,1.6997541873394235,0.9126001316799808,0.0,-4.507227755425241,1.7691162471771298,0.0,3.5560420816232976
10,167,-69.12891669637021,590.9863829409037,-45.370530048861276,-15.97760575734116,131.29470266929846,-9.008055608454924,1.8743480881860122,0.0,-6.648973284429477,8.003926810563966,0.0,4.651379139185798
10,231,14.36546480061038,-75.54335836369823,0.2801338363491741,-3.595844557049507,121.8899018528206,-17.19350504136015,2.405495965845046,0.0,-9.83579170311752,-0.2171489374117992,0.0,6.6585907766327646
10,092,10.094443387734554,-150.17603517081045,8.87475639194478,-2.9874028717525323,65.73780012124782,-2.320493104507513,0.8790288650453297,0.0,-4.04973988546397,-1.8928178897875019,0.0,3.293877810016032
10,005,24.09148141340544,-295.2551175436244,23.25780127522617,-1.6244213115709623,109.20269870718722,-12.430654387948824,1.4649232855316376,0.0,-4.847587967584648,-3.617810038090921,0.0,3.974224934855321
10,364,-29.99447352463963,315.9981916772101,-21.919448480818954,-16.50769528883109,133.5859431185444,0.7093192274402984,2.514978200395001,0.0,-8.548313359413541,5.040706564267324,0.0,6.164551206816638
10,265,-35.34186745167785,427.75248405203683,-24.034666762100755,-9.739175799033468,148.43201338460912,9.321160357277058,2.5239496733138904,0.0,-8.269887440973813,6.216525092976477,0.0,5.742741735750665
10,096,13.191085870512419,-214.04333600708716,16.697933625257058,-5.380965647010473,107.29627757886198,-10.499680743923076,1.6575856730709375,0.0,-5.548724182649192,-2.642084484156647,0.0,4.196946792539398
10,073,-36.78183423507582,375.60699627801984,-23.015454824656885,-16.22426917075671,97.68662794372852,2.324719269642106,1.8886088239466545,0.0,-7.328425423728483,5.5471892196165005,0.0,5.108861184013809
10,071,-22.718709901661338,357.82641278553183,-33.234795550643824,-10.971121445837449,101.43414960252015,-1.2263052187701247,2.0954084379215097,0.0,-6.860483158571618,5.257078694712492,0.0,5.268286849724809
10,123,-7.423663181688376,53.8387915759547,-9.474067605778782,-8.534304691158964,82.4264329594954,-6.065602333105717,1.4311360180441146,0.0,-5.295557874575027,1.3201724397386116,0.0,4.181601122797372
10,185,-29.528566078243287,331.8591211474146,-26.825039668140136,-16.013169968287983,83.28056207373977,-0.9405563929112251,1.5503446233528335,0.0,-6.446629287281759,4.972123298428826,0.0,4.511505728657053
10,028,-2.2888694511119803,3.93172153039208,-7.501995192730853,-2.999718210803619,30.254096294086928,3.4223343716524424,0.5231957658506942,0.0,-3.937913914473589,0.2627226827795901,0.0,3.02275015740188
10,180,-39.32780798679645,370.3338425488339,-39.55960665919163,-22.06732962911665,97.48251526043161,-9.710334874084998,1.7836438567437916,0.0,-7.292444506703517,5.503738649123024,0.0,5.1380018269061285
10,344,-45.59291375068893,442.09835027053253,-34.37576818548925,-27.748986708570833,148.40003715796271,-5.257077105771155,2.5837373340938727,0.0,-8.454882780216506,6.306015848873073,0.0,5.92992465750562
10,020,0.4725364364729355,-53.626807646339564,-0.09743835814846287,-6.233251080417992,56.500063823314335,-3.1697327700220317,0.8714264103660194,0.0,-4.180116677764596,-0.5709267508273873,0.0,3.2732786980874278
10,299,9.991002967029582,-66.8419104430479,4.527592761171863,-3.0440051643876087,134.21466327352175,-18.5284746911381,2.499483904889426,0.0,-8.317335590508556,-0.22599084750420706,0.0,6.08602048926348
10,140,-14.498902967563486,202.56840398757774,-13.895284910387172,-11.830131315829501,99.21912456520025,-0.8128623226289087,2.1140503954160828,0.0,-6.565576655944525,3.5004684257185117,0.0,5.07051787822785
10,148,-21.54050904429237,288.947794197695,-29.423913681833916,-12.596934104295883,108.87944007959202,-4.638399157131912,2.0831179263162762,0.0,-6.6963737206016125,4.578087832433309,0.0,5.115233996883383
10,277,29.644989722608607,-389.03672611051775,39.624179665890935,0.20930353713091066,82.9997008877938,-12.875187907190693,1.7248518062180134,0.0,-7.420514937583229,-4.735428855331396,0.0,5.125440243257232
10,082,-34.43054330586267,616.6169904608684,-43.40742890908881,-8.672474217028533,126.1774544593321,-12.061315204137642,1.8591520204661367,0.0,-6.747025504591835,8.396579331001043,0.0,4.823746865430174
10,110,-0.4518284235640191,10.285167491436074,-7.744663361685506,-2.8175884028806424,32.44735817282135,-0.08820392757757595,0.5536833217972619,0.0,-3.971531438982601,0.41159895399701396,0.0,3.0423920465441667
10,143,-22.313827496664118,217.97962524130145,-10.562790140923358,-20.923846440187003,122.24721235800438,-7.159668557474156,2.4819554446723986,0.0,-7.757500590994982,3.824674886913319,0.0,5.688685355340287
10,135,-9.271763778844551,123.28774423020982,-1.763402311460371,-14.74442050594388,113.73743099789698,-20.477969266540445,2.1726671740692227,0.0,-7.427895823711212,2.4678697185629455,0.0,5.378256639881323
10,103,4.098537638876447,-61.72752721601735,2.027647662227002,-4.984893839011313,87.45439294394595,-6.729749409724903,1.2917108092854124,0.0,-4.702186070619928,-0.5054751369035282,0.0,3.902188694286412
10,101,4.651907764036257,-61.88590719838722,4.133615535076505,-7.513230516987726,72.67498917815585,-6.587946343250808,1.08146672206827,0.0,-4.479053824596533,-0.6585297410898887,0.0,3.592234469351932
10,023,1.510766510026996,-66.73312772809427,1.7017030694988942,-6.299370038580379,65.30940262395791,-4.692571276416184,0.9782905614207511,0.0,-4.53938774421941,-0.7130237381576374,0.0,3.4475184753985757
10,312,-2.017631028643699,-34.81019708929236,12.062607034254581,-12.377354709396311,133.29435185347043,-14.870511507401108,2.420305544797748,0.0,-9.965001344177356,0.3581043624713951,0.0,7.057933726879239
10,149,-21.71911117987082,310.2038890750429,-18.719025021581267,-17.180276501961423,132.5554210674454,-8.920414471959397,2.4815974573057815,0.0,-7.248250889206069,4.864372947458432,0.0,5.418568989495915
10,201,21.302464789362155,-344.7917223251264,48.38728848139284,1.4747454188048839,70.90938032779943,-17.828821461125198,1.67031221955756,0.0,-8.06605004301122,-3.9594624195680366,0.0,5.36717096651453
10,228,-6.1120026571614385,-9.588503561431862,6.931691269885076,-13.915587995382097,112.14646331801686,-26.550169970411858,2.2124494087448547,0.0,-8.899330762987438,0.5536475397240648,0.0,6.394024877421155
10,241,3.527853969522541,96.69339211162736,-18.860200009593953,-3.6216618700793357,140.50431247109373,-15.662489646243367,2.8650212573994427,0.0,-10.431127088197284,2.1834171925241197,0.0,6.931544113880967
10,360,-30.04844354146861,340.78752646624775,-32.47025868276985,-17.479211369075546,147.54283816698683,-8.496895085363484,2.740400963885825,0.0,-8.66864276885256,5.461350026328041,0.0,5.9588497803184985
10,363,-30.97621754648625,288.762718271874,-19.82649491345745,-19.786689962525298,122.71921110374028,0.4966992687879048,2.4500884787952666,0.0,-8.589350603613736,4.628205883491347,0.0,5.898528815430951
10,310,-15.131779912416206,2.7433613950162155,6.296282489032733,-21.125375099055184,124.22785798129588,-25.348570689574597,2.467745947740053,0.0,-8.847665035499254,0.8371818493138703,0.0,6.25820372705069
10,043,-4.614156295299027,68.06734119808968,-7.158292486678052,-12.278625046332008,107.11343423492913,-7.29912082352864,1.9592118572322903,0.0,-6.460569372694787,1.5221345550979732,0.0,5.000720070566705
10,298,-7.318367771829913,-26.869719247035043,9.84052247869756,-15.735351248054391,128.26605223062444,-18.214132264812495,2.4652007696761604,0.0,-8.564756076218549,0.18887680204126345,0.0,6.010779990418127
10,019,1.4100455694967267,-53.943937827781376,0.8104897310300683,-3.3815885753356225,40.79749597327039,0.7067964164293715,0.584949931434386,0.0,-3.8201895302778603,-0.5633306395492768,0.0,3.023153610124233
10,077,-62.40906681453807,431.43767692347046,-52.12949672068018,-10.27135869209309,57.89864578431614,0.437226639190226,1.1118616324827768,0.0,-5.061331026982616,6.082342944049571,0.0,3.753943391647009
10,336,-26.291717677822824,341.6216382521975,-16.36892451765951,-20.56903787659037,152.5258945921856,-6.922288210341567,2.879017074737061,0.0,-9.397336731068764,5.420185311373414,0.0,6.554033640294659
10,355,21.460987125297308,-336.3061619675719,34.516581921374915,1.5162403114911256,105.68354082119738,-13.536206958191606,1.7198879568995031,0.0,-6.017523620183085,-4.036815469267551,0.0,4.400430186977039
10,074,-31.598768685324252,371.5008666257519,-28.425716057196567,-20.174297749286268,106.47561534994287,-18.18410086798658,2.051629112858735,0.0,-7.7089754672899415,5.397654347708127,0.0,5.375835351808391
10,247,-18.035809326479487,219.7498477711143,-10.847244035110156,-14.911943472193434,143.05798362862708,-13.366155602643378,2.749600069163979,0.0,-9.279821211433836,3.934499766647337,0.0,6.547673290830381
10,255,-36.67570158273426,306.39206408809247,-15.05294123617282,-30.788562627828178,131.26329937327105,-9.057673462790238,2.469825414140778,0.0,-8.627179131156586,4.912379671197031,0.0,5.917043856962863
10,119,2.761348957485091,-5.545189891226359,-2.8008888056578387,-8.964324271308712,115.89562615839603,-17.50933736384733,2.0679934347478106,0.0,-7.050256146180438,0.518718187370002,0.0,5.286695432676887
10,246,-10.203852026345404,208.01371891860452,0.6419493465487467,-12.42942192043744,134.80717162569326,-5.313995428387578,2.468926837778186,0.0,-8.965325191113363,3.6958996949024034,0.0,6.208739858687947
10,234,-14.79669178812747,138.65222082279828,-5.562273527779859,-15.51409132315389,128.19947865352228,-14.353303951289135,2.4457274400187785,0.0,-8.42469936703982,2.7071326459503036,0.0,6.031539399982053
10,124,0.6992419040838251,46.29259432085038,-4.760219736467538,-4.732940437720504,90.75753995701234,-8.832235251144803,1.644414876165958,0.0,-5.887988418671866,1.1665024967535342,0.0,4.432037075886631
10,199,21.401880452120587,-316.42097875977674,39.01328046302007,3.8477173466182424,80.99784025548483,-17.51415831060933,1.7269291167699983,0.0,-8.031990995518669,-3.709094376015983,0.0,5.239278516041196
10,279,35.162610380831126,-405.68183012219276,63.11266894838445,-8.037730383437172,91.08983783840507,-5.99887711299761,1.8330823446104119,0.0,-8.02475464176755,-4.865988609729196,0.0,5.410671420733232
10,168,-51.085370972219714,629.1801741579233,-27.3322746042043,-27.344723187792816,154.07029861828698,0.9824167459920137,2.04180566038089,0.0,-6.431563559981634,8.257907547927585,0.0,4.812020765525963
10,039,-7.714571851176807,41.31384548711672,-9.7488792762556,-7.152872979548151,40.36924809376989,1.641126009181113,0.7103125124624532,0.0,-4.254210926456573,0.9095673031713267,0.0,3.2872630083354126
10,273,-51.23375279473681,778.1006666068419,-55.53690782162336,-16.17981984497585,193.65080647878247,9.263392475675698,2.174243553774633,0.0,-7.805027452813482,10.282734107184536,0.0,5.463542945458089
10,142,-18.40768884500004,216.66825501772615,-18.1159507025171,-14.404795682559106,117.5982217219074,-9.244637148323323,2.245338922989796,0.0,-7.4125428833786,3.6912085307103375,0.0,5.585086970003562
10,333,-45.11246637700083,302.81909583143135,-14.858024560436338,-30.789131886605695,127.82422762387365,-2.79151313893061,2.4140039750610485,0.0,-8.96545443274977,4.836203781304216,0.0,5.94135656158899
10,230,1.567345700750606,-39.59651050328554,3.2298745628066,-10.187114021334772,121.39656916903157,-24.473521612029792,2.2782608074913084,0.0,-9.46662243566289,0.20132839153681537,0.0,6.557351133285612
10,293,15.63240015030815,-233.50953848110115,41.49396372673491,-5.075135624116131,93.08354952472679,-19.485263504475604,1.9220612482084283,0.0,-9.64397299535873,-2.832490028762435,0.0,5.439138159357542
10,068,-20.947071738843007,273.0846887507975,-27.61409452345182,-9.796827737884236,57.178995756229206,-0.0989288130501329,1.3129028889489762,0.0,-5.294201722446558,4.1650344712667176,0.0,3.997847008725177
10,147,-36.12107863426456,269.2173932032713,-17.387625435621747,-18.85258647489203,90.02714792831794,-3.2852310957629096,1.9078646535978223,0.0,-6.431367436426771,4.294293952386605,0.0,4.70278828571737
10,354,-62.16799973653304,804.4987265666778,-45.74713154382453,-33.126006474097466,223.09899591981517,1.2526791102704253,2.481246520339869,0.0,-8.008656177194725,10.501025661128992,0.0,5.63329767289654
10,038,-0.7348577702372329,-8.679451184645933,0.042271427713652554,-12.992550614630474,120.02427442701598,-15.541602627700431,2.0794950891478723,0.0,-7.860016282989874,0.5238643618778722,0.0,5.562961846357883
10,145,-14.296331650108296,209.5231874549095,-30.70618876248472,-1.7201414596147362,49.260793396776684,-2.8295531891705785,1.0988399751057718,0.0,-4.988191047978291,3.3935367900588416,0.0,3.7258783671292663
10,049,-4.8989217671436665,112.30099588485375,-13.166320269773173,-5.646774960756897,76.3588238579314,-3.1731515130146937,1.4958474019441628,0.0,-5.773295732224791,2.082942531045341,0.0,4.380964139443865
10,095,15.71577312323609,-199.69748459909147,19.341137208809464,1.3391189079077093,106.28104084364321,-15.928162058674523,1.6070843859510027,0.0,-5.026550550235247,-2.465980685976254,0.0,4.004389903395301
10,208,17.79229787772252,-243.79809989066607,40.01344705682592,-5.409424283844665,95.70032254087171,-19.325167718545632,1.7757667833364401,0.0,-8.915605941746072,-2.8575267355551914,0.0,5.646620682258303
10,040,-2.394737191029253,41.4929579605513,-4.441468925090422,-2.1639669359179283,53.12830948772129,-2.156308354628576,0.9878211472860957,0.0,-4.773519155405355,0.9277560188382167,0.0,3.5915543447330194
10,261,-26.13145125097741,393.0466445756244,-34.60728868946283,-16.568277874321605,121.52933290676974,-5.55426638961702,2.177265583542551,0.0,-7.626983102931243,5.731691827449604,0.0,5.494185248608281
10,163,-27.86990940962881,427.0825772182188,-44.36157577409269,-10.129737767687903,49.33363750942081,0.42866688750695014,0.8877420965011831,0.0,-4.950252230817492,5.871769509814882,0.0,3.794441069084913
10,257,-31.698052751638176,309.71566239260005,-28.270516442840133,-22.663561269645612,131.276687068776,-7.9071746367078495,2.6190954621425995,0.0,-8.792146858146786,4.846873944093372,0.0,6.400815622271337
10,206,15.157628263054526,-222.7830450642678,39.443257617084775,-1.8905047161901962,97.47073029501422,-11.418361723017128,1.9223479691309784,0.0,-8.702190681840678,-2.4390275423470236,0.0,5.873000400708105
10,017,16.959797716703985,-230.1035376189296,21.591698210355183,-3.0234543618818557,127.67865634764458,-15.361575930902475,1.7765591764024342,0.0,-5.689224236952941,-2.834611184221152,0.0,4.43828843564661
10,121,-6.759886981676231,46.295177610513285,-7.7855272323361655,-3.8736167755558606,42.58058449839401,2.4705514010174916,0.7656627841917273,0.0,-4.402252498501764,0.9684526830456115,0.0,3.3400426124182534
10,358,21.395664482840353,-367.52660166649423,28.681111851699857,-1.9403006049393932,102.93880808120578,-7.88169201166663,1.814132217647796,0.0,-6.624277408524284,-4.632844915979331,0.0,4.745506257380887
10,179,-32.28903428601732,348.23409662415617,-28.295724914903193,-21.25544895026901,96.69166023708668,-13.134021354723645,1.8889855038968335,0.0,-6.841067841301326,5.170333524011833,0.0,5.09779631048941
10,182,-21.600671434690835,234.6670287604969,-25.775435476687992,-12.211153944086771,30.914377672485486,0.26305983032183544,0.8329051402197111,0.0,-4.561057250686635,3.5751406968983397,0.0,3.4539301595610254
10,181,-41.75799990937322,387.40069850595,-44.2161120602851,-28.686060751694704,120.43032337692331,-13.417877223970002,2.1127064489528107,0.0,-7.6332886600002094,5.683037173835283,0.0,5.285474343493586
10,137,-13.879966595475903,143.5651337870654,-14.17717138949811,-4.961965338298868,38.852646023781205,-1.165021249384587,0.9803778943751519,0.0,-4.760559477475027,2.3743052338584536,0.0,3.626994854982272
10,308,-1.365580966225505,12.040684894536371,1.9933943874505309,-7.13140900570378,120.18831621156913,-17.778252561198325,2.2449470009486605,0.0,-8.3372288448629,0.91653544893131,0.0,6.083271839793434
10,326,-31.246974976245454,210.8156011206428,-19.624718909929918,-21.115404717111005,134.54173238301127,-18.0312188438154,2.70483796897404,0.0,-9.302137239425587,3.8509259140768775,0.0,6.305307319715838
10,146,-25.824363880205958,227.16963768862456,-32.958477229800025,-12.600704775557729,63.47789853004984,-4.4901377514381435,1.429152345611898,0.0,-5.581499044351241,3.7375009988048924,0.0,4.212850142629732
10,304,-1.1047376180238604,-114.67912163615262,17.665239780727603,-13.44249165539485,141.84588845517757,-23.68415105229793,2.7285092632852175,0.0,-10.467065501286305,-0.7083931736106384,0.0,6.917764049991387
10,130,-8.629244954572266,106.61980782329356,-7.910363680023605,-0.8952694501401365,58.45002728340384,0.1713510056728563,1.202525528004172,0.0,-5.041367272982272,1.938816272341204,0.0,3.9263385263164023
10,334,-23.36984606269208,292.1157355266582,-20.943506688573954,-20.43163908158885,128.7734161252417,-6.302560179709506,2.5231266755089394,0.0,-9.193682305970823,4.72241364702817,0.0,6.138185087540825
10,362,-17.315174046053965,252.570345881372,-19.762495919688575,-9.787873191391125,101.66736772314275,-11.07970297803618,2.0906613309354727,0.0,-8.083993105572054,4.136153199762906,0.0,5.5902330095699115
10,189,28.57406945605821,-352.88067780822655,32.91888944878882,1.518337196629236,96.614333695214,-9.218349153512348,1.628024025441729,0.0,-6.674793737947107,-4.302653049072215,0.0,4.751344103217875
10,346,-28.425455850587287,433.73652194497606,-24.860127035079838,-17.299821729438936,146.24810022306332,0.3963835076104836,2.6510522034478536,0.0,-9.089612857889522,6.125564509039934,0.0,5.977464948366013
10,157,-27.219983524236508,347.33772794141333,-30.79140559671081,-17.943556744785344,94.7860865207691,-7.291710475079398,2.0001935056055062,0.0,-7.105716229809841,5.091226477765858,0.0,5.12480822296873
10,258,-31.53653986620812,383.45942859468454,-26.727347370887475,-17.618517122101842,116.5187460187623,-10.321044855894305,2.144007065162948,0.0,-7.357226074307662,5.628596612557782,0.0,5.335948190932328
10,267,-60.75843552036029,676.9127929609726,-50.435360676302324,-20.6269591772867,154.673075609635,5.615977422159205,2.0418133818949937,0.0,-7.074765961338019,9.193898758008618,0.0,4.978619703888938
10,080,-53.68479194956648,567.8190691358025,-38.672380286699834,-20.427391683750038,132.10251593758255,-2.5812231524831795,1.8044875569377048,0.0,-6.094484314189949,7.464029213753858,0.0,4.7550209831588885
10,286,24.392504303660665,-316.55408039163154,37.47803036145684,-2.5785623542944993,98.29013514359673,-16.65034224184401,1.8509639262757895,0.0,-8.402217985416243,-3.611464062446457,0.0,5.5522050465108705
10,178,-30.93623342024144,362.23080691807155,-30.161546137053584,-18.362056354224553,107.57420525324328,-7.687807403181521,2.0241242914487967,0.0,-6.838950288362794,5.4324156639376815,0.0,5.010563983474885
10,150,-32.27852748537785,300.3098379521474,-26.28565948975002,-21.981751488383452,115.03381528237435,-10.012046555602469,2.1835358252366235,0.0,-7.617229684567471,4.788564117817064,0.0,5.412249785431479
10,348,-56.59520545930652,662.2931354757833,-45.292977391306266,-19.40384358999725,142.46044497250145,-3.8923996099599405,1.8854812790193338,0.0,-7.059456684615941,8.607547071406895,0.0,4.941710923793933
10,256,-25.283742401169395,312.20942187727223,-22.909015494153966,-19.51219789399656,133.86553828643883,-9.461908462926946,2.6615209116333904,0.0,-9.113370987716904,4.957457467889883,0.0,6.232235263375841
10,114,-3.4380508940338537,-0.9849195587006464,-5.914139825475833,-3.736489210186462,67.22945533489344,2.9731997824536336,1.055442268992579,0.0,-4.640117777589685,0.3666887477582522,0.0,3.6807071314486426
10,365,-22.871665743523476,312.4574018773556,-14.888876968299193,-20.648862211217274,136.98557038106395,-9.973204553046763,2.5073771591912104,0.0,-8.45106006393761,5.034981730748781,0.0,6.10068081668955
10,118,1.160545803150559,-3.7703100859412757,-2.8930364640041413,-8.90677867424727,115.5064675768879,-8.26835031346703,1.9398427195779706,0.0,-6.4632891066099125,0.5739754290307497,0.0,4.949612550231404
10,239,-4.298938966543516,112.82313292586434,-9.82223415050558,-8.533789593338561,138.66936106450524,-20.16243214410777,2.6974915578800247,0.0,-9.88738805555319,2.448620039070574,0.0,6.778347243212037
10,051,-4.633496220353512,130.54948612022568,-17.14308892012322,-6.439764809433882,95.52302925689027,-6.897310106464573,1.9133887881587592,0.0,-6.526964820265264,2.42005203815376,0.0,4.848186038556448
10,245,-34.61824266229046,222.3768168771958,-11.799740485068224,-28.05691530671057,129.14396520309018,-16.625618765234208,2.5024799803440843,0.0,-8.762816258834336,3.953737851088319,0.0,6.116151713475655
10,097,20.46797776389239,-238.15312836412375,25.528053367196947,-4.588176587187675,108.72620020581199,-19.160248197697978,1.7174494237414715,0.0,-5.712262363467936,-2.8865594192926776,0.0,4.353563452707701
10,059,-26.654222349460895,200.0341572027846,-10.250081608468374,-17.99918188154938,106.1394684684659,-13.149831913034667,2.0248869542233723,0.0,-6.733837578236597,3.465077889342145,0.0,5.173168493822843
10,318,-15.040636505167498,142.81336981373232,-15.941446945952151,-15.626848253994105,139.27414006284036,-12.128061394433173,2.600132234976213,0.0,-8.670225242942571,2.9589357607063405,0.0,6.120918796615468
10,183,-21.931643976134207,258.8363843957701,-33.26536904195184,-8.46765520054663,51.88091079365763,3.4300696745177714,1.1247244605663558,0.0,-5.135345434032988,3.9360705983983033,0.0,3.939389181789189
10,195,19.647750500524413,-264.5127901939036,29.074149355550716,0.2881432733717131,104.76650095627262,-19.705544170461682,1.7704719515688927,0.0,-6.410172965557982,-3.205140336697336,0.0,4.706923457592325
10,280,19.195423009002468,-267.2895569620922,32.28391464312073,-3.730987066342413,109.49587480957612,-17.9823386671767,1.6964986105543365,0.0,-6.4078294152172415,-3.2284799071905037,0.0,4.714390178232122
10,025,8.115049853042587,-94.08009653038849,4.526396063860965,-6.152677630109466,101.78855644787234,-5.624944372518506,1.6143122710629547,0.0,-5.895444434860787,-1.037731298190712,0.0,4.408444291061296
10,276,29.231918616420497,-362.5985973160667,31.99509977518774,0.511022989762294,104.92608373211111,-15.244895174065727,1.7524320305331345,0.0,-6.394740124484208,-4.503134353261851,0.0,4.786585401807324
10,170,24.630123795037406,-234.66095793890878,11.861965801609132,6.011703264346954,51.94669353160286,-4.681687544881189,0.6698459048992049,0.0,-3.837788679860668,-2.958663577105994,0.0,3.1402506989100347
10,349,-50.03542491842477,694.111943571902,-25.48947507920744,-26.96363397091182,172.6103458032582,-10.16992069442367,2.2971384153013785,0.0,-7.4754324293235195,8.969438375863175,0.0,5.304795707732752
10,324,-32.23974782542001,223.61683429356944,-6.472201884918558,-25.338227055559596,132.8886009230231,-13.675332478381923,2.6776179530636313,0.0,-8.62713002664691,3.9012578108199776,0.0,6.2282850115722095
10,240,-20.305367692560495,112.44971574469507,4.31518080946537,-21.35992012843313,147.02298505220716,-26.81122168192414,2.8410040620930426,0.0,-9.86764078644071,2.531620698175328,0.0,6.716591177111101
10,274,22.080433835595674,-337.63698846671747,31.670084501896234,-4.631786297791736,107.59443234291685,-12.66964808508719,1.5974279592011373,0.0,-6.086475810385476,-4.217987571855098,0.0,4.54549358171139
10,084,20.790624266717142,-235.0919963415134,12.66588216975442,-1.3484330346936075,60.04895384423576,-13.269014471068617,0.7135396241462536,0.0,-3.8865891504109054,-3.0768345252608515,0.0,3.2040344767609183
10,091,10.43056903394037,-132.92579532050715,10.047129371667332,3.9710757710373112,54.907216806125916,-0.46935881980352423,0.7410626108800379,0.0,-3.722843967883237,-1.7222875436094147,0.0,3.0590494165633233
10,057,-14.009792914611516,180.21270460030993,-21.417672645195474,-7.026545674827247,75.59170074636651,-3.8968037683930663,1.6418195341145316,0.0,-5.95104962598994,3.069022277399232,0.0,4.567093987892472
10,069,-17.178757222999224,317.4697370525859,-29.887742914406395,-11.564330726466837,82.89229522638871,-6.852644016043445,1.7354641943447022,0.0,-5.648415198873004,4.6253795772787285,0.0,4.555121215497558
10,133,-7.035618455659635,136.25447278319174,-8.267206761220955,-8.114039006812778,112.81770651586815,-6.725056366859506,2.1045400782273633,0.0,-6.809720480733291,2.5929879700808653,0.0,5.196211126521278
10,072,-32.28046576504337,358.8227323354615,-25.239134053537608,-14.308344191547535,94.18425574099898,-4.919726302801134,1.869360728675212,0.0,-6.887057699740173,5.558736342426224,0.0,4.968390661246316
10,139,-15.37017729623688,190.30349128872822,-20.82699984954026,-10.23206718398705,85.68578028557917,-3.346701881285706,1.6370610622670583,0.0,-5.885950376214359,3.2670205906132597,0.0,4.532083763537061
10,332,-27.298564318916526,304.52205054941925,-24.799321895891175,-18.09090201552773,124.58886015620672,-1.0650590515193148,2.3427973507123623,0.0,-8.56414655693711,4.88955158140189,0.0,5.8227831929156775
10,172,15.747864470703389,-273.96262733783954,17.217555608618536,7.585564911050611,85.97168641858275,-11.399285895483247,1.2105673346335855,0.0,-4.270638840399802,-3.3517075226594284,0.0,3.5252855152662037
10,271,-60.1786839939813,732.5660037020008,-79.06677804352864,-32.500800364331056,174.5191406295266,-10.264001017545937,2.1239636226631804,0.0,-7.628396115678636,9.289903307196536,0.0,5.433249916749391
10,052,-15.892905009663187,139.8822389362444,-12.132085581253758,-13.491257646589581,111.12531420358529,-11.17710544630673,2.1562367651577756,0.0,-7.265305731225376,2.704018348654145,0.0,5.1675212731043745
10,042,-8.132285396326692,53.38327197980496,-7.357069917275993,-6.791680420138506,88.6060773408245,-0.202292393104467,1.662357695329233,0.0,-5.911637226774618,1.184787196029729,0.0,4.489292707736173
10,194,25.989660656767263,-417.73036673178626,56.52747751671117,4.576966813571036,92.52255951098405,-17.42157256270397,1.883542252511502,0.0,-7.841277686909491,-5.031738019081119,0.0,5.498326411360466
10,300,6.3140058827242385,-85.20557533311708,16.249240533131008,-7.0391641148609025,132.51363627186808,-17.69219601731245,2.4570659896057316,0.0,-8.936506904882096,-0.3670299430584407,0.0,6.143551323099766
10,060,-14.760530269074685,198.34104127789558,-14.558783857890372,-10.99823668168296,111.64114277394026,-10.897175529162118,2.2410733651999863,0.0,-7.472371385748462,3.441690174312609,0.0,5.43842472289446
10,359,-22.971287495543173,298.33659686701793,-23.525643284401966,-16.98747071035186,125.39645684245359,-5.243427892157834,2.401328788007639,0.0,-7.803131955618666,4.744170888383905,0.0,5.64636190500931
10,079,-63.055140459920764,546.3454354569586,-46.999477103252275,-28.366192231349217,169.65396670210066,-8.96667456931603,1.8067429768754986,0.0,-5.9186382361969105,6.236617003504775,0.0,4.753987480557883
10,174,-20.60919388176831,217.3065885663435,-19.043325779782535,-7.059562057531103,26.52325831608901,3.1715963971165984,0.7480985211128086,0.0,-4.3795516454847805,3.373955654930663,0.0,3.3952302017435443
10,328,4.652484718318762,199.57427882547285,-19.719425297151584,-0.44666895682699304,141.7024486732245,-11.530304830642589,2.7137335026589504,0.0,-9.458541536776268,3.555587946580216,0.0,6.55550203204009
10,066,-21.031497793845446,300.0732993809916,-12.193440194649918,-16.62211257414344,119.41834338048811,-5.85021898326092,2.248893459692834,0.0,-6.644822350645675,4.645572492976233,0.0,5.263061030482364
10,210,16.189058226465765,-228.20016778666997,40.33613633835832,-6.678752627424257,97.37607771908549,-24.30374955347685,1.901625428647576,0.0,-9.220977191709189,-2.587348234337641,0.0,5.9224356033192755
10,191,25.905220495610568,-370.4141836523035,27.540890702153128,2.8749220032927045,92.51218368798611,-15.423853027920698,1.6728242914016915,0.0,-7.037632514494182,-4.393564642670025,0.0,5.04432860530973
10,292,18.33095851616698,-217.26769642189802,36.42976086169296,-1.6825689023628794,107.50883600548597,-20.768918754277195,2.2522886564057925,0.0,-10.117951464914897,-2.2642807584875393,0.0,6.146865970865781
10,285,23.82204909930811,-321.75306410781724,43.57162503202481,0.7593005784272555,80.49701062432558,-19.980463890133798,1.675158816491663,0.0,-7.8434992909155685,-3.784774103777265,0.0,5.343002471641247
10,076,-35.47119172845207,377.7997910497682,-28.884294422595396,-9.812971634681995,25.334445361606697,-0.10529052489097279,0.5805484968693921,0.0,-4.494431144073412,5.308987061071719,0.0,3.391366583613337
10,237,-4.363219542158066,114.72052383979876,-5.887975982076426,-7.74056784853982,135.83523321858047,-16.377142277295686,2.5400249629129554,0.0,-9.024784026904078,2.4170764148728177,0.0,6.377529136494743
10,176,-25.433306768310203,296.59516614057213,-29.280467281038696,-9.430102642569087,74.08416170400044,2.696938497241508,1.5753658632274306,0.0,-5.6709840801891716,4.445052917551768,0.0,4.401889882597047
10,302,-11.810384653709047,-97.22894628552906,21.753743281325754,-23.86655686397117,138.61077216933523,-17.592183639039586,2.851910674429364,0.0,-10.229897493733791,-0.4701355671209303,0.0,6.639765221211911
10,013,12.961913084330886,-196.79006255675688,17.199682689393505,-4.56921011979494,107.72948589027703,-11.71047514355542,1.5941355066626768,0.0,-5.229164400934792,-2.4943682471176007,0.0,4.039572426148152
10,044,-7.402815764613491,58.030423893985045,-1.5625830290730414,-12.842252275938389,114.33147904195077,-12.112454408672697,2.1051512620216735,0.0,-7.156962134223148,1.3595709841647357,0.0,5.399770160588566
10,027,15.036554805077131,-142.05727635487418,16.995727086540946,-5.410692902077898,98.7618517767056,-15.90659548072818,1.5321055386702715,0.0,-6.8244171486169805,-1.5864984144413063,0.0,4.9047730218563865
10,058,-10.6244699143548,203.81355852169622,-18.02685963079244,-9.011830962012981,95.46064793814591,-7.671580844648594,1.984979300577546,0.0,-6.690804778044439,3.507765648102345,0.0,4.973309191843179
10,187,22.82878544142955,-330.3533025022348,34.07389198936329,0.14165560691475787,82.91349250899167,-12.293452572737609,1.671702102992427,0.0,-5.951735986651476,-3.765677696048137,0.0,4.47466993208588
10,018,21.55708941888639,-242.2896250342758,28.576904170023898,0.13058989844936786,118.30305151364568,-22.474788261755183,1.8396861061933014,0.0,-6.210995432060926,-2.9667499210818264,0.0,4.527620362495304
10,283,28.380920666883814,-302.43411588921055,31.800383466099795,-3.7575518602332116,92.30413929006559,-18.201584680621764,1.8308875465573085,0.0,-8.000193878008297,-3.5970302323985788,0.0,5.352872862557756
10,232,22.574198266834742,-104.49367090069019,11.54779743688305,0.4454594836143073,127.33652936760603,-30.503350514915336,2.401944156279045,0.0,-10.70139242012703,-0.4674923089864508,0.0,6.851363820670612
10,171,21.88488836804232,-243.87237690199822,13.951813621928531,8.830281554556718,52.282228492043245,-3.6949323944599706,0.8927104254807161,0.0,-4.26570185337704,-2.9158766175120716,0.0,3.427347677919837
10,041,-2.9206862427920495,40.25207334174909,-7.14855380298188,-5.804369779822103,72.9082442886928,-3.1363622671084133,1.3005475667415392,0.0,-5.1143943670030385,0.9815526563499739,0.0,4.019095460006174
10,353,-92.96870510207891,776.8921466615866,-77.72357273462492,-40.46982405552426,215.998679379253,-15.486702372997065,2.360636085119501,0.0,-7.896909304257772,9.964686001228403,0.0,5.676618201084337
10,006,20.08244364304693,-307.47230354996697,29.020667415107553,1.7984023904792572,97.12943226875862,-15.860277979116667,1.3981272190767373,0.0,-5.410709764409018,-3.8810684998113776,0.0,4.128141864552653
10,067,-30.153047453938463,292.9066164881703,-20.309754385644972,-18.973447706268235,116.72877060867947,-0.9557345921879681,2.3153316230216197,0.0,-7.25639571691917,4.7113272972155436,0.0,5.268224479961013
10,126,-3.0888542600209683,60.31476130102737,-7.1167118734685895,1.1879003757852553,113.61951113614286,-18.624858975784417,2.1641401873163675,0.0,-7.431528277646117,1.3545563624981507,0.0,5.384850304354436
10,235,-3.5806071315934003,112.7056701242143,-21.439850127739444,-6.9070144002292615,124.89628110047094,-15.142094945078076,2.485519845142231,0.0,-8.499939641632706,2.372974657855951,0.0,5.907271407557891
10,009,10.172726638030143,-150.88527323193588,10.204108048108276,-4.509728592372691,69.1311314173208,-6.380225218455808,0.9065968022843227,0.0,-4.062406522195782,-1.9350147793524908,0.0,3.3405249874593905
10,321,-30.9473147666226,232.02076223828695,-13.262609080260901,-12.227478190064364,130.20516744748082,6.821418346019325,2.5307368271389157,0.0,-8.44277513078604,4.010852547068719,0.0,5.906215374138008
10,192,31.637932679305365,-380.59801650271487,52.15121741409025,0.9445167436196424,87.06763101578863,-12.374244672916491,1.7481425785317974,0.0,-7.516480008160306,-4.654137975638169,0.0,5.219177083459114
10,108,9.569765797594183,-134.3547845377489,14.522277433582996,-4.351474312742996,109.33445863396715,-13.328434765736095,1.6407295737356655,0.0,-7.1827737302972965,-1.3506465802121264,0.0,4.974517430196018
10,046,-0.827845307482378,31.67629136835264,-0.3232807614825013,-8.411234261737688,110.25410032297313,-19.587457819865108,2.0602475563272504,0.0,-8.104722123799316,1.0759090268634925,0.0,5.866122703173755
10,161,-35.01989771671533,328.9991963086166,-35.54602878218726,-7.35048225920002,-13.046687136685295,-0.3178618873837874,0.022475587756610405,0.0,-4.039316739970434,4.628038700374911,0.0,2.604909030359069
10,356,20.737538339888555,-340.7136092512597,32.16989243219031,-1.525936917757281,110.61863981247785,-14.899113300672735,1.770701975145124,0.0,-6.485339333241506,-4.310849560845927,0.0,4.669338799675374
10,153,-25.01169397083884,222.12556266875063,-30.550307724908254,-7.116356772907227,23.714761042883442,0.21888820236838757,0.7344234402860309,0.0,-4.590421521291492,3.4638748013615164,0.0,3.5646530622845387
10,269,-70.90630519220927,702.0415354199911,-73.39389820210005,-30.774487424190056,164.1950561696761,-7.073743794063885,2.036590759427157,0.0,-7.246146713783179,9.379039696169908,0.0,5.1090137674407705
10,284,39.32646988056722,-320.8451341183187,37.21611239915713,-5.192538180359093,92.20744328764276,-11.442961650039308,1.8572453350829203,0.0,-7.62338471860099,-3.8256710227392365,0.0,5.334171616383617
10,010,13.776481197674634,-157.3806923830077,15.377613652421772,3.5668159893702494,80.57975721553703,-7.346525355257007,1.146838212239606,0.0,-4.445882277413209,-2.011648671284852,0.0,3.5260541214992336
10,254,-20.660191178028114,285.2741092004229,-34.67827599220769,-13.261675736967485,120.38671220475536,-1.4988626438899368,2.3641244855360073,0.0,-8.358737035288971,4.661487058871206,0.0,5.82330683158117
10,236,-9.210729809260263,113.34914852592328,-7.31677063042131,-16.1134695710632,132.67960954585143,-21.926720944535546,2.554634292833957,0.0,-9.206768950777754,2.4174003071872563,0.0,6.090170389038823
10,165,-42.41098646457907,548.1018417536922,-41.032592676870024,-23.402206191422266,153.90752478378397,-3.0626188445256597,1.8212484516428304,0.0,-5.896254107986144,6.624267807675376,0.0,4.612428073030479
10,089,23.568579508793018,-301.0829111041143,25.46301455601404,1.1887623239433966,75.8747638771807,-12.756834713470873,1.3910869140103481,0.0,-5.142050327083344,-3.5482731636635676,0.0,4.03246996466083
10,270,-59.10348045276406,777.1839550962367,-44.120615241801055,-22.967922921243964,211.65221768395418,2.7749078626568204,2.460029246922478,0.0,-7.633812345085529,10.119594234316153,0.0,5.520259589708374
10,094,10.935941012422985,-183.76597370550869,13.79868479085273,-4.521429804575812,90.36192297026398,-11.615526488200006,1.3446083800164397,0.0,-4.668058566388337,-2.143604566893524,0.0,3.8121193110389724
10,104,5.384635534284619,-67.52742217517184,4.89741046001931,-7.085377652107244,96.31840065055216,-5.249838250730365,1.5503327499077206,0.0,-5.351252968020958,-0.6736701568424915,0.0,4.174103116273958
10,055,-16.282009773307074,144.51509282518091,-19.37100977184527,-7.002637947643544,40.3734338163284,-1.2177555235012754,0.9293429997201706,0.0,-4.866712863337045,2.4481014848309965,0.0,3.6066312671033467
10,026,10.338338168743805,-122.11035881449226,12.861949017636984,-4.9907355207501585,99.69919064567499,-16.32369730006332,1.5817729509830685,0.0,-6.323095718765558,-1.4644069360744072,0.0,4.62770051070067
10,144,-21.456309455904407,233.27343920800487,-20.555107800013722,-17.923152599959664,128.3994039425355,-13.6653828670501,2.5251642719273018,0.0,-8.35290637270063,4.028967777711704,0.0,5.795053933123357
10,015,18.342521604843743,-200.7205999674089,20.07957402144769,-3.547011162819189,119.74437955065747,-16.673961825501873,1.7860594856152552,0.0,-5.7694104172129475,-2.515995303804015,0.0,4.4115558983341145
10,309,-0.5544799049793941,7.762038370203662,3.0949700097744435,-8.88712273496876,117.29075550284583,-16.40313206522365,2.1688234194092635,0.0,-8.535828810090853,0.8513199780239034,0.0,6.027871041679869
10,065,-31.69663973535695,268.04181865259613,-16.01442907231825,-18.887956895846738,89.88817056183089,-1.8756018243006247,1.9032868420646567,0.0,-6.302859548589821,4.275158505275801,0.0,4.67354373431847
10,325,-30.84407115410766,249.30264990417479,-26.94940943111429,-17.312007127363007,153.1206001306964,-0.5406489340742686,2.783820285081948,0.0,-9.776230258347793,4.371469112005204,0.0,6.407051864392751
10,227,5.097154953520849,19.004249008361185,-13.064128379729627,-6.548138347765704,123.57375967437548,-15.907817094921807,2.361957497835454,0.0,-8.88087432879423,1.1237473460328848,0.0,6.239009093140651
10,367,-28.439811825692672,302.0380029325272,-27.85695806546326,-18.894454219635907,119.09103262119638,1.3708259327889762,2.257327476287575,0.0,-7.8962406140074695,4.699661644829279,0.0,5.879903325573764
10,288,13.500390229550554,-151.98802957120049,15.199103307676092,-3.350205899522958,115.44945974296537,-16.256393915690886,1.8508905978847783,0.0,-7.648056574846004,-1.5528197255867826,0.0,5.446595543731147
10,347,-51.491232772966185,640.410515499947,-53.658717990011354,5.032857851223964,136.23155418614573,2.444530045333765,1.89886231269262,0.0,-6.797937807281727,8.664576372559392,0.0,4.948721450893331
10,098,21.41185439655896,-252.0096450840636,25.51186249627012,1.5244787343574009,96.43426286259425,-16.375809493489964,1.800406406596693,0.0,-6.154069897373884,-2.8645077058612665,0.0,4.459183608635319
10,219,7.102208302788899,-80.08491924025715,8.119491512089454,-9.145367591977442,138.43978247311242,-21.869781207825607,2.546431350995433,0.0,-9.341013775441725,-0.19314048340935352,0.0,6.435267698697965
10,086,22.356463580657167,-244.6568396805487,19.545887882918514,-2.1566243100411726,59.05196829471347,-12.632781200645901,0.8963293954186883,0.0,-4.218725413242407,-3.172755595213988,0.0,3.3919954086261876
10,070,-22.10359259784089,319.527581025798,-33.24207955099375,-9.741579468517813,70.95803070846158,-10.162788981355979,1.4903802356685811,0.0,-6.289755470975139,4.837127904386661,0.0,4.609884643218452
10,001,18.795321373302087,-213.71948815360173,15.201351262423163,4.836657719768822,41.66825571599066,-6.4652351231473375,0.38554477636875695,0.0,-3.6182813570964387,-2.8958352462342605,0.0,2.9380737740658023
10,160,-45.5452238721313,364.4561793402612,-34.66364418940216,-25.179659138143347,114.40601883254445,-8.178616466830032,2.0108584817686617,0.0,-7.341524426325811,5.370501807971502,0.0,5.263451948558461
10,061,-21.01266675624567,204.0048802449331,-12.063937721471856,-16.58363196703811,116.23195114810532,-10.111647043265146,2.2567851811651587,0.0,-7.409021504449714,3.5762291929856764,0.0,5.453826277737383
10,004,23.095610637849262,-265.3486021570106,23.521019052624816,1.0460907485020554,85.64737158564208,-12.947839153234897,1.1293021563611372,0.0,-4.559362734448462,-3.270655449058368,0.0,3.6550654754573757
10,338,-28.023977672095196,397.57160342463135,-47.56298975629426,-11.937694257626951,132.56432374537314,-9.05725868985974,2.2818168576704156,0.0,-7.941956641263449,5.767738162274814,0.0,5.706105657233463
10,186,-39.59208303539744,357.3009215038561,-27.454401857547236,-21.297550194565613,100.17256910765535,-3.9884447237543568,2.0256778627407392,0.0,-6.872441578009385,5.438866520448924,0.0,5.048886005198358
10,138,-19.542058636302052,169.8078053647317,-13.531934965773356,-14.276942101958292,64.623442455686,2.141412614674241,1.4123068742292109,0.0,-5.320238049808802,2.9133836745453845,0.0,4.148518832800909
10,116,1.0592291268297869,13.13853762878025,-5.91766733457528,0.8551700876676589,83.96235423632423,2.160523091203351,1.4273212202058667,0.0,-5.339356418505159,0.6064880691371384,0.0,4.1700053190823185
10,313,-0.027996135960392632,-53.85031864498766,15.077103456334386,-12.270997828649417,130.28659320687697,-28.07555899167843,2.488458775252007,0.0,-10.061612876661634,0.050097720211476515,0.0,6.954806696591888
10,282,21.048645354725792,-314.54588306883704,41.862280982655044,0.6356926534755583,95.0483394113108,-18.73042606779335,1.758780229770025,0.0,-7.230970493034224,-3.791300905010952,0.0,5.320933721146048
10,243,-18.265816233524355,208.67811943084646,-11.549503887406694,-14.893538759595002,121.60174773004745,-13.038263830394634,2.2961117471674557,0.0,-8.490326800785388,3.688206465779688,0.0,5.811845511154332
10,330,-23.79766917415203,290.8453475763173,-12.703538982459461,-19.120266958797572,115.74586791354113,-13.974064996476347,2.3481406482154688,0.0,-8.053130149076496,4.782891281480638,0.0,5.598378422933944
10,064,-25.347472150838687,229.27562810933622,-24.71122628711906,-6.7708192088635855,61.61136380075422,-0.5257081958288439,1.4125533953186435,0.0,-5.559562049847239,3.670374483802799,0.0,4.242336294977594
10,159,-28.260479323518656,382.59092237353576,-34.26360708081874,-16.415625974937033,103.78580404051186,-0.9825880474350361,1.9824013567486385,0.0,-7.726536035550633,5.700499075454047,0.0,5.262187069466206
10,132,-8.59614510754973,129.34595359866503,-9.122773568185057,-8.568490416944055,94.88191119146593,-3.3408683048703915,1.8792787396758421,0.0,-6.334989029519249,2.3758866473542772,0.0,4.86340018839721
10,007,26.27546266236575,-325.6044641651459,32.952341311186196,0.02970698617566425,91.63088775270111,-12.787902744051193,1.3029047139769538,0.0,-5.796518652551906,-4.155887187774363,0.0,4.416114990494033
10,263,-29.62622854136606,406.0272244417147,-36.89284622089386,-12.626653437436254,126.73265679274105,-0.5667489089523559,2.324871691873968,0.0,-7.921787377565814,6.080104109880831,0.0,5.602568335843815
10,011,12.380617618225184,-180.54934793783187,11.749865435314952,-0.4815847914080231,98.11010132126928,-8.048057746956875,1.4067723133650698,0.0,-4.695358413287596,-2.1669151957456396,0.0,3.8177656668997466
10,045,-2.5824145912905356,34.56125037575017,-1.1119533889327868,-9.022005206065986,115.89331045517447,-20.643490773948766,2.1975913963478404,0.0,-7.695470155181618,1.0075564535052657,0.0,5.675350672619018
10,281,18.250232111700115,-296.3707137236286,35.859437124797026,-1.8170951241879325,103.26570975682895,-20.37716483422663,1.8565762629372287,0.0,-6.843722401580531,-3.4474323787495376,0.0,4.908308523999375
20,037,18.21553016159411,-241.29317344163354,28.435478020771583,-3.3391709514052774,154.74695418919833,-16.700964628246744,2.731102066769147,0.0,-5.498011607049829,-2.6147284216635276,0.0,4.036579101564733
20,053,4.83254237766004,-77.66778043793782,4.232479307230161,-14.715889733305994,147.7156507348367,-3.8510016803402003,2.3737670618299798,0.0,-4.836533322267615,-0.43999060619946806,0.0,3.820937260224035
20,251,7.179771653463014,-104.56493791507592,8.622504275622894,-5.618317646364035,153.74497312732814,-16.83885769217386,2.478923308166633,0.0,-5.370884563186334,-0.7518500805022488,0.0,4.056490640648627
20,141,-6.153459913059201,414.31871652729404,-24.226780856378856,-11.162316126144619,201.8373964101043,1.4468309413369416,3.8932763285715657,0.0,-7.293803112658328,6.634304199464388,0.0,5.484914949883839
20,154,-14.911639406632027,262.97960280023375,-39.58998292368277,-14.973458448377084,96.54575492749292,0.2693687281878576,2.0088038921708513,0.0,-4.810931359872756,4.27800737997307,0.0,3.774132353707281
20,003,13.814519914400902,-330.67774344236364,27.308124960410478,13.618012786043701,144.6792890708404,-19.54719396731297,2.7400086606210827,0.0,-5.782421166849748,-3.6929401594548437,0.0,4.240153933701404
20,151,-23.681622710808135,399.86349020528024,-19.260442337057874,-22.623732911828856,190.95279261773555,-9.112319606283116,3.6748634777692804,0.0,-7.385269591446575,6.422127197187023,0.0,5.42540109792841
20,152,-10.393287490015865,223.422608663394,-31.174102562672754,-5.2196672997132945,68.47252897819527,6.330726079414274,1.4459085469687607,0.0,-4.302537004588181,3.726709403460157,0.0,3.2149859257771034
20,031,11.155632230464017,-186.38818261854902,16.94435271729418,-1.0176749690984015,125.41386046333858,-12.487681718908659,2.0772739862318477,0.0,-4.445314132335097,-2.0201256667055665,0.0,3.4881764884412325
20,248,-6.658282521639791,-59.701632952481454,13.307937179915312,-19.356154709269518,199.06465406171185,-23.787425627666998,3.9879882841255236,0.0,-9.01590668823699,0.38806218067488985,0.0,6.376908865829765
20,249,4.9141282811373665,-79.98336382225614,2.3565913523764923,-7.704868494949889,143.49845056979387,-4.938093044914778,2.3556833882283987,0.0,-4.766453961469904,-0.5221128911333542,0.0,3.8896012794682617
20,221,10.91421920472933,-191.04008192377665,14.440212327882143,-4.997978031184681,124.01061343158527,-11.877369556889663,2.038335479277782,0.0,-4.32732169013141,-2.0339295178948733,0.0,3.445792393692867
20,262,-3.3455047763958783,96.08978543791775,-5.926557075037067,-12.755415709846098,203.90894306142167,-16.346062824333114,4.120941619944224,0.0,-8.750468000377118,2.435743297687321,0.0,5.924324163350667
20,341,-47.32174908202182,734.6392579218,-70.01455151288084,-20.463339222187955,215.58340142659668,3.9967225360760903,3.1530016047732006,0.0,-6.900980902824097,10.076589458788813,0.0,4.870598905259045
20,205,12.699067828580166,-333.07640604786525,31.533685808546405,-1.5827607230777634,136.57798061120135,-22.817302164158367,3.2339537560685288,0.0,-7.842641928431478,-3.53817600568098,0.0,5.090023788934407
20,264,-3.712913061113275,109.95484760403168,-3.414714965626727,-18.55422539026313,216.2527134461895,-4.538404630310058,4.176893781502612,0.0,-8.691354600512586,2.8125316320489153,0.0,6.07365214754095
20,107,-20.65032317731541,236.2456113634134,-16.727775744544523,-27.278380108052467,198.71845386062768,-6.741671534955712,3.8858202505078516,0.0,-7.914104710862525,4.485444580412411,0.0,5.528873591470559
20,083,-10.24822050207045,-40.113082434636134,13.201629997011347,-16.675045101337318,211.74089362997844,-26.431694379754735,4.04001556454025,0.0,-9.133014315773684,0.7790312642241128,0.0,6.272818804108829
20,223,9.504678583703866,-209.70687890349166,15.344694511854208,-3.0672083355922446,135.47470711895866,-16.826033317474906,2.432701438105296,0.0,-4.634660588425055,-2.169621089755352,0.0,3.7209315767299804
20,127,-2.7423681508354543,311.5234130562461,-24.588437628473763,-12.2755520963817,200.93628682099813,-5.9615125582554045,3.6999143071737652,0.0,-7.774318455305845,5.5329467845962075,0.0,5.396360635063033
20,100,0.6218079573029638,26.11950025385899,-0.69319344835047,-10.142388014075848,178.5297273876276,-20.182908464500926,3.4810785722803157,0.0,-7.426197197830422,1.2823177115694437,0.0,5.182069054154514
20,014,9.30604046320095,-302.77218052532845,20.387079022634328,2.392021462910404,118.68760321047675,-10.52028586662821,2.4373952009070194,0.0,-4.961034486154887,-3.147568091429581,0.0,3.763819564026155
20,134,-23.345494286550988,202.76665732917522,-20.001399184532566,-26.86396161780584,180.18573936189782,0.7441883213090552,3.4457616793402357,0.0,-7.256091113743299,3.926587759267254,0.0,5.201900668634946
20,002,15.581595603758782,-213.94642021027383,16.31120043567912,8.327034487355451,82.57471555686814,-4.481780085805139,1.1558456333646026,0.0,-3.623006905400957,-2.697667785680056,0.0,2.824074184431981
20,099,-6.35789101247338,120.00329284349078,-5.566746483914995,-13.154422102362805,221.46450136886477,-11.903770146113716,4.172530811332184,0.0,-8.761633020596594,2.969927723343901,0.0,6.138192735011757
20,063,-0.13548696593643372,-80.28376370274911,9.094953646414197,-12.003251721839447,208.750086790014,-22.517146581973297,3.912004070900432,0.0,-8.418581091253548,0.11359843803048197,0.0,5.809781669952045
20,229,10.085229121484968,-218.17333525171242,16.256376771775106,-2.049628681006807,145.3512120711311,-9.960073032379738,2.494031797054585,0.0,-4.958699255344466,-2.234277804554605,0.0,3.8586558348478084
20,024,11.539112777103092,-160.01999026852644,12.216930958514602,0.5694751127431699,97.84386642744883,-4.502697478848281,1.4662074249380292,0.0,-3.794046515765454,-1.8690056218229902,0.0,3.0930041501654517
20,136,-6.088723472340081,205.9155799891945,-24.49521344633815,-8.385482452009581,81.0525670998042,-1.3476533209108474,1.8046291606631115,0.0,-4.533669637619222,3.3878736783440453,0.0,3.5210109253577433
20,290,-20.28732952691365,293.31276366202195,-20.751032189573458,-13.709447199468151,187.8335655857105,-8.432855893176962,3.634588657814208,0.0,-7.350036043478539,5.150385557656454,0.0,5.1611280318785075
20,289,-9.857388206463812,92.66999444471115,-12.484997659634821,-10.720314685554657,79.98687693330626,3.405414998983328,1.5606596319288801,0.0,-4.32828900308918,1.7904085008588104,0.0,3.356665077930297
20,081,4.285970067235398,-8.648410851597452,10.075729163648395,-9.324434692771153,204.64668849705367,-19.518599741579457,4.206636647925355,0.0,-9.499981367426512,1.0491597326426916,0.0,6.232155927452958
20,190,11.415373235126168,-215.52137176958308,16.63806028354867,3.5906277135100066,60.06612185041842,-9.000160281696552,1.0350076893556324,0.0,-3.4506164211876187,-2.2183161435070575,0.0,4.467268851554673
20,117,-27.61467887358565,248.2291269232211,-14.834217871741863,-27.58281095854171,230.19533157020103,-15.918685356608362,4.704591423113759,0.0,-9.11229587641534,4.791198055303538,0.0,6.136898795899207
20,323,-6.283868714895409,243.3175310119365,-27.273130757454176,-7.768031178291893,119.80780768553477,-1.8030934598899377,2.3938337240740877,0.0,-5.1859092399850955,4.101696648163664,0.0,3.927765971513061
20,314,-26.673141316715757,413.123118697251,-34.40795671866219,-17.5094560703986,196.1182754165647,-0.6277766019020934,3.7053091951535326,0.0,-7.421010989909685,6.585177991524092,0.0,5.354149121226866
20,169,-14.327981429724321,756.9413005653144,-55.28977868924322,-16.03890333601239,233.69611680325772,1.9908295528681075,3.2141974414981305,0.0,-7.1102638051630205,10.35119509305718,0.0,4.899130773680618
20,196,9.955197244296254,-236.2523563340506,23.983597024864984,-1.4429473789689522,50.22464986411227,-2.695293500383527,1.3713619418210803,0.0,-3.5802147429735522,-2.4158497748772723,0.0,2.9581044454455037
20,129,-25.26767521377971,304.8293199742749,-27.275968858757338,-19.247967193261665,201.89141246043346,-2.9782704565683984,4.050103676770626,0.0,-8.232541917883951,5.487453253794985,0.0,5.397870316418086
20,156,-14.926838642420543,303.53594354057566,-28.19927154243652,-13.441775079166556,125.56744672583118,-1.7868991297312204,2.4753475796042723,0.0,-5.347640258164646,4.806863486514627,0.0,4.199805002410416
20,305,-6.3083293137127505,139.1118641504306,-18.084758772645614,-7.867235196992089,79.04122289442428,4.627522669405388,1.631266086416052,0.0,-4.4456187488750665,2.4161947117424005,0.0,3.4865872601069987
20,155,-23.224839829185623,424.1655427915084,-21.343806068115562,-15.619695626805806,201.48105548552925,1.735555897309661,3.9517860841478343,0.0,-7.632153570709349,6.856231463199074,0.0,5.528196126460379
20,327,-41.16463892291694,643.3671219691356,-49.04340691848613,-25.644965605543696,199.03553108975507,4.664207775359112,2.9797260153575085,0.0,-6.792850636581756,9.002022395448998,0.0,4.462209181243445
20,120,-8.341944119126847,145.96157611830773,-18.212024293177883,-9.173955875880438,83.53672629650474,2.511146456937669,1.684409547819135,0.0,-4.382197365794888,2.6942787265648795,0.0,3.36249194717434
20,125,-14.364157332468434,302.7089980725238,-13.758796004806204,-14.940021615374668,185.24331581836952,-6.924184747697765,3.778857043371601,0.0,-7.602261667924232,5.148495520484456,0.0,5.286938385723129
20,093,-7.116290481349569,106.14550621612986,-4.15687624199324,-9.959593983237934,194.23724983894684,-20.915838942938034,3.849548479190405,0.0,-7.885298646086646,2.5933558698850936,0.0,5.546710410884947
20,260,-2.3912584794666834,103.35053028141957,-10.840271393753925,-12.171882897683181,201.84098608444992,-14.799588083731553,4.051952268877388,0.0,-8.782053155524979,2.6022917767661986,0.0,5.7076358784171415
20,122,-6.553112878705369,151.17860515723254,-15.281508666885227,-9.41868765001151,99.00936437659651,4.732361699190568,2.011279701442587,0.0,-4.833241447379783,2.741096112407056,0.0,3.77937906187051
20,078,2.2995865318671482,7.57879363285043,-7.097169219991676,-2.261311966053473,148.19965252254383,-0.2657853185968628,2.6335621224464636,0.0,-5.353741902335878,0.7737189638805133,0.0,4.1375374215242235
20,252,1.0135542751425222,-81.65204583138217,10.85546284192887,-9.17350885457017,227.2750646018156,-23.981878053258804,4.495831484453658,0.0,-10.131294014490095,0.3845279544489686,0.0,6.615467059017436
20,177,12.78268273524062,-364.0871862008016,34.073947227672704,5.012278101310681,142.53622438942537,-16.71808904890787,2.779235389931396,0.0,-6.022211152880289,-3.9564897526337175,0.0,4.51776672309478
20,268,-6.641871773390657,91.57810276713568,-7.058232726914299,-18.36421017371477,214.28627120979016,-10.238685424155438,4.183730879480422,0.0,-8.940287066698737,2.464913457549585,0.0,6.176874474685388
20,303,-6.508311303677163,119.05538494181401,-18.838791169905154,-25.112589846953455,191.1292852403368,-5.985502623687992,3.535091739799155,0.0,-7.289599374842114,2.7084517539301647,0.0,5.387851032200482
20,162,-24.351422636165672,361.18528067459744,-43.882682597352044,-18.556134109803786,160.7891648679306,-1.614002324711226,3.1141442428379476,0.0,-6.634802872025288,5.867353479119685,0.0,4.656266066991473
20,215,-9.037740105516848,-191.5473999399548,23.150585819912546,-9.444573166617145,180.8701757071841,-27.99162504591571,3.4218471767460845,0.0,-8.177119044676566,-1.6786633926023045,0.0,5.665504220474733
20,217,12.318618215978935,-172.35145744773263,14.914350510003175,-1.5264030310352348,105.69683431865391,-5.176983073795425,1.730117248940582,0.0,-4.014375724018823,-2.064706891591357,0.0,3.2071695533323545
20,008,17.18509652585279,-269.71048387283076,23.778576575249016,-2.167191647924119,81.40178180409667,-11.73393450012132,1.9742079619029957,0.0,-4.292288717763763,-2.763361356770251,0.0,3.382916937287435
20,198,9.8754198629479,-246.0904139670382,20.85059688842624,-2.3456902244718054,65.94291175693819,-12.78998659570288,1.5717478642261287,0.0,-4.079893670765103,-2.6532051700147443,0.0,3.2258942805690487
20,030,16.741839495710323,-333.7844199906497,40.139675867130435,-3.5571922341842814,163.15974922721412,-24.09268209267458,2.967498255324588,0.0,-7.390877817579234,-3.6884251023756507,0.0,5.035873451961285
20,062,3.229092652366021,-78.84934427473586,6.758771683977425,-8.04222429579777,201.4836616380212,-17.580773506835474,3.7328890029738147,0.0,-7.582622037516543,-0.071758240383484,0.0,5.553028169571492
20,244,2.520001752977462,-73.44208072159209,0.0797398596214034,-8.264842565832291,128.44626128595945,-3.332233815937174,2.0693532318528067,0.0,-4.450079664218284,-0.5136970238297054,0.0,3.59443332853946
20,175,18.208291501119575,-342.8810660408602,33.339386465011124,3.8967202667472858,133.80123679535922,-17.635751265199332,2.7192115611137155,0.0,-5.894970240359064,-3.7728160366223475,0.0,4.346773014751905
20,109,-12.253006755997777,215.5839180668543,-14.327342352063898,-10.403115632414002,193.75735848438785,-11.90020026376024,3.835054200381506,0.0,-7.521827776091581,4.262161182183574,0.0,5.382107776851049
20,351,-24.819251446571524,381.5310307831489,-32.38222659005526,-10.161451004925876,76.46317603382077,-2.0322232180773643,1.3724519719543302,0.0,-4.254007057670246,5.521022778263664,0.0,3.2303721831583054
20,167,-30.4222112464552,734.1343140689188,-45.662562104740275,-23.786930060204607,226.44348248193432,-3.091110452299909,3.348333482484038,0.0,-7.215213905821514,10.1291313548861,0.0,4.949418682434447
20,231,16.561322428376723,-233.75822902524646,23.060197611935966,-6.095969940682211,152.12849795407396,-14.005743987921031,2.8487817814956933,0.0,-5.6548504331694165,-2.2487088265378703,0.0,4.074881657255353
20,092,2.425303152253717,48.26363147532922,-13.384245614660843,-8.312284687172735,119.26245575279887,-3.418186200526357,2.120767673577461,0.0,-4.805355195797355,1.2202045031339555,0.0,3.8671755371508305
20,005,4.555870339424327,-350.29821123836336,28.347623547326613,4.776991338170903,115.82780995308144,-12.99710029734462,2.8109002927529283,0.0,-5.82460302750887,-3.4997457295674854,0.0,4.323909219110936
20,265,5.140791106020539,-6.077012652723511,-7.873564890713334,-3.7924466275449684,140.7510556657663,-7.243633384851696,2.452549712560011,0.0,-5.133090990227181,0.46729277517864,0.0,4.074724466255894
20,096,-1.039431481302715,58.430283659969916,-7.95673005396479,-12.657470322459222,163.07651044074657,-10.387675167945916,3.0005006636740963,0.0,-6.044986181900974,1.5899045967384087,0.0,4.6609584043399055
20,071,12.815935806170282,-158.66529031874975,22.73487010343623,-2.8598925042992427,218.40141670981725,-35.05374975758311,4.427482380926986,0.0,-10.146576111058938,-0.8161113454775357,0.0,6.737010278161034
20,123,-11.242179544732435,311.29953689883274,-20.04686998686739,-15.249720989351315,186.80734760095234,0.4553977394850355,3.7304353444596368,0.0,-7.323318920530413,5.432057125551425,0.0,5.3365060666218955
20,185,16.561437922406895,-374.8240455003037,29.17696475909403,6.353131889004975,152.79647645312946,-11.24385260452177,3.045974803005176,0.0,-6.857698330608368,-3.9866678298438627,0.0,4.804628451309868
20,028,13.181564383665153,-315.97551215553096,41.60775248345744,3.9629939649990114,161.26157781806774,-30.27866098202258,3.1350112010443003,0.0,-7.600750893273978,-3.5775845220689657,0.0,4.858664116813933
20,272,-19.278622010890466,230.51177448828207,-12.428610064761973,-23.76034534688593,195.74759856651553,-1.9061217217360182,3.8365911599803466,0.0,-7.582165203192323,4.403559036094945,0.0,5.504989927145113
20,344,-20.687054952645532,359.1299622245726,-20.570337655344936,-26.677009977376393,161.9113375673645,-4.63337361715446,2.9759377888943774,0.0,-6.430742574023255,5.692723077847605,0.0,4.738682543109633
20,020,6.835113693825646,-140.88384681973693,9.73654556334231,-2.7245398794942943,84.58521919249726,-4.93420990136045,1.2873499277486036,0.0,-3.646694397070565,-1.720149644524199,0.0,2.9634777545225903
20,299,-12.031843775391426,118.0772002498321,-8.154094526192262,-9.972866254849386,167.5416815325093,-10.206749147983558,3.3065449205345745,0.0,-6.6654238391080725,2.4525531894473054,0.0,5.062025842097906
20,140,-3.8934255810227656,259.43460179994423,-22.34517247064975,-10.42471024139821,138.37958040613756,-5.682960095523667,2.742100366922292,0.0,-5.714223631363039,4.384270423364196,0.0,4.37181344669922
20,287,-2.815433953431394,10.622192067796659,-1.138141428838655,-14.940457921000977,176.34657810722445,-20.67016123486053,3.2124617313615227,0.0,-7.389505438652241,1.0839716320198765,0.0,5.355080994094235
20,148,-17.767898383138526,305.6079821160374,-21.5509272673377,-15.370236595223234,186.79838276891493,-3.9911752672158887,3.524470236463449,0.0,-6.893994413491161,5.2152507311589416,0.0,5.142908800574796
20,277,-0.2384459202708631,37.04222432400939,-9.690197612317355,-7.873013831928353,116.59555852000524,-3.3166760125810777,2.0605685686762287,0.0,-4.803162638333801,1.081088820726911,0.0,3.7935844555141087
20,082,1.0145173643157712,-15.393230730952903,-0.2189290669771643,-14.565573035119352,182.3380631132389,-12.551674968712696,3.2224454244001626,0.0,-6.587124626641533,0.6868545403218684,0.0,4.910687347217306
20,315,-20.22382026580264,217.4350060558513,-9.001085581819709,-20.33564311848922,179.8438659451931,4.745706409039175,3.6033908035675783,0.0,-7.364244168913341,3.9969297852751016,0.0,5.1155683932316425
20,034,2.8037601509270047,-343.6663458552877,39.550190650142625,-2.4572056064395973,168.08236513379774,-27.543959012873973,3.267224343483785,0.0,-8.073390494624226,-3.680280121282147,0.0,5.270183998156056
20,135,-1.6387910332056528,296.69827903383776,-23.147157311312526,-3.702538709632367,202.20346929509103,-6.668469036855946,3.9473499735961415,0.0,-7.9289723566804,5.275878383325481,0.0,5.637023985499036
20,103,-7.123259295648013,104.04619782719091,-4.820287959496645,-24.010966294521833,228.28238020816872,-22.00005283030882,4.729244277796976,0.0,-9.804295162831911,2.7991054662324193,0.0,6.332698922014866
20,101,-17.40410506193804,134.514482445938,0.36475137812529557,-28.922411475803415,229.52069570920355,-22.065160270589253,4.424633130842498,0.0,-8.983098510137761,3.2792760936567804,0.0,6.2514045228484285
20,023,7.206054886295984,-305.0599151424766,32.03271486648466,2.7604422389031713,169.13890003078146,-25.121622842597425,2.9461276058991537,0.0,-6.744642104152011,-3.233559061468424,0.0,4.847606156803304
20,149,-37.62277561084514,410.63398164859916,-27.956215832724975,-27.431022816204464,198.0904570469676,-10.584114553108735,3.863180358656148,0.0,-7.531222750923841,6.637721776270961,0.0,5.490051107192588
20,228,6.778679876916295,-82.53844000889598,13.48723145382174,-5.34696495079917,202.96666612252946,-22.950423709347852,3.960071975507475,0.0,-8.353096297435357,-0.006259944538873352,0.0,5.741741780512094
20,306,-28.050723967704975,408.6077529890941,-23.736712311781012,-18.086094154847572,202.89356141230525,0.9169480208808523,3.7584278895100254,0.0,-7.070503892881706,6.679582288980621,0.0,5.195256101481189
20,310,-16.196078713763185,383.2028452662233,-30.098234484057798,-14.801682672840332,185.40469106241716,-4.952701207112361,3.66991365367315,0.0,-7.774839880404903,6.187074560471398,0.0,5.1496587163923415
20,043,-1.0631265818400655,-66.28827856428579,0.17465215589978816,-3.9322644821649915,93.79774180042567,-0.5658038148819425,1.4591284015646462,0.0,-3.949094072666803,-0.49083101084211844,0.0,3.053148743313421
20,200,9.846787509398677,-268.00948655142207,19.799201398523905,-5.710233050316242,98.88336827798825,-6.517512464412153,1.9044761842484594,0.0,-4.240704427147074,-2.8845347413367106,0.0,3.4472176963183925
20,298,-18.672350360185455,304.02626176551513,-27.818948862029426,-13.139878250916718,196.4760313404176,-1.5288839571861739,4.151303481278035,0.0,-8.672566560552642,5.266560838800947,0.0,5.652805176671224
20,019,5.850876356962072,-267.30458350113753,30.844569934414782,-2.553257844761837,151.00642620138493,-21.538603367684008,2.9714970158535627,0.0,-6.236280968193339,-2.607194678143195,0.0,4.503708834776428
20,077,-16.947972480929412,25.851181502834212,10.70138769240539,-23.49539432344365,204.6831572471122,-22.590344320006615,3.9114409502370497,0.0,-8.17806562346264,1.5328874858352945,0.0,5.721424989145807
20,184,-19.250198523206763,584.1111045384071,-41.92274245281844,-5.959504933804066,170.4378360939867,-1.7669739607732513,2.7596488550134217,0.0,-6.28320508183929,8.035552551745011,0.0,4.446677709272974
20,336,-8.440270485331261,227.88790504365798,-25.476765872431173,-7.661987373643644,69.24364170121113,0.24549189361868562,1.518590736169007,0.0,-4.1807177741423756,3.7487868963739706,0.0,3.196950753825305
20,247,-8.38278340800757,-26.05203351953793,10.809290198122298,-14.346185114615722,204.41197683825857,-24.593156025918695,4.2321946100039165,0.0,-9.438095547621852,0.8526139558464831,0.0,6.0804557740285015
20,119,-16.84788691626907,217.6717280559571,-14.35731655393618,-18.72386009953447,221.0958357209731,4.986188804499822,4.395075559510543,0.0,-8.351224381676346,4.265294301966646,0.0,6.042791245491037
20,016,20.639989660977037,-312.5682844445015,20.032236226263855,6.988117421441454,148.7606887397739,-12.05884520629782,2.5272036410703924,0.0,-5.290892340265979,-3.707557190973692,0.0,3.9014764522641165
20,234,5.048764860200045,-167.80571999795816,23.24134730350787,-6.061875204565983,208.6388761486749,-23.949834394561268,4.601318698402265,0.0,-10.433494712944865,-0.9346180196379041,0.0,6.513013518334651
20,124,-5.768843341415506,170.4337450992283,-18.954184538312898,-9.488573825507483,122.81962591110496,3.799616200686038,2.446447101290828,0.0,-5.452550585847012,3.0732023685024465,0.0,4.257982035233991
20,279,0.11391257276352018,56.46148701149266,-7.1754478551578345,-9.508848434958466,138.96930629836632,-2.9055512822104324,2.6457742400806987,0.0,-5.618889169002964,1.3816320754224047,0.0,4.283240413141374
20,168,-16.693775849935452,360.8652524390028,-30.737882148994757,-16.026763754861463,175.06190976169148,-2.439207471257731,3.1429912026509204,0.0,-6.741797699773324,5.799352175628023,0.0,4.8602549942736175
20,111,-14.67561735824745,235.03062279843348,-13.701998871248236,-15.529008967462126,205.6536096822275,-14.25418366571923,3.9030945019888468,0.0,-8.057623046379677,4.516042139236432,0.0,5.718997259224307
20,273,-0.8329004797219719,44.0686904315607,-11.997387967877016,-4.8342551868029435,71.45715546457254,1.2410421072787539,1.3411254100909056,0.0,-3.8994824383004385,1.008390778365349,0.0,3.1232131155276006
20,142,-10.337671069294371,281.40391383872446,-20.561802120452914,-16.534513098455243,162.55938738826464,-2.7009462190448996,3.1495397397087497,0.0,-6.25394565121649,4.761124576072715,0.0,4.811787076130404
20,333,-68.63298206296977,719.9698607975574,-51.297982841417564,-29.44586275524027,234.7079441354203,3.5660644193031636,3.4387231113512846,0.0,-6.819729674684012,10.107368641827241,0.0,4.990485011561399
20,230,-0.6377151831536176,-127.57974501619506,18.3484609674445,-8.807800531342455,209.1518841183938,-22.655017605226995,4.182118519720528,0.0,-9.15629709073627,-0.7176737724672,0.0,6.132209068568149
20,352,-27.877992731094068,436.96341318963374,-39.76373050771009,-1.7644546384747324,103.89745995440391,6.038294633719225,1.7504277117490967,0.0,-4.562283998750242,6.2323061678315375,0.0,3.495835905129284
20,307,-6.3917466559566485,176.89917942800395,-10.559013348935654,-8.095026190340258,108.57193836862012,4.4665889344821945,2.1724262111216297,0.0,-4.885703412157527,3.092098252412545,0.0,3.8862733613137666
20,293,1.2351169972770641,114.81794811072169,-19.86996837728724,-6.421318803435633,124.86408335144898,-1.044854942970603,2.5376634086605647,0.0,-5.513954503833809,2.215601484792526,0.0,4.227191946287006
20,147,-33.56829304246507,420.56181731018114,-11.709177753031481,-16.69553418118216,202.55911666197966,7.450568254309904,3.831871677304493,0.0,-7.60260069480387,6.731178873735761,0.0,5.344465118992705
20,354,-18.141445842977433,545.5041427776621,-43.92192530374168,-13.285114269149686,156.2723576923379,9.121662896962677,2.4493406388276036,0.0,-5.515543885860949,7.617323878472793,0.0,4.142106826716977
20,145,-26.984452025887116,408.82764544830286,-28.2276468779898,-21.56145896666897,193.2789387648471,-1.3346828608444126,3.6879291709828474,0.0,-7.495553891844048,6.58230927854788,0.0,5.37841126470094
20,049,4.067793594110027,-66.71684302791672,0.7347165437686543,-6.190894066483331,128.58005596438997,-3.75294055627835,2.1802311904983327,0.0,-4.622729202861101,-0.44774437678356827,0.0,3.6219599033760677
20,095,-8.380401334884985,155.46506565770665,-4.759100463624383,-22.64055725892261,224.25493457359096,-7.694950238866167,4.155333042693754,0.0,-8.473888619124242,3.5170142885838596,0.0,5.99026098843334
20,040,9.915965519800553,-190.96814318364338,21.271516985323963,-7.001082853972488,167.57066690168944,-21.675173227650834,3.2960246184177846,0.0,-7.658090985091397,-1.7252385494518514,0.0,5.298867087495315
20,340,-10.846719832647889,285.53726151014683,-26.77095224114349,-9.882891564648075,115.66017928875841,1.1435729799950893,2.168393765480435,0.0,-5.110978955008644,4.500680449634425,0.0,3.804470724824497
20,163,-22.114114529465702,703.8858569187724,-47.19393757915731,-1.9995814033410761,217.2307449488066,13.388253406406697,3.5049179901381904,0.0,-7.228599499997824,9.950288399957746,0.0,4.806434061780289
20,257,-2.117237377039124,6.762502484989835,-8.310978430620244,-6.046882321191852,66.58395252177925,3.258032312343112,1.1349869864844717,0.0,-3.7118743548082924,0.5372670255702549,0.0,2.8702961964369615
20,017,13.38243326727782,-423.07162058630064,45.355453323366014,4.787370461087139,169.588281104356,-20.52989205111411,3.19194258810767,0.0,-7.5384750816031865,-4.604612012934972,0.0,5.066060488229644
20,121,-21.051550331606546,198.52202818629107,-17.088695183459336,-28.311583801907318,216.71030077303772,-10.105361091291762,4.5469181303052615,0.0,-8.907816107139661,4.010293191526468,0.0,6.179403811019068
20,179,11.33153765926163,-366.7411619591638,34.05229177524378,3.810799057076647,142.64027672022388,-14.542819397274947,2.88288543685675,0.0,-6.299369020998478,-3.885043960141278,0.0,4.612517622127191
20,137,-19.46735399863438,304.16997086254395,-21.68705171034243,-21.262678502105054,207.79866915315785,-0.773054013636723,4.097507268446048,0.0,-8.195473947558261,5.421309648381057,0.0,5.798816349765463
20,308,-19.589775653998032,414.2024454905065,-40.25961168447022,-19.693791425261566,198.01863772162247,-8.986639762262719,3.856919832950198,0.0,-7.382593564971204,6.729064780411537,0.0,5.361289800521925
20,326,-15.050180236437074,278.78254503164686,-27.46499440685171,-15.208614671374908,159.2625416036025,-4.444213075585064,3.3259077158553283,0.0,-6.68034537325811,4.698740336563038,0.0,4.832986631610216
20,304,-17.401570848833405,302.182983377934,-19.64753631966725,-15.719450233893642,209.5515486966803,0.792906021640488,4.147289977810729,0.0,-8.285458650920996,5.319825249068886,0.0,5.814630721254785
20,130,-8.035250367730713,221.42607606019718,-19.40958453764793,-11.642448956007424,182.18659598616608,-6.414489460577195,3.445774216863305,0.0,-6.7989850344997125,4.116057192404103,0.0,5.130490265246635
20,297,-5.893971701260213,145.0414763036461,-14.247910139703917,-13.957712644587941,165.16380821916033,-14.065517765141562,3.2400804961443983,0.0,-6.3472818385256495,2.799765893600962,0.0,5.033959006736136
20,216,1.5406432761283462,-245.64045925784632,36.48203485519131,-4.65794882771103,171.2991269399653,-27.281099994471138,2.3773695759248135,0.0,-6.287663685087883,-2.483679204828169,0.0,4.978436326011674
20,087,-13.846656086924048,-75.71025752110032,5.985394003886777,-20.775278051235333,216.2049778612274,-20.562366452418228,4.4481207606250255,0.0,-9.70746376378915,0.2392201630535742,0.0,6.854265518272274
20,189,17.81468211772465,-397.8272464647555,38.26780270297992,-0.024913772398233558,139.42613971076926,-11.349962911182294,3.1307430442927004,0.0,-7.178536338032213,-4.215999951602854,0.0,5.014502788950349
20,296,-17.390247037408507,290.14716592075587,-23.03332458693067,-13.778533349531436,196.8108474892017,1.648103228970152,3.61729675792491,0.0,-7.748956655061883,5.220589678965433,0.0,5.335111656863026
20,157,-42.79807767018879,640.1490567882382,-41.71712195867658,-22.22718388533726,190.8853172419412,-10.750120506428852,3.068207759954402,0.0,-6.36832743014388,9.225301393888769,0.0,4.589814592893977
20,258,-17.831408445888716,113.98446622158404,-2.6247437428791898,-24.96911773191556,198.28865590986624,-7.019071638773855,3.6745653579213227,0.0,-7.725453363002808,2.7646592485344446,0.0,5.597502258909225
20,178,-31.400446411807998,490.0410299323125,-42.169323553067144,-8.197324209400636,134.13327552549583,0.14669875903554264,2.0868554706948377,0.0,-5.058419724415814,6.969208479424539,0.0,3.862026047479172
20,150,-27.18229077737196,275.3943653996563,-22.348333322827898,-22.140760379571063,171.43281224553368,-19.137945561357803,3.345853037357046,0.0,-7.368054237693077,4.883992524950461,0.0,4.894837980696054
20,256,-6.8344136011727175,132.77376990935684,-8.0706201086549,-16.471824842871783,199.7706118624307,-19.706641498319463,3.7250000268724306,0.0,-7.746817132021667,3.0378686916650146,0.0,5.620974981263532
20,114,-13.15656187070653,133.35541916267482,-7.987654119409996,-23.386265608868612,174.02128552837573,-12.099881387839194,3.3753984813121445,0.0,-6.756381422214225,2.7717895818673854,0.0,5.194840163521277
20,242,2.4412504173442953,-71.1775596647068,1.8102910115434803,-6.107083744552925,106.44572970025993,-6.778787893143157,1.7295976560426305,0.0,-4.234185543295931,-0.5442555407342153,0.0,3.3017405941980678
20,245,-3.264719729140351,-8.399717391413969,-0.8898608363034997,-12.89489924908468,201.68706395787774,-12.90224080125208,3.753466867876411,0.0,-8.41762042433559,1.0457350558733314,0.0,5.887330792674301
20,097,-11.836432127151959,119.47505429860699,-12.008827344787665,-17.021293502270794,212.6650152651508,-15.961033073881877,4.1099718772763625,0.0,-8.273697886279427,2.942077331060844,0.0,5.830085648064944
20,318,-22.8518457708325,405.8492989540007,-32.937619967308265,-15.222579982399456,193.98114701005326,-0.11190830285130993,3.6704812069573847,0.0,-7.463808985662345,6.495391882063707,0.0,5.362671095111592
20,195,4.841234185198008,-305.0150937731625,30.701044869229165,6.572669259004455,141.1796453593549,-23.96773146199463,3.0296411120411886,0.0,-6.690190167510318,-3.001343481836166,0.0,4.652947858433606
20,278,-5.728557369903796,225.88505680327953,-14.017147199600888,-12.876392281861515,197.22287436400893,-4.716588160407212,3.873531621488544,0.0,-7.857750077694746,4.328789044173408,0.0,5.630848809347804
20,025,12.152152444609117,-333.65802212998517,41.237539153684835,0.8553365427165476,153.50752539674323,-20.917768887660607,3.1383656212416247,0.0,-7.4857511454392265,-3.6001986794772165,0.0,5.266554875695254
20,276,-9.623511839030435,213.49734595026376,-19.648684206905333,-14.680025851955493,191.12982660165363,-2.396932227426988,3.852383777348093,0.0,-7.751371953674299,4.0370820716154405,0.0,5.653754067346621
20,349,-22.79057280634408,323.4213185585777,-54.366292003025556,0.2528467366065428,28.930033092720848,9.338053996248416,0.84086921119689,0.0,-4.076357673895537,4.589341810693912,0.0,2.4708525648153294
20,240,1.1785147311227504,-65.06817809308734,1.0193416729721887,-7.093809343628535,90.32274479921337,-3.3292530937444798,1.470925584844476,0.0,-3.8600998572601783,-0.5412522600248875,0.0,3.0756641843202397
20,226,3.869856421952347,-69.10140643041186,2.9507502120570797,-7.030937227278153,198.4346352391567,-18.088975782284813,3.7310370953574634,0.0,-7.675964731187362,0.20659232359645263,0.0,5.473068137798537
20,035,15.87228279804841,-227.66583154215297,20.090883049872446,-6.779350896964212,140.07159481575385,-15.072997940632208,2.504347671591338,0.0,-4.9349404536446055,-2.3054620318408827,0.0,3.8434464286986767
20,295,-9.570976449102263,119.06999310846912,-12.866859079273102,-12.418112642236103,148.6154896731749,-4.473718095536825,2.7567692612922654,0.0,-5.736086890491504,2.4560199800368827,0.0,4.479309792479891
20,091,-3.4662063402853,140.217188362453,-11.092814211393161,-14.200402057092344,203.73624236138642,-8.371067859101682,3.8732040434327466,0.0,-7.76773563505541,3.118725480101816,0.0,5.660312004695534
20,069,13.727217067276808,-156.75233433353165,10.055193350746645,-0.3081935752733216,229.3921970353907,-26.866165785841982,4.550703067493697,0.0,-9.610567902944336,-0.7304926450474638,0.0,6.473186296426089
20,133,-12.807514075921633,303.0312588896883,-6.914780627322053,-13.759754974062194,201.33461706779644,-2.0925701803581873,3.95980622172877,0.0,-8.03732309051843,5.4006282307634494,0.0,5.5808263245827225
20,207,18.000807322177835,-325.4088265187315,41.35583508452616,2.8331858248985484,134.00703845522222,-18.19242931596213,3.1165786085864924,0.0,-7.6859404835763385,-3.2278552370802984,0.0,4.878195688936211
20,139,-25.673511515011143,383.0951348609082,-13.009717671102615,-15.433807520680215,182.63972250357676,0.01740161202018342,3.486062866732466,0.0,-6.7738171441082375,6.311840237834343,0.0,5.036493400654361
20,332,-24.035657623496547,292.58922714310603,-23.85206168960466,-19.194470345243065,176.64912478028592,-3.2336128920901124,3.4706981918522213,0.0,-7.22457274446141,5.087559420485099,0.0,4.896084875280695
20,271,6.0572539145147255,-52.3211868885424,3.730662977513189,-14.563067629345353,177.21428660371296,-14.434257580936194,2.85159539825835,0.0,-6.964460755567899,0.22582044695292613,0.0,5.002717078206259
20,042,2.281283539450981,-209.60413818965816,24.317874348515662,-4.2565185984903975,179.7894229387794,-24.033706910557722,3.6504789626599234,0.0,-8.674486534043178,-1.9096720918371737,0.0,5.7399669645705815
20,343,9.865805247754853,-338.1827779615443,31.558638714997358,5.426257789513745,121.73444749396666,-13.037477980009262,2.55477324051275,0.0,-5.475519885584997,-3.5072480125203467,0.0,4.344700649736317
20,300,-13.827015236251118,304.65018426815146,-23.357128040321893,-16.454805420839612,201.03707287742384,-2.501433763100552,3.8242595700816038,0.0,-8.039620029644487,5.437608455281813,0.0,5.677420111179481
20,115,-13.039464800840902,218.33995901246058,-14.035569017812364,-22.53834163379195,213.47271819597347,-2.9085012470372638,4.484055125900795,0.0,-8.843499441031325,4.2770572957800725,0.0,5.898317657453646
20,213,-1.4178097667149459,-348.48218315712006,40.11243978306101,-5.956032838310712,171.0473647197923,-19.460667616650944,3.2259496771696727,0.0,-7.911320844516553,-4.020620141702056,0.0,4.7908542782257095
20,060,-6.059791760918575,-27.6741418777507,5.213370520653509,-15.196594354867742,200.07235025938817,-23.47647698561262,3.803325368777996,0.0,-7.667078943256355,0.6650654598288575,0.0,5.581968095792679
20,079,-12.592508048974796,-6.757111157216348,13.074636661848668,-23.126900864537,195.7767768783729,-23.24962287899762,4.025391056069727,0.0,-8.69892286584325,1.0321414786307415,0.0,5.86862184494236
20,328,-15.001210254312781,298.5767757331052,-26.871753027946212,-18.82554903641548,175.58066452523488,-5.47292862795431,3.268163727979533,0.0,-6.441783109894284,4.860307799461141,0.0,4.893426028521121
20,066,6.488728976331664,-131.58715052296367,14.960309035102817,-10.680408542533746,161.77788569823232,-15.956635173066065,2.8004914763566497,0.0,-6.609027585836458,-0.9593336806057877,0.0,4.830741097041431
20,191,12.555740145777738,-415.4473025747132,37.69267887523989,4.492020479074609,165.37352400186577,-16.457669360356384,3.4570974028520607,0.0,-7.484275429504694,-4.3799732843065255,0.0,5.125672008376015
20,292,-14.475041387722966,298.060174260689,-18.238223760993158,-14.471179004686611,184.4801209585484,-0.8460652091341516,3.6321573044517836,0.0,-7.2456166320459205,5.152032320874126,0.0,5.309114225114841
20,285,1.7837981670835947,7.107963097574919,1.180864836081803,-10.50790062926539,176.4190486702324,-16.35466247783697,3.17020143254329,0.0,-6.8312503088069105,1.0533100021491817,0.0,5.007130055310095
20,294,-18.34313833909708,298.7468195845664,-20.790668412858,-16.468035742410258,194.40810318605676,-2.324082834989193,3.9990319998011694,0.0,-8.555616193882575,5.2886236645417775,0.0,5.416834757849104
20,250,0.1902143987533238,-62.364330146160064,12.407235478858782,-10.457602030583306,208.84633876193698,-26.101344373442583,4.090551695477374,0.0,-9.246223858257075,0.5296767168292824,0.0,6.475714417500688
20,176,-13.024360169390679,441.7853051851451,-42.27953441875562,-5.883980955476964,114.77980237897275,-3.0543725634317362,1.8042974815257422,0.0,-4.739763725851268,6.299783587744273,0.0,3.5836890489317
20,197,4.991910282987497,-310.22831185281365,29.6091409837047,1.4703322299150843,141.40907031733047,-18.458448788148694,2.9398092927599175,0.0,-6.7551969795191855,-3.044158445149618,0.0,4.889184866307644
20,302,-18.274695706719932,314.66949269047495,-19.92035303369414,-17.857782621451996,219.86849148977416,-7.830684091653485,4.359760001110815,0.0,-9.096512334254047,5.661133558744946,0.0,5.882653681849623
20,013,15.850087165524467,-382.3002926745134,41.253544095941514,-2.923842573090038,160.51470994236868,-21.793880891177395,3.103776854353056,0.0,-7.470588378237778,-4.299462347841176,0.0,4.797908716396999
20,027,7.0271594017745596,-172.55818618483482,14.921481823651348,-2.347418516370377,112.94919352486393,-8.019727319954956,1.813698578831968,0.0,-4.188291018561436,-1.939963061334375,0.0,3.2893605811124442
20,187,18.056306993698612,-389.4982005001166,39.045900869265,0.8308032036286885,129.99738352671858,-17.26097494573709,3.0341315046352513,0.0,-6.850805249416276,-3.9208586049975755,0.0,4.953794596786927
20,283,-2.014811450109582,46.246467981549124,-4.604713467580848,-14.50428970587511,171.36449325099335,-11.720070922863133,3.2758598632852403,0.0,-6.573104197594167,1.4336498040055685,0.0,4.954496687875835
20,232,10.488830570893928,-126.26695744513212,7.33839278515342,-4.451355282122847,219.0591011821184,-21.21268996492764,4.499993553483746,0.0,-9.217568892683671,-0.38900398009484305,0.0,6.313710890238139
20,036,9.765325455182666,-355.4232713216619,47.226234914471036,1.8368797072238943,170.97365098566735,-24.743209916587688,3.3888099261425784,0.0,-7.760638265941049,-3.545133122095395,0.0,5.423787994966901
20,171,-45.38719155469035,792.7465643586676,-48.95613561036604,-29.296838068126583,257.47029622487145,-1.403524434637104,3.804201546813637,0.0,-7.1324580532212645,10.878929231675102,0.0,5.247922529514627
20,041,0.8744623993749232,-63.92444897067351,1.8061516703521205,-6.77032850330869,76.91048093604624,-1.1797964656711892,1.2379090171621274,0.0,-3.543328366833079,-0.5261676542159408,0.0,2.838969605615717
20,090,-0.7821964794896665,47.5255921306805,-10.523702891941621,-8.451779149038607,100.00180830833304,0.6412046756079581,1.722358001706408,0.0,-4.476843724348921,1.1462987488966525,0.0,3.472898546077824
20,353,-30.755572178303673,485.8099405345854,-30.804708211160673,-16.14441281178101,136.25260112647868,7.568381002386446,2.0698055509216435,0.0,-5.031015291402044,6.9298064583538865,0.0,3.7858981661284323
20,006,17.704628322640637,-245.84687973797435,18.991085678637926,2.48922275935886,86.27169458202823,-6.673045915513573,1.6829549077440327,0.0,-4.0161335256241015,-2.698532421375452,0.0,3.1988770942643003
20,319,-20.844355671096547,212.93007219405607,-14.142949663724792,-25.204677749218398,187.4133306109998,-1.1586301497004898,3.8070196754073677,0.0,-7.938787358718605,3.9107781565671336,0.0,5.3099151738970765
20,085,3.2867700560420388,-64.52405006164568,4.49132232077502,-9.227474763416899,225.66180344914537,-19.736873044915015,4.395138544907725,0.0,-9.58494923210518,0.56615898189408,0.0,6.418107142425439
20,158,-7.793032857305272,323.94816109195045,-30.855775313311113,-9.251188994985402,126.97562145510288,2.019387300812127,2.577975158241961,0.0,-6.22723790281465,5.235961568158016,0.0,4.333311998500969
20,126,-10.212695515708063,198.68094168949753,-25.965989337086036,-7.74802939998951,153.21112556518577,-1.3044340901377784,2.8927745215334832,0.0,-5.930025131347712,3.660250831862787,0.0,4.5010060485437124
20,316,-29.218367751128184,417.5906837835061,-27.590285962625707,-23.184955633736028,205.63839427317907,-9.045092340634154,3.9546749385425435,0.0,-7.801691435786444,6.643661900694148,0.0,5.5650363084425525
20,320,-19.86529486939334,418.9347642981459,-29.244560886477373,-20.5330633319537,202.9473665242663,-3.906349493132452,3.8504312529434217,0.0,-7.693321539370444,6.72772408935457,0.0,5.489889703747636
20,235,-4.995179219428169,-187.67857966521487,26.804215620997507,-12.156057037511804,212.2164455131922,-27.23972678618881,4.234189508114338,0.0,-9.868444003054561,-1.0366463761321345,0.0,6.389554376634527
20,009,9.900238136947456,-377.91917544886513,33.72181120598794,5.256093906345616,164.97790061762876,-17.44697648070997,2.8252104515235645,0.0,-6.166641323130968,-4.245659983048656,0.0,4.577384177420353
20,321,-10.354052266980307,197.5041288128108,-21.387274083272573,-7.0018578144340875,76.88779762415855,-0.730493414344398,1.713726241019233,0.0,-4.622093776305737,3.1992274219352916,0.0,3.5182113009586473
20,108,2.1377090341079135,116.37845782511056,-15.764876611908075,-9.146630823755535,127.1937272569229,-0.27911854372664546,2.456558599495399,0.0,-5.144732154513171,2.227171184111091,0.0,4.138486182512562
20,046,4.169350066863052,-231.65687618214727,33.52010715906253,3.0049106085578714,183.8720487590524,-30.814169880255093,3.222573441716224,0.0,-7.938684529335434,-2.14262390631337,0.0,5.6917834045411615
20,161,-43.35744113349069,674.8320009548695,-59.36843811760241,-33.312814695210605,210.31020908303748,-12.922535330591534,3.132138675046539,0.0,-6.673236577848188,9.56202972848868,0.0,4.785528802617967
20,204,8.193057815012999,-302.02338837299027,18.350983942476176,-5.604070398775408,118.70121290282873,-8.484090527283596,2.3618988205937446,0.0,-4.893721710638158,-3.2604392522093013,0.0,3.772685398920228
20,033,19.432437848204188,-199.07804427386606,18.881198536515367,4.682038108512346,150.06715793710174,-16.88960215243848,2.4792259100563228,0.0,-4.818012371872033,-2.1361298216180877,0.0,3.6917804857469894
20,284,-5.01692463028062,197.92966283122297,-14.784813350562782,-15.032571690594057,215.59109776790433,-6.002909492569445,4.161169835654098,0.0,-8.317130872236035,4.0615760460428385,0.0,5.950551960635245
20,010,20.588936342895106,-290.14267310976186,20.3461720194762,2.8373443701790393,108.75097451897456,-13.421613152849874,2.338159049615677,0.0,-4.693929494892735,-2.8381181006824345,0.0,3.758449812497463
20,254,-6.244883634756415,-102.31933704683009,18.337787040487736,-16.063899147872657,217.99240463860895,-32.31304946133436,4.207828996304013,0.0,-10.070775764257169,-0.1140609913641053,0.0,6.740445444266946
20,301,-16.783590969088078,130.58528521803993,-3.471958982891426,-22.221629809755857,183.53868593017728,-13.230133477396953,3.6649072290221203,0.0,-7.5054300935504505,2.8025824030637385,0.0,5.2033123943918325
20,236,3.7517059925452863,-60.7066751281466,1.5632456986896166,-4.150759552909484,73.92369151415667,-5.222271369537474,1.1806402560173097,0.0,-3.595502760564702,-0.519338109935565,0.0,2.890094779724272
20,089,-7.13748857827656,-106.67766169248132,24.00394107451208,-12.852650195806191,218.6397422836822,-33.68287850063612,4.316464239786971,0.0,-10.014428687650556,-0.14466813717896976,0.0,6.79885614864188
20,094,-1.481027985074817,47.69233810530734,-7.304710913129137,-13.608809438194413,145.21457874771878,-9.369889475090709,2.655187472725499,0.0,-5.626973023425618,1.3908657480022908,0.0,4.24473484700123
20,104,-1.733402494525199,95.95538896336282,-12.987172734439099,-6.669996022611521,84.46209253974764,2.991253622436301,1.5404583977908675,0.0,-4.356514983896397,1.899077474195897,0.0,3.3484649868542
20,317,-8.359055424048716,214.26864702473154,-16.71466326268381,-13.126857224633746,182.4492780094437,2.9569531208992634,3.549775679113923,0.0,-6.836685416374454,3.912693230149797,0.0,5.096792969580217
20,055,7.5254301711140155,-95.84055562873347,9.332156069346244,-5.371644706365942,155.0489128756433,-12.575116030176625,2.5582427941196952,0.0,-5.46788608054806,-0.6625759187282144,0.0,4.176635321712252
20,015,17.696319082030772,-414.9719410855054,37.62634929792972,4.912776557134036,164.924253571276,-23.87274607466123,3.2544000862765676,0.0,-6.821131654872785,-4.584017213939774,0.0,4.935369695165363
20,131,-8.840429005300301,312.6535245993939,-14.12231591649018,-12.137786469498224,205.89930910457767,-4.79758970897956,3.9246203193737523,0.0,-7.931500477048382,5.463613227450715,0.0,5.661126372197958
20,309,-7.788454054419202,185.3739246951314,-9.364636542311136,-10.851927664312456,130.19784265794925,6.6520319823232725,2.6141704118921365,0.0,-5.504339568115396,3.3437896290332607,0.0,4.2771251856273835
20,065,-12.650386869558435,-99.71612966747236,19.169571465493714,-16.301016908255733,224.587384840822,-24.787113819276122,4.286106473173427,0.0,-8.908415811003257,-0.026225434388059243,0.0,6.226147430465691
20,325,-9.329354750015662,264.4047760538719,-20.836649513308483,-11.534217625717488,143.0269246002201,0.8246042106956644,2.735162821131018,0.0,-5.646517860193537,4.441883739055821,0.0,4.380184328808729
20,288,2.2634209154224876,201.55214743219298,-6.586561578868699,-10.287842634679976,219.648893362186,2.9764340437029007,4.460096047185948,0.0,-8.655272928367102,4.062843209196719,0.0,6.100845991356502
20,347,-25.486673063223357,373.23978460091485,-34.51570622130578,-19.41207328275969,160.8018688654222,-7.66575020136715,3.2477168190007664,0.0,-7.374231866923692,5.86179262003503,0.0,5.049641329355852
20,098,-4.258939517178445,44.19333672752551,-6.450161290359606,-13.599474753026088,176.833829750136,-15.153533143273865,3.2290029773299826,0.0,-6.541593011730051,1.5083133408913962,0.0,4.993348594472941
20,070,-1.38433225720977,4.5322506150302795,-8.05741592418094,-6.933454485939385,65.6784584753194,3.01851022015978,1.165327473574959,0.0,-3.7017337033029505,0.4569207672818615,0.0,2.917933533183633
20,001,23.888881496190784,-342.71217057945745,35.5130848979456,6.241671182830758,130.8103569732721,-12.814492356355327,2.72975943466473,0.0,-5.574233221346123,-3.677703468381136,0.0,4.096684939161907
20,021,15.277759796771665,-281.1030310776006,30.51592723185345,9.144298483413484,158.40223285048273,-20.416409127153024,3.231951708700975,0.0,-6.79632093938843,-2.93484018179532,0.0,4.7014737592796685
20,160,-25.525825438067976,350.9275952067725,-23.632943872954304,-17.99883655075585,156.6526596835974,-2.8889748362543144,3.0481524983618193,0.0,-6.362015336402292,5.628414341492362,0.0,4.7522559717338915
20,061,12.917824915633382,-118.35853712232876,14.345845492315974,-1.686571238215385,153.7937252965633,-20.897493023616395,2.758666022970355,0.0,-6.287697169889643,-0.9662192345687866,0.0,4.425762507981492
20,342,-22.482551506699735,320.31512651042664,-26.004036385614683,-14.33564880356478,125.53970181966756,-1.7730324376858317,2.5093192223103333,0.0,-5.825888863108323,5.260068609068421,0.0,4.293122770077263
20,112,-16.38007116600234,144.69419764665514,-10.360495206441929,-22.136437743120275,179.32035555828475,2.1960756823411165,3.3919420307345614,0.0,-6.682914613636386,3.009028644372362,0.0,4.94440799804029
20,004,17.302516166573863,-234.1063903614568,17.72817064873834,0.6012365987596542,63.063774616868585,-3.5637711099531177,1.4257625788658972,0.0,-3.8103256434538904,-2.3815352914346755,0.0,2.936364358300273
20,338,-12.837524519522375,249.8994895661361,-29.34927793100152,-6.100490793743878,90.85111507715851,4.792987981946809,1.9839648145975486,0.0,-4.9220069567161255,4.078376636910649,0.0,3.5573957920880455
20,186,-47.17828549399016,620.025712573101,-55.31164342087173,-5.784480412990107,179.42142661380078,13.28095193385903,2.875938007358296,0.0,-6.190200767568285,8.670595910567759,0.0,4.469405116783465
20,138,-12.479081122365857,232.22477245569954,-19.460854623423508,-8.14382468789052,118.67424913476344,3.8085850284844263,2.3666079810108402,0.0,-5.458243886793938,3.999202252478167,0.0,3.8269177862391004
20,116,-8.144788769368754,119.6188074775005,-10.556178941017187,-19.32428215734665,177.0716299217576,-10.750923384424159,3.4104562735878963,0.0,-7.113846644840493,2.6050742298389284,0.0,5.193098986005947
20,282,-13.606614157647153,227.01136007806696,-22.380847766434393,-18.75418527323222,213.04379047024096,2.4750870309971633,4.3926397815740685,0.0,-9.010866146526139,4.422852195053206,0.0,5.982935451975508
20,088,-2.428412642143719,48.86972569624912,-12.989710659062387,-8.53447891756873,83.8600691003917,1.480865223703923,1.493823806997083,0.0,-4.062920935497864,1.2209148073252556,0.0,3.1980801191568293
20,330,-7.199921411243233,310.93861234462395,-28.219476446761284,-18.94430789511977,184.12699044456113,-5.518003102426212,3.401360086839842,0.0,-6.7664397739482,5.221379528774069,0.0,5.157944777689194
20,159,-20.30056395213228,667.3516482772396,-31.43089101536394,-11.501761502994679,208.40887296993336,10.336551435200782,3.3142263609940326,0.0,-6.643177792665102,9.356691217622553,0.0,4.78652237494125
20,132,-20.09409371782856,204.312996184967,-13.170278215457966,-22.176935116214306,179.91210674329133,-10.26107873138804,3.5818660691369275,0.0,-6.9047018857055065,3.9022366635170957,0.0,5.205768026910239
20,007,13.749911380702772,-365.5971069682743,35.678606309747515,3.674294579998078,139.63961605223233,-19.78527534093331,2.884980395161295,0.0,-6.413758096071465,-3.8761362118608442,0.0,4.363387190144067
20,311,-14.321018584985435,211.31790310867336,-17.331245238365113,-12.089987359917655,155.88013971179512,-0.5278367906735726,3.0389630219030197,0.0,-6.245502345742925,3.7930827643690055,0.0,4.727431090411436
20,011,8.489875167630636,-388.7312853553344,30.066150009387158,-0.044247257301115894,146.60001399610258,-13.263550821702715,2.9037433994112067,0.0,-6.4840594950218025,-4.261401193409853,0.0,4.713887738370998
20,045,3.1712661815197634,-62.61785434887237,0.32778663222164683,-4.222526514405411,116.85498455115948,-2.570604506179541,1.8687327757465992,0.0,-4.34761128538492,-0.373774215037459,0.0,3.3684397763584055
20,281,4.651202590136465,47.539308274730516,-8.208164004956734,-5.8522148100998415,162.667679673563,-5.57685652710913,3.0910730310010166,0.0,-6.361950110281101,1.3891807074575862,0.0,4.56263834421679
