racket_angle,traj_dir,spin_before_x,spin_before_y,spin_before_z,spin_after_x,spin_after_y,spin_after_z,v_in_x,v_in_y,v_in_z,v_out_x,v_out_y,v_out_z
0,037,-9.434493664678927,47.38113986297838,-8.118572567387291,-2.9895856025606284,11.726551116188938,18.711147125379448,0.21852913960144288,0.0,-4.8668876659507525,0.8281096216404433,0.0,3.831140916802982
0,251,-20.198905489714264,277.80092534015165,-17.778966834253627,1.9017171762409835,65.93322587975304,18.19372513695616,0.9547313636347947,0.0,-9.194967765631915,4.259725822738344,0.0,6.23182469715446
0,154,-20.406795953938175,332.64320105886054,-23.38375688367416,9.640009058621304,33.88418635762051,18.41257921242021,0.45509003055167657,0.0,-6.779288678391949,4.689420883758684,0.0,5.024855372220791
0,331,-6.818550432321363,201.75462776653876,-15.38957168265368,5.256605062321365,51.294345311624866,9.06448447709911,0.9187341668326728,0.0,-8.347218596598427,3.1544591148660555,0.0,6.109263966493125
0,003,18.70742160387945,-236.55336417827195,9.549954507791043,-11.600010987368073,39.23125092352322,11.49983542083425,0.18350146783958865,0.0,-4.27197926326284,-3.2866700260970005,0.0,3.589442489510097
0,048,-10.37460735608417,139.15483803768706,-5.438943539126816,2.691198012365179,49.291231294641946,17.155228174028093,0.9080996460395,0.0,-7.091433538654397,2.314016730960575,0.0,5.43758535622404
0,152,-28.7058440668312,303.0502135271123,-26.83221909147819,8.293039975171155,17.57511925350221,24.476183415971956,0.30180451230019234,0.0,-6.465790908498343,4.357731756874139,0.0,4.655483378307957
0,164,-53.37441481648897,585.3869746088347,-34.02868305224761,19.693142466457072,71.88759564019712,20.461507623617997,0.7367743137135155,0.0,-6.647087056005148,7.634076480920788,0.0,4.77668609131308
0,249,-21.47228597502166,265.46813045228964,-11.862292528032752,-3.2473199376766773,56.69364208722228,16.430827329027007,0.7402118985575069,0.0,-8.16422784280731,3.990166110298847,0.0,6.060901392118319
0,221,-1.4014428832498902,1.5955177222938794,4.640374785180616,-4.6392705397963985,34.4750119660881,12.592483048106017,0.5113929211976838,0.0,-8.12654925226029,0.278520322696461,0.0,6.217317877637179
0,262,-56.41412449751362,652.8901774297649,-22.312614290092053,2.6774375656480194,104.4000011059085,18.722964358235224,0.78016063438486,0.0,-7.411965812341749,8.092739322522542,0.0,5.282362715888244
0,341,-10.595079017159795,299.8064969838803,-21.433260166672156,11.34646560033639,78.4957656402856,16.837872926512766,0.9920977261453202,0.0,-9.197689568135248,4.4663739528143935,0.0,6.368564666796648
0,205,26.370730468305847,-235.7493637721662,18.96069928505918,-8.851279314175372,31.576828092712137,14.338854569034519,0.46443663493086274,0.0,-9.259262779287075,-2.894423515319491,0.0,6.699314522728148
0,322,-13.105516784333185,99.96845273546076,-2.6629399511376413,-6.589981744504297,48.014061358131684,20.35102612924894,0.7761713293709476,0.0,-8.152759694461379,1.8138111358783284,0.0,5.966082375204802
0,102,1.9852151635386892,-62.60331198838182,1.7667751826440723,-8.142070237748277,30.758811389063194,17.760712931855988,0.30445898330441096,0.0,-4.523180946470662,-0.8048269296148821,0.0,3.7080304247246265
0,107,9.493417526623894,-142.57530297591597,13.423475956427225,-11.276695827214185,42.213202911629196,9.773636547826458,0.43722553705726613,0.0,-7.011983448318787,-1.8741554709430397,0.0,5.322948132802334
0,100,3.7215391047441098,-55.03256605988102,-0.16021454836041452,-4.590454817820656,5.150737005099962,15.531880588723038,-0.15346244448715804,0.0,-3.751260730813793,-0.7747888202686958,0.0,3.1447332833585793
0,014,19.594047497708445,-212.56500207307545,13.260510796777096,-11.351208417660034,62.54000568377777,9.23252251466808,0.675583467395709,0.0,-5.543927692380674,-2.88203457027014,0.0,4.435503946884743
0,075,-41.67150593535132,380.5165276930066,-15.97163757759207,2.4149582559146805,52.74928250516577,14.333508146263334,0.7632439624570688,0.0,-7.436413628235613,5.47652781642975,0.0,5.485411607879533
0,134,-12.017384906992755,167.0602651810981,-16.959362586365142,5.651817080313909,14.677866365643704,17.090084199539564,0.36347997869002246,0.0,-5.266902910251799,2.592415290572115,0.0,4.147413652898609
0,002,20.78566301011134,-222.43315145652383,13.619867100349715,-14.182073885591779,32.4476280485018,7.334599866413563,0.09076514597848488,0.0,-3.874535568881596,-3.1071535449894414,0.0,3.3305160830545937
0,361,-33.52594624021723,737.2061799153204,-35.327256135391124,18.89172823079771,104.00772150968902,15.45658969290271,1.025807399146734,0.0,-7.545408667897056,9.580072221588832,0.0,5.503906706798323
0,229,-12.257091484321206,110.78561876919052,-4.9165595705107,-5.927491844458093,50.441708972490005,9.770534984000435,0.9098786713369703,0.0,-8.245053624531291,2.020735448825867,0.0,6.160173264944074
0,024,8.08728278382879,-124.5918576114024,13.577204135585266,-12.76428174955938,46.18737098967941,14.44471848019207,0.4757692944769936,0.0,-6.472502316217492,-1.626665634984692,0.0,4.978631995723584
0,166,-34.58522965766654,343.44354081504326,-28.642020926650947,14.798748191750915,-38.72729380104094,16.351178239623625,-0.48031423793921374,0.0,-4.087605280445657,4.920462535106449,0.0,3.165759656660121
0,105,4.011452095874344,-88.92569397550332,6.365572350587735,-11.249181302592314,44.25155486645973,16.33684869011947,0.5689010859368785,0.0,-5.841203824683452,-1.1212801056317605,0.0,4.564519531332163
0,136,-15.294754842560028,192.44454638128406,-12.094943746312504,1.4410979064963798,37.28212742784773,15.386018560265354,0.7976717920407704,0.0,-6.8089581308104705,3.0278171808885483,0.0,5.080142119152098
0,290,30.007347460146782,-282.0132736601617,28.454719710254327,-6.814412904045877,32.02721573773051,3.90070756281188,0.47612156596997995,0.0,-7.746426059921298,-3.518875177205514,0.0,5.600600900694927
0,339,-28.142161230874084,281.6361335555185,-8.084497008632217,-1.5345838494593214,61.90293409876316,5.922715956314119,1.0430909731114124,0.0,-7.843874387559137,4.317319087079473,0.0,5.860953150954716
0,081,-54.21885677021922,559.1889632752722,-28.3479626670372,9.082415209801619,64.43522031408692,23.583396514184656,0.9141881715324093,0.0,-6.418565484723595,7.880695957940391,0.0,4.3626471088694485
0,238,-19.863446179911886,194.28377126921723,-14.478286736049903,0.5933240740804366,46.05619175904652,17.63030833362422,0.8936598628038608,0.0,-8.03917437673512,3.0846435042656406,0.0,5.900014990873609
0,233,-7.0497365042153515,79.87337884561049,1.418500539197793,-4.596645292622021,39.277259117634706,11.824097036783487,0.6717566612169564,0.0,-9.560728372600868,1.4231538853784753,0.0,6.722549876630834
0,253,-38.49234971758765,373.3087514916279,-24.533121775556136,7.811118218238148,51.78278254392652,25.42151827830878,0.9846040852902954,0.0,-7.554409090973436,5.375530344604526,0.0,5.521909759892365
0,117,-2.0898898799552073,46.61459458288785,-8.39333998139604,0.5368360930021128,12.261484446699505,17.425908613158615,0.1835715101627425,0.0,-4.806475969841647,0.8571278134398421,0.0,3.890548744070142
0,323,-7.568699413889506,96.29898473776439,-1.821064673099038,0.4565755291162355,44.203664628448074,7.755047380241406,0.8137035350313809,0.0,-8.286737696928428,1.7020342496651226,0.0,6.13285238628745
0,212,5.738231162322537,-70.48980943348403,4.207222822005757,-5.551657079888085,62.30129380496858,9.729256402629611,0.8995980409547863,0.0,-8.447910328681374,-0.5831973783449184,0.0,6.257162557208217
0,032,4.797548350953415,12.732998273084338,-1.1702171612908654,-0.5460032792895667,52.34665661719234,13.76928000021582,0.8021935259749633,0.0,-6.891953929356975,0.5505686322231907,0.0,5.160011605983779
0,056,-14.463998645888093,210.68034609648,-13.683806293005137,4.387994701625282,46.75234611314576,19.955628115587164,1.014456662278283,0.0,-7.6307764456934635,3.2977378969463618,0.0,5.729216208448847
0,196,22.57622828628166,-291.5476677250087,29.88878030024962,-16.287247541420108,47.72474684871406,5.817457268641907,0.5098287982107638,0.0,-7.167050064881804,-3.7526780204473287,0.0,5.29615311032834
0,129,-9.365290122425307,135.41931927974255,-4.4643414875643685,-1.7630985355886777,46.80142034546668,16.98822562510358,0.9068923968827953,0.0,-7.339414300471082,2.2122184242795013,0.0,5.359298605998107
0,275,24.10122412531942,-343.7229924460358,24.716272978607446,-21.176972931053484,57.60759826985874,11.023441874579543,0.5895971119154856,0.0,-6.120292829935588,-4.414759752454441,0.0,4.8838086847473425
0,305,3.007005752799356,-84.99341600898089,16.85172715891602,-13.82892988555232,60.31474073116245,5.512189215782975,0.8636978612284452,0.0,-8.490764803442339,-0.7848749963534213,0.0,6.1563542888027865
0,155,-25.956438608133187,348.5774726075179,-25.64737201924,10.62946856844936,39.83369736005438,18.787819016480743,0.4077917400816431,0.0,-7.204771944477026,4.952675827065698,0.0,5.089172926539365
0,327,-8.104147645776,56.50901535246402,3.6593496873817286,-7.469399885368137,49.75161501952829,11.119299959258953,0.638974622149486,0.0,-9.485433900212751,1.215415497248511,0.0,6.552693079224654
0,022,3.0048192655664683,-72.31164768868607,4.286096439008559,-10.11691252435754,37.058136055181315,16.724162563358618,0.3357052246119691,0.0,-4.916244060367902,-0.9513335307929283,0.0,3.9373703772740067
0,350,-27.431605051220867,409.4365839453174,-27.193017732580458,5.397446475168173,66.64367628910203,21.363311307574396,0.9672957289510529,0.0,-8.050196303293564,5.685843636478272,0.0,5.968823193233273
0,218,7.978200622913279,-184.1409644842762,26.701502384373505,-13.46322641376778,29.61930851224037,16.321126651860727,0.30560434879053683,0.0,-9.617781321792476,-2.20871638051408,0.0,7.3568628923827575
0,125,-9.476853427102697,92.49499690648125,-16.08634994119211,3.6110323591361033,-6.824223962619304,18.826252181109215,0.028574790322494062,0.0,-4.565798502695379,1.4397150600540625,0.0,3.6188238799787875
0,093,8.94181398106993,-153.36815733708562,6.730337046494396,-11.382566928036345,29.975795497031218,15.68543851364029,0.17146223224618737,0.0,-4.0530450181891595,-2.14660414925225,0.0,3.3711344632710145
0,260,-33.07550539876905,414.3427438238831,-41.36693447104055,8.693499253638775,74.06217794867658,15.4829175501586,0.9507686309677674,0.0,-8.007142914427329,5.869629170268089,0.0,5.904736505795133
0,122,-5.797172508530408,59.97813281250678,-0.9565531894094605,-3.77056475867814,46.673359965378786,15.430762082882017,0.8388904329094461,0.0,-7.016119773378151,1.1499215603192692,0.0,5.6480474067528625
0,078,-10.977194656708269,417.71797423614424,-41.20495904750269,21.537222743474153,20.20074658193491,9.615533126938594,0.04964084025874612,0.0,-4.794020508187223,5.559856295737437,0.0,3.7285613478962683
0,252,-25.317299806743485,290.3056268632188,-19.254677141345315,-0.47614856885025136,61.99621159407202,17.108634597468154,1.072662730157142,0.0,-8.763532881284402,4.183179086908928,0.0,6.43950470786111
0,291,20.12637100461577,-316.37346596255435,34.226476268621724,-13.77560563959567,25.947701997715686,12.021229771544162,0.15349278121122703,0.0,-7.422929807574771,-4.120608527132997,0.0,5.765642455740294
0,162,-42.74605707911673,525.6525309849407,-27.890323606601992,-3.329938193156438,78.9369149872711,7.804108070170722,0.4575513395993543,0.0,-6.2927695908302175,6.467838299335215,0.0,4.633520963931378
0,215,7.234306904147607,-115.2522588553156,15.24351648542535,-10.587554602590311,46.935649217290205,9.43309553794263,0.8027947677661207,0.0,-9.550808247502339,-1.2335632443862876,0.0,6.735988925892258
0,008,24.670048209270963,-316.55007804817654,25.97071624087283,-16.17589194957102,58.534894139913455,14.614102387601426,0.5223004848524255,0.0,-5.91617851078022,-4.333237687081188,0.0,4.587083305729923
0,198,39.34236854968494,-293.36356512195016,31.550286108938277,-7.213640475771698,37.444072021867356,9.455070481168098,0.3526988761000001,0.0,-7.512108763625983,-3.900837083287735,0.0,5.659993755351013
0,030,-0.7921274118649413,5.44567468097754,-4.666724090695827,-6.440967570036981,43.85221959786988,20.07866458345173,0.7035523324062956,0.0,-5.78842232883236,0.3591455917501435,0.0,4.681985183161031
0,062,-23.90137855755506,244.5380846864395,-22.344494736746608,3.608862413732237,26.683707024241563,20.830621447183894,0.6884392657740901,0.0,-6.039398819778496,3.7693253697983655,0.0,4.727097663743768
0,337,-10.530410893608622,175.5913844289996,-5.00863967092274,-1.1449099594725123,65.40147333882553,14.487364748725932,0.9198932262486375,0.0,-9.25910703243045,2.9666207822043615,0.0,6.4516717160484
0,244,-15.558658329444892,208.12989998415406,-9.868963518343758,2.814432812322716,70.20992979203926,16.86526737136823,1.2871771117849262,0.0,-9.35644911596977,3.2502157578760618,0.0,6.767449878086026
0,047,-8.486726222200884,132.73089825976223,-10.749109695748045,2.35751520288299,37.30345234291933,15.49021749665002,0.7872825647186177,0.0,-6.409215103388643,2.215118419967511,0.0,5.083513340865084
0,231,-10.129431398379838,90.15011288120324,-8.103457128736629,-4.726067917815212,51.492734925067495,20.219266144596734,0.8325190604917635,0.0,-8.88829168176919,1.7290001685746323,0.0,6.38399715385362
0,005,26.932363392819166,-284.7859800436147,14.380515624693505,-27.012766446206864,62.25487854454669,9.389135142286554,0.7233792313391706,0.0,-5.018333860545421,-3.9133154919771003,0.0,4.076060531368583
0,364,28.794204670065444,-322.500677275188,17.344753104682844,-15.12946204567222,41.596070803699725,12.547731873897737,0.5926815848237194,0.0,-6.0552886188156805,-4.147251352222724,0.0,4.813580638198433
0,265,-92.15285564174711,739.5537173781204,-48.77122243455267,-0.7443210280147462,133.80139527342604,11.005734933735402,0.8381905729910845,0.0,-8.14213708525552,9.346897940269864,0.0,5.494580650791994
0,096,14.434345143793324,-203.34999186593026,13.732088025740032,-15.56683041802262,64.14391641439752,12.95515066717115,0.7028918244794092,0.0,-5.181880522917253,-2.683332732225445,0.0,4.1890673448825035
0,073,-39.299926844493704,363.2672689261486,-25.216298955269608,1.4673457650340835,50.088954351265656,20.084928333896617,0.7340373483935981,0.0,-7.179248489999811,5.285034181759066,0.0,5.324275080012989
0,071,-28.00236265490857,312.2060220839301,-27.96077815413028,11.415763492982174,17.011026102569758,17.03324680278987,0.31995207586540997,0.0,-6.587210730340204,4.582990390028832,0.0,4.6985602356150675
0,123,-6.171222794772423,50.606640656793886,5.059504214119499,-3.516275820783388,48.50089967073958,15.514927842452655,0.7671462592641392,0.0,-7.76172101869494,1.1751465515258255,0.0,5.949451741258441
0,028,-7.870045944127017,-1.4866092270083375,-4.785356700287541,-8.30840525745514,20.205741129863814,17.885187313907586,0.20510224076790354,0.0,-4.71887670085665,0.16334951482636917,0.0,3.740129022986803
0,224,8.910465235086372,-36.22227791915045,1.3129898926673456,-2.6402156388434226,39.632814723621266,3.88985703648773,0.5014584228439388,0.0,-8.897961339918204,-0.1279596174863718,0.0,6.7975424029637335
0,180,29.099656204765736,-387.4305639379847,31.092076209756453,-13.132812193541055,37.82157308637116,9.61192044208626,0.4736844870437192,0.0,-7.639767423083696,-4.783777464122757,0.0,5.795372480667427
0,344,-24.15866985457554,267.78355774020554,-18.440065603977345,1.3615988089533335,43.33101466194746,21.863739431408256,0.669473728963847,0.0,-8.502703889358052,3.9330495148087508,0.0,6.299186166810583
0,020,0.33998957500116594,-59.07854197973542,1.1860270058671047,-6.58629182380585,17.011332550652053,18.676580868807953,0.07285640043752135,0.0,-4.032993440526949,-0.7888672407521236,0.0,3.37513248582935
0,299,14.241788548821606,-202.79008213307407,35.273872734269034,-10.025287667631984,18.1048858246372,15.224090456741031,0.30781850119596404,0.0,-9.701940735403301,-2.6971132387977073,0.0,6.773204310502326
0,140,-19.67814033858376,171.79201622230215,-19.79068788145075,0.4015326727666079,48.54232464163286,15.054428458244324,0.744846240263972,0.0,-7.447078150220346,2.8432951547386347,0.0,5.537630048656096
0,148,-25.603423424949792,257.7357909127709,-15.63013258339198,5.51445127657656,45.41149539078555,19.458863687944756,0.775051095637369,0.0,-7.263670137428478,3.9497720311234414,0.0,5.36884598148215
0,012,14.451088929903896,-192.9403794236948,11.384733268794795,-13.57225824678656,48.24095008633496,11.47003832255403,0.3818932082142548,0.0,-4.617878014140198,-2.640068325852512,0.0,3.816399677486705
0,082,-55.57684603594378,582.4526579995936,-28.84839220578743,16.042841230069822,59.12151894686336,16.993450081153966,0.8286123574046569,0.0,-6.538662979300944,7.990391810952922,0.0,4.834350453037049
0,128,-6.435161082654698,123.50657810501473,-11.118016073512232,1.0962596268995966,35.67723709540742,13.988933365091768,0.7273038525774668,0.0,-6.342253956969183,2.059717756021571,0.0,5.076392766360432
0,110,-4.057806705330041,12.305321428461305,-6.9269795273530494,-4.1155236194541445,24.472347396985175,16.981586412524038,0.2910241062589298,0.0,-4.891561516268816,0.39849988228895955,0.0,3.9824755417600577
0,143,-15.562002415351817,238.56184102905644,-8.831862841425542,8.004632914673762,33.375811529131674,8.694476897295132,0.5828248817793849,0.0,-6.129481250415467,3.5230851162414183,0.0,4.665892877295405
0,315,-5.692470848293012,-22.349856398982542,5.788665759743164,-11.467256654538282,42.23565827102374,20.902208524757587,0.6231024090883222,0.0,-9.071046854219171,0.16924753311354448,0.0,6.411859668986432
0,135,-14.710496871404738,173.4409448672618,-12.135306731973968,7.098487782416147,28.678249371517357,16.19791630945843,0.42339716549937284,0.0,-6.043053504408473,2.6996719617314793,0.0,4.57313074726721
0,101,2.2722694626140303,-61.5775605183285,1.3433880953681867,-7.34072933348503,16.221921106627203,15.788411715658665,-0.009614096573517753,0.0,-4.210674735463911,-0.8040052325880158,0.0,3.3754447951090962
0,312,3.4753029751960085,4.286018142357664,23.877783879431846,-6.448136091497598,40.94955643333322,14.338288231932214,0.5046910445578717,0.0,-8.335790226197009,0.4111983192303043,0.0,6.33080444656916
0,149,-20.940340965901264,208.47050047817234,-18.132608332485244,7.659467982717303,-21.01873084024316,10.119199463977843,-0.14231437952216153,0.0,-4.391699015086332,3.132470604701772,0.0,3.477260721657144
0,306,-4.230434332945107,-103.2057696704183,26.08798091564274,-17.102873296147283,51.427424028311634,17.17332473032928,0.79965456803203,0.0,-8.697073182271575,-1.1526098473302173,0.0,6.050747523674708
0,360,-69.02892315025703,723.7521283658626,-45.42000850002513,-3.83613364472081,100.35993496155987,13.309008988036798,0.8899220008766651,0.0,-7.578590855044449,9.202072672572962,0.0,5.53605832445161
0,310,16.850824675983116,-187.45887000307218,29.38974611705965,-11.406532731221017,26.946068669078883,13.453617695814923,0.4092235153117825,0.0,-10.865076735684484,-2.3167677258188997,0.0,7.095596372187518
0,200,26.471401463008696,-330.07649914039433,33.58789223772087,-11.19574309900609,31.094002852525218,14.288820596580681,0.4471836839564566,0.0,-8.745586637455467,-4.187547634876825,0.0,6.108064504917881
0,077,-35.57380292199939,359.83030448005724,-26.49986120032485,14.009504746926469,-31.118985635203007,16.74518876195325,-0.23357200039872247,0.0,-4.6313677887243045,5.16247567636473,0.0,3.531461187385402
0,184,28.359717936752624,-343.72798570871845,20.90152370278481,-11.577623124662928,29.037987128734414,7.22763641494255,0.3712008626116196,0.0,-6.719888752436591,-4.591717831956276,0.0,5.259612945764006
0,336,-32.84823669105206,209.6748198453237,-16.9474123004813,-8.2941113769226,76.73259311576118,17.95304956644257,1.2453224222656427,0.0,-9.845272630768681,3.543231599995297,0.0,6.956150757153194
0,355,-49.82961134761816,627.8807443964508,-34.31641603334652,15.428567049857518,81.5908742030907,19.915383135548232,0.638206910935178,0.0,-6.841918881054964,8.105960542826471,0.0,4.918886704974339
0,247,-22.516299388942404,310.1221779535606,-16.558025899613323,1.7231198878692207,61.04989803697316,18.456595862528136,1.0805451061971552,0.0,-8.560663427649878,4.518685496207072,0.0,6.276682495406225
0,255,-39.65233503367798,397.8487560063019,-17.708256878447294,1.1204037191479,59.95335876001623,13.78739257670075,0.8913929095949611,0.0,-7.802310517185571,5.650754569815964,0.0,5.686089463522824
0,016,27.112654471408874,-258.98893328631056,22.39914293089861,-11.37987962250695,62.64502273633362,6.688157744093788,0.6640830887824607,0.0,-6.19888219514216,-3.4579360974937865,0.0,4.883032361732637
0,246,-28.957924772813623,297.64617934527706,-9.801978679479506,1.37766692742444,60.65507083796868,18.471572244416404,1.0015845034112527,0.0,-8.110293129071657,4.506375805338965,0.0,6.069340877457865
0,234,2.4122091139157154,67.55444294953625,-10.072441597225895,1.5017272239112056,46.04523581596769,15.726249375603961,0.749973043163291,0.0,-9.848243549907885,1.2680209085212195,0.0,6.654002004241762
0,111,-2.750501448554681,4.91974568170971,-4.753847866617498,-5.24405640960808,32.482781671194,16.093246567831,0.4042560060539806,0.0,-5.404596114331559,0.3302421332034993,0.0,4.186228831461338
0,039,-3.2774593988935,55.07491964759413,-9.046293795743727,-1.8942355720328703,36.95677668891615,18.158589919237585,0.6726907487915843,0.0,-5.9242651727048585,1.0885563995123992,0.0,4.753439848143827
0,259,-33.05382643834534,403.08072858179804,-34.49028239709921,6.849918235019053,77.37840215279641,13.528269191883007,0.9184865786257346,0.0,-8.162924318709637,5.478581997789225,0.0,6.097327472518105
0,333,-17.410896044176305,198.59333189279178,-12.65153978265322,-0.8353270173559101,60.79294986405648,17.74174012680396,1.0239837737574489,0.0,-8.631391735789311,3.213006565186078,0.0,6.431089621286901
0,352,-26.859996549817545,396.32195932815375,-21.144252569090188,1.0908763246336715,59.38711770645875,11.45946979212182,0.7327254115262744,0.0,-8.316010683659776,5.562251573314702,0.0,6.111660162762547
0,307,5.078392380493015,-136.87276015156914,16.89183104367048,-11.134003118526627,55.13667702137059,17.180225565952668,0.8750032516728823,0.0,-9.479801085600563,-1.4354325032790936,0.0,6.60705657235984
0,038,-2.4680900092318505,52.60379196192085,-8.874243104840861,-0.8368444230505833,24.519734722229646,20.327489187163874,0.4501974488373227,0.0,-5.434252233271342,0.9735442826305197,0.0,4.236077047093254
0,145,-18.57828647167629,269.1540078290458,-22.380887529273007,5.71138960379975,47.92670316913517,26.143877664306768,0.8817416919317952,0.0,-6.857501573891593,4.1034758969981535,0.0,5.178967413133406
0,049,-7.18148258965207,163.98615531923838,-7.673035795205484,2.8999322261080547,50.8809574341502,18.636007940414782,0.9726898096170397,0.0,-7.177429519261758,2.7227830740693624,0.0,5.923728270796646
0,040,-5.739473139321771,55.16133478008718,-2.9259694179081728,-2.7377791630629416,49.324509858867906,15.076264547013695,0.8257528054803113,0.0,-6.581547503730967,1.1929898456540284,0.0,5.103135802911246
0,261,-69.35180834784465,632.1523889488022,-58.42395371433739,10.027960539526575,105.94343886376207,18.454518031537106,0.6611857029246361,0.0,-7.245424698375628,7.966209510019224,0.0,5.145800341001169
0,345,-33.610342919572396,395.203353804249,-18.440170350358283,0.006045156352429424,62.24667763720206,18.207999611692337,0.9200479329751768,0.0,-7.941315652802736,5.7157673085939305,0.0,5.8166664139007604
0,257,-31.407634231765766,404.51691321401273,-24.503463222232817,1.2465972740837754,57.17739141173468,9.357141197489158,0.8906978234247914,0.0,-8.283701780666455,5.8846480504781615,0.0,5.733268005815044
0,206,12.276417709958444,-244.13915160360023,31.826885294341974,-20.286412517223475,27.984107717040036,21.336193168575786,0.1440250448747727,0.0,-8.603321965667526,-3.1438416187550553,0.0,6.3433387629289815
0,358,-61.346380100677294,687.9897184629699,-31.4815273661564,4.869997253237679,110.71823436616245,19.54223915633681,0.9685131429020305,0.0,-7.236288520293114,8.954532430964921,0.0,5.367545169686227
0,182,31.430971784323347,-326.766480306349,24.218862809886126,-16.083930074255,57.075868477410346,2.3466917048637304,0.63871860585559,0.0,-6.0809275995451575,-4.425500959838509,0.0,4.716443568381178
0,137,-15.87796700836376,199.587013205116,-8.646755789808726,2.0249041538168693,52.95787946646107,21.92932510458787,0.9362902981506078,0.0,-7.119371691322624,3.2079846541805055,0.0,5.329959644572605
0,308,13.221825838242044,-156.05595417609527,17.106070938136988,-10.238061500970355,50.04468688597928,9.699249000463372,0.7541377478064094,0.0,-9.289531109711335,-1.7007511950257104,0.0,6.6793733620225995
0,326,-6.936220023778385,86.56597670067585,-10.32763444317597,-1.5941870421818123,51.66910302839041,13.498192157157806,0.7313792631304554,0.0,-9.500291385422718,1.6660913663789731,0.0,6.576385530750652
0,130,-4.322263531042736,148.35851023115035,-3.646112431868774,0.6692500780827004,54.74149333936335,17.187816385446308,0.9381512582276053,0.0,-7.381727323296096,2.547923616336765,0.0,5.6559938168707795
0,334,-14.51478616736309,178.7704600191889,-2.826154622985729,-3.464889413687253,58.00983293805572,12.857932541287465,0.8659105302137459,0.0,-8.649561489396469,2.942339057270037,0.0,6.229851949671728
0,297,7.1556241484117695,-189.2080942238905,34.208481160535754,-13.518767770141512,39.11864258237098,14.257839637364286,0.4791846997465815,0.0,-9.133135266428612,-2.2847242664190106,0.0,6.581208094626572
0,189,38.38946134666867,-401.4240356576236,32.81945134950225,-15.476993804819793,24.28691530593143,13.403861024434702,0.5879757118447804,0.0,-7.180999309697843,-5.193901019846732,0.0,5.457464867763489
0,296,12.641773804351494,-180.4160389609366,23.269072419270564,-12.900716263661248,34.528465366964994,15.087842069325378,0.42890932777189933,0.0,-8.721396216916657,-2.197966719536955,0.0,6.0734828728311525
0,050,-13.298666787295275,133.4728146161667,-10.78782490297095,-0.13283740802031338,42.232088568397586,25.247432656239443,0.6967048303998328,0.0,-7.899273629750416,2.211704271596815,0.0,5.708588718228645
0,258,-39.04824263008386,408.53340957365106,-14.93818674374342,-0.7951445167097531,66.51349049339633,9.346427456160576,0.99612469050513,0.0,-8.39390040327317,5.842402653529803,0.0,5.902375516998272
0,267,-65.81737592139845,740.2176979092217,-42.98719167474626,12.693129653409708,115.56838488221709,18.996803429067622,0.5622744116402544,0.0,-7.961774197585667,9.217582723520188,0.0,5.511469724773306
0,080,-51.49375927681848,524.7377311158493,-33.34639462459114,19.444431106724643,27.468167706782978,16.85038072782431,0.6509088110216299,0.0,-6.005762309199692,7.193956612232691,0.0,4.529778507130242
0,286,27.10692287041931,-404.7543527059211,34.91155036733794,-18.398141035073564,30.887561492153566,17.057377088154336,0.3822931666729711,0.0,-8.060213737712646,-5.183300432726769,0.0,6.065482511420754
0,178,31.49361143123238,-395.1307717246132,26.81066307626812,-19.835390630553352,35.965261256007764,14.932374675538956,0.4361224135603801,0.0,-7.261813962792051,-5.020787857794925,0.0,5.594734265458008
0,150,-27.4316367085048,237.3923600678838,-23.58195938779785,6.229753349290903,2.6621056145979294,16.400153491196708,-0.010188229248116236,0.0,-5.110463036477973,3.4718226406990174,0.0,3.8880985153113867
0,348,-26.621459065267466,400.7277851124312,-21.259304351730066,10.204386603239586,63.50260813248056,18.316880702293183,0.907192639779276,0.0,-7.734108794324113,5.737554391710884,0.0,5.743873998451745
0,256,-27.839702576731028,361.05075651403547,-24.644414511753205,3.7447712170255714,49.3483868422377,14.901551705295498,0.6114737718968476,0.0,-7.554862213832107,5.140387653448392,0.0,5.462512800228823
0,365,30.969482965555187,-348.5843214815588,23.745434766259333,-17.90961371178571,41.36262145054159,13.92617591171469,0.6543322870171966,0.0,-6.364030941687926,-4.515246933405208,0.0,4.815342684899305
0,118,-6.876277474050148,43.61322991018595,-6.42547074639542,-4.274585901476469,24.26964489555254,21.905647742370487,0.3355238506043169,0.0,-5.244295258109564,0.8588807243817891,0.0,4.21853822001129
0,239,-24.29380844424276,182.43454040994962,-12.471713569512062,-5.000369827481471,46.70489149019055,13.618596467854392,0.7202741786226224,0.0,-8.167073240970435,2.961913879295468,0.0,6.032247155222563
0,245,-23.0538010816958,292.84457533488364,-20.872946055276103,4.5496213600205735,61.85346110923895,23.937451079326408,0.9398901574351453,0.0,-8.079930350042451,4.331937430074622,0.0,5.866664850184407
0,202,28.500333004241433,-304.50241916193664,36.33522455592911,-10.114367727250906,24.892156130598615,20.494862333488246,0.3613370818481658,0.0,-8.772606100400463,-3.9027352603732717,0.0,6.086104965641496
0,097,16.186738708346336,-214.23154829985975,17.702184485781682,-18.863984226977863,59.918103015450804,9.005971342351888,0.7280628940982464,0.0,-5.71274490701543,-2.8113512104016145,0.0,4.395648321546818
0,225,8.177709828250952,-67.89127462433449,4.369468728422587,-3.3135769636771664,46.85901041843874,8.613020952660124,0.5707343305371351,0.0,-8.604952082336995,-0.6454511366751404,0.0,6.856517870712692
0,183,32.31160722937763,-337.80281154672406,20.474870284257698,-12.680745620861336,50.461632575774544,3.0232884676708554,0.5183697612541743,0.0,-6.384733828239483,-4.531012775290471,0.0,5.037517913747785
0,195,19.635700327045154,-277.5808004787824,24.24662924058075,-15.015094199339906,59.224273809828375,8.490026856780052,0.6552989781470873,0.0,-6.563322224172186,-3.6032942898743765,0.0,5.149002440209253
0,278,26.319381863946607,-359.84984827334796,38.48576514214803,-21.616161649543976,39.07456944377268,16.8510922320181,0.4928144831719567,0.0,-6.7961781061443105,-4.691700835282859,0.0,5.224995559764898
0,025,10.279013981819816,-137.3210372725774,14.878630490658505,-11.349807754965532,48.416331412940416,9.300784054445414,0.4336603429583017,0.0,-6.9663627439166,-1.758106239019386,0.0,5.377271422487901
0,276,26.747408906002818,-347.5603945554082,33.485284989922974,-18.902457310649783,43.3475010405043,17.033142344333996,0.412625756542286,0.0,-6.533913457655948,-4.5285029088736195,0.0,5.165645761989026
0,349,-34.90087882320267,409.77189534435354,-24.744747351025772,7.576097800528274,69.9898458991677,17.531020979917827,0.9677711259495578,0.0,-8.082447382839744,5.817474388927133,0.0,6.021406296296783
0,324,-21.353483223770677,95.26558377409486,5.179200313856034,-13.109273796247663,49.84692889471519,16.406327013797817,0.8369918331603401,0.0,-8.616457868567,1.7983799856412277,0.0,6.429793138255444
0,240,-23.988367099134713,190.85991722930885,-21.478034669821646,-0.6412967615803131,51.01965930104367,7.246883632569541,0.8670609686688362,0.0,-8.553389471687773,3.078348983288805,0.0,6.2685861850667335
0,226,6.946366472106345,-84.19493710795878,10.249169890331089,-8.658958840157888,46.861481376223985,11.68606276433459,0.6307761644870543,0.0,-10.268851735411411,-0.6650398701764334,0.0,7.025650619789875
0,084,20.36895593156071,-206.42997972607998,9.764277076195304,-10.830856093508508,19.94207122371285,10.673889058672522,-0.10965981205660782,0.0,-3.6528935454940465,-2.8774149905424147,0.0,3.066512414569019
0,295,6.207952315080598,-156.87492583569832,14.172156200900638,-9.529781831810054,37.68029701671582,10.488010968085844,0.37629294700427246,0.0,-7.977929968386208,-1.9405140759520552,0.0,5.666737937167244
0,057,-19.91414769649515,213.26286093684428,-11.548697922374087,2.368717955312952,52.35793354138005,22.005204670511585,0.9713201149475511,0.0,-7.7975717884666285,3.3710446233149463,0.0,5.70102904609354
0,069,-27.589209082610473,253.10157538503222,-28.20973569521417,7.806172637623222,-1.4113621164345578,19.080615932787413,0.19088804612667515,0.0,-5.230175251449382,3.7548978967320115,0.0,4.010383259226603
0,133,-14.09315513451887,134.51739835565675,-10.5613083592151,4.937651914419934,-7.544672823206554,19.011450912393855,0.046661999721605604,0.0,-4.7742757279521415,2.0961115571938818,0.0,3.6718945902251585
0,072,-23.71190852425535,345.46958069128146,-17.267752784262292,8.617381821856533,47.95769295347959,12.137829530690478,0.7025507604071761,0.0,-7.095041394990902,4.849802818956349,0.0,5.26286576720953
0,139,-10.9604465062775,185.25682126024236,-8.412642431580503,4.140648405995136,47.67998240768728,11.82808273466804,0.7863795755159195,0.0,-7.479810911631129,3.01848681388774,0.0,5.479907804460278
0,332,-15.228655854771047,204.21561562413217,-13.552285328087782,-0.3034705411517965,58.22091144047985,10.246153114661244,0.8100376464486406,0.0,-8.595836205667965,3.2590154200311594,0.0,6.337376512278726
0,172,34.32034811999528,-359.3222702438348,24.01682610373826,-18.098389740401885,48.86601584650073,11.01474459351892,0.6256581016958943,0.0,-6.626039438698431,-4.73390616185639,0.0,5.017724535691966
0,052,-16.0053614045794,142.57817310312106,-9.284565682032747,3.2900621273211934,-4.59696766463496,19.805600901821805,0.05744836394045373,0.0,-4.766545130510226,2.2019760186835065,0.0,3.737172524392609
0,343,-25.827119768597967,273.6482892588711,-22.186200170808583,1.2171194113538635,55.76893529003557,10.279178137485504,0.949476123789581,0.0,-8.391596970430008,4.145146353312204,0.0,6.108943407448937
0,115,4.870553562233196,-39.35525097650803,-1.3553457920981276,-6.990002832705351,50.50588623255012,9.623201624858307,0.6270768775240132,0.0,-7.654512726504889,-0.18597182458568223,0.0,5.779907053550947
0,213,13.727744684714859,-99.30108043196292,6.9450628813167565,-8.194698005380642,62.63124484909882,4.021523979492818,0.8710647488325352,0.0,-8.868446324400868,-1.058832140252366,0.0,6.472256904877064
0,060,-15.755793705490639,185.15374782929118,-15.093244494914144,6.762496345667964,-13.982088474348162,14.826470886878385,-0.021546769889111757,0.0,-4.734168323683436,2.7696554267217754,0.0,3.74161844907225
0,359,-56.96540395962006,704.9288777312391,-13.695065277370345,16.853729352436638,89.19242361003953,15.849914689359183,0.8889569019962096,0.0,-7.3301630971260865,9.400602366390597,0.0,5.316145233806726
0,079,-41.94308680949816,468.4096395275068,-30.737977569936483,18.121985669793574,59.675685019196315,14.036838443306202,0.3405700806262562,0.0,-5.423136580015092,5.872012188185645,0.0,4.257260462302234
0,328,-6.949957624293319,79.2603169405127,-9.343372045644662,-5.210360177519173,50.87104927767737,12.885936300942777,0.8868559270667733,0.0,-10.422623500683546,1.5824588487309863,0.0,7.273422641944289
0,066,-21.561384633959165,308.3958757028347,-34.11876959862081,2.1836927632216354,65.14038983572114,24.16937974880873,0.976228364855703,0.0,-8.224490252009105,4.605171949923463,0.0,5.769637282456746
0,191,31.202584876964387,-400.9771936253421,36.42212570551789,-17.2686914668663,31.258809962443753,8.78406021197166,0.575008985046161,0.0,-7.605512703824495,-5.14572872488562,0.0,5.885441394049418
0,076,-31.62896830941564,337.8044805086711,-32.91694597486473,8.266840924885422,-38.326593601161214,10.350885921019067,-0.44212492237418277,0.0,-4.063803769161643,4.861448085113324,0.0,3.117045340212669
0,237,-22.369448219908307,185.95981335776702,-9.453394126858651,-4.382936116136785,50.11365243954557,15.119034984973023,0.7666768775637623,0.0,-8.315808525352745,3.063397924881045,0.0,5.901633802199699
0,294,33.16719747172211,-315.5700078875605,39.50595766134381,-12.236931755560418,22.681107269132973,16.763285484991833,0.4199899242076208,0.0,-8.234547992406394,-4.000987419692389,0.0,6.124046180555355
0,176,29.560922188244298,-360.14621206924795,39.47636389644565,-19.02620737473208,35.22290088598599,24.512955164425296,0.424803105097485,0.0,-7.531655810633083,-4.7217305910291145,0.0,5.488572493555924
0,357,-66.80058237170697,664.0213256026491,-35.92672282179052,6.691810714295344,84.94078407922916,24.946849626257567,0.8356562819099276,0.0,-7.360019395339719,8.725578531014856,0.0,5.1294972517912525
0,013,12.799025443052283,-194.1890849060526,12.225976385637733,-16.641624864923838,63.11124650152852,14.345279680185444,0.5870011378038857,0.0,-5.197304853112515,-2.5265550088950826,0.0,4.188742407334873
0,044,-11.75425041569816,98.21895615607198,-10.65115259414188,1.474991333605913,0.5989823987711498,21.267865033819838,0.08314024554421288,0.0,-4.548687822406367,1.6307421719100406,0.0,3.6321441690324456
0,027,-6.388026248501379,9.023969302501724,-3.876829259391325,-4.357996494691877,8.778931490084688,18.29243333877773,0.0386206006578409,0.0,-4.359968217055434,0.28681361945135214,0.0,3.437196606355402
0,058,-14.62141251819296,197.54883022699948,-6.75271759930683,1.9678178328535243,56.59166818562103,16.58792684815409,0.8506652445060846,0.0,-7.7132274427851915,3.2040226437999597,0.0,5.825777091781076
0,187,30.22277908020866,-372.9947019659812,18.630458164360235,-19.76065037159382,36.419818556641054,11.605430168862418,0.5164668357419882,0.0,-7.578069136522029,-4.752594771695089,0.0,5.649240954423414
0,018,1.1395816161413654,-58.83162218404155,0.1607872628464275,-6.1982543911607895,3.061775977920298,15.259575134585715,-0.20840160634052118,0.0,-3.704082712231679,-0.785774396636004,0.0,3.099694771817582
0,232,-6.400447188940517,60.072732387049,2.0888815909547365,-6.449845197738414,41.15054062627164,18.42698144485854,0.6243284788331388,0.0,-8.35175395531213,1.2134833654337172,0.0,6.257684949688231
0,036,-6.273225262770065,48.66626366630739,-7.120605920248287,0.633419055983938,1.8583559825286329,17.574596031092007,-0.01626454804129147,0.0,-4.360074486989224,0.8379631103134858,0.0,3.5019212533226107
0,211,-7.831711139238331,-54.44774599023555,17.888997687377593,-16.358335516656183,54.21717864100806,10.783331052556775,0.7730994311789198,0.0,-8.11427928767334,-0.382033343683426,0.0,5.967464172039417
0,090,22.281512622254716,-307.8323014306029,12.083621086587216,-18.983987414626366,61.543797794563915,10.999425482225885,0.6724102824376925,0.0,-5.4809907127968005,-3.933285878905648,0.0,4.470035579899485
0,353,-31.574585066222607,416.4820650812585,-1.631600782643253,-2.6290542861105255,69.17293950132282,12.214914755016732,0.9761113768332699,0.0,-8.257923420232851,5.9268689318110646,0.0,5.98605073858806
0,006,18.733233252340437,-292.26711861840766,20.63550528140499,-23.37378807107493,68.37391683180248,9.736225067602046,0.6293085256217827,0.0,-5.348457565532813,-3.9428637673410387,0.0,4.410893919702625
0,319,-3.367316480735976,-71.61002865194125,6.148076492303043,-13.45077513127328,38.10538487964971,26.122504237432835,0.5694263007934544,0.0,-10.08272241463576,-0.5289960357232267,0.0,7.190369994736724
0,158,-37.9450071374872,372.488750834879,-28.521763336144776,20.241339876975694,-27.626125275933592,14.287281679885911,-0.2596272665904163,0.0,-4.520747240773855,5.173720333177966,0.0,3.4391240044471965
0,126,-9.9561582013153,111.47673111678192,-7.171183183500338,0.5072427509231485,15.004752817594031,16.87334251639308,0.32633836921328213,0.0,-5.143729153166782,1.762893614279955,0.0,4.079529399617692
0,235,-5.928653943736225,61.55812426412411,-0.030376087987571458,-4.450027915632806,44.91316346715718,6.744830856190344,0.725667123061335,0.0,-9.836527181998315,1.289149183568205,0.0,6.70260176252393
0,009,10.406766033887651,-140.79149889777887,5.190764461433006,-7.576695512461853,5.633859323248895,12.556865485035571,-0.23340279347791384,0.0,-3.6470044478675496,-2.0534591302276617,0.0,3.024980307167319
0,321,16.472062041845824,-103.24939273639984,4.644808293894739,-3.3883915615216447,39.55860498569,17.07833166666077,0.5089658959954957,0.0,-10.290004650110035,-0.9649644719953105,0.0,7.209248524894863
0,108,-3.7552956031796825,16.45478235196192,-6.934569697917276,-1.0263843640651624,0.8160083405327829,17.516545938915723,-0.08086902200069238,0.0,-3.875620391119299,0.32235431230644956,0.0,3.1981557341158364
0,204,17.96065656909171,-205.25149679437095,28.38127889378874,-7.804649209656741,38.65800068516138,10.132334229333777,0.5276784125486473,0.0,-9.253114906780239,-2.564592633214136,0.0,6.359401865320495
0,153,-23.925270531547437,333.5989907129086,-12.91333093839693,8.258719604343675,38.7574788000294,11.86142014845239,0.6689476417431522,0.0,-6.7487086046710605,4.891766168713255,0.0,5.105804614007894
0,033,-2.3466686176919413,6.548470941830727,-4.655693264760868,-6.6572296984807435,56.79721883479277,8.700666748666368,0.7762753519751827,0.0,-7.498407273908848,0.4902759291078116,0.0,5.64429908376127
0,010,10.574085409993332,-156.63696816962096,9.134005569996566,-11.708511006109486,25.223011321464814,12.479025490577138,0.06036835095768175,0.0,-4.04439533706118,-2.2201897645162805,0.0,3.3432230258400435
0,254,-37.63714212433496,383.9152843777316,-13.781768558092049,4.806427856279306,62.57027569200459,15.084046594545132,0.8275140051237687,0.0,-7.814545370094606,5.406969957287942,0.0,5.76633291514494
0,236,-0.4357201499384139,43.09319819908282,1.4001490390124685,-3.5484817632823296,46.07474445905256,12.054119949384743,0.6492947258594337,0.0,-9.407169857033134,1.0242008924246695,0.0,6.769962488543249
0,165,-52.59320705955631,626.8719482179124,-44.80981883471815,4.450756623291676,85.08834611935725,8.297411764354056,0.9126703304762979,0.0,-6.829924179892457,8.495686944175004,0.0,5.044280185823124
0,270,20.50053681793641,-342.8585782721043,22.289510703253715,-14.605561261663729,49.85590380245816,7.729308963160654,0.6609181038560085,0.0,-6.233782356866681,-4.511577288487002,0.0,4.877400539984309
0,094,13.760217871774046,-172.8389026718402,7.220081231519846,-13.505616882392387,41.14782359911154,17.968964807915796,0.31420539469604414,0.0,-4.356036578238765,-2.243836052056426,0.0,3.751999012964338
0,104,2.97514684150657,-66.99287903942029,3.972253620581456,-12.136441195977753,51.34925745988488,10.025375102124862,0.6657251015018877,0.0,-5.4299733397785905,-0.782575048249896,0.0,4.277305888496865
0,317,5.634342473504481,-54.982905308709135,7.88572458138926,-5.844772914879122,35.97174291494734,9.54604438168967,0.6720479043410754,0.0,-10.461635529778041,-0.351544371883969,0.0,6.991647276456193
0,055,-18.054959162189906,195.7272756521024,-17.93170217173987,6.231828712035055,37.26442276256324,19.219345543295127,0.747039980244315,0.0,-6.94918368331736,3.110116109788646,0.0,5.137306233246187
0,144,-18.82813265473237,250.28847488572052,-6.892247724605522,7.158558577405573,40.780730007750336,14.649312113934474,0.734426271514473,0.0,-6.5296409669331545,3.641616446737764,0.0,5.148661805520014
0,015,24.295993189913105,-232.04601415984396,13.814173272519126,-14.512933229656962,63.74182357060513,8.405749430081093,0.6968886371091118,0.0,-5.987768856713586,-2.9980168380883403,0.0,4.635583186685333
0,065,-22.70537534733562,288.2389545269871,-5.916797759660999,1.3584734755658703,56.96783732692061,16.59509073437361,0.942492773932845,0.0,-7.471536518241909,4.417836157415274,0.0,5.46450434491483
0,325,-6.829254611230148,137.2750225777575,-12.27089758556883,-4.806744555817439,68.22186792734875,15.289663190283182,1.0873573685424303,0.0,-9.6723436844784,2.396642849100945,0.0,6.937521134483848
0,029,-2.431213754042569,-5.994479306520186,-2.5397943311407785,-7.584499120833232,30.57857592099183,17.24426500530504,0.4398182663400237,0.0,-5.2290109353973175,0.1267378313567736,0.0,4.138249741190894
0,227,-7.154497296510078,-83.075657099367,21.11725397165318,-19.859884491567843,48.84975876420404,14.033689540473691,0.7924660584447958,0.0,-10.306095286881902,-0.7081076022382172,0.0,7.362693414160406
0,288,30.361961351452216,-300.2076349948821,28.09279585859997,-9.613582953204503,46.283296916896454,10.161686650253726,0.6574682096946596,0.0,-6.961096306101357,-3.7895364295889458,0.0,5.304552038445506
0,347,-33.25181041335401,377.61036024860016,-11.628840602368218,-2.3560642774248506,57.199973928458306,8.704781970920134,0.8135522928623863,0.0,-7.884793365589194,5.3864819148112835,0.0,5.636553212586644
0,086,16.192083429507427,-247.36701542242216,11.798451185216722,-21.801873330210157,39.46265383725963,4.1492629300239905,0.2994193702985088,0.0,-4.2047010890311585,-3.457295128430051,0.0,3.5611686701706806
0,001,17.03435521965615,-203.6392655916898,9.368344619871394,-11.759893591062836,16.44030601392685,9.371677658172075,-0.13244334642841926,0.0,-3.6029696346656848,-2.8873966598081404,0.0,3.102883052648498
0,021,1.9320221068158225,-59.546991274098026,1.5457117614101827,-6.8174402825197244,31.074485768852263,14.931767048793736,0.24947532602148054,0.0,-4.558780497894576,-0.7589817787531755,0.0,3.6492168729981693
0,160,-37.345479332814215,473.97376662875325,-39.88837118287487,16.37338861764222,72.01244866360031,9.192777702647014,0.29411966856875965,0.0,-5.461679263569196,5.738839157918781,0.0,4.27813261596313
0,342,-26.526923728785537,279.95231494328283,-17.39320388480013,2.535043491911257,61.82250553610489,22.113505366814664,0.9307938195219336,0.0,-8.570931525294599,4.172603127394601,0.0,6.316674578255755
0,112,0.8258674188635714,2.252423428346005,-0.950264989394694,-5.232931004731946,43.70532227650125,16.842960267708428,0.6629057600552122,0.0,-5.859990999610929,0.41363476496158486,0.0,4.690031287861866
0,004,15.911151619327581,-255.04691717964448,17.021481719605468,-19.697067464009443,50.626876018067534,15.268258811687945,0.4585829397076883,0.0,-4.786997593355055,-3.533044656037972,0.0,3.9202598164992075
0,106,13.43269390803411,-127.06218391252013,11.547410570979803,-10.937235126395713,45.75772224157532,11.319882675392698,0.5227081737811125,0.0,-6.697338614163087,-1.699333659706852,0.0,4.995384036065285
0,116,-7.2275393402683195,44.96922267062516,-7.46702843022442,-0.556494313136524,1.9353775589316509,19.56849983631247,-0.009000280994371073,0.0,-4.322639646295955,0.8379591629767372,0.0,3.5004122874180883
0,330,-20.784891729814415,208.05473137434174,-6.8960884005980585,-2.450012852513184,54.94201122631659,18.016690512410175,0.79372180151557,0.0,-8.313532659136206,3.3390363311018922,0.0,6.149818435335275
0,132,-15.209232894047965,107.5153400514975,0.4810872115299998,-9.01177319249032,48.00570927501149,14.732841989332746,0.8123135133281346,0.0,-7.778544491358479,1.9534845200000353,0.0,5.710338760280168
0,007,25.21982895340905,-303.51161521882125,19.750286702554384,-18.265781324187532,63.04597662717899,10.64392158503064,0.5656731299701018,0.0,-5.683739803851036,-4.052550709396342,0.0,4.43260193544812
0,263,-93.56084497536096,684.5085043223899,-44.59701041724168,15.371268289117392,87.7706105636941,19.398822604646107,0.8368660576501308,0.0,-7.65046445900232,8.934145035262558,0.0,5.34794989156727
0,045,-7.166965655353478,116.66328120670299,-9.0081934669303,4.017356656460779,13.995948588712313,17.914560467741804,0.3062658729024161,0.0,-5.251644844911228,1.9371644819686782,0.0,4.132286947941995
10,329,-33.960757274733346,407.450377070073,-39.327769779391616,-3.763681997975152,136.50901292326782,15.923759025678176,2.2867217889647367,0.0,-8.289457607143202,6.049960959298225,0.0,5.982047144858962
10,053,-12.35029257188743,145.80068192160536,-10.184854298374981,-9.695408190189145,115.80332873331973,10.75210209880486,2.2369353984023306,0.0,-7.483124376458769,2.676898842449251,0.0,5.575319360882519
10,209,-1.6199008363293805,-19.0899592457255,3.078460649851642,-20.11279926639753,111.65814141160094,10.580972830635554,2.1204520298770335,0.0,-8.52585148613028,0.39214324821937785,0.0,6.126049228356272
10,251,-62.41833853425713,696.6679086599485,-43.879924897413886,0.06486155400579419,150.20418395366266,18.152378611898783,2.114073751933592,0.0,-7.131013722489333,9.493514109400092,0.0,5.166269512159821
10,154,-21.54813773498745,279.953002242296,-26.68789142049937,-7.4186775469969515,111.8777531981139,12.513795012819674,2.069020404562485,0.0,-7.287915877857087,4.565295856125749,0.0,5.488039067856425
10,331,-63.048248513294304,679.3878130875685,-40.5993158307147,2.6715188722621703,144.42144690638756,21.968849506442204,2.152947425044665,0.0,-7.202414733595403,9.230066441216161,0.0,5.172617799374866
10,003,18.852077511700376,-247.6351575123662,12.989140546991107,-15.796051365213991,65.57636575929354,7.07311317093594,0.9493980361902289,0.0,-4.096072684869436,-3.065012343645844,0.0,3.375570074400069
10,151,-18.536984012628533,282.60608900693165,-19.20325371096582,-5.850029672510111,112.18481226343344,14.792211341264109,2.1851097033143647,0.0,-6.913061533792029,4.554516740959125,0.0,5.3576922976045
10,048,-11.631347754329505,101.007218167889,-11.452808453060207,-2.275028801929515,41.48945105703573,13.325958790447507,0.8874838988427022,0.0,-4.6220266125601395,1.7615962988168055,0.0,3.6054635890024356
10,164,-36.611084871636294,375.7473636316512,-40.25336201687877,6.915181831397,21.644586977691983,14.621789761306644,0.628808869021244,0.0,-4.463089557012306,5.383829735164166,0.0,3.5223420858285728
10,193,10.23969958639348,-154.370667769508,21.178309633072008,-14.324861829514244,103.02856790773338,-2.4874953598384963,1.8315057307151736,0.0,-7.565213504034939,-1.4759859039034315,0.0,5.559250060418648
10,249,-61.2989060959043,652.8386555582164,-40.72467099475259,3.604601763975129,156.09164105765944,20.52632916173978,1.9381859229611897,0.0,-7.037068701833838,8.889652767273587,0.0,4.900933135779363
10,262,24.499543691187046,-377.11730438425303,37.556310743018386,-12.526773756104399,65.91715200945015,-0.09575521792545016,1.8405863070408568,0.0,-7.169256855000831,-4.112171080007267,0.0,5.4089395099003585
10,222,-14.326534423065977,80.99992971165302,4.443742835926067,-21.630140997067116,134.6204837602336,1.5600736595983666,2.6504299360861747,0.0,-9.40526748163566,2.0087817758997586,0.0,6.957473585955751
10,341,24.244924319287506,-359.6500864000377,37.092228753118846,-20.025782218583487,95.29720652996818,4.533392080133699,1.6886009818448273,0.0,-6.776330211200982,-4.208501658648407,0.0,5.292795286474663
10,322,-27.3280587869501,300.2254017220355,-15.400380620541624,-12.311307742354689,139.85187804077532,8.659409781968165,2.5227300850776886,0.0,-9.010012120334563,4.910817996770666,0.0,6.268413678646017
10,107,-1.2371532717450988,-59.522609932625116,0.28226993001150025,-6.680977619839636,37.32107469170109,10.693113229030617,0.4964618736256449,0.0,-3.752855200248005,-0.7491608902685042,0.0,3.0017459321200572
10,083,-30.7001502048706,482.1138037047441,-45.02656640798996,15.638232432085733,88.07541801572728,12.442946410455619,1.4425113397939395,0.0,-5.3816085297954706,6.6440102400480425,0.0,4.083662565106432
10,223,3.316418622139781,40.34717778997811,-7.942153071661794,-9.873479519708598,134.11195985602802,9.068967883933173,2.5188988612201317,0.0,-9.307165940924342,1.4504974519168419,0.0,6.925032058280643
10,127,-2.054899661019341,45.69080139944649,-7.3195464910139965,-10.378194138601009,89.01928867668742,13.812310432778323,1.5634485742880537,0.0,-5.627303794965373,1.1087159906085304,0.0,4.509434847180352
10,188,29.66764356772539,-308.2523959012727,38.107513526941815,-11.239548710351047,89.35747872395396,-1.3182311832597162,1.6873398522958776,0.0,-7.725676342030725,-3.4818224987965234,0.0,5.435057734193947
10,100,9.754361382203612,-187.2587623656583,16.273195077737412,-17.06300153876437,93.74663753572405,2.501920715874793,1.2864897213927495,0.0,-4.5501183918160955,-2.379448758029362,0.0,3.7828839733395543
10,075,-25.973617411573496,310.7675196874766,-23.825687778105937,-2.907222771857082,73.4140789001684,8.924409759392896,1.3556287741751298,0.0,-6.2639779243650535,4.7675011617211425,0.0,4.617988079095991
10,173,23.782738908721484,-244.70871337914534,12.497078198653877,-10.298486687736853,53.83954776023721,9.331735422731908,0.9655831042437512,0.0,-4.191869443986629,-2.8837178192284982,0.0,3.4252443229407334
10,099,10.9578234672855,-168.7178443586056,8.838827192665844,-8.151243754539314,76.56686502219316,6.207042434552349,1.0664241488669852,0.0,-4.375410634348847,-2.1417101330438224,0.0,3.500317214298313
10,063,-21.275074344208406,205.88205516087288,-16.017301462534252,-9.52387514593184,118.0438875189993,15.033401268252945,2.244176731224917,0.0,-7.92819415714251,3.6053186240197546,0.0,5.67713860723544
10,166,-25.69435006174556,482.9979286528786,-48.656778217950034,9.740090606926838,89.96975744976335,19.067738727110225,1.322690492517433,0.0,-5.448497222281123,6.74394516005014,0.0,4.010226004037952
10,136,-13.512034447186132,129.8459161221503,-11.349219206878168,-11.587720431365241,102.04871191523203,6.105158270751367,1.9915747279087046,0.0,-6.613883096410819,2.350807071848062,0.0,5.262324508874243
10,290,-6.074243177727997,-2.396781441423553,3.596906153275148,-19.04260094744846,108.12974728912029,1.583558417189436,1.9810443295807416,0.0,-7.9079200264892515,0.6267415465884274,0.0,5.998638963694093
10,081,-23.948087197039786,389.78519023614314,-32.68953844335742,8.341597309623745,46.14904841088095,14.958316751436184,0.7679717118634947,0.0,-4.493412118801158,5.380573306264656,0.0,3.408280453518535
10,238,-12.118891616071236,269.45963195369285,-19.935129667125196,-1.4035652253272044,121.49927886204347,10.97612459083342,2.2744199187611054,0.0,-8.200048730047435,4.461460548199032,0.0,6.009453876838145
10,190,24.431861672918192,-307.4497115118474,39.5023812848806,-20.574767551219566,91.2482979371535,-6.532899700580463,1.6514136533461539,0.0,-7.735810641293021,-3.6264283757522717,0.0,5.627725673219688
10,203,-4.779498486166013,-136.59282105943691,39.998990051916586,-30.155171324136155,126.86276031729166,-4.824583701300251,2.4460583936349756,0.0,-9.466278986296082,-1.1164032959481098,0.0,6.706384438641836
10,233,-23.64270398794953,274.2921057644216,-12.321095390703343,-10.159931627968206,119.74759669691434,16.11434661033319,2.180898220139518,0.0,-7.662779955170156,4.480380250834088,0.0,5.648706162638417
10,253,-66.05040213738465,754.344414770165,-47.880408061787,-11.229397289290494,219.9873932906761,26.86747226845662,2.254383155560934,0.0,-7.167005821784532,8.210352191683334,0.0,6.799044601946786
10,117,1.0104866188088022,-2.5594867989438588,-9.507143723938462,-3.5596095976222415,47.76899140197352,14.703479741941127,0.7342477005448238,0.0,-4.182893982068989,0.25658695948194066,0.0,3.4085140850870603
10,323,-27.909910429161066,369.6500027658276,-33.39500547392038,-1.5334206915005615,118.18261500266057,15.496071530272694,2.0947151117253897,0.0,-7.340605631643871,5.622225589511415,0.0,5.469730695307002
10,314,-16.910190819867633,178.994840031931,-11.498678213060858,-15.008789821346735,140.48910620432164,6.762291658130393,2.732877835325742,0.0,-9.855244779615322,3.447781671437775,0.0,6.697378380940466
10,169,-49.984451348809415,604.3117070526966,-50.12452601497481,3.3257492865263165,120.62248764707526,15.956933671836772,1.9365953738453965,0.0,-6.242558824601108,8.250759147688761,0.0,4.865592945956498
10,032,-1.8674546318212795,10.485723763181532,-7.905345407500148,-3.2320260845838438,45.437899869446575,10.939016900603475,0.7058867421417236,0.0,-4.2717460583325435,0.4072622403949073,0.0,3.5026283989673943
10,196,10.951885796756933,-194.09794938979428,28.62157680299883,-26.300334646405236,105.90667843527498,7.147401310250794,1.861037360497738,0.0,-8.830999609319266,-1.9509680025959204,0.0,6.454768344019582
10,129,0.1590656923664669,45.10484679653936,-3.118271276885715,-12.200611149018048,114.91972368441947,5.801900130791412,2.0771836523666347,0.0,-6.9538976775350525,1.241238718883892,0.0,5.332772930690499
10,305,-8.303852484075405,66.6704152519136,-2.7247930228932162,-20.831788443314018,135.50644174693326,2.6039578893756405,2.5266038975433003,0.0,-9.833554064925176,1.857828260679175,0.0,6.775193265856759
10,155,-20.151824956797178,223.97438289344487,-22.434762203019503,0.8370028767745503,27.219140898956358,13.249785357059054,0.7291306593543742,0.0,-4.448783770977657,3.5204248946657932,0.0,3.494322780272249
10,120,5.096597039366435,-13.188300604365107,-4.62531115636016,-6.55175648286231,93.55970875256375,9.222986345564824,1.5588612490356621,0.0,-5.466858745254896,0.28898212001924906,0.0,4.388724268856608
10,218,-11.277198921075735,77.98746388718394,-0.6279503085391862,-16.510749623663365,118.48150380482501,1.9053859785982734,2.2542423447494495,0.0,-8.262857696450268,1.8517118601938123,0.0,6.104747268234493
10,125,-1.309953388598457,44.04818398732532,-10.494383318682155,-1.9512836516723324,57.397791414537465,9.77841864431861,0.9792416699152293,0.0,-4.653367442986781,0.9958319178836794,0.0,3.775327486935777
10,260,23.840686080819687,-355.18390779833305,37.412887069466244,-15.021062104812124,86.43931445492412,4.224300687125359,1.4830563628280058,0.0,-6.771671274790631,-4.387901704456867,0.0,5.02264641644705
10,122,1.5944619211985172,-22.79739383673103,-0.1154110548906811,-14.00593229308627,115.09586194164875,4.996742367669831,1.9897571169143338,0.0,-6.911667238221903,0.2817969367939588,0.0,5.345135724484707
10,078,-30.233432576923583,358.5905152568874,-29.12012189086159,-9.72348614413555,101.08711810981656,13.22078789315598,1.828401308426383,0.0,-7.39906003658945,5.280003624097337,0.0,5.2937925154854435
10,252,-62.19382384429262,721.1290138673236,-29.149433092555697,12.756292306160702,152.04378280932886,22.745499768089452,2.1552419203764295,0.0,-7.579316732543261,9.762839194523563,0.0,5.216955548527551
10,291,0.6937590433492177,12.547848525047389,2.136824065221673,-11.518100656165306,117.0053190380197,-3.869354280159582,2.1645425411487884,0.0,-8.467442903931621,0.9811222468375127,0.0,6.387003220913009
10,162,-33.39324595469701,371.9649886263552,-21.99647752328642,-0.5016801021323403,111.05766702945832,15.529449995402281,2.0209048617625376,0.0,-7.2952949625527985,5.691040515664823,0.0,5.265550591110227
10,215,6.213681665049125,-101.01943516909098,15.285275501931775,-17.530647640231322,131.91335210641768,-3.5031749251049575,2.5269967720378532,0.0,-10.763711101128989,-0.3618832123530964,0.0,7.218787933238604
10,217,-9.342791966238364,90.09604993505494,-2.7015066214609407,-18.128666034763167,115.57992916121893,12.272456603175394,2.2688956133285436,0.0,-8.226264124176392,1.9733271245800093,0.0,6.156278831722155
10,030,8.15147859019316,-80.21749666194877,7.150931677755648,-17.645459301312137,120.44728413024369,0.24792418059092558,2.0351178670139025,0.0,-7.71426993908418,-0.48347802784671157,0.0,5.710626859001888
10,062,-20.583286136228075,193.5284095358961,-13.898064024229338,-12.256569627704827,113.02569451123351,20.93191426019528,2.1860848327779925,0.0,-7.191471327784582,3.2927323922466933,0.0,5.596000162085728
10,054,-11.592139520290692,119.07052278021094,1.9763198055640598,-13.949992487708794,113.78593480093478,8.953849787961154,2.1505120925921606,0.0,-7.515235940691144,2.383010080305588,0.0,5.389935898882589
10,337,-50.30230197583194,760.9446388816602,-59.098844174977884,-0.9442704303062914,173.2539740852904,13.797132566846205,2.1420899254788877,0.0,-7.814021511089669,9.843921360994162,0.0,5.738564804026
10,244,-23.999237400627937,404.9530733494613,-23.316513930426762,-3.710767107551911,130.95406305140327,12.707199098557682,2.37422435727162,0.0,-7.8289410461553395,6.208617925837373,0.0,5.571526911519239
10,175,26.62719045247829,-293.60288322880655,22.71701837728022,-16.939178521976,101.2189515056163,-0.15550245721308142,1.4041957274867465,0.0,-4.632992019834217,-3.585595329328158,0.0,3.8232416091424484
10,109,2.860050841536549,-67.46874241140885,1.4386413338693682,-12.050566970722912,71.51196402003208,11.073187466462882,1.0240991918547002,0.0,-4.484005153773989,-0.6399970960846098,0.0,3.5318443733324587
10,047,-3.308889285951855,16.32793633681875,-4.134470654288231,-12.58675484648269,113.74326223203936,8.078387578467833,2.0116858708963217,0.0,-7.940179433374365,0.8939104216682472,0.0,5.769856958824799
10,231,-13.572257916562227,194.56703613534802,-2.0597333926276367,-13.669509139998949,147.28912950351625,10.483096322022364,2.658249285750805,0.0,-9.25919363080414,3.6274086788452626,0.0,6.6723574564606976
10,092,21.521587454941187,-289.5564589180773,16.626405982475998,-11.481900436328548,107.31250545438444,3.597412432239751,1.4570547290388547,0.0,-4.802750848210902,-3.6565656245316798,0.0,3.9455508483104422
10,005,25.7875710857693,-302.0518620574225,16.18862445350872,-19.871660071400306,116.92860769069283,-1.4920172376381096,1.5133277517066746,0.0,-4.617600403368438,-3.750119232623468,0.0,3.791112205947277
10,265,19.486879180873807,-274.64996381627526,28.32785015526217,-16.29468711080916,98.64680789531936,-2.5254626466996166,1.788334425844083,0.0,-6.462754276006367,-3.130807709306299,0.0,5.065349787512363
10,096,14.786810765290578,-311.29651980391526,31.251528265914587,-12.47137000885245,101.314107094656,0.8149551947463163,1.4079572140876606,0.0,-5.683096248919512,-3.889748768281248,0.0,4.582953501456481
10,073,-19.176746831969066,262.3284220549647,-26.9486036367211,-0.6346299167760701,56.69726708794313,17.43204462734103,1.1953676995146063,0.0,-5.10073188100507,4.081539621946726,0.0,3.8449235788836225
10,071,-22.563425866486185,277.9267499989537,-24.823571261740007,-14.526713467427095,115.3310497811992,13.78207426141898,2.0211045130803047,0.0,-7.540752456466753,4.584563265818298,0.0,5.489678607653399
10,123,2.532284262218166,-45.28296741967767,9.200219326215368,-13.868973873739321,110.23983373755296,-8.831325382864252,1.9121785956838155,0.0,-7.1712249069922835,-0.0762861621760953,0.0,5.458820946038188
10,185,19.146326396170323,-274.18840424400634,31.867929219633016,-15.460526902261023,101.19339562717578,-6.840894695217422,1.7697097953151535,0.0,-6.852361478281284,-3.20627796241485,0.0,5.060624064865699
10,028,7.711970203327272,-115.28221749039152,12.601826987188812,-20.591833878098964,106.56803740673934,7.07449666858755,1.6277958246970925,0.0,-6.350029309816661,-1.1948899993583548,0.0,4.777901140755165
10,224,-23.39007780983973,192.43427705779288,-15.683497883386568,-16.100621396429972,117.02292754066238,10.783864689177422,2.1697338008341704,0.0,-7.632781286836781,3.512589522078497,0.0,5.580956562336179
10,180,27.962093640511874,-365.19996721323093,41.40187767903008,-26.321036842272214,89.46249173821685,1.8771162924055185,1.7426677757350892,0.0,-7.32343058814749,-4.282005425593667,0.0,5.31353322701418
10,148,-16.955133105317625,214.52222919289164,-22.53986462006071,3.1897973715329577,60.5875367190498,12.47952422191537,1.2724945886631955,0.0,-5.357483772131455,3.541441411582917,0.0,4.080122097242612
10,012,9.423222796460024,-157.29643636582026,11.318717240654806,-12.77959205729869,65.3888734776541,3.687858046899352,0.8424083155796549,0.0,-4.0465037647835125,-1.8814738187834026,0.0,3.2988159499875493
10,082,-56.947101155575936,435.7242483842716,-49.091303345972634,10.66559713786714,75.73450524608704,3.9189098388175485,1.0845466089231903,0.0,-4.845988324351582,6.038790224226133,0.0,3.800143279482188
10,128,-4.420786571617669,60.474245752557295,-4.309888682827144,-10.91382249406917,106.85819852765714,11.25880309301743,1.930155538404744,0.0,-6.325272131344272,1.3995193278863387,0.0,4.999755373891825
10,110,3.9867654844489655,-72.37300979201899,4.9809909728811474,-15.469784347802214,82.03350005411632,8.575608739403382,1.238106788966558,0.0,-4.885107915318751,-0.7170388956843997,0.0,3.897615690574972
10,143,-16.040202745581446,187.8535974547426,-10.08982077867222,-12.114518161233393,105.81157241085558,11.89542231705259,2.068555757948764,0.0,-6.9729094346732605,3.248298536944452,0.0,5.260773238664228
10,315,-23.250632238760858,291.0922044337532,-17.53310605109538,-7.878631242787948,123.18145696235347,9.89104246647823,2.252129496297945,0.0,-7.7407739776540465,4.6759483512684,0.0,5.758059229895691
10,034,-0.8461933629421279,0.2748891310722973,-8.14070731126058,-7.035020527027566,67.6124402619756,13.066106832364783,1.049169550365888,0.0,-4.660169614165383,0.3397011051447886,0.0,3.7378363128348258
10,135,-4.7491666995247925,129.07217895216624,-14.169859131386108,-4.681022981536846,100.02400366117955,7.459025209689292,1.8522848567584351,0.0,-6.15540238220982,2.5055287529414376,0.0,4.841961495642288
10,220,-0.2206520482422083,66.6936234487025,-9.619268311077452,-9.996449620775184,116.93066420565519,11.359006610662805,2.3508568892825554,0.0,-9.097943284063343,1.6376136735195324,0.0,6.430292563506182
10,101,16.666277011445636,-200.34374020655838,9.314665016474073,-20.37453533746383,109.06167401955352,-1.6688972406523197,1.521457478986622,0.0,-5.050982888238636,-2.5497110551767013,0.0,4.143134327708056
10,312,-21.85677793519952,171.810346552988,-17.57545602736549,-10.646555364684337,132.098222925923,3.6943935863894577,2.4596380320488627,0.0,-8.531651563495567,3.274031632501394,0.0,6.253805149490114
10,306,-8.048119072107022,57.202984066150094,5.126693393020746,-19.38816661097877,132.10413583558307,2.400615134360136,2.5419834418136,0.0,-9.591604177785886,1.718339791671191,0.0,6.9197489322605685
10,241,-34.423592474937756,365.30441782345764,-19.95469690274917,-15.470216574053271,109.8311675420867,-0.174485725223676,2.0109443276783967,0.0,-7.696318662630773,5.438338854098253,0.0,5.426792635821581
10,310,-15.427178738791586,187.23166328215868,-13.521746656611537,-13.613208344333282,126.57927445712663,1.7903219590202872,2.2548631168515794,0.0,-8.578621438627739,3.4614693415253246,0.0,6.305776687982499
10,043,1.6401882944503106,51.74656761589965,-7.122851263865834,-4.784064967215391,93.7811070066257,5.8868535044613015,1.628685086680861,0.0,-5.925980397251681,1.2891381733892229,0.0,4.5524283385019375
10,019,19.273856459680523,-229.55628335872538,20.85778040905194,-9.118362238997971,106.51820984730787,-3.5850563575361294,1.8006338234213404,0.0,-5.98320426836082,-2.7022568143193206,0.0,4.471925378547075
10,184,18.580563075291735,-271.6650030796965,26.0706694624308,-17.322388485525593,108.19562907499557,-3.13327377345054,1.774563288836275,0.0,-6.564465012627529,-2.98762209644833,0.0,4.966976513394265
10,074,-14.21851026365768,292.0518210729092,-26.111481188787952,6.651971005630644,77.62580856794963,13.18353782564357,1.5495448055462977,0.0,-5.622265608346664,4.546596526098823,0.0,4.285441776943157
10,247,-27.026384961310086,421.3151530507114,-25.679069936185115,-1.9889098318653278,136.64384981759943,15.328943510516625,2.383542822938634,0.0,-7.886712941179855,6.269759981730039,0.0,5.690775895192216
10,255,-57.079982260248904,780.925866771879,-43.08338305896376,-7.162485953681642,178.15435001754898,18.49479761127471,2.19869815605961,0.0,-7.5780396012454965,10.210895579954016,0.0,5.6201870751139795
10,119,0.9964494511797224,-12.735097931538213,-3.4673152423877407,-5.393230976815403,79.05366561520135,17.642759570560973,1.2521832712397967,0.0,-5.1156266850013274,0.2688793751977955,0.0,3.9849869249971994
10,016,14.776363182531663,-206.10518603264651,14.69148747662668,-14.929491702578778,104.89275615272598,3.422484196812005,1.5667349504381196,0.0,-5.037749626514967,-2.437910330785897,0.0,4.090372971533547
10,246,-39.79046565474769,411.3900113564686,-25.551058595255704,-7.986391612179886,129.24660341160063,8.778765243327257,2.2307953496887687,0.0,-7.860268167829448,6.296076784507827,0.0,5.719321486477955
10,124,-4.512591357824743,50.43008386168037,-10.003711336143327,-2.5634154544126826,40.14214399220284,14.480754833319091,0.7381060248825078,0.0,-4.254362878175759,0.9600064926876425,0.0,3.4455252487480506
10,199,7.940808531329796,-49.71563302054484,1.1506024297931787,-14.179580645702986,131.02921079505964,1.5146059677451644,2.3407184838131636,0.0,-8.199957431083273,0.018080075483560387,0.0,5.853844964228285
10,279,14.368518796376094,-224.1999844255854,22.2313582012548,-20.56721499338204,101.62417418793365,14.274653847996849,1.9334196801736618,0.0,-9.03948494823967,-2.3435375165451204,0.0,6.339905360177228
10,039,-5.858910811382459,-18.769586815772037,9.583008938489796,-18.353995050534984,124.86098114112718,2.6179754410173173,2.306679342454991,0.0,-7.906281648873986,0.3441301694826425,0.0,5.717546673449064
10,259,18.972252418416964,-355.61942629909896,37.8272730262915,-19.94532806607438,84.89140215815415,-3.3518468137241015,1.6901892000546201,0.0,-6.336362251979995,-4.243637741372763,0.0,4.889983231541292
10,273,21.702478483741118,-331.1550348933491,42.0543587243137,-10.102580050704228,76.35007839544545,3.9099930372782206,1.7998490558892675,0.0,-8.348884914540557,-3.670543968983038,0.0,5.97996116820431
10,230,-13.923484559196611,164.88520981441485,-7.805304475109187,-14.98862173450507,127.60211109296323,17.315841010596717,2.391158445056516,0.0,-8.623370746518487,3.0747860368523874,0.0,6.412463059226917
10,307,-23.980776062828422,182.59742964155873,-6.819672634423522,-15.690038698610854,113.0313172905619,15.156019578193233,2.098429741286706,0.0,-7.622043920405962,3.354075114981392,0.0,5.556493460192969
10,293,0.9371298299476811,-50.3416711292113,11.674854972515295,-20.546193792380947,120.5981466349949,-2.7783819529522944,2.3236194763844398,0.0,-9.121972428380905,0.21597233512963832,0.0,6.601584946985047
10,068,-26.48764433662696,265.95925541171357,-11.247331700154824,-11.846478868154852,105.26245179111376,11.10603124638215,1.9739678773019222,0.0,-6.740082049208346,4.284864322951804,0.0,5.176045160621533
10,147,-27.11284408905794,191.61090748839715,-17.06469928275375,1.9152439215766024,34.37938261939799,11.907149537308877,0.8798863717095483,0.0,-4.801192323788397,3.0131008810370354,0.0,3.7739107004261796
10,038,2.5862105330984115,2.7129364561252225,-7.341727633685002,-13.427781876133912,117.03588479216114,0.12809714028491515,2.1253835876982894,0.0,-7.285926489424681,0.5785072994796998,0.0,5.537519541135138
10,145,-5.266529190450633,181.53106986481555,-20.53275271040649,-3.3990283136270856,106.21412473876038,9.26491369039604,1.9954373366637652,0.0,-7.0819770340038,3.2111979537722917,0.0,5.394863156215877
10,049,-5.685760118172426,118.70499335070296,-21.21166422061794,7.061122803112292,69.31599222229453,22.661068324110182,1.3302579132365553,0.0,-5.34963302042035,2.2052681976448087,0.0,4.115677169454208
10,095,21.51958527512976,-302.47926704967153,25.658975661132473,-21.662649859389944,107.34322918619326,-0.500752641934656,1.5297241843370928,0.0,-5.5681854999005695,-3.6272631224930545,0.0,4.27854029367323
10,208,-5.8198892256254355,1.0323706052893795,6.671814430600799,-16.74579054626346,109.38354565494879,-4.206634479216568,1.9887103772957482,0.0,-8.147221120722213,0.6422465129091719,0.0,6.032836196006825
10,261,20.50072349124884,-383.48586317504606,49.27323957383143,-20.246952585831984,94.23950290819609,5.201868228433332,1.8669759629577167,0.0,-6.8534335638899995,-4.581321044721113,0.0,5.031267851560241
10,257,22.603477399583724,-339.90174079113797,28.085633926443187,-14.142828193139815,95.98551024952296,2.3657362242774225,1.677789084852944,0.0,-6.107317840271843,-3.844448676267839,0.0,4.74211461962651
10,179,26.969765679952612,-368.4724326464086,26.324915845730906,-23.17745487952687,104.21212386757385,7.01602607265769,1.7555319416138642,0.0,-6.619413371298769,-4.449762828837141,0.0,4.95688260862184
10,182,29.060819408585015,-397.5358750834613,34.35569544916652,-16.835272500564137,94.40509848279419,-1.7077055248501514,1.8443079084954568,0.0,-7.418597498838945,-4.528725661935555,0.0,5.5993363395111695
10,146,-17.730053756995527,185.56411765040212,-14.802505395220715,-13.066890143528216,110.44113109498758,9.94580100473147,2.079804685543118,0.0,-7.265760362489223,3.3323946436274667,0.0,5.5934131036995485
10,304,-11.080333605979236,91.83117589551397,-1.909485439351514,-17.11187689721058,133.1605986121066,9.112680459816076,2.533635547072028,0.0,-9.59176436896644,2.133945847257273,0.0,6.830717961679444
10,130,-7.644867839456748,30.80169382259866,1.836704931793997,-14.42833113816363,110.05648739294757,8.54100631268188,1.973282569816714,0.0,-7.326014871859334,1.025497598844064,0.0,5.538709688241455
10,334,-102.21119442046846,720.4217625490867,-63.78628155333128,-2.247034934188374,177.50423386662726,19.150184554981973,1.9903861965678886,0.0,-7.737480354006928,9.555161258551005,0.0,5.184809640094383
10,216,-7.425483329820257,91.18216311212635,0.22046722581851141,-13.010040817689124,119.048854449816,4.345068068878426,2.2520433116314384,0.0,-8.146243578736003,2.0435727228651315,0.0,5.853341857347472
10,087,-41.71211315562595,602.0765934849277,-40.500772010225965,2.134156763455025,115.83061562599067,18.522295919676957,1.584919689734407,0.0,-6.644829416976154,8.067779475798801,0.0,4.907978501985189
10,296,-0.836797792793178,-91.23751044698987,11.439761961301567,-19.88088580732698,125.00015252985396,6.933977293353276,2.4161362119665393,0.0,-10.079998831093476,-0.35554253708459427,0.0,7.04437758659613
10,050,0.09884882088075608,122.75821569040974,-13.052512308796217,1.294548219538342,81.2258283169468,16.200837789666345,1.5337833422021578,0.0,-5.82095593551216,2.274056486911226,0.0,4.434720846176891
10,267,24.669938696471057,-270.83616647332013,32.1994988491773,-18.88365619053905,92.74152982093366,-0.5881379246101148,1.7063920234817,0.0,-7.331405304078569,-3.1582096368083463,0.0,5.193086666640295
10,080,-15.741329203736965,339.0085399543861,-44.08656988165228,15.150462273124571,10.292569524022941,10.329410286691783,0.22904354292085927,0.0,-3.9956794437788865,4.780222005801151,0.0,3.1087610738001916
10,286,-1.2220717704284936,-110.46031572646639,8.86087235306757,-21.91260800811242,137.68641110455252,-2.6607435457205675,2.796784818919644,0.0,-9.613320985834818,-0.6219976741545641,0.0,6.824845680627477
10,256,11.707506985950964,-324.7187250463364,39.948654248421484,-19.316682241643782,98.25405909962525,0.5367542604725855,1.5855544877643166,0.0,-5.817304324454297,-3.871209311279588,0.0,4.534558949057656
10,114,8.724685097961286,-118.25937042076974,11.506595096243453,-12.371656701269478,101.03237690181192,-4.056599959039286,1.4799737297594717,0.0,-6.270218556963744,-1.2130499568771653,0.0,4.782255789654828
10,118,0.04662539138563604,-6.449329663137189,-6.6318352674823515,-13.187994664532923,58.66015178893209,15.323561465108783,0.9516165292142353,0.0,-4.551972622524571,0.19761293620144527,0.0,3.741090500776941
10,239,-33.24027279365153,288.8513757432188,-10.855050976899784,-15.371269378764438,127.845995558123,10.063350438224964,2.425120062656587,0.0,-9.079120597358896,4.709120129720062,0.0,6.301582700991407
10,051,-6.574165698200499,134.63256136065584,-9.55704195206605,-5.5588300320007775,95.411263994308,12.897259490316673,1.8601082870927488,0.0,-6.232078492118726,2.450833827916658,0.0,4.957371045401059
10,245,-36.126727950281,386.39254022891913,-26.37484840831691,-13.57223276485972,124.55178864786089,16.272755075768245,2.1104375481613595,0.0,-7.82122521297406,5.804551962416986,0.0,5.695900776591899
10,097,7.639028270152425,-145.38563723286262,10.963811457878938,-10.437750817325686,48.948867628639455,9.584744211370603,0.5199889949570585,0.0,-3.7764779428287523,-1.8456269740473878,0.0,3.0729708530049233
10,059,-15.904754411752752,199.18590810211037,-18.054554530857317,-4.874198273490909,100.02097783337368,12.069666509048863,2.000856726029273,0.0,-6.72405306245789,3.3904326569337826,0.0,4.939443995432358
10,225,-22.66043515429702,202.65111443658466,-20.35726654534468,-13.860543149021442,120.79156181895699,17.009826505097973,2.2880564326404005,0.0,-8.31872049262757,3.6040411350685426,0.0,5.988127284029326
10,318,-13.010437263346143,316.5511607306704,-24.704471882144677,-5.01177429171023,138.95947950337757,15.273740123163984,2.5358004176493765,0.0,-8.045593653317248,5.012892744403881,0.0,6.015414285510507
10,195,6.406734117212901,-210.82025297490003,36.48913197396154,-20.204984327831067,98.52937348966394,-4.45489659058337,1.8209196462912935,0.0,-8.647950222303775,-2.3038579322560464,0.0,6.1555475869122
10,278,9.025405493028863,-185.88409584784213,27.05642309177218,-18.485204271810414,109.25907394073923,1.667330654552063,2.0044196745659777,0.0,-9.142164147359722,-1.7945269448587697,0.0,6.51517062288983
10,025,4.232682618360682,-71.51613832974145,5.317458671202711,-13.797625957981483,101.08082340378874,1.6737747748728418,1.56084567399303,0.0,-5.157777430339601,-0.6491687986079494,0.0,4.190486623705885
10,276,10.341450451468022,-179.60088224695212,25.288909911758406,-17.665389011177048,112.64754949818447,-3.6521267818936227,1.900745423566442,0.0,-8.287972721752874,-1.7581279936346683,0.0,5.9899757529376725
10,170,-57.91425564189172,611.4106507038473,-42.27981917354299,-1.8440841802291412,124.70988624281428,17.390425956402638,1.7950167430574537,0.0,-6.810593912822846,8.233567777280909,0.0,4.8503653778346205
10,324,-27.825904615391494,405.9118597167648,-22.56181746425484,-5.529525036057438,128.58775703622126,7.6823699703214645,2.4474979314250627,0.0,-7.722492313435174,6.104880793318863,0.0,5.564931311746427
10,226,-13.15426065782445,197.85179006882987,-14.624375778456336,-14.513586853809125,123.30291420983254,11.979995762111582,2.2371709783102838,0.0,-8.085733601138028,3.6019723009615237,0.0,5.911655748159286
10,084,-52.7815657422778,533.2596183303283,-43.063994271743056,2.0758906517899405,102.94056032680123,13.52525568115101,1.566115688454035,0.0,-5.748656462337018,7.386116854546997,0.0,4.403719584073339
10,295,-6.904961385778133,-83.08928745463957,23.35758482492228,-28.09898657331395,125.607516202037,2.114559421558364,2.4382218910882423,0.0,-10.107239865646262,-0.25767029298945954,0.0,7.104062251504094
10,091,15.246985052474557,-265.53488860543433,15.22299335662602,-17.044402361210608,79.61043637677763,0.24637727243209318,1.2308947131118182,0.0,-4.639340483739669,-3.1049580135125017,0.0,3.710995197038236
10,057,-8.838323396853188,166.38133151564514,-16.12253027245579,0.563583597227511,66.6060777125218,12.861156705938777,1.252495571239033,0.0,-5.1864959741692624,2.881936594560573,0.0,4.041478864701305
10,069,-23.460600437535113,255.30129016131113,-12.398024026996385,-10.74703067222955,103.63318584771329,11.375210678885228,1.9040915133508385,0.0,-6.771000884097819,4.2443864635909545,0.0,5.09579241237981
10,133,-4.6647257723721065,109.30037121968556,-12.90599620197267,0.45337768380861876,59.40573511188932,11.941508933471503,1.229560141009799,0.0,-5.009529023261881,1.910602020630483,0.0,4.069586795851698
10,072,-14.36582596139174,218.92492709891516,-19.63156858261389,2.679685167454651,23.01650927859725,10.386055770917638,0.6977177161752204,0.0,-4.47533782635754,3.418085169291996,0.0,3.5629307399653967
10,139,-11.887919042327468,146.43881699546807,-19.812503394575014,2.0582724936930124,43.364078825250076,13.704385941025615,0.9230468462459761,0.0,-4.78172426048262,2.4452060921047343,0.0,3.6873894337128683
10,332,-93.30157131911166,688.421557562946,-76.95219747973543,14.802607679997042,170.0088604316062,23.954199283973647,2.052151711122504,0.0,-7.076433934272601,9.389838981076744,0.0,5.083804655743604
10,271,31.474581649630498,-329.79351206223043,37.45731571628545,-12.231497292810387,94.41948997179348,11.92164409218734,1.73813459119759,0.0,-8.071207301970338,-3.6838254930944894,0.0,5.929494713082136
10,052,-8.458372911256474,142.4630455981444,-14.012684363982077,-10.31742490402792,114.73606955993398,11.876322283001324,2.1108085585794654,0.0,-6.753284680038506,2.713754971377689,0.0,5.2453481373132895
10,042,-2.28856275328934,57.61014553643065,-11.897249732882123,-6.298174346648361,77.18560716560019,17.262851159050864,1.3983564184287582,0.0,-5.428778710943377,1.2452926034578082,0.0,4.204443302336675
10,115,8.418499403881045,-148.22440793246636,16.08834381085034,-18.287081713572785,97.38397798693157,2.851050026848362,1.4949205518479503,0.0,-6.780709855067838,-1.6135829435213096,0.0,5.119149764449213
10,213,14.170155966493663,-89.33327636106822,7.733682784265296,-12.057054312912863,120.84554130906459,4.273924329775719,2.3567633031580444,0.0,-10.379437554668774,-0.36277289999648876,0.0,7.044582205925066
10,060,-16.045580546359034,226.7854597886355,-18.40379335037433,-8.772657384314702,123.23644457610547,17.47349157765991,2.303999904214128,0.0,-6.983211600114796,3.8810983484346804,0.0,5.471719337381568
10,328,-29.84196569949604,414.4005797794099,-27.16858678000503,-16.568052476550907,132.47943049141497,9.560134509917702,2.4537468499303063,0.0,-7.9499117291858346,6.192060011824699,0.0,5.934656621849158
10,066,-10.107446514754464,232.95234423881692,-21.506277506407237,-1.8231004192170046,76.80488415202784,11.709985296016198,1.611705220224421,0.0,-6.1394560390721145,3.7023040854455127,0.0,4.6488255521695345
10,210,0.40873240869207517,-37.04675048935126,8.646670462267979,-16.891572100445796,121.8778337786493,-6.859318014102362,2.1279563814288123,0.0,-9.282243380954677,0.33707997161416436,0.0,6.6318184402905915
10,285,4.197322382401951,-146.78460712238817,22.87562881433436,-21.338393230481515,128.6575136793331,0.0006041906106171169,2.31644490539222,0.0,-9.027471121337703,-1.1573130732449746,0.0,6.476398533237935
10,076,-28.146104708205385,352.7372095654654,-29.885477648524276,-11.567289691564547,111.38236558736124,6.733398416820421,1.9221213218304893,0.0,-6.5445454624027,5.563081865010723,0.0,4.84525431437093
10,294,6.821540521635842,-67.67554056779376,6.090171493176659,-10.3625184823918,121.9251532478621,-5.717202908819104,2.2288081616491064,0.0,-9.262006024578287,-0.19956446527329375,0.0,6.814105766990538
10,176,11.703026194895836,-336.9575128887366,22.69504288989602,-19.10037813936995,93.4732200037558,-1.2541215868091702,1.7663800104412457,0.0,-6.094286490724511,-3.989815763069908,0.0,4.512407654525438
10,302,-13.218731564586932,75.85887021937143,2.0381896939723516,-19.677892473879044,117.32221943014818,3.620430657265291,2.194117019240695,0.0,-8.301645169169205,1.8390372778713964,0.0,6.108818013639182
10,044,-5.743906255731218,77.91231210563129,-11.757296437653686,-13.323691253901934,116.44598424563942,8.443925710636307,2.106188167793931,0.0,-6.3943506620642,1.7518953147385268,0.0,5.081174831748773
10,058,-11.363662518414658,184.12739693067573,-18.077048821547294,-7.095546185028892,79.70881178664543,16.584794010829782,1.5782868260028389,0.0,-5.7783881800290855,3.1021669358862662,0.0,4.5535557346921856
10,018,13.73179580877639,-213.40091603008477,18.34146447706957,-14.822975053574984,112.09166811755053,-2.6911946848618764,1.6375797239385936,0.0,-5.357566953928829,-2.5593289917349518,0.0,4.469090979919316
10,232,-24.945959624081983,279.7010159226789,-19.642623975055187,-7.4319019263392825,114.56395789328292,14.80833680273605,2.1235632275227214,0.0,-7.659786098969989,4.615405865110893,0.0,5.677260711849033
10,171,12.396070678684115,-218.2660116866863,18.822036033398614,-8.207768116470273,46.52374145414526,3.351071982707079,0.533867609072159,0.0,-3.487611926649491,-2.8808734919692314,0.0,2.987171859231997
10,090,24.069381885018394,-250.1856287408394,13.370877513699096,-4.398986990685869,64.45722167813454,14.684344655047845,0.935359018165505,0.0,-4.142604678921684,-3.003729344691976,0.0,3.362996083817953
10,214,8.420165429101395,-125.22694866665667,10.40704894075803,-20.40511823315739,114.70406889577353,5.9746483137749244,2.2277824046604495,0.0,-9.708330877616346,-0.9195461477969444,0.0,6.89946451292323
10,006,22.14351271004992,-313.23025310641,12.67626721818786,-18.200278863434463,115.27869763840673,5.429844334897913,1.6334057922358753,0.0,-4.903048785888689,-3.8999602817779513,0.0,3.9776442072099267
10,319,-21.018206760782977,299.89986680449846,-26.67669397208052,-6.230396564824348,134.9513154311433,10.11197455224371,2.5143410318789927,0.0,-8.933895008116428,4.9063617804471455,0.0,6.031765197798537
10,085,-54.13995582513965,549.2745093601294,-43.038380207321296,1.7962763562472372,99.86806202776766,14.510778457400782,1.6264300227921613,0.0,-6.306003930580716,7.353139622174775,0.0,4.600330539264011
10,126,-4.051887343854656,64.26287389588342,-9.642793045175633,-5.927947398933882,75.29136963575905,13.00656204161779,1.3594848435401934,0.0,-5.373423814273611,1.3269152260221893,0.0,4.257850993837351
10,316,-27.669054610955595,302.1793187776145,-20.10889048784041,-12.916423721026,131.0018642252388,10.04761687103161,2.4295529259482493,0.0,-8.229813326278133,4.865935235806041,0.0,5.832501135386253
10,320,-27.489406096571212,296.4193756565756,-23.74008812895451,-11.249983143142513,130.01606008282747,16.076449173876913,2.401497683151059,0.0,-8.34636211067709,4.8717802408192,0.0,6.1043719591201775
10,235,-25.3292082630106,308.1544899198747,-16.005656184641957,-11.319075341814111,133.70211477113338,9.849453646095062,2.4829383621249383,0.0,-8.583214670623777,5.027677457090638,0.0,5.916281032347328
10,009,35.86395446559959,-317.3499619049252,26.56478590011804,-12.75480006918567,83.28334284372133,0.4346989788026878,1.5674940527466381,0.0,-5.6511636439787205,-3.8724577718138606,0.0,4.508912968408657
10,321,-23.072135098255675,278.93135994707274,-3.6843946292301952,-10.16732200705906,123.18561597061394,9.715401645288988,2.344829672056714,0.0,-8.25248831924363,4.598935235399163,0.0,6.198347364288438
10,192,15.948972988059477,-326.5888582000022,33.850923346214884,-9.915070254494331,80.77908559225195,1.1240319282900337,1.7412755328553569,0.0,-8.362274476760726,-3.6820415864850924,0.0,5.946554123838376
10,046,-2.7628902817363152,53.14984386534299,-1.0511457049272384,-11.976750973370951,119.13252434510439,6.075959851081056,2.0940957648944543,0.0,-7.5272315812603345,1.437462726770042,0.0,5.753779285272495
10,161,-38.32182243921581,368.55314118005657,-33.327483528575875,-8.35610959730376,98.00066204993611,12.442421000780984,1.85384151293507,0.0,-7.347508656119986,5.607423576199859,0.0,5.136777993986802
10,153,-22.39543137693271,273.3759822763587,-15.293390976050464,-4.952463937714528,108.06353840467163,15.354026508231975,2.003002078084801,0.0,-7.241464405161655,4.396328618344284,0.0,5.481257014394908
10,269,29.128950159090895,-303.6470825006111,32.55400080581765,-14.0666783283176,80.9282806261409,1.7391527343317952,1.514448326058837,0.0,-7.237309315677853,-3.533964574074516,0.0,5.391733907147211
10,254,-52.995577594265555,753.7498722606292,-66.84764879540603,-6.228587399927147,212.2810035960468,14.161052417816645,1.9004629735666443,0.0,-7.424896673059183,9.430257178827606,0.0,5.47444823648353
10,301,-8.982473851074976,95.84958373695498,-2.6474389971905907,-16.282812491463762,122.59433215363724,-3.896611919329259,2.2657254434010636,0.0,-8.19921086984781,2.170085451781985,0.0,6.1302078975945875
10,236,-26.62467016889747,281.12826352177626,-13.843334005410789,-9.298398139036712,116.56983119368485,10.36256463561487,2.1840112999477928,0.0,-7.802371312957867,4.553524442279855,0.0,5.912918359332192
10,165,-18.079961827069567,430.3354448680132,-25.28629866617445,3.8292913244555473,64.25170010672451,13.198452165591146,0.9644964290413887,0.0,-4.80631061621577,6.093798141276374,0.0,3.59686818975338
10,270,24.578203513358872,-297.06978282224344,36.03667980122765,-9.819630658830057,78.23612170968832,9.846765961399495,1.6453497081243365,0.0,-7.662091370194506,-3.475311676873952,0.0,5.540828568689719
10,094,19.887568524436574,-299.69555628842414,21.901139944560455,-19.257599921908003,87.60629374324829,4.2863493428039785,1.4011419578286417,0.0,-5.035429726908864,-3.6991239590804788,0.0,4.093663732278579
10,104,13.065183917087932,-239.89087529369013,28.097790044373788,-26.430899300184056,116.1257727798979,-2.3826622186389947,1.695602814423121,0.0,-5.808917484693104,-2.9759401039177322,0.0,4.491647262607828
10,317,-33.40606185861707,318.0041246970906,-17.984205140136815,-18.720167447813314,126.5306246073822,8.658401369453742,2.4466365928890172,0.0,-8.546223574233249,5.0359385376378105,0.0,6.122173510327912
10,055,-10.615314012195972,118.06113887260506,-12.798115755730443,-12.323663416186308,121.06260086188534,10.810967764629488,2.2217688724589255,0.0,-7.50948393545416,2.328236556328072,0.0,5.815308543783221
10,015,13.101517885409935,-188.8057404115554,16.304548388203596,-17.108495340060788,100.16727057121501,2.5962237480287196,1.3760787269677364,0.0,-4.7205783826572425,-2.2864379997760573,0.0,3.7996272351069664
10,131,-6.646686766673702,16.215038989905644,3.1685017425816167,-16.510170612057554,104.62626415333612,-2.488272779841591,1.910404875312864,0.0,-7.689840081776496,0.8524303026526151,0.0,5.7302122116385465
10,325,-32.05647754225451,389.5379564177107,-30.26370271358612,-8.129219815956473,123.97899583465943,10.825356705396988,2.2816238856396165,0.0,-7.622786207818473,5.886303456879713,0.0,5.512757159468416
10,227,-25.993951055514096,197.23225572244095,-15.856173464226416,-15.613167125848557,124.25487862141526,16.06397059758917,2.3381675053023816,0.0,-8.318632264175163,3.6119636585838046,0.0,6.223166154994486
10,098,10.584691264014754,-160.15851825991192,10.704380533611872,-10.628957232833459,66.9433674014808,6.38537309143803,0.7775384643022905,0.0,-3.979847510361357,-1.9432644063201117,0.0,3.283237293682543
10,070,-17.88145117255085,279.9103747826503,-10.417594823126928,-14.57251217386656,111.4804112184415,3.683736406682293,2.1020270466776334,0.0,-7.518223570363549,4.551306837121454,0.0,5.567184967122806
10,160,-31.70340419038183,349.0729377009595,-38.29688028084223,-10.503387209226156,97.29076002101546,9.25172228675695,1.809902752576023,0.0,-6.726809442142986,5.173732376736401,0.0,5.145445211796899
10,061,-11.799775187338257,193.7628152934901,-12.436235445734807,-6.341093908681188,111.0313012678852,10.827877646190114,2.124819293342354,0.0,-6.872147378323022,3.3632401031600945,0.0,5.2699639341772
10,112,8.870402450636945,-102.3799516319667,10.308509495932881,-13.478780160726576,98.81656684368676,0.8120769630381335,1.315763723578182,0.0,-5.459938137182502,-1.133865273980395,0.0,4.4209675243756665
10,004,21.531445824194776,-263.46042402069963,27.53333102266874,-9.65907936323815,81.76073269706777,1.6178665995633381,1.218159459160994,0.0,-4.51588782136448,-3.175385020651124,0.0,3.717445232744415
10,138,-12.057186529608302,93.39719296297253,-1.2489434813008018,-14.063117667034549,110.9829713193646,-1.3152592945315966,2.0682822759655832,0.0,-7.435386243328489,1.9488061579684914,0.0,5.623930902659169
10,106,22.055985688675374,-259.40075612176474,27.0961473340394,-16.672804588550687,113.78326864566529,-0.10559620059990227,1.6901550288526082,0.0,-6.21176836167034,-2.9630313398753847,0.0,4.628114508069266
10,313,-10.061649976416337,189.72609783697723,-15.037581147927149,-10.377820175650628,134.28579080908102,4.94877096642153,2.6288463717811608,0.0,-8.782468224685063,3.442003155608511,0.0,6.493349860942557
10,282,1.095762257997614,-84.73918595918245,16.72289592638093,-23.65099150921391,124.23655776908578,-2.988868965998453,2.3317307853668185,0.0,-8.695792776851372,-0.5485247575003759,0.0,6.2525010586183285
10,243,-43.62996866127363,405.842448998666,-28.418689254472834,-14.297881658392813,132.26043350984813,17.328150675348382,2.4242618739080415,0.0,-7.782376091700541,6.265617927055665,0.0,5.484999843847919
10,330,-30.709725104365695,643.8757635612845,-48.50905589540304,0.8370107194189557,151.45896720885045,3.5453084043195817,1.8658613696569546,0.0,-6.819896388421168,8.677690781284701,0.0,5.0263973640168125
10,064,-16.456014755407132,195.90157427511969,-21.486664891369873,2.1098043227583907,41.56455817544174,13.022248621395114,0.899049789723701,0.0,-4.82158349490331,3.1306922923997216,0.0,3.6719520982524765
10,159,-25.6832573002469,333.7432281106489,-20.640122146675697,-9.637791511601538,97.75008563418719,10.805698470643378,1.8051609524108747,0.0,-6.689351826174272,5.151946053924839,0.0,4.811371378549816
10,132,-7.294729698874681,111.27888508049207,-11.507803764459062,-1.244001959125704,47.811010930157714,11.183511486941859,0.9569095602118403,0.0,-4.67342985997373,2.008635405773767,0.0,3.671937854198301
10,311,-13.60114507452895,177.24092314097467,-4.778731191275389,-7.835903977513494,118.00442801036647,10.689497397637254,2.24990529856794,0.0,-8.348611086488116,3.138093165003853,0.0,6.108095901396638
10,011,6.8388056967238295,-141.4770277858867,10.655659029186051,-11.108623218780961,47.12096045672441,6.7512926865213325,0.5570041446595608,0.0,-3.7701619400665116,-1.9023698884366305,0.0,3.031638271944028
10,045,-1.663210389956467,72.49973020260782,-12.442966604801006,-9.425041274893767,119.61142889515375,1.8724697291057932,2.100259060717745,0.0,-7.080658299358645,1.686333577087908,0.0,5.544184756890975
20,037,-3.042740833690804,44.181179556722384,-9.579867494114973,-9.491288832990426,103.23985050383159,8.369522802678015,1.8155213255286484,0.0,-4.486465414379112,1.1914921020775313,0.0,3.5006246991785304
20,209,1.1856205678511196,61.882043986260705,1.8821750726689606,-20.321673040840498,192.75092716496286,-10.667689705754647,3.7108379360933434,0.0,-8.23547592564621,2.0182076889768927,0.0,5.94268935557417
20,141,-15.641778500861932,175.91947887459057,-14.114231552943501,-17.66642888932633,161.43556016382595,14.746405741543459,3.1445567265357885,0.0,-6.864777804321919,3.469662864512828,0.0,4.91117796670383
20,151,-13.968116446149166,220.12651291316934,-30.78967202539192,-0.115050463615888,65.5111128297625,16.35416459276892,1.464031465924444,0.0,-4.302957644572766,3.6375926643142993,0.0,3.326748720737993
20,048,-9.022482769988919,137.667679457032,-9.485344345973683,-19.71573296483496,172.31940676140115,11.91873329167663,3.2342926055594274,0.0,-6.566868752974575,2.8660874652795485,0.0,4.809655040408048
20,193,6.247112962299804,-166.1212413360968,26.138964522597977,-22.47198064343151,213.2109238732497,-14.046568407520535,4.079366570852326,0.0,-9.016992556381773,-1.0211517425364378,0.0,6.2663295337534075
20,222,-20.472720416922932,310.5949163823743,-24.6939362360222,-15.7920819633005,206.56965720756637,10.619388953916815,3.8571600099671945,0.0,-7.852349368777217,5.297233361380978,0.0,5.661641093859233
20,205,-6.819473697200546,107.4082777149561,-8.159792481002965,-19.212507827142012,192.03526205194703,-3.607895440788647,3.5427818972869445,0.0,-7.3330619023109325,2.656415908754754,0.0,5.548161234128695
20,223,-12.403720737175625,276.48848279836426,-17.234050278180987,-14.107606467928546,187.58710034073448,12.630968931479455,3.73260363398699,0.0,-7.766623511537053,4.925229846512293,0.0,5.655878583375589
20,100,11.774279284609701,-218.66877417574847,20.96874407154939,-12.281171657095237,159.07235888075442,-10.065313634816459,2.5240748992478603,0.0,-4.9103753790927565,-2.5685527799543406,0.0,3.9469185595572878
20,014,7.185913743333279,-183.4645300819656,17.29146929524012,-15.365719136112297,125.65040775891951,-0.8285556354469383,1.9558683720526633,0.0,-4.2714594176612035,-2.1135312478136594,0.0,3.4424157918816336
20,075,-29.776825478781756,369.5200363797093,-26.331408615135402,-10.720908184068968,167.10927744004465,15.810897192754252,3.0778599755236797,0.0,-6.565346858732957,5.921930207860904,0.0,4.78061120155189
20,134,-2.8209853669156777,104.80865392147626,-14.958219748000154,-11.577023978948692,181.78877419129634,-2.083624871907803,3.542066035332393,0.0,-7.372805523452898,2.469539262915888,0.0,5.29115575138715
20,173,23.521386906335728,-377.13950066289385,36.651713402870435,-16.388546871061596,153.67246928409583,-9.711017912406781,2.856964158726707,0.0,-6.818432527874364,-4.116497128071396,0.0,5.064330979757754
20,099,11.20439621353334,-200.61120844970173,20.84748192660234,-20.356345523127818,153.3598994898019,-7.672475559971576,2.4660462247207584,0.0,-4.82002437430779,-2.1397537346104665,0.0,3.692711505503822
20,063,-12.237975792824466,288.6093730385017,-36.483683293045026,-7.49321147313427,165.28161678338643,11.647494728593921,3.0271453408963303,0.0,-5.91564032520161,4.7495126224638256,0.0,4.652070037968755
20,229,-17.69217661139826,387.0704243879465,-39.70945790652438,-2.2224144427767705,183.3894732417331,19.720984572129968,3.349557881649803,0.0,-7.016147859747399,6.211111916268334,0.0,5.201863102332698
20,105,2.1638144678102464,-64.354504682615,3.6362889533919813,-13.420617491797529,111.92342903753914,2.8806484715978793,1.7991792226721648,0.0,-4.202027337030801,-0.427145215720902,0.0,3.3904225622850857
20,136,-11.408205708574233,157.74237391699376,-17.641513785986454,-12.055509645308181,100.23718361348008,11.52338891985578,2.046892778438626,0.0,-4.938798589490221,2.8290024976384327,0.0,3.791835315066302
20,238,-52.33463975223047,729.6888223012903,-98.80721888470096,-6.278088855602812,204.37321289389521,11.115481579272664,2.765246139819932,0.0,-7.373973145235211,10.059890013334726,0.0,5.127209632426381
20,190,4.816601752121322,-69.38330748545307,7.45185721892996,-18.212587080189166,203.16773046278868,-15.310373899397835,3.714091625391485,0.0,-7.7604187759846015,0.15873980745698724,0.0,5.839747462114514
20,203,9.51128247292244,-69.03332981469555,9.652397822508116,-20.663980442424883,222.8528666186259,-18.978513728435864,4.1596188587807195,0.0,-9.46157334426443,0.4374162707495177,0.0,6.690200941531576
20,233,-17.033951944284006,412.8879404150061,-39.19769872158802,0.7204881437722728,201.164815993319,15.669310128113064,3.804215571905091,0.0,-7.504490771465003,6.400475823891426,0.0,5.424527246402539
20,032,3.4239182626927867,12.712083317118651,-6.567908830845493,-13.579946669376358,144.92179301370314,2.0378524748873383,2.566138152701522,0.0,-5.423762710606811,0.8156921823052272,0.0,4.212912051565679
20,056,-18.274840941680058,220.47746862650575,-19.568567015904776,-16.635767189425163,169.2950702906544,27.99893271394152,3.377567266804175,0.0,-6.670329952782427,3.9352780215937813,0.0,5.116307507705056
20,196,7.070257841747272,-184.8326310002656,26.370767285783156,-29.617205389106978,207.5359194968482,-16.94467939724264,4.236845901061335,0.0,-9.844556071726899,-1.1384974332377726,0.0,6.772590138873638
20,156,-32.806603376679035,354.85314458502705,-39.32001283194383,-11.739584384894517,156.7735647426743,4.033172702444597,2.8952540952653014,0.0,-6.458175664514455,5.812372582422328,0.0,4.79446084416745
20,022,1.5712146309524875,-61.602794011505786,1.398787165191925,-12.090070776073498,111.32033127039783,5.247415860932374,1.7934179662245224,0.0,-4.319061134469491,-0.4375609527084693,0.0,3.4053446206443247
20,120,-2.350609776220427,48.088067818657585,-10.076773208516679,-9.358071648487977,100.85981068293815,8.682231995793554,1.766344696800333,0.0,-4.418311081169197,1.204110088693581,0.0,3.5597872424288513
20,218,-17.498326706510746,302.0597098556597,-29.642258517482638,-9.454512314919157,192.7384772628187,7.81246002792519,3.645529781479701,0.0,-7.234324772231229,5.330206227173614,0.0,5.2760211340267205
20,125,3.1599222947161394,26.068816967471314,-4.295014272741057,-17.49239958125277,174.2120159527511,6.511773337891221,3.2869042601911658,0.0,-6.919241903664599,1.2038702560615795,0.0,5.150230033292432
20,093,6.381944417809742,-318.4526521934422,27.0202765342974,-15.159759148649549,122.7512883667551,-7.1406068359186055,2.3283676448392203,0.0,-5.327059169405739,-3.5220941206387844,0.0,4.1421729155597955
20,122,2.7003843928878055,45.26261446332591,-8.766357533222044,-7.1124689109416845,139.6893461797387,0.4265774240187441,2.5123993865171395,0.0,-5.500449758433909,1.3487768715311863,0.0,4.161022237305375
20,078,-19.246537092868415,367.96090304683423,-45.476626451954054,9.497986242466684,53.93450824422797,12.99173735589542,1.2565682238375024,0.0,-4.272908024597899,5.513309470401767,0.0,3.2804547924384577
20,177,18.410039673264563,-289.639617616955,38.35767680661395,-18.348167083248388,159.78883050071067,-15.412405478310486,2.98717132677995,0.0,-6.581904342622562,-3.015696982887534,0.0,4.812504363676417
20,217,-19.962475136359096,202.9393512543393,-11.20790171346578,-32.01206907859774,225.27087879846397,7.44207844272937,4.496742337891905,0.0,-9.142491043827743,4.180224828093688,0.0,6.2300519223575765
20,198,5.777306432691951,-22.40920283059057,1.1210099284920223,-16.482899043131173,194.00659284844897,-9.7554082942447,3.534194218473206,0.0,-7.800691873514319,0.9242923294739005,0.0,5.841313804304308
20,030,0.9226938438692209,0.04293652251277975,-8.839834088140059,-8.717989153484524,106.32265495893101,8.657908528812337,1.7910848209624783,0.0,-4.360268017365117,0.5798215752834004,0.0,3.4702618123766578
20,244,25.07091638058036,-363.55718807204147,41.42001353395116,-16.249140149202564,156.61103482240634,-4.146468658305776,2.9406655301161275,0.0,-6.712821941745168,-3.9343038577388545,0.0,4.866687991917157
20,175,21.58064931559845,-404.7266729394526,41.52406166485386,-22.517520405645143,164.25186778165218,-8.093806558847124,3.2285295209759894,0.0,-7.163336494300285,-4.175328483914044,0.0,5.294618096121036
20,167,17.990738765440398,-234.83544118347035,13.55667697509493,-8.907616462541991,113.4131226309953,-10.130225345182017,1.758601981547605,0.0,-4.060092081711325,-2.9011980960022212,0.0,3.2563763848506295
20,231,-30.371395873694222,401.0765574143248,-29.504779460436545,-16.959722171846348,194.03884154918416,8.876334015980273,3.5611246463206445,0.0,-7.422470622374519,6.4811126848676235,0.0,5.17637979918285
20,092,15.028822549248073,-300.65398131541616,27.3957097170953,-16.638251618222515,139.48923013664316,-4.707134143489006,2.4084585186711576,0.0,-5.234331196762466,-3.2802200994151804,0.0,4.0109510333832565
20,005,20.43906608048982,-265.82146452222065,19.662802077069173,-16.323937972201644,125.05428674035295,-0.005220204124662509,1.9663913751833886,0.0,-4.129662647391655,-3.061028997613603,0.0,3.418275908464126
20,073,-18.538232232854032,337.59024268584074,-33.557114445285436,-3.6231981776028817,150.21230089623168,16.292331960094455,2.761401999863438,0.0,-6.296641828762738,5.5582436220985425,0.0,4.622359146210574
20,071,-12.145908457134386,297.5639452314913,-28.565300280938168,-6.445484156061049,113.88774095947113,2.7490541891758404,2.2754856631943188,0.0,-5.705590639955595,4.820223710765459,0.0,4.408895001900111
20,185,16.01375138057878,-176.97622214069196,21.81736656912785,-19.228857626454257,168.33212071449805,-2.097047212153691,3.4429362413135216,0.0,-7.928903596372098,-1.34491507417857,0.0,5.5324016463992605
20,180,15.976960061448667,-304.36703045790046,48.254576675784946,-22.603531242209584,158.4436446377155,-16.06938301463097,3.0055177195062353,0.0,-7.111678436533796,-3.0389860477513504,0.0,5.260798315290213
20,020,-0.48002025766710066,-60.630190021780095,2.6828534048950927,-11.88460318753176,71.16311147231025,4.533642784574087,1.080346591593244,0.0,-3.530771108220133,-0.6255985918035993,0.0,2.8941407693481516
20,140,-11.164944518449827,200.06704272646564,-15.741315766212313,-13.792270340741098,167.45460885329865,4.577998556760342,3.4346257736971513,0.0,-7.019447672062747,3.818070419983452,0.0,5.006286498302666
20,148,-17.015988111215247,267.87684910238016,-20.794154775684575,-15.711808856729945,165.8663132433531,11.545885616749148,3.3215508470764226,0.0,-7.043982926448998,4.675322549294968,0.0,4.937827703679739
20,012,8.655945384832618,-156.64703389757454,12.930756599284315,-12.487651276463906,97.07574932086088,0.8691631078799649,1.444523627451689,0.0,-3.794784441173469,-1.8081667132454635,0.0,3.0688295078943026
20,082,-25.399395379947503,566.0485163813394,-47.529333057252096,3.925468740050672,153.53058410766616,14.700350180703207,2.578748750766614,0.0,-5.658996513371096,7.460747025109445,0.0,4.189634400670101
20,110,10.022148146135049,-161.87161083425798,23.01133271670765,-18.378332694247312,161.65684017683543,-10.908271424696865,2.5947234764879625,0.0,-6.231583351068716,-1.599450104072898,0.0,4.7232091394738385
20,143,-15.978917761882204,192.13835568632174,-20.8071711651011,-6.356073617815708,78.58912269691346,12.477014327634418,1.6805809517038703,0.0,-4.451580935136639,3.2375636056601085,0.0,3.4354881036238907
20,034,2.2328212038793884,1.2340845976026549,-4.772030709691052,-17.772321804931902,178.27227060343756,0.8790718491803142,3.244494351074914,0.0,-6.577555032359685,0.922220494440305,0.0,5.066206738737446
20,135,-11.332328431017938,141.90271821979093,-17.495384748733738,-6.701399945745951,82.12518829269517,14.273110101531593,1.671760450980739,0.0,-4.445981225506222,2.5587751886936396,0.0,3.4616263715287303
20,103,0.29777943625773295,-56.85380471138859,1.7442647847671466,-11.444557990067459,72.32150927869584,4.275181807609565,1.0974789040137347,0.0,-3.632716354614587,-0.4839832390598998,0.0,2.9245928871952875
20,023,2.2037432020491545,-69.69392433857902,1.8118500740203425,-14.041362649622664,128.09148201796634,4.63304716185294,2.131335831895799,0.0,-4.673811665502767,-0.45317397369043755,0.0,3.6585814664758916
20,201,9.577663303511773,-82.95969461731413,8.960961329636127,-22.160418555882202,204.55387893481912,-15.292591746835887,3.8148168829555535,0.0,-8.786318850135538,0.06810663370742143,0.0,6.4349577467856065
20,228,-23.435839978498258,392.15393367251835,-27.57926624850086,-4.163535104191687,186.9976810251074,16.709267828087356,3.3557002335790234,0.0,-6.9839373946827745,6.2527652803844855,0.0,5.240952630349156
20,241,21.81866427475346,-322.5899326646764,36.10848585483678,-15.251055228323626,113.9357196296405,-9.514678292853134,2.6641692757581814,0.0,-5.4878230429609225,-2.9833049814512176,0.0,4.26352791241237
20,200,-8.860234964717703,-58.39923332017404,21.457849384166806,-30.927175524419198,200.59836025944608,-7.384579831036918,3.881445304769586,0.0,-8.77373947802117,0.33852597004272345,0.0,6.131794966026751
20,019,5.355674942043679,-271.9946310831383,27.74618055265487,-20.803994050622595,169.2590882902099,-8.784856879376077,2.8534646116610736,0.0,-5.80518430277646,-3.1368757411400905,0.0,4.321342088711278
20,077,-14.74222169396695,338.13028801087165,-43.39632769566484,7.199611588173706,37.74185417499992,12.631976048169609,0.9960087669357853,0.0,-3.8399527222582703,5.018946505769605,0.0,3.0456362159116166
20,234,-34.61430161253786,658.3981435060075,-52.2209696781012,-7.259267814019053,211.5432049922494,12.3778004139198,3.023552736015155,0.0,-6.637150465807769,9.20607165175305,0.0,4.696663286953315
20,124,-0.405632867048181,55.83048554293362,-9.489022672008103,-16.43044245085146,177.1740210127276,2.3554186318575905,3.2407014241007133,0.0,-6.729408743490485,1.6181236620450232,0.0,5.064224056987058
20,168,24.046860879384987,-323.77559604970355,29.91187785817879,-15.696450714486799,144.25546466235394,-10.589895915018504,2.814482995539677,0.0,-5.670512667401885,-3.552153667457632,0.0,4.434942306163888
20,111,-2.9275882564559432,0.23040720883666072,-4.663518217051374,-6.950976968221282,66.2670129159859,7.498653339301317,1.1524914337594767,0.0,-3.7525526512432075,0.4212307349864586,0.0,2.9936673606678026
20,142,-14.052651118007264,168.52998025486832,-14.4713719453475,-20.643875050011733,165.2050674707904,-4.089367872844422,3.23357531934602,0.0,-7.0640342535215135,3.492965927918445,0.0,5.093790047780638
20,230,-27.0692021418175,413.40463062613924,-40.07442643778843,-8.382003372309564,199.68998622849494,13.290367396975135,3.6951851498548867,0.0,-7.577402950726585,6.654083870957899,0.0,5.282026150385151
20,068,-16.396394303167835,208.83754752471566,-23.590068975182504,-1.9564155680004045,60.07538297227046,10.097757455826015,1.3318427179082597,0.0,-4.185319604855804,3.3800862218900987,0.0,3.2094728259202605
20,147,-13.750527080540392,245.7732976099516,-27.91386616647809,-6.503144536040938,148.73028566898705,17.7860677020269,2.8588233959832166,0.0,-6.1093357133554544,4.321423115543488,0.0,4.6105501974304435
20,145,-15.119892886773442,243.64724208273964,-28.04191757674102,-0.778059417036717,127.28952783581191,9.305288148737649,2.5361787844231305,0.0,-5.4521127553148085,4.087110572464208,0.0,4.217045902601889
20,208,-11.081666929865902,60.94109649311335,-4.10553738773474,-28.460833723672994,183.01681695364448,-4.8545833871675255,3.664029858307124,0.0,-8.129584793948752,1.9285508497898762,0.0,5.707155550091169
20,163,18.574887431421363,-206.36234130682809,23.601734709077803,-8.291154232404574,75.09444843628934,1.5500438349190873,1.157952189149161,0.0,-3.4810635850809604,-2.488467432320295,0.0,2.931232140760733
20,206,-14.010846446117117,136.357119179021,-9.945563533733605,-25.275724862954977,210.86935802136253,-0.11796071367796124,4.009488116850507,0.0,-8.00205670025251,3.019341948064165,0.0,5.93546109011874
20,121,2.0436020823073595,43.48842690080792,-13.044791183609203,-10.096174834026817,118.48018950526718,5.585613114583209,2.1456621321892273,0.0,-5.002912393328254,1.1761903960007354,0.0,3.878742995111109
20,179,11.740844697596323,-305.9796443715372,38.63499301725808,-30.298835324335215,160.45461375656328,-12.862669610105069,2.878735427017409,0.0,-6.802974835293243,-3.3214198829690673,0.0,5.052046696115845
20,182,24.535740390786728,-337.9865281434311,43.37995565471326,-17.702765444554764,171.66664084641738,-15.452460780668599,3.3199921806933315,0.0,-8.109669390532684,-3.6087337067968583,0.0,5.4527222677853935
20,181,14.556493340360996,-321.0662212530724,46.4090594537888,-30.766503195813623,159.3193299824026,-12.545366406697354,2.7963296148093515,0.0,-7.28920224104792,-3.565129348404743,0.0,4.783018173306594
20,137,-9.998676977623987,180.02511632721956,-24.26741932722897,-14.676863525634573,129.3373856618903,17.288753187080218,2.4128794442551973,0.0,-5.3434703077355366,3.277214558501146,0.0,4.22913722510221
20,146,-17.022105814069697,253.4566706287069,-23.805794470306907,-11.814130381236538,143.56134917697707,15.805575192830275,2.8802840930776603,0.0,-6.044061599704122,4.291290509908364,0.0,4.577806412132098
20,130,-4.026149714338171,124.17718340565665,-11.953024330421698,-15.344266865425936,152.498298901601,3.6341649177503603,2.816701101559346,0.0,-5.848660610556852,2.6009039012400663,0.0,4.5792413757350685
20,216,-5.732492029007596,179.63483558304122,-13.579773125181461,-18.769796824822524,206.60308295746216,0.47240344009282076,4.180546015132981,0.0,-8.475044837679484,3.727492251777089,0.0,6.1562958009049815
20,189,-0.3205921005680785,-48.67011439736577,2.6516563608569554,-26.232423513511343,197.35720341069165,-1.0077382581716252,3.4970179217245025,0.0,-7.434874286045465,0.3890720780846757,0.0,5.484961605431934
20,050,-13.84661884681793,120.34965545124551,0.22659106840078902,-27.798332505815942,183.73058357148346,4.195810842762688,3.3623809545441117,0.0,-6.841593063370986,2.7069344322439566,0.0,5.051292600181499
20,157,-21.28383458927471,350.9677255798111,-35.76150196177387,-10.116867274566475,167.31391919409896,6.549244222463785,3.0581578469396127,0.0,-6.815193860990559,5.780731481185051,0.0,4.977783979786549
20,080,-37.24315881560777,455.12581276267207,-70.48563955443319,9.266332184355646,98.87826708156672,5.152109853082726,1.8495438321137159,0.0,-4.958436409822798,6.735448914188471,0.0,3.837357826941401
20,178,9.233940475261003,-320.3293271663719,29.04484945647793,-20.333847958239204,150.3266949916937,-10.932387822066527,2.8575969237150347,0.0,-6.60546361889463,-3.3336948735979495,0.0,5.020231434700793
20,150,-22.626952873513133,257.5096426136787,-25.616110708072462,-12.308161919539351,156.22908063456995,13.510725876876831,3.0422419322953935,0.0,-6.610851904637835,4.491055431995079,0.0,4.984940640932233
20,118,-0.8304491882435698,-23.716813207477806,0.4898436018828883,-21.395359756884748,190.41087296857668,-8.76840688119699,3.4788278025188606,0.0,-7.256103969901115,0.6078851808827253,0.0,5.326208828863496
20,239,-34.903597511293654,763.2196244714355,-39.57491829937533,16.131701717551035,224.74681293772943,16.188078630295916,3.200371946106755,0.0,-7.076220456995757,10.578475474314804,0.0,4.814845356627441
20,051,-18.046401734751736,135.84402659189018,-7.739733463349269,-29.121885925525973,189.85641063011775,4.583556395861384,3.587817650761595,0.0,-7.339107464282909,2.9557355037249904,0.0,5.500290831161645
20,242,19.309426514157664,-348.733959720292,41.8455729707603,-7.9787174269349075,104.13483458722615,-13.889714037389762,2.6389370451491176,0.0,-5.722568495040229,-3.4691013286637764,0.0,4.489686723042171
20,245,23.356841016670653,-370.1205886686573,34.097276577676496,-4.378024083437808,145.57326816467074,-5.919382395906789,2.9566637607174027,0.0,-6.569678375236598,-3.9040749998938966,0.0,4.932264344176789
20,097,8.804204149283098,-165.1465988982843,15.57943934507283,-17.669429449595874,115.91179839578614,-2.2306437357936666,1.7736027691968046,0.0,-4.108489010207182,-1.9078418609161778,0.0,3.2625126171436882
20,059,-9.666256818422875,190.89328138506235,-19.93130751153474,-16.820029970173646,176.72867676383896,5.405160271707632,3.440095749825694,0.0,-7.222253557692338,3.5827722311383923,0.0,5.143599106722286
20,195,4.550255325983123,-182.02183441927943,30.07465585631794,-25.513455355190327,196.80252738399324,-12.906326128631816,3.754049283972115,0.0,-9.48216709609708,-1.397549154374763,0.0,6.437453533299005
20,025,8.81636480739237,-95.80843410806543,11.347843967160221,-16.83464871014539,154.22576271824116,-5.8032627943366295,2.4880030458899256,0.0,-5.433555661939962,-0.7751224725741841,0.0,4.258058424562344
20,226,-38.10474923350245,393.0856352759022,-31.90032633170331,-19.646567010751586,185.2118761239401,11.779465261125374,3.520602634803768,0.0,-6.8286627498889505,6.30425309954861,0.0,5.246052872869875
20,035,-3.8637811042763213,-17.756845237383807,5.011090265555682,-19.910725844487853,185.09796061186114,-12.692660545559653,3.394714369222534,0.0,-7.060808921125362,0.7194409494722103,0.0,5.339255771584839
20,091,14.965101635640922,-296.41395142560924,28.094462601446175,-15.528070369331246,149.4229720223373,-9.919896275324952,2.3277270901178224,0.0,-4.858697694146327,-3.4464462917290284,0.0,3.822898892842808
20,057,-8.936719908486234,214.43109353938343,-16.925586884700003,-13.964897436949109,178.37152545204998,10.249035438371127,3.459056030002746,0.0,-6.827439084928951,3.8722756776614897,0.0,5.024132887556746
20,069,-12.809445918321337,248.56037019512283,-25.398191775707232,0.5293261849064268,86.60963308001024,11.065003557203774,1.8445415671792047,0.0,-4.63015105767113,4.115579561155172,0.0,3.5319565154714248
20,133,-7.478032467513268,101.27268952028417,-5.951306254978633,-18.196422783040042,171.57799302359857,1.6739566039067721,3.1725438644524804,0.0,-6.625944867410104,2.335951723934679,0.0,5.076897545509902
20,072,-20.113706662615748,319.3924602979392,-29.073676738956475,-9.539438748104764,143.0238124445713,6.599854723987218,2.754562520273053,0.0,-5.935173566356576,5.213056307425967,0.0,4.5393897769102995
20,207,1.3409458819723903,74.38827175535349,-11.620543437692536,-22.321467642497318,186.37547308093176,-4.937311887583523,3.468040006642372,0.0,-7.567313237897615,2.073319194632038,0.0,5.687362829536276
20,172,20.718843177190433,-366.24426479184143,37.940314218583154,-17.681023266260148,147.2818519955091,-8.664731970174754,2.8401593331262944,0.0,-6.569485474867335,-3.9078337596478194,0.0,4.942901686232197
20,052,-10.216172030636782,148.77069459742336,-19.166496007567133,-6.456425729494379,85.6165314099543,10.055127594765608,1.6954921633958848,0.0,-4.3391634191932535,2.638653830933241,0.0,3.421794087862362
20,042,-2.7648141946815192,27.750754013928177,-2.098604086395969,-17.71909828113729,177.75626473417404,4.617619096031598,3.200265897327462,0.0,-6.821625793084594,1.2103413117218262,0.0,5.224255150622692
20,213,-17.598187674686862,199.99594179708018,-11.37758175715475,-25.5097354598652,184.5667658562299,7.110145223042805,3.42515809591241,0.0,-7.227762151304975,3.8807561620504187,0.0,5.387027414150688
20,060,-9.698695778259271,187.72763863922134,-17.953374463596468,-0.008840068594738515,74.12737625056033,8.119450633350741,1.5753948256384718,0.0,-4.378469401985947,3.225413448973537,0.0,3.4327451376363127
20,079,-23.862290018349636,428.6894516462653,-42.71191813174724,8.10260084629138,97.4198614010856,11.310046420813958,1.769621737509664,0.0,-4.664565333959457,6.215695589864063,0.0,3.461744633923311
20,174,20.766865136216943,-390.2277108239653,56.85491321396353,-11.796560946580016,170.2695014957185,-13.057104150528446,2.977526276165484,0.0,-7.079110936075648,-4.66351327322535,0.0,5.144430807722134
20,066,-18.35519777542755,288.937574751622,-23.618824087439137,-12.506533279759395,177.56795259093494,16.087763887656287,3.480378786410214,0.0,-7.152731645311007,4.985420863889283,0.0,5.145203628631099
20,191,4.347798542774629,-128.21944790829824,18.47990485568754,-24.74579877733272,195.40591828469613,-11.773524627326756,3.6271942379429154,0.0,-7.811824948830114,-0.6371767527017862,0.0,5.6823563445003575
20,237,-72.45853608940698,739.0369611454274,-85.90191239232564,-11.872562824368021,243.90134384461868,9.36857023014073,3.220015644367155,0.0,-6.945510223921233,9.988233671933502,0.0,5.104336224219141
20,197,-1.3768159268654978,9.290861368846775,0.6655786567996692,-20.317680130357,184.52124214519682,-10.120702864906496,3.509639464873495,0.0,-7.594688054648118,1.2055062628440973,0.0,5.756680141067675
20,044,-8.95730435686436,95.2739228201889,-10.594279013806329,-7.38295654350895,85.66153473304674,13.11265721087185,1.6594321163821604,0.0,-4.392865879109021,1.8934000205002741,0.0,3.468938840638616
20,058,-13.690152000114105,214.1112986026073,-19.027870687407383,-18.14090488240018,181.27559931488253,7.083440170414885,3.629698832970816,0.0,-7.167487540175102,4.003272244136083,0.0,5.234224958440915
20,187,0.3189951501308279,-224.31185399604504,30.645020353068034,-32.72689669092705,191.1881684453869,-4.710175375594723,3.3728437911375884,0.0,-8.236130731469299,-2.140951040204112,0.0,5.723097824504561
20,018,13.173816817440215,-238.2261598896405,20.832411316351884,-15.552672704176858,156.26300412239004,-3.949855431435491,2.6283580903509276,0.0,-5.210505008534056,-2.4150036516566242,0.0,4.0927860153986355
20,232,-28.204286417740434,402.9016646568955,-41.44976063447173,-14.452671268397156,198.69768212531815,2.704006248300831,3.6572800239587493,0.0,-7.550893755062565,6.4205560566133615,0.0,5.533522711387407
20,036,-4.205481095539144,40.897476251043074,-8.455170996959712,-8.907497050297522,78.26321643984006,9.394649329466,1.4055472833172273,0.0,-4.096652464430335,1.031650229708811,0.0,3.2071116871259298
20,171,20.423374559382292,-368.5698404047187,40.997416662928586,-20.2082774879158,163.26806364129104,-7.967431180904072,2.804277139909846,0.0,-6.428094713146799,-4.18035627839855,0.0,4.766451057365143
20,090,18.279715468831593,-291.4572003447446,23.364524563031758,-17.150488539949087,143.4965109641234,-13.289839819075006,2.235634710943909,0.0,-4.244977011115686,-3.401521475366236,0.0,3.5231521972759507
20,214,-20.261447332886632,174.4061615008102,-10.324694249804077,-31.587317172566838,193.01661670437034,0.8818924589510129,3.6513478336089067,0.0,-7.837495305060016,3.666237342131475,0.0,5.714406700154454
20,067,-15.763473063983948,270.40345303688997,-25.69809082175702,-13.045766749982079,168.07280049083988,-0.9191651823378097,3.09845158487889,0.0,-6.831034159117511,4.8162408305522275,0.0,5.005945092758138
20,126,-0.39920832480285706,10.651893881205602,-5.904907781445559,-20.201893021410264,178.48239718770506,-1.209387522880701,3.2337081952299394,0.0,-7.052505397713645,1.0929755505634806,0.0,5.388745938165683
20,235,-74.01356872015413,677.7245493149857,-47.40515631157315,1.7028408748423658,214.7570560393247,10.582288662953726,3.1648094744326585,0.0,-7.120525809775486,9.450179991773886,0.0,4.7411630322078135
20,009,11.56807608783774,-304.9069153781322,23.45428681277734,-18.9614628504701,159.4601289159871,-10.349736548560587,2.4479366280535486,0.0,-5.053503686919769,-3.5269087621709003,0.0,4.136296446707158
20,192,-1.2119639766207317,-140.60536703262764,25.433324772345212,-28.21531584879391,203.73057985137675,-15.874777628551623,3.939959274625421,0.0,-8.596248145158897,-0.8220792776490342,0.0,6.115723100661711
20,108,6.28664698118979,-99.39182320977206,10.677719425512787,-16.54365538071424,152.29454386303786,-6.893751507356356,2.534760306716986,0.0,-5.399290170473702,-0.9310094489274541,0.0,4.267214830853857
20,046,-4.440929698404345,108.81547716772431,-11.810891310678752,-8.066251860307906,125.555207796456,9.88677059906006,2.4453993324870202,0.0,-5.402594030700148,2.1994188690950587,0.0,4.133498386955443
20,204,-4.900562140932974,-115.65049602860196,20.812634263257227,-31.833867716586692,210.81079002442863,-12.105696139650602,4.380348919673607,0.0,-10.014492701024247,-0.133788392597614,0.0,6.871548532422675
20,033,3.703307009872172,1.6911886162278833,-3.13224058142915,-15.03543630184197,169.03827965473363,1.7869757696234272,2.9281125428435715,0.0,-6.064843505943508,0.9147118135257888,0.0,4.606296213016937
20,010,20.573390361010354,-318.1236031165695,43.158214395348246,-15.416969541990024,136.7998163279596,-11.46666374706934,2.5143167568346296,0.0,-5.431338470252182,-3.5941389724445645,0.0,4.1714367926702165
20,089,19.537721389119206,-269.72545225085327,23.142238768547834,-8.59937289713159,81.01304752507295,-4.566521963738883,1.8671322206268393,0.0,-4.191128465387911,-2.916947525826692,0.0,3.339135328540406
20,094,9.31396808224334,-144.29931487330282,12.310861069884538,-9.392248482045819,84.82454289952616,-0.6833091051097857,1.1711398720222959,0.0,-3.56110785891677,-1.6728383325227425,0.0,2.944792533818737
20,144,-8.419515782953546,210.59259139664715,-28.469848041221304,-4.718299999726899,99.55177100856065,10.793644650994011,2.0226983831932794,0.0,-4.964781526454898,3.4268404077761305,0.0,3.7640963052359213
20,065,-19.633455797068713,278.820061774495,-13.715504360968168,-7.417987750437039,167.72293054447803,8.029057724146988,3.2598675894306663,0.0,-6.419776854384966,4.834557730977604,0.0,4.93965862586503
20,029,-3.1969289396664347,6.3856755232512645,-6.656166091483891,-7.723916540610027,86.68225828753953,10.745922243370664,1.5112132154604498,0.0,-4.11687792127895,0.5578895549440407,0.0,3.251343963127763
20,227,-15.951469634387767,377.4136551677232,-34.215415918566435,-1.9755905449199593,181.1999877287752,14.07789137449622,3.4348407041269944,0.0,-6.982069063484888,6.047426449585714,0.0,5.194194410169872
20,098,12.347626806657985,-187.7873484765966,18.508962769898755,-18.765691575812017,131.27927808754913,-3.0561319467015715,2.0263164444449187,0.0,-4.238760691602726,-2.1421648772017496,0.0,3.486597370559225
20,086,18.050811511747256,-236.16824351184283,24.63509622854154,-11.708647358784773,77.56308094935846,-4.743865317205068,1.3588172261970395,0.0,-3.5856378682838197,-2.835924549646042,0.0,2.94485077718899
20,070,-27.48386591084631,282.03679720428187,-44.598225400355446,4.10030354296671,114.83564970648784,14.91837920992967,2.3289980209351073,0.0,-5.212556157546928,4.657307056333868,0.0,4.059789482433283
20,001,16.20315443871735,-212.55753652461135,14.655671779751511,-7.758143651404286,84.81988658892136,-0.0595029565527998,1.1669494307508421,0.0,-3.4624482183832894,-2.5984677367386046,0.0,2.859672561302383
20,113,0.6345736935254308,-11.50878392818209,-4.041520177981978,-9.579100516201558,102.84176747110436,5.286731933246539,1.7274813469718244,0.0,-4.322002188647103,0.34343879807155964,0.0,3.4259163939669715
20,061,-8.788500852816771,221.21560670213194,-22.427728646037743,-2.144487889536543,107.04053957716955,9.07883483931238,2.1777630162946395,0.0,-5.271501794790121,3.5625353629496206,0.0,3.8946173987494266
20,112,-0.6409229955971054,2.8242612980643793,-7.265764053905072,-9.653226634010657,85.166810703568,5.162854743089326,1.4397316354396,0.0,-3.9824269872013933,0.4505366410527375,0.0,3.2203468254188934
20,004,20.03926588683747,-241.90742150249173,15.816009219624835,-7.211378206759348,109.84122728575709,-3.554422893297099,1.6672658684257795,0.0,-4.075676969711627,-2.8722639968121975,0.0,3.283166186554543
20,186,3.2690480456559623,-215.65953261137864,28.298862709696706,-24.865619960843972,179.68689420437727,-5.784547062595175,3.2715246873337827,0.0,-7.926275490885686,-1.848426568681721,0.0,5.67961082062915
20,106,3.4073642483898423,-68.34868711485257,4.451568921317981,-13.451972754212246,124.36160290342981,-0.07653222379042113,2.112889053068339,0.0,-4.593366521982557,-0.49514842603747056,0.0,3.5921120315389152
20,116,7.5862831683165926,-4.833042712385476,-1.0798144125675773,-16.223155302140913,164.7979167958002,-3.5038406363672747,2.8208273977540377,0.0,-5.842355632172062,0.6633751626289346,0.0,4.5205722788503815
20,088,15.430412045046825,-242.6396426660029,21.96750317833458,-14.51192302588603,74.87565358809131,-3.3396630223925516,1.5747692811235163,0.0,-3.920621562484001,-2.5134224806989445,0.0,3.1205607886451023
20,243,22.564204315193493,-364.27127897085137,35.17849179668747,-20.554170271692158,162.56877938474835,-2.791738837781077,2.714587857074732,0.0,-5.752524490253903,-4.18167493523112,0.0,4.579277517787834
20,064,-17.313125035713608,281.6108590589959,-30.681709457829424,-16.92992983022109,172.57239925666667,18.67314937263297,3.3623071544209426,0.0,-6.907684167843663,4.8180465857878545,0.0,5.03586818814207
20,159,-28.681657151026908,368.57826982278897,-46.179873540963214,5.778984263877383,55.228206408121,7.115659885361193,1.2511278785552309,0.0,-4.388436481236383,5.581609660460072,0.0,3.3603375819712373
20,132,-17.54641751671591,126.93576852761744,-8.047782453219732,-34.58982088580617,170.64033051987073,5.628548244038235,3.2408668246211416,0.0,-6.784580468335564,2.670360209681454,0.0,5.1113908490789886
20,011,6.7459893709712695,-141.5184185696516,11.107636093022291,-11.318383712618617,82.40916665745856,0.2776451263145092,1.2206789345660802,0.0,-3.5721680728686787,-1.6615839352381432,0.0,2.909346271479937
20,045,-5.445601117821209,109.97322999935568,-13.680780920031978,-13.082709929798206,101.22326641396921,16.987584644806073,1.967915940264816,0.0,-4.694344251985176,2.083272112129713,0.0,3.7953232424406846
