racket_angle,traj_dir,spin_before_x,spin_before_y,spin_before_z,spin_after_x,spin_after_y,spin_after_z,v_in_x,v_in_y,v_in_z,v_out_x,v_out_y,v_out_z
0,053,-9.411229601626989,133.5002564459548,-4.7728869251988515,-8.266981658990742,115.09761795259641,-2.186242329393655,0.9381124542980026,0.0,-7.244652147708207,1.1822022466823292,0.0,5.018088553448157
0,141,-1.86876510399524,17.287253628883665,1.1007429781724958,-3.150022803626927,22.64713233848667,10.680181014276119,0.5927581778298845,0.0,-7.268997370011257,0.5059757612660141,0.0,5.306422726491895
0,331,6.659217552655257,-64.16474723136794,9.573098146854544,3.1602845157437027,-29.888291432846774,10.837781919877512,0.8226607732892676,0.0,-8.768464379939003,0.3434647269310162,0.0,6.09272268916771
0,394,-37.649589844320396,401.24777564547463,-22.35953188801826,-22.501425143756965,209.8774074174659,5.065695804243508,0.8172604167666218,0.0,-7.964886485217675,3.353770778623834,0.0,5.643080010073309
0,151,-11.32172192167481,194.1017817878933,-11.276587757058874,-9.870127866887717,144.19240436215833,-4.167740564191908,0.8844312847901963,0.0,-7.347345825630401,1.6219296223192854,0.0,5.084921081652685
0,193,22.395012300056464,-351.44867075447655,31.571140870679486,3.412805540352107,-107.2868626075981,21.258212837101244,0.6157834321233586,0.0,-6.671258810875676,-2.647045317095746,0.0,4.688577669662292
0,375,-37.69966383016331,411.0417107482664,-23.67626663496371,-20.011050141837853,207.97150835544198,6.277433306834226,0.985250434489706,0.0,-8.572517563459217,3.527376375719871,0.0,5.853559715916171
0,248,-0.6184768607610034,-59.49526416699491,15.960369113049584,-0.8398288690624929,-43.27889877328371,18.88740543224745,0.5892595562780086,0.0,-9.2638972748974,0.08599412257381484,0.0,6.5844156977891775
0,396,-42.4670826631405,384.0962765948994,-20.66457088919512,-25.860730353688716,204.26237652318554,1.7852899548263428,0.8918631496028759,0.0,-7.808007545265164,3.2380718011236405,0.0,5.4644187428045266
0,222,20.934215952649474,-154.73108783081648,14.877649781526806,13.480617867764533,-96.48626990976148,20.233504403416017,0.37704751249982554,0.0,-10.448780707238875,-0.5715773318462126,0.0,6.9169143037350835
0,341,3.2527118649564515,-37.34726502247927,7.422054375062822,0.28518129283446236,-16.661039726343454,19.91502305754598,0.5067385666835998,0.0,-8.893406955997415,0.2801605230966742,0.0,6.016553956005655
0,383,-57.235495291707394,744.3788639870847,-71.75859352900373,-38.58233728297559,309.50722472413656,7.721143742158923,0.6798112894495473,0.0,-7.5242497551432885,6.709312199504783,0.0,4.992535561524769
0,322,10.3021614770208,-180.74599629615744,20.919763332416338,2.4472556792404347,-101.19777446428678,27.488238166066044,0.3992328017251354,0.0,-8.195520099345822,-0.7748970225918794,0.0,5.706958865957304
0,102,22.127388935622218,-293.36069169608083,22.901930025471536,4.120129587201437,-103.77167886876866,15.270980357259411,0.6508952669110599,0.0,-4.937876726873958,-1.9462380476778018,0.0,3.3068289892381464
0,264,-8.97341060587727,49.03372445300032,-0.9186071772751175,-6.969964066630285,46.69018364297123,2.5952169767266757,0.7734998220328417,0.0,-9.6581408028265,0.8622409905683531,0.0,6.81050497726062
0,127,-3.588642477625248,7.182739794194395,-4.966687279197081,-1.013087564425868,4.749166803401553,6.603004971513197,-0.13682731875771273,0.0,-3.9139610436654184,-0.032559746499028625,0.0,2.976953658982006
0,014,12.472978559625338,-149.51576086242335,6.945619319775967,2.514632174422121,-73.3918395367238,3.0487062229253383,0.23992677778925647,0.0,-4.148186405310002,-0.7665435734780958,0.0,2.954949244829321
0,075,-29.329230382594613,282.2159447970409,-24.51141880758584,-11.895201004240251,151.1404019107609,-2.242281310963729,0.5297834224640151,0.0,-5.770601960407328,2.24280879898415,0.0,4.055220846029922
0,134,1.74514354776329,-34.99773047434445,-0.3433085192757127,-1.387852566133293,-12.82821016107368,8.776734869637833,0.7280409103511639,0.0,-7.648871925841699,0.3695359512914584,0.0,5.461992685865631
0,385,-39.57073042287698,784.9285513448744,-23.557239536082168,-25.573169325545003,327.66885467957485,4.527801873232385,1.0494868382035436,0.0,-8.242471968231316,7.097609895286369,0.0,5.619229563573821
0,173,-21.401361214762648,415.17800456392774,-38.19710777327349,-10.899110639496556,160.3217850478505,-8.358934584934671,-0.03463002645600712,0.0,-5.0444174516824125,3.4467970368780874,0.0,3.2077740195793107
0,002,18.968544219069656,-226.46576783566545,15.946080131008458,4.925979598959384,-93.53949977185293,14.186173802084854,0.05884763074090378,0.0,-4.086903874046206,-1.633921752456131,0.0,2.8560241482030047
0,063,-14.823443582540742,183.11661091847276,-10.070228690415437,-13.02759785170971,137.65787989287043,-0.851576104788105,0.8027173352923587,0.0,-7.3750384752336515,1.456001521600514,0.0,5.358350646572022
0,229,-1.3339329586335342,-6.2136133230707555,3.9588279628727374,-4.08052879690737,8.795645856022883,3.4240869275343138,0.8807583279098131,0.0,-9.696513770771764,0.6695530793721088,0.0,6.982260752732898
0,024,6.4787593411234505,-63.10152107830772,2.457888716638203,0.7771437154077074,-38.28785298881685,7.0189313913254505,0.47609523141381616,0.0,-5.031320422259056,0.07466263041027883,0.0,3.635808550033951
0,166,-27.52192444995775,343.4939737823045,-19.315493048748618,-14.59502007610173,184.2421744078861,0.3694127437612058,0.7577323722278759,0.0,-6.8684102292589895,2.845568701228696,0.0,5.0591692908109795
0,105,27.11561770129625,-323.2040605864565,15.61113670208053,8.41648220162492,-130.31016657020453,22.432248606405185,0.5034157042107893,0.0,-5.7769907629175306,-2.272341770325166,0.0,3.820468816084633
0,290,-41.14316014525731,425.5597251789929,-26.193155823134806,-20.230907532834486,227.80443196951612,-9.104956839510699,1.1271795798323678,0.0,-8.64567866180326,3.7770141978673855,0.0,5.808256142723172
0,289,-29.622819070466658,427.7850514313712,-31.29961669356392,-10.903707034523896,211.69091604740868,-3.217378789336346,1.0336389227354694,0.0,-8.648272965417082,3.7779125184622906,0.0,5.976286592114098
0,238,0.35010875993280255,7.95895672500627,-0.599062531091484,-0.30597338063635005,15.672726510174247,8.22369968420534,0.6545505110523466,0.0,-8.803517231528154,0.5210172504967097,0.0,6.284035118240289
0,190,-9.343735429271407,98.19935726111638,-12.07317269103318,-6.3569255000013,63.47137947093127,-3.3424356279727565,0.0607551955196077,0.0,-4.6429314464325575,0.5337425035216364,0.0,3.4044383043518724
0,253,-8.413741955748781,24.950098330256758,3.301721143522028,-9.162039827647497,37.53381387784683,12.484952052531797,0.6231696051249779,0.0,-8.611653953430894,0.6421296820707223,0.0,6.097537888802758
0,117,21.271128047983854,-235.9492149886145,20.109583163780147,10.54556720589536,-99.4422014565445,9.142956413227687,0.6097041717447099,0.0,-5.863334109572765,-1.2943666982439188,0.0,4.065054130558786
0,323,19.965434704772758,-194.9343826451113,23.91775100322751,11.80868506482407,-115.77567145390196,19.822844488248478,0.4488561895024742,0.0,-8.815090152018982,-0.9723492924272629,0.0,6.065531631220652
0,314,30.986565205008265,-317.1382848158095,24.91346993699027,10.456759354106513,-148.57042241298277,29.971738756028376,0.44724467443469246,0.0,-7.5595304589029375,-1.953364024150277,0.0,5.0080123686265425
0,169,-34.84699557928614,373.62809475951684,-11.147423901555634,-21.315930608185855,193.02152462724555,0.45322926403611946,0.7541576110349604,0.0,-7.815289145125212,3.1877844356129645,0.0,5.198135873078657
0,032,-1.0277195385934492,-3.9336215815145716,-3.611286492104591,-2.4428106440588446,6.342298106336454,-0.4915991539661776,0.25306833657467004,0.0,-4.858889977533877,0.16926452165892858,0.0,3.5273557613167275
0,056,-15.18806120798916,98.79862878647559,4.224239488780901,-14.578327399385087,84.06862908663406,4.780730822752401,0.7537180948292663,0.0,-7.788712155640092,1.0056162396066661,0.0,5.592519106661785
0,196,29.32920382294592,-382.12626609450416,38.62766908822702,3.3824193636654654,-141.4422007386914,28.364346381041265,0.525905197443415,0.0,-7.635603697498848,-2.764325392835101,0.0,5.01792052025211
0,275,-18.180281878743337,219.56022585009865,-10.396214806013019,-21.481539322752568,161.00761583926285,4.592825523825133,0.9004503232170317,0.0,-8.203327752365254,1.8092489765136286,0.0,5.7845392556355675
0,156,-26.575200982136998,234.6057754600711,-15.098381606760952,-11.662871955277325,147.49375586935975,3.5526883585901934,0.45269454397725034,0.0,-6.147863276074679,1.8172246122170261,0.0,4.228791428144371
0,305,25.112130044513158,-341.7605936357615,22.847820328734276,5.4011474714488585,-142.43376086702438,24.255571551978132,0.665062999902485,0.0,-6.245072979560789,-2.2808709884478136,0.0,4.310689892109414
0,327,25.373142805228987,-234.28339794120842,22.649171501355873,16.833825276152318,-133.98061944715187,12.216352012733232,0.04669261104652137,0.0,-10.217097092875022,-1.5664279609042415,0.0,5.135189879047318
0,022,0.3142559522840218,-53.170525575492285,0.7918843782472793,0.33750472736115406,-36.783788664707615,6.785810026987795,0.11880093725011816,0.0,-4.272086181313525,-0.26797334316730814,0.0,3.064740581693555
0,350,-6.233248182474327,98.51883348537116,-16.738057416068497,-6.174409611334794,87.5737124604377,-0.050610488075814024,0.8570834659829171,0.0,-8.437952063154588,1.0488264323431826,0.0,6.250859090537458
0,120,2.785800001436527,-63.704157025197134,2.099936924068743,-1.7453903896969412,-38.046645279915225,7.5107012042154855,-0.06561082803790699,0.0,-3.9686682227040957,-0.3940289567715592,0.0,3.0521692734299304
0,125,13.01319483885565,-105.75103163182989,12.574578806331504,6.453113370770111,-66.4021335618085,11.755354601432469,0.48152119527741055,0.0,-6.790027394204542,-0.1802287931784873,0.0,4.718297328261492
0,266,-9.530748895546456,91.0256108740472,-5.082553633376587,-1.1440278531082066,79.76322285951647,8.968111256586518,0.6986235952668313,0.0,-8.46450352709993,1.0332660103074638,0.0,6.122290064263971
0,122,4.516943630752836,-66.56822491011441,2.716270740433385,3.9317225477699185,-41.98172314855786,15.105211446754454,0.44532270064954704,0.0,-4.86065597851906,-0.034570326984422264,0.0,3.5797969509865006
0,078,-38.530790733019295,342.6204201966827,-19.660925900230264,-21.69724836618534,179.05879084442088,6.0836917333940015,0.558974904684137,0.0,-6.9220787881597134,2.719691278505986,0.0,4.668448858773802
0,252,11.518661570330115,-108.82231089649756,14.449799376996449,9.693088322145494,-63.82680727993039,11.8693378571851,0.40615620292677157,0.0,-10.803379518493646,-0.11941452372138149,0.0,7.415627276434422
0,369,-19.860427079403607,289.8326869673426,-26.89653852153139,-19.589875952402092,182.9215677022711,0.8190139779404659,0.8281944193295623,0.0,-8.748262231964134,2.3803751445443146,0.0,5.834711946605598
0,370,-23.45634971456108,301.2862998888875,-13.476243682808711,-15.555395899405266,191.1641023514995,-2.3880937862133433,0.9920743331768249,0.0,-8.801929466414046,2.478116284688377,0.0,6.086929216220906
0,291,-41.0659833883965,438.20579359771494,-25.863643483450648,-24.24179025535288,228.0504245834058,-1.6957769145381283,1.0216996742089395,0.0,-9.0479989547989,3.725772763438321,0.0,6.058535079502819
0,162,-18.86755479927647,219.87073897907723,-15.460358708524002,-8.688350315646185,106.67773754155905,-0.7994116724389927,-0.02135231733002305,0.0,-4.623424529776412,1.5275458564263078,0.0,3.0815172121996794
0,215,-2.0489837375079354,-84.57862143943,21.096177093998403,-6.315229283547653,-51.25596926185089,29.263477506969053,0.38931956758794783,0.0,-8.323369740281343,0.04771693498882372,0.0,5.913869676572319
0,198,33.56328076292686,-409.563991076515,43.26581109690293,4.548192996394647,-144.40548003042676,31.164430122559686,0.44686846236171723,0.0,-8.368569716977282,-3.095079970486718,0.0,5.272617556660527
0,378,-63.75492896600757,651.75550892427,-43.21789452247672,-24.580551643731322,286.6421679683504,14.265824281763225,0.8098408531932619,0.0,-7.142061122709646,5.704502541449062,0.0,5.134329969743068
0,030,-4.551829674289474,12.049188456501886,-5.778961877464935,-3.9470754264158256,5.4497137280072945,0.7686788786478055,-0.15373184934117218,0.0,-3.893477451136192,-0.02958513864661703,0.0,2.9700226972213177
0,062,-9.970117646676831,181.23908776686815,-10.397201555223544,-6.585866648765552,134.38229015228507,-4.650091023527778,0.8034565601566035,0.0,-7.126051220205071,1.4009886539066154,0.0,5.22954224333038
0,244,3.066896688247189,-89.50604074514713,22.173816997906407,0.9634484332273106,-52.6267261422862,17.8843707208749,0.26445411786847256,0.0,-10.199808745879356,-0.24616448495744128,0.0,6.944321302051999
0,351,-10.67331701244819,79.78695216019057,-3.0587784461058436,-11.348378489085167,67.57247147252892,5.109275137516293,0.6124954427692832,0.0,-8.68599463620935,0.8537584794352067,0.0,6.187647223218752
0,231,0.5462310378225892,-91.77577091752015,13.055485300914665,1.0259973544436531,-45.6568276896031,21.16215171786351,0.3586705456717857,0.0,-8.184863373200926,-0.1089615029380467,0.0,6.503390688695495
0,364,-15.292547731145131,205.33415949966349,-12.970477597084837,-14.649429514904517,163.6847546780319,-0.13703013003650588,1.1991508498654917,0.0,-9.763421345946801,1.9001346737143454,0.0,6.745480065087032
0,265,-9.249197283793219,102.9800031145767,-1.2399959159724412,-8.487347384407467,90.0824220071131,-1.5402852347497942,0.7996606891467449,0.0,-8.14366766744344,1.0681276578599552,0.0,5.930235280162203
0,096,-32.353617797240204,374.4053620616171,-31.635270768627844,-8.020231151598841,128.0907548273447,-5.246270652905464,-0.19030708480198028,0.0,-4.518190574007685,3.141106532478231,0.0,2.891654627799439
0,073,-17.029482085131527,215.29286072696118,-16.688474749231304,-9.917323297995235,103.83892758283969,-5.33485354007246,-0.1277819994620592,0.0,-4.551861481202913,1.4287303031169853,0.0,3.1120724292340722
0,185,-9.099359463184213,139.5468329844569,-10.802944125055518,-8.890640048839844,110.73672220682569,-9.347975481581498,0.7029659384281876,0.0,-6.6768811220967175,1.1285569366296573,0.0,4.741829545673836
0,028,9.721088276724954,-138.5277761057429,14.208444726914728,8.148286313094829,-86.26875982314473,15.900774782494066,0.3368575990838387,0.0,-6.93849926322666,-0.5445489680078583,0.0,4.847966767058652
0,224,6.5171832842680555,-49.38760323932672,4.704985065556628,4.203442479956198,-23.773969154345046,4.720862079680352,0.7051589127602924,0.0,-8.107009203773204,0.2923803748989573,0.0,5.7206836658951215
0,180,23.52728207361344,-229.1880048157518,6.913728154517999,8.636476397447103,-96.27936399285103,16.76902924560851,0.12668998845800156,0.0,-3.9380789397444733,-1.646108428318449,0.0,2.77803649559662
0,397,-25.320349093840136,389.1688212836023,-31.982952316299503,-16.808436245806636,206.2209723286501,-6.430072036407252,0.9144184148080665,0.0,-7.471431306197947,3.2341322888519812,0.0,5.637687943964231
0,344,3.5968458485011388,-78.22332489901893,5.238413286723113,-0.75558263474746,-47.93932558744883,14.816229198571376,0.541498049724263,0.0,-9.684181425121144,0.007938560339960272,0.0,6.806033961640884
0,393,-33.543368811388994,404.21976987698974,-24.613643747823577,-18.00780015231933,215.81019108476468,-11.562608783482155,0.8308323213813089,0.0,-8.547654712619037,3.3916640113528684,0.0,5.7202939190058
0,020,19.83084408071074,-257.0394371993704,19.426629997850664,9.973147011626741,-104.31990133004138,14.260065916621869,0.6651249092759889,0.0,-6.35742941768994,-1.3911047824337348,0.0,4.445737463426469
0,287,-39.53540449397499,404.3403437280476,-24.21033589794128,-24.008394973827563,223.29425247328948,-12.568835926822294,0.7918257549504424,0.0,-8.300582092337349,3.3342435185624195,0.0,5.653505452153053
0,148,-10.954455212069202,176.99457636397798,-13.68519730745382,-8.048739187214542,119.31117051626413,-8.36460892664342,0.4975322443047443,0.0,-5.864687720089999,1.3032078439828096,0.0,4.232489020074733
0,277,-31.32144440367853,305.2003451034879,-12.5717484678727,-11.233492552540936,189.9247919861698,-4.85080210692622,1.0548746326415295,0.0,-8.06894321276333,2.637367120789852,0.0,5.822212263430998
0,128,-2.3189442706433505,9.819166155517404,-8.946915857019876,-1.9765401302613683,9.45413758728788,7.473670262417965,0.07127041459886142,0.0,-4.178164356219317,0.06713143599618787,0.0,3.238910820461754
0,110,14.255331717477661,-165.5537462082901,18.076940974050878,7.654590978501356,-83.88143994484884,15.86527088517141,0.2108061257158655,0.0,-4.494062686437434,-0.9683623642977918,0.0,3.1754011702437808
0,143,-10.470365462028738,93.71041573916936,-16.31941175865147,-7.969448807814606,61.27462077268841,-4.12945287447158,0.02178540309157946,0.0,-4.547591207261824,0.4914499048940962,0.0,3.3173607003489733
0,315,23.258532014566484,-329.5787949135047,24.991022175335804,12.724257989582428,-150.4594581835646,20.030528848084778,0.5530651620092095,0.0,-7.579562305904235,-2.1246536977847605,0.0,5.158917479037908
0,374,-40.716911100136855,403.31394559800015,-28.911811522259406,-12.620697785600147,215.9244463058958,1.9405133057397126,0.8324055893208252,0.0,-8.436230168350454,3.4398163942869493,0.0,5.67628633345771
0,135,-7.455961595437611,41.36420990277389,-10.926281627156516,-4.601273597205324,25.437230144585637,-3.4890622164442564,-0.039547758780691465,0.0,-4.30386029833969,0.17600003013484813,0.0,3.178921946854655
0,220,8.769509638758837,-146.70443676818428,26.371322944189973,1.7447566216403028,-76.33868159297958,17.958237927823422,0.6873734530390708,0.0,-9.95095081950876,-0.32874887203700043,0.0,6.678978299808283
0,103,25.46733382663823,-301.3276026796818,18.58732221070865,4.257444826367934,-113.89480432258435,14.04129816740398,0.6275199490317916,0.0,-5.374929367077593,-1.9734694894699358,0.0,3.6141406106984992
0,023,2.2994278378231736,-61.29410327266507,1.003644723306674,0.4002678013780954,-30.450484568316902,9.55587221981043,0.22191564025688335,0.0,-4.710109907405075,-0.1393119080781942,0.0,3.351368250832114
0,312,25.82765831512303,-274.10251774085083,28.202292567654446,6.560133510255643,-118.76524537086553,16.254796352320156,0.5347761084288415,0.0,-6.867455374734845,-1.5241865779289705,0.0,4.645624522783165
0,149,-14.818757003757067,201.58257700734845,-8.627964625236233,-13.11271713908238,139.62302720202473,-3.6811792195419475,0.7835326711072623,0.0,-6.462374520019163,1.605290618218793,0.0,4.740484287524995
0,241,-2.879030959657107,-74.88195338281695,21.716999773423584,-2.787789923630402,-53.12405307691355,17.952187235567255,0.5814929126334903,0.0,-9.664458947513268,0.06326757455122377,0.0,6.508295499715031
0,387,-19.267283092860076,400.6443921757585,-23.152220608550554,-10.834535604249709,222.47163404339122,0.8928987824431073,0.9596697617092961,0.0,-7.698048954479195,3.4501768698641584,0.0,5.478049906461429
0,363,-11.760424687427413,186.94144365552205,-11.398372584511582,-10.158189439456894,140.74768314098995,-0.978896156668923,1.0692011211191637,0.0,-8.832534013437007,1.46781249751012,0.0,6.329302901332819
0,043,-3.9142767755974517,40.88087245332161,-7.349033346306193,-2.252092158429437,35.00471664602012,4.243595806907559,0.37009785372253945,0.0,-5.273288294125709,0.484999937891297,0.0,3.9202766479414004
0,019,21.89056588430281,-231.4048740018727,16.76114408150898,4.3761811428772885,-90.83016146343446,12.618146421377373,0.7729322436869385,0.0,-5.983164373685619,-1.140811561759506,0.0,4.173794335905418
0,077,-35.90492719428425,349.9831171253633,-24.492835382462278,-21.140353624308432,185.7827235174334,-11.273169663340049,0.706853656485357,0.0,-6.945438198234846,2.9241844921632874,0.0,4.850145897497697
0,184,-6.847329532152172,128.6856729629475,-11.893439723928108,-5.287151428005501,106.09638611946373,-2.111974595501086,0.598820320805342,0.0,-6.110793979135344,1.0309051489368897,0.0,4.4450497894332495
0,336,11.32890858925035,-127.99754215382073,21.451201594897327,4.8903227283426745,-87.47281036114315,24.42469292997811,0.3835551637767449,0.0,-10.21251541619933,-0.41938883457692255,0.0,6.694531905963066
0,074,-17.88798614253888,238.34230109611588,-17.387767589642884,-8.985694300306461,117.72560250516214,-0.3421778815390548,0.08767115474396574,0.0,-4.95619147600557,1.735412747669632,0.0,3.413243225569128
0,247,0.3608775015946582,-29.182866105134615,12.32409544871209,-2.380361534191987,-21.16589262458817,9.281962073545202,0.587120562678021,0.0,-9.355870239552642,0.31595533447057106,0.0,6.258637346068549
0,255,-8.342538271811144,103.42568402049275,-10.840745869712432,-12.814467178226455,87.24288180691188,3.830614859235887,0.8045856069673738,0.0,-8.117892349542073,0.9991636781790938,0.0,5.964506796929891
0,119,1.2673281961200773,-54.74197080231085,-1.1845485092343861,-0.8462357091340421,-34.901633071540026,6.393538208008897,-0.1527801512137058,0.0,-3.8458230968761926,-0.4733214858054269,0.0,2.8658930081970184
0,246,-6.38486133035964,-15.650673162774797,7.327269994851336,-9.927819163226717,7.583434572683405,11.487298747221331,0.4283864965693299,0.0,-8.606784327113708,0.32149865016081197,0.0,6.154629039364101
0,199,17.91487457180359,-262.4637355274088,28.673824152537893,7.536641597138938,-117.09723485864134,17.727416971929706,0.5717303872612739,0.0,-6.264937628912837,-1.426031237775083,0.0,4.742981414396368
0,279,-34.592986038383245,303.71144282832745,-15.939537864068843,-24.390143697016985,185.84772857901174,8.761096990397924,1.0665994018959328,0.0,-8.32938345913578,2.643409837324629,0.0,5.8724344789840215
0,168,-21.865517191267763,342.9824089880779,-29.711716198280822,-8.693455858856737,178.98267632516823,-4.455759099953315,0.25372169084048146,0.0,-7.1130520494250025,2.670048813971185,0.0,4.778848445081615
0,273,-21.859854782832077,177.64376741289547,-9.783757866557705,-16.058462851884972,129.70384949196534,3.269920024784712,0.9239075256257631,0.0,-9.601558627669773,1.4849032841059202,0.0,6.347728560892008
0,333,7.947467390377676,-114.74062708680813,18.12805219519396,9.397855666112179,-68.76529651291153,13.609007987912472,0.7131420794621753,0.0,-8.647712814680585,-0.10442215788285418,0.0,6.650542349978046
0,307,18.976385690282672,-370.2124060448882,34.707722449777464,5.260869310524369,-140.4049179245407,26.501665141133916,0.4442248723430357,0.0,-6.733835916020935,-2.6572446968204635,0.0,4.6523885416148785
0,147,-11.873922572841392,163.3942447387887,-13.99881612335628,-8.881574371009748,99.66426651733336,-5.374571248605819,0.29342026512252356,0.0,-5.144495852124262,1.0598922740733137,0.0,3.8490538356329345
0,354,-12.760167347187048,78.09036627269371,1.6756770341307108,-13.353232136230847,59.619943636042336,4.811914121012336,0.7608578914698962,0.0,-9.714411471864539,0.9053124791185979,0.0,6.669237379109919
0,038,3.951930271292071,-13.816580260356313,-0.945181581681497,0.18242262965437528,-1.251664796286831,4.588326151813033,0.7288261841190763,0.0,-7.082667762021615,0.4915437473136002,0.0,5.196354340364262
0,049,-8.46799807640347,102.53078942188013,-16.42074724679701,-7.421484744588425,68.65256717276921,-7.496325335923478,0.1085539225929506,0.0,-4.608089343853241,0.6639458314107236,0.0,3.3555413451529224
0,040,3.843734420003088,-34.90521037678357,1.393451766006144,1.637012484052558,-15.125087667179374,-2.998397137474217,0.6435074434198305,0.0,-7.840885010870399,0.3087157932443651,0.0,5.447840808419766
0,340,-3.2543765425701126,18.976619220426635,-9.355085470117018,-3.1333491894512586,29.85461497007322,3.498684059589964,0.5926680322269952,0.0,-8.776625174379555,0.5033832082054858,0.0,5.903839185621151
0,257,-12.300937369146132,88.3959676007612,-3.781802136130395,-8.500118054020604,71.0862810068839,1.9435166573679632,0.8063408920664468,0.0,-8.804333212055935,0.9632458358581533,0.0,6.165639114863613
0,395,-30.790570159855168,417.58089961020346,-17.251490070535716,-21.253085656238714,231.88140671325226,-6.981688963196423,1.015903908571981,0.0,-8.559780895806304,3.5748705638608107,0.0,5.692557058090122
0,179,16.774332420856222,-210.51053880473364,11.99372413444309,3.353284290656395,-102.84860306308404,16.76545122086838,-0.022512016309550294,0.0,-3.6882287491660777,-1.6097480904221582,0.0,2.592663860146842
0,182,-12.365862812189455,111.90461437267177,-9.755442192022892,-7.39127738459831,79.81149730701931,-0.9904970324991363,0.15462817728118006,0.0,-4.673212953347822,0.7076906596905742,0.0,3.455130385199092
0,308,31.863841437807757,-374.5283302380174,26.017371594553364,11.50139896007807,-159.4569244792491,22.480876204929036,0.46463092998199235,0.0,-7.043129260635851,-2.569512083322002,0.0,4.711245411150112
0,326,0.9997476436004248,-227.3382701089242,41.16336658917678,-2.3253410964244976,-131.9238827845515,27.53515505305891,0.12103777473029578,0.0,-9.575737385885239,-1.3992799849736075,0.0,5.309513913147535
0,146,-13.269929842403782,133.806014240616,-15.758891273796095,-7.513441249406371,76.09179178745606,-0.8941175096288405,-0.03133661346895664,0.0,-4.708106966185234,0.7095637130045597,0.0,3.273977004538936
0,304,26.699152813172194,-326.16379805047484,18.060372497676454,9.442108673686658,-130.3814560847069,15.768163655095442,0.6452466564014938,0.0,-6.1526297023863945,-2.1907844353121484,0.0,4.010604275193528
0,130,-3.380131547060535,3.122888411641468,-3.1132590512337557,-4.362215357779618,10.29415710987553,6.3875388210774195,0.4609725226855822,0.0,-5.380371881185795,0.33680809880745344,0.0,3.992231238810891
0,362,-1.661824649583201,185.31852562621737,-14.628556229807275,-4.1204771184704,143.00860378483026,-1.2858569943349174,0.8275367783410421,0.0,-8.798446927788701,1.4838325349030388,0.0,6.417913728223732
0,216,13.97516216619051,-52.23878680697683,-18.31122092275707,10.419103664350162,-31.499508504257804,1.026059321798219,0.8569600234623769,0.0,-8.188508421690962,0.3794086778521216,0.0,5.796384510919851
0,087,-38.14891341219848,367.16476211149023,-33.095129693927156,-16.180430068874028,121.09905522273253,6.826515265695215,-0.25917810562572585,0.0,-4.66223220982728,3.0988330817144942,0.0,2.9436403576343997
0,189,-6.329888735969716,110.53693399590429,-5.308853523950626,-7.321096864782229,89.5233348539281,-1.3344150309490437,0.8052909195812084,0.0,-7.4936581710816155,1.0444118686781778,0.0,5.761670988774469
0,296,-50.591295671422984,674.6866074422497,-45.920632333568626,-27.49820365399062,271.2655487798271,5.499409690815015,0.7161770063599786,0.0,-7.290723048726571,6.087286844406194,0.0,5.13539920396787
0,050,-11.296737845598898,116.79818416997227,-15.750579336819541,-7.194815710037959,85.04344642774569,1.6212009733329007,0.4011497037927245,0.0,-5.170655114914607,0.8063455128739734,0.0,3.819954832523481
0,346,0.9207554356088486,-116.66595339171747,27.37425699289749,-3.440659188171515,-70.01901445161882,23.674776900333736,0.4558580228974111,0.0,-10.651963352938024,-0.1726344297469242,0.0,6.810125954659981
0,157,-20.60820959395418,262.5723012893707,-17.320293238146455,-15.968564925315972,159.15109555828366,1.7546722102918768,0.6816345577906905,0.0,-6.625586807167407,2.0759313566117403,0.0,4.82371559923221
0,258,-1.3148170025778043,68.23153917321112,-4.102050420345251,-6.4354539863301925,70.60139379544431,1.238006845504594,0.6562666061063289,0.0,-7.679636148098491,0.884799825253587,0.0,6.257758559662504
0,267,-19.473539165660416,194.7124855842799,-15.450481902483848,-16.95368955909498,145.62620379055497,2.7402157526506348,0.8051472910400889,0.0,-8.165273670688983,1.536665569672052,0.0,5.4600491968104565
0,080,-28.1426972946786,366.33933529034215,-30.69798504208447,-15.875263687780956,192.0779579272804,-0.6805355301530097,0.6932627290375398,0.0,-8.028773990303781,3.0460535758122904,0.0,5.179453006970724
0,286,-42.20138141148691,397.6689227602504,-17.32006104120429,-24.10919438573836,213.10675888771587,3.1562708625810107,0.996698523777999,0.0,-8.407952767224954,3.403930453827298,0.0,5.560396740767282
0,150,-11.809496951975204,203.13968482279486,-11.498828696747163,-13.227068769509295,151.14105706706832,0.5534435109254904,0.8250139838461339,0.0,-7.281492483652738,1.6202689845215748,0.0,4.961394243049085
0,348,-15.621809788840602,126.20479954987432,-6.122636195465686,-18.838021686286442,109.67824616693046,6.415761654949895,0.8560237413540929,0.0,-7.793561302315621,1.2074629863175093,0.0,6.019251458361603
0,256,-3.5466215788904365,104.32932089376934,-11.459591179832952,-2.3361069691896446,86.45406155101072,-8.681884117351604,0.7978709608615323,0.0,-8.8012360021039,1.0749348301252737,0.0,6.362970601979381
0,239,0.803530077184968,-44.9298221563747,11.681819105125667,-0.7581480988356175,-31.66590275055963,20.882982414151012,0.5084298432581706,0.0,-9.345507950574978,0.22581816282726286,0.0,6.242667398177578
0,051,-11.101350041151486,121.72394061196306,-10.988607484095787,-10.448268134795134,93.12490561923045,-11.355778986816322,0.5095908001511122,0.0,-5.938705364791964,0.9305411941876558,0.0,4.218522658506073
0,242,7.113605575957366,-115.10563005344261,17.4622310842024,8.546582547517021,-80.01496383342612,14.17284635073434,0.2781125763810979,0.0,-8.160317372425947,-0.32733049114777035,0.0,6.458446323319106
0,097,17.618573083158836,-210.73764073508445,9.935379869057636,7.876594084279139,-97.9724264985517,13.705614803208418,-0.037657914430511794,0.0,-3.6069746544172987,-1.5554957774724736,0.0,2.6273692230198304
0,059,-17.368231569337897,178.53703983046523,-9.726267600891017,-10.318461978204756,115.80261328228075,3.738758924408644,0.5449880594860068,0.0,-5.952750310446096,1.3467040041214966,0.0,4.370898934867431
0,195,29.805315608699146,-377.21775353108916,24.805505104853392,7.794946241352099,-140.20266057220707,21.556558946360592,0.563854289432155,0.0,-7.289584336569573,-2.721291951109413,0.0,4.751458535803836
0,280,-26.98075131503935,287.2976903974991,-21.620401411790624,-21.317835800384685,179.90443498164316,-9.733947932312375,0.8457980599597851,0.0,-8.381008523047933,2.3606630137437232,0.0,5.768891143253514
0,278,-25.83308213321742,281.8970141773117,-15.037362341963856,-17.313842850752916,175.31463804014118,-1.3680035436375744,0.9613632643530916,0.0,-7.831702231031937,2.3455659706448664,0.0,5.642777121260816
0,276,-19.951616440464143,213.66271075889276,-6.121955347642987,-16.84159374080988,150.56850292778995,0.2710412968131992,0.8018746170043682,0.0,-8.30912965038819,1.6431848602993908,0.0,6.141744961382084
0,349,-9.624109764467203,104.4680263486493,-1.6241297903363525,-7.81184685712088,91.10231883661567,-1.5594473912117772,0.8783778618630772,0.0,-8.767946189468041,1.1436716921618706,0.0,6.204829180140854
0,240,6.7853450891731075,-71.0748978182298,5.2175703023483955,1.3082232661351787,-34.807150729100975,14.950109201779751,0.5013966615540905,0.0,-9.4842086518603,0.04643754254208175,0.0,6.4639200693960355
0,226,-1.7348976603756951,5.533579702178843,-0.6207765455622969,-3.2668050790396896,19.0544494242412,15.0605765315895,0.6074889261912688,0.0,-8.378374480997216,0.486443533924454,0.0,5.821718580370896
0,035,-2.7886243795528354,7.5990991573786495,-0.8249558794593705,-4.507731300835152,16.356140391574133,9.35754712084102,0.60944228107029,0.0,-5.73360422958124,0.5099667286366749,0.0,4.284791192425104
0,057,-15.82885890531556,141.05031172911072,-15.264606742027906,-10.331131437994365,85.69015063925592,-3.5978774742367,0.08361062036317785,0.0,-4.770510448884187,0.9034372298521345,0.0,3.325775690720854
0,069,-23.878898418685644,282.543463091188,-16.947799546725513,-16.725198561124184,176.30070523354027,-7.4822219966097006,0.9896960551476818,0.0,-7.563234233282726,2.4661630808532546,0.0,5.093609761923363
0,133,1.3812415818011192,-12.391406136898013,0.0015567914144535469,-1.7493086312596333,2.5910797179264824,9.455952034882126,0.6986577555366055,0.0,-7.190895109728718,0.5281320581911749,0.0,5.205313929808697
0,072,-23.118164060969566,284.75506948663343,-21.199620972617534,-16.642527331123723,165.03135503199277,-2.140201361845551,0.7177883669465601,0.0,-7.4873759601721925,2.2770941406866534,0.0,5.633365671399643
0,207,29.701186556120216,-334.9782341077986,34.067950980454256,12.600461594424505,-142.58365243991898,14.887257538572035,0.2388481425501304,0.0,-8.37496760529109,-2.441229171794369,0.0,5.591387600200073
0,271,-14.146195551883965,190.6003271072911,-7.947609098364954,-8.431882095985179,138.85016900899788,-4.549270688458774,0.8288769615574233,0.0,-8.68994515441533,1.5729653417638279,0.0,6.1265451939923015
0,052,-10.083575849390767,118.65326261730993,-8.052208017745505,-6.475751528114379,95.12642263092563,-6.382581005406248,0.7077777968225883,0.0,-6.661852125573166,1.01085208726684,0.0,4.688350531509073
0,042,-5.19212352349895,56.78486616243263,-10.807261426361954,-2.0449187568777223,42.073987716437166,-1.4922860087401053,0.2287071644013351,0.0,-4.845441954256525,0.4396434572805975,0.0,3.69129986108347
0,194,26.006876904116012,-363.85048067816274,28.460782710355225,1.8182286535587457,-136.30897917789022,30.14204109708824,0.5733359389376858,0.0,-7.237263486236966,-2.5887691853101895,0.0,4.680323885407113
0,366,-34.39206396316221,325.1410441256877,-18.370665572104922,-17.764655105846273,197.7315600848593,-2.2829237637721382,1.0038499803630865,0.0,-8.885070788276554,2.780018401478235,0.0,5.969626444907838
0,343,5.744153735051592,-45.06197746325875,4.649288944390161,1.2029397753572402,-32.3979775752024,13.187724925794504,0.483947110544507,0.0,-9.300956837896948,0.22555409034376972,0.0,6.587917451063088
0,386,23.002894784379208,-319.1462786039318,26.93302562393506,3.0617512321589837,-137.30470537361307,21.857055138392575,0.5707897332891702,0.0,-6.069510746337472,-1.952706716255459,0.0,4.239211253006249
0,213,23.996280980704636,-261.597049774506,37.445205068514454,15.281672854130635,-145.55876513701145,13.530582044703857,0.16829841375294718,0.0,-10.15677116900804,-1.7086338381217239,0.0,5.7834522720933235
0,060,-21.947497888479102,194.76549723698662,-13.906937078983907,-13.450199353265381,140.79531105991182,1.7002701690469437,0.7206011245221597,0.0,-6.785830097975607,1.5757590110309263,0.0,4.760980998623398
0,359,-29.722917988301273,225.32667382185775,-6.955522461407365,-21.843947807985646,166.1860616998805,-7.873693283799294,0.9568156537366156,0.0,-9.169889734107619,1.8578314629982071,0.0,6.072667384041515
0,382,-68.87306129415015,722.396108832936,-36.834998918821164,-24.619432364005696,308.49150469473204,8.555545109468126,0.7077332000927423,0.0,-8.144217884266384,6.380457089015561,0.0,5.371850341847301
0,079,-31.038710615697706,342.07375955843094,-24.10934187100613,-19.281545388339186,169.3614463864516,-4.131540978251283,0.37555127154202894,0.0,-7.240779272360539,2.6036544073579893,0.0,4.791546131271638
0,066,-21.69953044228078,219.57416194044185,-19.21156565945113,-13.189472956479731,125.88838562200996,-0.6440536427684493,0.3129967403742655,0.0,-5.583240152405986,1.6069815067061333,0.0,3.7722622943659814
0,191,25.65335184054648,-323.9795000347007,8.994560647520776,12.54168400187654,-133.1885876951619,14.001059705834578,0.5799584084375082,0.0,-6.13844145983941,-2.1382824443943584,0.0,4.119517229713827
0,292,-37.42330191207174,392.09599513815033,-15.96047208667117,-23.260362327490906,217.23586139781148,-4.7853101252448775,0.9803445988422647,0.0,-7.946730914574564,3.247050587853199,0.0,5.689204660596246
0,285,-35.34692377131331,402.3920686233938,-24.07608225736915,-25.0878682311536,227.50474521724635,-25.803577413844046,0.9417490620035616,0.0,-8.15068130821202,3.422955656395774,0.0,5.788805315511799
0,237,-7.906147481132942,17.262633089593027,-5.4095785931194795,-3.8355307973868045,16.78199777614616,11.16365755347867,0.6027703542181051,0.0,-8.560428817611282,0.45453740457251823,0.0,6.0027729352117385
0,250,8.042028678086085,-87.7145318276491,18.843230907306282,2.590104153669849,-56.752172610032396,19.601814916006507,0.4228416806479677,0.0,-9.343104133374737,-0.1095857811182367,0.0,6.78674586777996
0,197,26.00637238547225,-345.31874204810623,27.935526845625876,5.549106571032225,-145.72984204256932,21.94511632282648,0.4221628141422671,0.0,-7.864022277779535,-2.8411953703519846,0.0,5.149689009347236
0,302,-106.11707438793034,757.7025386571783,-58.653948779956174,-43.608355056085074,304.3781429026302,0.22590229342154192,0.6992530504959575,0.0,-7.731691653461248,6.897264166067004,0.0,5.548216487099913
0,357,-21.980129596606155,212.78476954668596,-12.211091616000061,-17.763503971808515,160.58204171474335,-3.6749312772150184,0.8072325795170181,0.0,-8.499538242102851,1.7317376616629956,0.0,5.679004712989991
0,013,6.949557955312636,-138.80900152681465,9.259121429206306,0.8368800422399277,-76.33094569215868,8.485116584855476,-0.010472369217206356,0.0,-3.7264345033691644,-0.8820466887468228,0.0,2.7043809693967895
0,044,-2.677888348362729,62.60724222881194,-7.52851285928092,-3.4795826796968297,52.63169530025661,2.260676981450541,0.6002094484719587,0.0,-6.0048706464237736,0.7238670831448507,0.0,4.4935904364792085
0,027,8.82599678359247,-109.09558460336626,9.523550637236132,3.561614281012749,-63.308679934819175,13.427473165929321,0.449117777963162,0.0,-6.572689359812318,-0.2104558513960108,0.0,4.56494085389444
0,058,-12.615043494779211,152.7271652025619,-16.536003587581924,-8.6621835181112,95.10179655025946,-4.824895463185319,0.275125625409907,0.0,-5.464864163934876,0.9749313384790464,0.0,3.7978253401197484
0,187,-6.162327853154773,130.55121299952654,-4.813540540347019,-6.996971828077983,113.9513359125443,-0.7531451288139996,0.7765914888625901,0.0,-7.15075342241885,1.1134451654866588,0.0,5.185312337371542
0,018,16.070445731563105,-217.88537927443443,16.922781283472045,-0.4150742313531156,-86.59355883269468,15.06436920253892,0.6846722163663448,0.0,-5.7399911764796,-1.19508826361401,0.0,3.965909225662145
0,232,17.806505584455792,-99.15417820311731,-2.33090387893253,14.055649609785577,-62.90372318945192,6.982477997060934,0.560425876150521,0.0,-9.78846788413988,-0.08424129809804168,0.0,6.731294560178002
0,036,4.196454867540336,-5.42974340900008,-1.314219847038853,2.603113515850309,9.68114397820013,7.5099782543896625,0.6782248256771676,0.0,-6.761338271163004,0.5341490358371389,0.0,4.740767021507546
0,211,10.444542531733022,-218.64250263199628,43.05171659900056,5.556653588844055,-116.84038216055069,20.502991923573198,0.24803952274253727,0.0,-8.238308583933598,-1.2794484281759146,0.0,5.839622373175186
0,041,-5.912800311926271,48.40206374568949,-8.452559689924868,-6.6277774016544955,29.718138706784462,-1.138742816393284,-0.05741870940415827,0.0,-4.369548428417731,0.24159500918346513,0.0,3.2076907991824437
0,319,23.876303772156685,-301.57049398861614,29.56741835934806,12.02467420811324,-141.01081808797517,16.27845996039078,0.3361157627532952,0.0,-7.9048446172974725,-1.8941189184904736,0.0,5.421133140128115
0,158,-22.42302236587833,256.51497519611627,-13.277703140827372,-10.857375499213738,163.8401415253263,0.6175594831689417,0.7788917124464187,0.0,-7.132182990715276,2.065026115238674,0.0,4.884245607933379
0,126,11.898873402282426,-153.75249240821753,15.934922048031586,8.073003206579783,-92.5514146206679,8.36165737384233,0.37964777817548556,0.0,-7.022726600538744,-0.6785312789572143,0.0,4.745648729277362
0,320,21.65312348359109,-327.90072922632305,37.212062716153916,6.524909852154035,-145.71363781946306,33.037637861634344,0.32280480073623374,0.0,-8.377150999666135,-2.3041512329117237,0.0,5.672010823071696
0,235,1.2134551845778265,-109.29203109461326,21.269884644584895,-4.152212449395968,-71.2445243779479,24.25570063194463,0.39988188448881157,0.0,-10.336212135746374,-0.3269034562353354,0.0,7.074232042328696
0,391,-38.17139532202852,402.0165459929438,-26.896521121860413,-20.905851405954788,220.23709314349918,-4.763247495315372,0.8631256392258063,0.0,-7.9009375859701985,3.417918821208647,0.0,5.511306841928261
0,161,-30.967701287752497,287.83046545726575,-8.870946321045908,-21.387212842222016,172.24113957480498,-4.420466209182756,0.973806964429381,0.0,-7.521686994604807,2.354197583149194,0.0,5.64586086696962
0,153,-13.687329114162322,200.23499927063537,-15.641866892801506,-11.458085435318157,150.80831509754861,-12.166869205523206,0.7737814822883172,0.0,-7.820635575899414,1.6709374273741904,0.0,5.4358516685554905
0,269,-19.698033905695464,179.052849050975,-19.443675451413895,-15.349457295485765,131.64043409284767,-12.235941289849448,0.7659870334626767,0.0,-8.085844056304323,1.349573485076395,0.0,5.88231952897169
0,033,-1.4393081643275978,5.472543860247681,-6.401477155727946,-2.094868126022608,11.16387357856704,4.400412426469141,0.43891426606631356,0.0,-5.2111971876457766,0.36899133969078596,0.0,3.986493531871026
0,284,-33.12686941324461,308.05968006543185,-20.880252809201817,-26.07349340778878,193.24933698739616,-7.478092499173454,1.019563997968794,0.0,-9.08676597846199,2.6034718769803233,0.0,6.436220101885599
0,010,21.817091781777123,-302.18994434542924,24.847304105085573,4.833947947791695,-121.24695649631168,21.992328534241597,0.5036915665087202,0.0,-5.807262892771533,-1.9867815418253936,0.0,3.8309005200349038
0,301,-65.36239372437356,763.4954647260328,-38.20858916295032,-27.15197992864578,295.2192857333964,13.107401781998087,1.0669382592555658,0.0,-7.732948347274678,7.203344840521356,0.0,5.403375454300161
0,165,-26.459703480721362,305.9028302233733,-30.451102465964162,-10.18930716556973,157.30620828577773,-4.69113966387244,0.2335059905696667,0.0,-6.3876854634499285,2.2935389702154505,0.0,4.203757912143267
0,089,-49.06726379840662,478.22259969405883,-32.799117095051464,-20.100007976673,179.77283160362512,1.1354968358185775,0.4305959160476431,0.0,-5.4927176341811315,4.448620464727809,0.0,3.6397999176346327
0,270,-4.355022088954049,199.8266388252421,-18.35621431317024,-3.391150196439755,150.3391089658541,-6.963618487377921,0.7335956275027881,0.0,-8.738907745005976,1.6321706207828435,0.0,6.020113387620803
0,094,-89.45848815155922,609.2850330819216,-35.668033330667015,-22.68175067132448,254.56196974415414,6.058134550022026,0.7094342423817169,0.0,-6.638211181577544,5.5722187697153105,0.0,4.708403731288171
0,104,25.666968706318503,-306.19794491824814,18.557811658146832,4.650133781907676,-122.27265188207848,22.710113571929757,0.43803709978190436,0.0,-5.799809383299102,-2.0213211184031894,0.0,3.838452047141263
0,317,17.194346854609183,-289.8311749732691,26.404440875149668,8.384708497847706,-142.87121267686797,20.349482785247186,0.45198763984982154,0.0,-8.02849858915754,-1.711310960895403,0.0,5.358976846488389
0,376,-32.90190102940266,406.31292481687933,-25.72483093334363,-16.994156502348297,219.4832077241983,-9.5368780823983,0.9155728400019126,0.0,-8.257032556785997,3.346322186567299,0.0,5.977187421575301
0,144,-11.038843346991285,122.79821153603352,-6.153672394623941,-10.23813861223401,107.52313119332804,0.03241745746742824,0.8559962293158966,0.0,-7.815710677689431,1.1641333468871062,0.0,5.440559886726975
0,372,-8.651830185454493,303.3296964200415,-23.336528381391023,-5.221905434112516,178.8372427901431,-4.762112601692354,0.9668033690327623,0.0,-8.95082391765473,2.4638514379166208,0.0,6.359859891041007
0,384,-61.500568875346055,760.6547291849611,-72.12186030258027,-15.590269173430046,317.01841222109357,0.6282426429233123,0.796303651331817,0.0,-8.133214342721713,6.769723278651078,0.0,5.480882958715107
0,015,10.70617223557905,-165.28253827980518,9.689555352857115,3.1099868803626562,-79.13332679758075,5.2804082403032435,0.32035752205684553,0.0,-4.522063643943367,-0.8699627791894108,0.0,3.2161353298993323
0,131,3.228972508543186,-4.924003108282629,-2.3279225913904624,1.1281954859399324,7.788691767977843,-3.609742055551987,0.5993463118299239,0.0,-5.7737567409490085,0.4343339051225481,0.0,4.273532655685276
0,309,25.611422505384684,-378.6211010798299,32.73750951840861,6.2350445133970815,-161.96290166009732,23.415773312033036,0.3676518485457882,0.0,-7.435544637195802,-2.619597500856292,0.0,5.0530857479586375
0,325,9.929429656523462,-219.6465697141336,43.88262530738721,0.3399148458178372,-120.18007340049459,29.257080579756497,0.325796144146932,0.0,-9.247515386256522,-1.1517197741670877,0.0,6.116682622996064
0,367,-32.16764719124428,288.02456691907145,-17.359825494456107,-10.836475858191498,172.42788137705367,0.5333765574089336,0.9810181911726059,0.0,-7.932075994101436,2.424001252987764,0.0,5.718900153589832
0,347,15.651734109801845,-103.281056363088,19.00636095271096,2.795061318235193,-58.12972581869255,11.104242033039347,0.561957369297263,0.0,-10.304179268075368,-0.23795141564359176,0.0,7.190695964905521
0,219,15.522983761179763,-153.73654963085463,10.40780583846156,9.59056034824392,-78.78573467531125,14.216362772549772,0.6174910055939851,0.0,-9.629471763990317,-0.41028641225379886,0.0,6.3985049132612755
0,001,17.398825793918117,-215.8828968868236,17.029457924762433,7.052327582322804,-100.54197731445093,16.94345125463959,-0.0751275904012636,0.0,-3.5889704441617982,-1.6714562277374272,0.0,2.486593387862529
0,021,0.5833495131331458,-47.78201009245175,-0.429169224819829,-2.4095449238942783,-26.849106609797335,6.081968394645905,-0.12539297162689456,0.0,-3.8734035829654663,-0.3691015278674615,0.0,2.943328706735738
0,160,-18.089003053773183,273.5736945731707,-21.243315596923534,-10.644491807187606,164.71845626900011,-7.875527472353014,0.6680894723643909,0.0,-7.530674025984135,2.159735788939169,0.0,5.295206373514782
0,342,0.9080277187706286,-35.14000940728262,12.356010386712901,-0.7601050772824665,-29.215320521105678,22.26528262126823,0.4817348479072168,0.0,-9.369143550927733,0.2632580608530355,0.0,6.330753274527184
0,112,12.341261429744716,-184.20924614168715,13.498802948076227,4.028689188222453,-82.03473196031278,11.243128687039777,0.5289512568611868,0.0,-4.772991383816892,-0.941098740647981,0.0,3.4350269898838044
0,106,11.798413038574552,-131.50406784859578,5.520825523508255,4.645256166429542,-74.18040731922815,9.674453699268044,-0.011708095858253728,0.0,-3.907077673077007,-0.8346894375704484,0.0,2.7247697276162124
0,088,-53.14547473388863,424.743484632074,-13.13377287095916,-11.312653939240395,170.14892610406133,7.18270628546938,0.14564672655548674,0.0,-4.95215840437423,3.5477436329649517,0.0,3.444331127607229
0,243,18.720026001074626,-97.26589429223277,-1.6198431065145504,14.1892021847421,-62.468796939632696,11.727521585784993,0.4101137137805663,0.0,-10.371930285576346,-0.3223057823127641,0.0,7.1658313346481135
0,330,4.554313274310253,-40.94624624333737,0.5951290845646189,0.5151604365903295,-17.18108947389107,13.135222489527179,0.7705583535805721,0.0,-8.647408635802348,0.3577184593087116,0.0,5.806217444793426
0,132,5.72506160175828,-6.594443112317506,-3.3766267611221576,2.4780624236994266,13.254279615742664,-0.4624115297357168,0.7903069522316835,0.0,-6.43868209964083,0.5335860304654677,0.0,4.787712494618384
0,007,26.8653496437428,-289.70445357728005,18.35011951264028,4.146079542776514,-99.73098539824805,10.26939321178052,0.6659639998783419,0.0,-5.1267693875176725,-1.8948234188345172,0.0,3.502251291746925
0,263,-3.923807335237369,52.23906447234155,-3.6866786552286164,-7.418192702997359,44.760535628761325,13.930054568675587,0.6888347709736437,0.0,-9.248522336155078,0.7787618066598825,0.0,6.537406637549365
0,311,33.92453927636143,-408.4862917186981,33.135708230997494,9.288730707063282,-173.8570557020611,23.954426755689017,0.40318822201606097,0.0,-8.011338988960965,-2.925921550900619,0.0,5.553542813153521
0,011,19.191830563511186,-314.344543563061,31.28598946765871,4.706208637035048,-130.23477119985745,24.894014537433478,0.3786607750991757,0.0,-5.85398992118719,-2.2809869771233413,0.0,3.940256711332633
0,281,-33.70712657478188,315.23850324538887,-28.429945400782866,-19.63951788726099,185.08806956328613,-9.159142413033361,1.0274184994932716,0.0,-9.290224237082292,2.6434863925972216,0.0,6.414119699934507
10,037,17.549273444761717,-221.84651698166323,17.51373620898626,2.6836365042267083,-51.586826314755946,7.740192166076355,1.6450776568913188,0.0,-5.535264254106749,-0.7418816300731282,0.0,3.6556700627589316
10,329,-23.620769261384183,207.36849364348245,-8.515486472274581,-23.563494064172552,187.9631596241058,-0.5331119074346917,2.350272659013927,0.0,-8.185977491188668,2.7301862246094064,0.0,5.821731737390711
10,053,11.98218376570502,-93.74990759179029,11.091172223668982,3.4738886843261065,-24.331656475814228,6.841517234701431,1.6677976805393298,0.0,-6.199227353412404,0.5286183458446931,0.0,4.1739565643352545
10,209,10.581276828472943,-134.89209825058535,15.352967801034612,3.5581626534150734,-31.623397548773546,7.460041845722433,1.54021367804153,0.0,-6.265663020131202,0.3137196195337687,0.0,4.427188618452751
10,141,-19.52748113524251,231.24132902860617,-17.649515198080948,-11.598275933039778,139.20372811734146,-5.324455497675515,0.8379970337078709,0.0,-4.531441901399658,2.1363363821461174,0.0,3.2017253886359525
10,331,-15.630714379851746,206.29673071338894,-7.027751513446365,-18.40615914662144,195.25251077114999,1.823253192016717,2.3538930349763323,0.0,-8.562374698833297,2.8369408748059697,0.0,6.050067248045442
10,031,15.648868562163328,-181.27718377049862,13.124886522385937,5.501600007527024,-45.48215522629163,2.331686564947395,1.3724584412365477,0.0,-4.751368442533535,-0.4741353391803137,0.0,3.2406271897864096
10,221,-2.0391623155865917,44.648081540912564,-9.3655882128058,-4.117412113539178,55.335984998959105,-2.1278224525229774,1.372954514966871,0.0,-5.424226968173251,1.2715596135784195,0.0,4.063325031292019
10,262,-38.42296030961733,485.82408685420336,-46.912894007401654,-12.4788871825931,226.97282580325296,-1.348246360616773,1.2601281651099452,0.0,-5.345699936052396,4.781348942564097,0.0,3.7635192110479494
10,222,-2.6419548160287847,57.10618865394502,-11.912771324046748,1.155346163861182,65.31429153830105,-5.645424557002649,1.5938843618203986,0.0,-5.774462448793921,1.4995864813313682,0.0,4.418349958243802
10,205,3.638148497323254,-63.75382193816713,3.6801976483680425,-1.53444498940436,-14.045996043747234,2.9630656958285986,1.029957012563588,0.0,-4.5425751963082535,0.47175940224134083,0.0,3.36011612697075
10,223,-3.5394492400300255,72.75311551248983,-7.100760224465986,-5.844775031174461,78.32046330730408,9.149968604801844,2.0656406918022405,0.0,-6.649044852639703,2.061318514277727,0.0,4.75995763681772
10,127,-23.6458785523321,224.86386652228757,-18.38064132226414,-14.797056653329912,158.8161817255393,0.06457766076125804,1.3490854887639323,0.0,-5.317383318563718,2.2654791099029317,0.0,3.85810989120407
10,188,18.847875989167985,-312.77722523810127,27.66171771751836,2.725483317333204,-79.07327349690054,12.857017357750369,1.350751635629853,0.0,-5.9934057796966265,-1.712668112344022,0.0,3.9266979179388053
10,075,0.011752800831814514,-34.78577244582352,2.5114908671546647,-5.587451885690761,9.60720150111203,10.24706572694156,2.0786129731414595,0.0,-7.70991977797189,1.4945805383409732,0.0,5.303040418048294
10,173,16.679267757762457,-217.19667527674324,10.55619344175265,3.428436042456554,-72.0665929724301,12.012428377871045,0.5255330328098231,0.0,-3.6290673437273577,-1.3168005233986388,0.0,2.551539848806607
10,002,24.369250537682994,-341.42237504156464,30.23762772033665,2.989961280341731,-80.51938058157445,16.619049662949944,1.7317738463711487,0.0,-5.799001778745429,-1.7563103659197399,0.0,3.960176398824086
10,099,-9.573392412107326,140.94933619247175,-5.19477614985583,-9.46704637682351,129.37296364452777,2.938528009218254,1.9005151249073449,0.0,-6.396305930690546,2.248300471781107,0.0,4.742775375150598
10,339,-39.114094235432376,328.00454757669917,-16.271381647286077,-37.60231417297321,244.76061591115007,5.03035294317822,2.5133315157052403,0.0,-8.606893750568078,3.690361227108405,0.0,6.089780589552479
10,238,-14.791126968477867,197.19548495730845,-15.346893251133064,-12.258644802975217,165.74608411682107,-8.888770796919614,1.9372390917558575,0.0,-6.500131172476788,2.356690963322993,0.0,4.866655059902602
10,190,7.1841076114727915,-152.08641407646758,11.314125668072204,-3.534029661423232,-50.3001284369747,3.7016351094159474,0.8707484175813632,0.0,-4.108443142247465,-0.4608685531193633,0.0,2.949639034803656
10,233,-13.147099874399988,124.77321530383907,-3.5544972321608697,-17.095837005046338,120.09898659268826,-2.9148691569760983,2.1436404003632346,0.0,-7.564961219152809,2.285215913458237,0.0,5.512808594715584
10,117,-26.773698503990087,219.39457943301827,-12.499820656476727,-25.824242971620862,183.9551048328337,13.445326361224463,2.312615796570797,0.0,-6.96782299456466,3.80511809186656,0.0,4.818294026078115
10,323,-6.438661046355362,106.89092929432644,-10.440052414190625,1.6141695915156884,111.96202696993062,-1.9031831729787552,2.473165822319662,0.0,-8.892977079683762,2.428500100370854,0.0,6.32049577009141
10,212,0.36226356755733313,-1.151027636166704,-7.100005589742561,-1.7686891897745636,17.422234028939187,0.6147105745703909,0.7126761280805465,0.0,-4.330234179474516,0.542279253234061,0.0,3.2626279794801007
10,314,5.485591767023974,-15.128195559084363,4.334486845254489,0.5983275732697512,22.609706617818976,-2.0622744561020543,2.2385282972356624,0.0,-9.142933112073335,1.7442648816516793,0.0,6.310217246862869
10,196,14.644636103003307,-212.26268153179848,19.379985153674696,-1.9187445949513116,-50.10634899004807,2.860941303852629,1.6919232057723665,0.0,-5.7114725176400665,-0.5767874239824836,0.0,3.80373388060228
10,129,-13.524918189489465,259.2793851679787,-25.129309677337396,-9.413242046388152,190.7556984730463,-5.513078099658296,1.7689451465324963,0.0,-6.062037494035509,2.7757345853944453,0.0,4.388010476105549
10,305,-1.314747944189585,-71.64403589617228,12.893616671680068,-6.986733177804596,-3.585275777954159,8.047788980042531,2.284322038733951,0.0,-8.525507582880461,1.3937078773640432,0.0,5.8714876154942965
10,327,-5.630294962338349,84.61356558393045,-0.11568919315391812,-10.858942487905491,99.92719158270764,3.7637276921566887,2.8313661107169117,0.0,-10.631458714788277,2.6521738694854085,0.0,7.273265694020768
10,350,-32.21922671808036,429.14102131890934,-24.85071664851634,-27.221562006246703,273.6285804858627,-1.3412778743559866,2.500693832726749,0.0,-8.416170615340917,4.656730493261092,0.0,5.949963781870077
10,218,-1.4264236636387049,-28.83129850668421,2.706414139056119,-5.2572942239291525,5.439717759110989,13.355161275328696,2.042233175631835,0.0,-7.829317797818083,1.4626772571287263,0.0,5.410274508392578
10,125,-21.246373545741626,211.70061148301497,-16.672686917167,-15.424934410676206,142.4189189276941,-3.2180228854869735,1.0753476250208223,0.0,-4.763850647531769,2.052904145387331,0.0,3.3665845806336225
10,093,-10.192813841846453,101.31749380251097,-5.829587249340602,-2.0906312362647967,86.34139318255477,2.753576620964471,0.9327502839095402,0.0,-4.792330095721264,1.2721094683615655,0.0,3.475305448468139
10,266,-54.52572845384364,622.8874477171029,-47.72306141019108,-34.08873551400857,308.85301155391903,-2.39957534675094,1.8015226782949396,0.0,-6.826211257050609,6.3070796109878735,0.0,4.4313841872849675
10,260,-28.69768307088399,384.3595289190735,-46.3484582997493,-12.039685650802593,174.90675940296595,-10.708557771709513,0.6411530444594039,0.0,-4.708025079109779,3.609030229748948,0.0,3.0156170823708455
10,252,-30.87442395708061,276.59902965817884,-22.511339459367253,-24.016726304944395,178.92281717676315,-3.1765674205427334,1.3996051607824094,0.0,-5.318770756204645,2.738153337649166,0.0,3.802755613804544
10,177,12.07604184740912,-227.63092380544686,17.376937359689958,-5.192433111089999,-80.15858555144945,8.399008615429775,0.7356477804534097,0.0,-4.036455881251513,-1.2979938040518877,0.0,2.649370004917726
10,291,18.685045766642837,-315.90990205955734,36.22844816379801,5.791860829794553,-88.94417847534328,15.778325007590741,1.686530912009996,0.0,-7.5969188095382325,-1.3878252561847673,0.0,5.132266759107258
10,217,0.3825362036588549,-20.72005888730936,-2.981928598763072,-2.673894303086582,25.95887976129811,5.2124096124611565,2.1847900862242913,0.0,-7.377159741511317,1.6372236970449556,0.0,5.12881392209377
10,337,-24.806308525573833,315.88938549488955,-23.511631066758056,-25.670171523246044,245.76507420297543,-7.307281029193611,2.501471609104833,0.0,-8.748241773831126,3.556431482190885,0.0,5.876634574015821
10,244,-13.968120410769707,226.5475495402412,-24.013846412547238,-11.773455969681622,159.95745191650613,-4.050318957904022,1.3716923273603272,0.0,-5.4863837320229125,2.2317682477464804,0.0,4.069140736071004
10,351,-45.76238458223285,437.05389384682894,-21.26348034128585,-28.733701282830232,278.94471580919617,-0.7871038059496458,2.6579176687267263,0.0,-8.810030106394613,4.826680172560247,0.0,5.974336021324831
10,047,-0.8300903498372003,-68.13199445547723,0.32265017946239993,-3.784137433512062,-15.931345179059594,6.130035649226766,1.023561133877061,0.0,-4.525764225117814,0.39098203663730546,0.0,3.32961848273815
10,231,-7.3101338145719374,129.9127488764914,-17.191433688475612,-13.501639511399546,128.32581957607363,-5.766848790010961,2.0179694737297917,0.0,-6.768271455579185,2.1959893980744023,0.0,4.9682392160679845
10,005,16.412826125011627,-247.55166012875722,16.142216329072927,5.033704709177047,-73.01681002043529,7.354985525469132,0.8950194144815775,0.0,-4.152595915785181,-1.3775695167929127,0.0,2.918593841325412
10,265,-38.38544401796122,591.9315566679124,-44.46418103440664,-17.458611799830134,283.4079285290207,1.1950237419245728,1.7063519067938295,0.0,-6.224383546215357,6.062864810744611,0.0,4.1881279511583696
10,123,-21.7030783007329,214.4427862313144,-6.757983177196059,-22.483186957102,183.69680279047728,-7.240076793450374,2.390955867354973,0.0,-7.857195765435554,2.828955646776042,0.0,5.712108867726774
10,224,0.09670915963439053,61.02320487792891,-7.718771448698621,-2.540266073252292,67.77802073280539,4.634321923520902,2.055667189276874,0.0,-7.439477580438709,1.9123044372898308,0.0,5.166289223543023
10,344,-34.765322337148525,386.2051570640656,-27.95617647923848,-32.41671254322237,259.6194115482469,1.5652675732271915,2.195771263851735,0.0,-7.353418054229806,4.1206914256299445,0.0,5.078777926964026
10,299,13.755468421584585,-237.5205161958672,37.67412728577927,-1.534285733226827,-61.82893829467258,27.293352414339534,2.1928323972832953,0.0,-9.520509024211316,-0.25481147837588725,0.0,6.121735375034067
10,287,15.290906910326065,-283.9570936726379,27.453051194610115,1.1149454713555662,-67.39010243455907,8.1534249654588,1.8432958885080784,0.0,-6.477692001987289,-1.024365747077119,0.0,4.346260938748017
10,143,-18.00824607945226,262.7418386694093,-32.09509374508328,-12.730523945793223,167.5134410112904,-14.688042708242095,1.1390371063941929,0.0,-5.130800780899144,2.4817596995096443,0.0,3.5929329522858984
10,315,-2.903366556555898,-17.608593349045204,8.294407120828371,-8.385965362240748,12.726150630393635,13.258840202856948,2.5629017033407586,0.0,-9.708093319596934,1.8826730200767452,0.0,6.680644012235019
10,220,-7.325764973447011,48.24729298620902,-8.353243453389927,-7.1231042047476745,51.30161590436701,3.9475176383507264,1.0162059427041545,0.0,-4.658078588270591,1.0237645189291644,0.0,3.652060458689753
10,103,-9.899849159954432,147.2367478812822,-14.909016931180528,-7.595074363790565,128.48498122042932,-4.819627107986843,2.253970156898938,0.0,-7.228121440463669,2.3379818542527433,0.0,5.3021696673050585
10,101,-16.50423979488403,149.29688855955416,-6.482347190266104,-17.784682514306294,146.4147965661012,4.71248863542451,2.268607564365301,0.0,-7.142202957914083,2.690745236011344,0.0,5.058493562287891
10,312,2.021403932394844,20.50656256097664,2.4368619477473046,-1.4244249812718321,51.392964178946954,7.041162042401628,2.184782748907157,0.0,-8.462302977779217,1.9730949593519327,0.0,6.011059032197161
10,228,-7.074670893892505,109.12262251607908,-13.522689173642668,-9.453969293657327,102.74764480339002,-8.151943265804267,1.2480449628259687,0.0,-5.348192924368799,1.5475354661403045,0.0,3.8404842120849687
10,306,5.13153434455206,-96.2959059491024,14.06427523514504,-1.6077943563306314,-9.896998094546076,6.720553231317607,2.5022396131681215,0.0,-8.955319727212663,1.21656595717472,0.0,6.151178129351094
10,241,-25.65025768581303,205.1255841617991,-1.995980015918542,-26.442151414299676,183.4584154811299,-4.221072980769019,2.303504678584894,0.0,-7.939891152639445,2.6641580867942913,0.0,5.41319199287928
10,363,25.076454174378714,-330.54975812142584,30.08014538754744,4.9617815064484025,-82.77599554755436,10.418328164847734,1.7056857402167158,0.0,-5.980408727519727,-1.6963228220895161,0.0,4.0033259549042715
10,310,9.502159214788362,-166.24689563986308,23.509764503998937,-5.124129731988031,-26.18861212626934,22.99128445368713,2.442899614930442,0.0,-10.660132424570559,0.5640099468128172,0.0,7.330253051336082
10,043,0.42156766884304603,-58.68819407612562,0.07421539540632793,0.25646278482551843,-18.62364937259104,4.365630270121136,0.48290684742603845,0.0,-3.8294486851104397,0.08118734715750642,0.0,2.8378261544838934
10,200,21.992415846513076,-252.65435382579375,23.15771888936396,6.453732115683227,-66.47414442406647,3.4538097819759557,1.7365361669641126,0.0,-5.965539017419371,-0.9171257557830816,0.0,4.1785898866513245
10,019,23.760823789892,-313.0117914968017,31.937489828341818,5.401429166745375,-103.53370741264209,15.610214600448217,1.2604974633194155,0.0,-5.931944427022046,-1.6406901568721075,0.0,3.955469668353642
10,077,-7.715527720629373,46.15371204916638,-4.942300386436621,-9.280484339432851,43.33190413525103,6.045263389129076,0.7175878727080092,0.0,-4.225701315865927,0.8660207984939492,0.0,3.3193521743885084
10,184,20.19093585819136,-296.01274838522346,22.208154264296798,-6.4198707646948,-57.01520452853329,10.833528212521774,1.4885730010292184,0.0,-4.855162839669521,-1.625919448306588,0.0,3.4018873196298784
10,336,-15.651893452298614,301.0143787964968,-25.067373142494404,-13.701941791630048,226.33908040194888,-12.651849117496079,2.3607201337641524,0.0,-8.074165609536642,3.300534131441622,0.0,5.635391088951762
10,355,-58.04444386986055,715.5524403903477,-52.22728711002132,-22.219364056435793,340.4515275443901,9.76169667466211,2.054633920580829,0.0,-7.587961423395016,7.1771538924988905,0.0,4.99932310904274
10,234,-13.880524587627505,125.0764988072993,-3.9141875249486695,-15.55264188474051,121.97065748402976,1.3085532184400552,2.30632290070878,0.0,-8.211970876035204,2.457210039790345,0.0,5.648343989782681
10,111,-14.949612252490446,169.79122337714898,-14.172377610176923,-9.567583154719054,135.15652532740611,-1.9323698072584243,1.298062400292614,0.0,-5.496199192138879,1.8439362654930418,0.0,3.843626478560072
10,039,19.974346706662246,-235.38930158975725,27.96476635771348,2.4722783243413344,-58.45367540768181,6.41427000153122,1.6874764017060606,0.0,-5.724272062604711,-0.7210910169761853,0.0,3.917951353366044
10,259,-21.44316436515478,334.95239891296944,-38.85005379480954,-9.394125561118798,147.88714635946803,0.21286622861792415,0.22048416835810275,0.0,-4.154913556709043,2.795004149920371,0.0,2.4980629750395975
10,273,17.690138638753922,-242.5322756690054,18.089023899614137,7.881398917741747,-69.52908220056163,2.7036187268289993,0.8473061188667556,0.0,-4.236843835568452,-1.3525565027681967,0.0,3.003743577953003
10,333,-10.924623884924285,189.73951105935706,-10.921124340130838,-16.097821549398226,180.52555681131156,-6.917689721932141,2.5184652585733884,0.0,-9.051429866077411,2.9640712824862323,0.0,6.405096673484925
10,230,-7.9870240096465475,140.173631134614,-13.390277524264247,-12.092775604645068,137.33134823501766,-1.4685565357161523,1.9346775086159238,0.0,-6.370116426299062,2.5596606626823415,0.0,4.538686982463316
10,352,-61.770427026178524,652.0988617092718,-45.87897358326627,-30.26162248152,321.65131706364787,4.228761252065577,2.019195723011686,0.0,-7.079283857739781,6.358320154599609,0.0,4.70822583181639
10,307,3.1712780179818263,-132.5534921392948,19.617681292734908,-10.486412957970105,-16.160678512961155,15.86425057031713,2.4265790606584585,0.0,-9.16208832753756,0.7816689154619485,0.0,6.461480487571665
10,147,-29.436784545307276,326.16770185343324,-25.83034301092273,-16.69026613910772,205.63656484963133,4.672156097891793,1.5815353177784799,0.0,-6.313767189921836,3.2117891501774016,0.0,4.383849049172835
10,145,-26.113073457851925,289.5827349672198,-26.032103713533186,-18.46576624863296,189.22868152733864,-4.719989562866836,1.4577451688800693,0.0,-5.608687805965386,2.855149950094003,0.0,4.054740384857817
10,095,-14.196125819461669,108.56720745020178,-17.417020347023993,-5.939053757504574,97.596216354994,-8.884334749457919,1.1850127246489794,0.0,-5.253285827779124,1.506496574756832,0.0,3.84610454400025
10,345,-34.14787755964071,410.0380879929087,-36.66471804040077,-28.027488349013296,278.110993137908,4.760607219934067,2.536256229301121,0.0,-7.919512837147904,4.516084506109341,0.0,5.3141384005856755
10,163,-44.586471293365065,479.27330867807615,-41.578161174497026,-22.27757380576326,227.900359981249,4.02359978493548,1.2350637528455588,0.0,-5.308153438124302,4.650950728043257,0.0,3.6002121362183033
10,257,-29.286832980929322,382.34283673629557,-16.709604305774693,-23.73736457808023,242.19482450969952,1.7309808521415135,1.9735875264390936,0.0,-7.381901496319881,3.950137362015668,0.0,5.138166703356902
10,017,20.587643039601243,-309.16209202914627,29.488260825108757,6.361056781548469,-83.53580467103428,8.344313783018098,1.4334482766365,0.0,-5.509476414537336,-1.6770844307497939,0.0,3.5859982953714082
10,121,-14.557012762142591,210.86683491697596,-12.581253216662043,-14.637725647892278,186.25056246227098,-9.692340199581263,2.229888057305671,0.0,-7.431489499183915,2.6863767595241876,0.0,5.41448791603362
10,179,15.274580979820872,-248.12818459748007,16.11062247958097,3.9180298798006348,-65.24827423532501,5.301878446187974,0.9690649232833854,0.0,-4.2403698416907165,-1.3372340903949615,0.0,2.9598710427478023
10,137,-28.36170166816672,287.2784590131838,-10.76790821900449,-16.989741761029,220.5640074189649,-1.9502014835829702,2.0948140967554982,0.0,-7.422685069056292,3.1425752802892872,0.0,5.204802625490041
10,308,15.016507452020594,-136.5923853891951,22.871937250975858,-1.7788513510345922,-8.68461275490546,21.54952605794951,2.8930925583733504,0.0,-10.255872044961889,0.8480195721977124,0.0,6.64837209251765
10,326,13.591188586822714,79.11033924095835,-13.650288960913093,11.91166974685586,86.73993129959685,-2.6797583574702957,2.55618267949925,0.0,-9.398499305084066,2.4689693047778727,0.0,6.649300023514065
10,304,-1.5866408012092177,-46.89129969153127,13.775755853332795,-6.721476697383244,11.028596061202855,6.289500779597259,2.09949154786769,0.0,-8.006603246104483,1.4994167984286624,0.0,5.607729217008274
10,334,-23.294524319687028,196.40793842770844,-11.504569352281319,-22.821327325133993,182.02312908730903,-3.159664311698101,2.6923251100486905,0.0,-9.465162703275869,2.9745088051813218,0.0,6.558778173217204
10,216,5.605768386704567,-19.509782594806538,0.2909194885141636,1.17239366797421,16.759177108602444,7.198837177536375,1.7925364909960573,0.0,-6.439907470113081,1.332667436020214,0.0,4.611549948524932
10,087,-2.357965067451989,63.663709324291396,-2.0730763152876595,-4.333033006059084,73.38104959571672,4.200772832938223,2.1259294382582947,0.0,-7.1359467531932745,1.9826044768576114,0.0,5.131483306527341
10,296,7.103255667689973,-168.34750878515447,21.024154373145613,1.189444400215467,-51.645058246916236,15.58119291608945,1.581234226115199,0.0,-7.422913544620608,0.12744268517906077,0.0,5.188194123955085
10,346,-41.768134266842395,389.7744988429549,-32.81851803356025,-30.26475190099607,254.8737672662716,1.4538831203489115,2.304088099570655,0.0,-8.279838904978982,4.039519700809477,0.0,5.663861512198361
10,258,-36.80623469918021,385.0696706385777,-36.57487863377025,-20.514031539744515,251.21888224987464,-8.200282412765851,2.163336849544044,0.0,-7.26181044851053,4.1144534319279025,0.0,5.197380268374146
10,267,19.116123386753177,-216.7673298108164,12.89324905870496,4.298299049216252,-77.25041941225356,13.8641242138084,0.44486178052077985,0.0,-3.716545505686666,-1.3337525824922105,0.0,2.69378050478782
10,286,28.971706379781928,-404.95434232911686,47.564549718280496,5.058523919271758,-99.335227800316,19.7581373652921,1.8353624346328385,0.0,-7.676989616491413,-2.4018756324922843,0.0,5.301157511929984
10,239,-20.195348788312256,228.00563843608614,-15.149986454325255,-19.599841382230647,159.89599253949356,1.7616461196204707,2.3307536078581013,0.0,-7.087068193648754,4.4231219237105845,0.0,4.797494323630866
10,051,10.988950347774106,-72.92002149721516,5.067624147839846,1.7796251397118246,-2.757676304211551,3.843170673807685,1.5955091167057156,0.0,-5.336253253518627,0.8869372871265312,0.0,3.7210277705779258
10,242,-26.97131337542346,208.10410408083143,-11.26437535575156,-27.2549275555654,186.96973170355875,4.599098314058899,2.2804746457879546,0.0,-7.818692073324013,2.7106741032322637,0.0,5.603916336334366
10,245,-14.02475736886397,262.40574012888874,-27.523578737445103,-16.228079706985053,188.14950926445735,-8.449820558644616,1.8042322176267902,0.0,-6.388634986506331,2.7331399393406737,0.0,4.641217022219781
10,097,-9.805838207772041,124.31499908289949,-10.224006594468792,-5.882722951814484,117.05802279310404,-8.690141112655253,1.5946484428371122,0.0,-5.902660068082836,1.8384980693103299,0.0,4.231652974985193
10,225,-9.58939767428239,39.33909026104001,2.2828820653851793,-14.041637310280791,58.24426591174368,12.23653908879888,2.0865766522327056,0.0,-7.487075386704623,1.8882279885365656,0.0,5.418324235259282
10,183,19.20284124281708,-269.18097957593153,17.272776865629147,-1.1730946932656037,-63.415899847981,13.18588374306826,1.1630553694042525,0.0,-4.612184383941431,-1.4807107915979576,0.0,3.2092341342561164
10,195,12.926583542949427,-196.205822000016,17.158858302745465,-2.5843718531028523,-29.151426118444412,11.04017875370891,1.6771754130239973,0.0,-5.200660033657438,-0.16685994786503539,0.0,3.7849868380713385
10,280,27.2516323654959,-344.7158328660662,26.12903648310372,9.28035701995714,-89.15545425003234,10.976690428101518,1.649030204169639,0.0,-6.305700933911426,-1.813951231009602,0.0,4.162519558284003
10,278,20.68444105607066,-330.7676475257339,27.17227620535406,7.556597133817493,-80.97970027631979,8.553730931691552,1.5375512106544205,0.0,-5.945812090906626,-1.749839156950174,0.0,4.094399731945418
10,276,29.28802944891887,-300.7040499927595,20.10855795029468,3.9156425292884673,-71.02447765533998,7.117633166869898,1.354355976352124,0.0,-4.688247313083759,-1.744148909063525,0.0,3.3522805687703663
10,274,21.01441278409612,-259.3298278834504,16.54338645280048,12.119192870440521,-78.05959455484312,5.001163856597151,1.0404369669377032,0.0,-4.584720551802293,-1.3353680907785321,0.0,3.3133742019361523
10,295,31.322166317068394,-332.7645283574171,39.18606675976969,13.028025326460071,-83.17946282310675,12.913743666566926,1.7812372668327696,0.0,-8.193460528788098,-1.4431466186499566,0.0,5.338089540493969
10,091,-9.815067998424839,30.528082302321877,-4.5014678169244196,-12.013214512663382,54.99504038121967,9.661847348591206,2.1984356606746065,0.0,-8.223844302207716,1.9392514930833498,0.0,5.670741837683764
10,069,1.2575598637584995,6.15563940697807,-5.552578502189173,0.22680535944993568,29.89882902390563,-3.903595196595982,1.6609045606892532,0.0,-5.617208881572794,1.386100717998869,0.0,4.1031984409038635
10,133,-20.582082000880224,283.0515961244215,-19.56606827329822,-17.148904925721713,220.63620683789267,-5.406409576922747,2.215860675207335,0.0,-7.015560695879462,3.2017887876322497,0.0,4.994898707469946
10,207,9.750890672856384,-109.90313635231277,10.302419822251176,1.3234390742896052,-27.55979852442401,8.370598419585294,1.524528267775364,0.0,-5.837721943014442,0.46055740780055443,0.0,4.013070172617393
10,139,-32.59296841063752,285.27972681048044,-21.986409118206105,-25.417032439407425,220.44936226461343,-9.016213447958537,2.0503558692446577,0.0,-7.365887156176537,3.0850177919224633,0.0,5.212642244820914
10,332,-22.866348301583976,211.8338112051666,-15.091953681866443,-22.061124605283407,183.40253377442548,-5.206470877635928,2.6359983124209605,0.0,-9.451353084129636,2.972260510470843,0.0,6.428235503611423
10,194,11.540282112996461,-182.65375327951355,12.685515450454027,2.1221180747450377,-40.77377230538912,9.961370915278644,1.329140901838031,0.0,-4.63821598599191,-0.4713286331532609,0.0,3.3521013867999767
10,300,10.686951716215653,-279.16458231910417,39.55098665076358,-3.6964893009489432,-66.87144816931628,19.408191891579282,1.813749818661649,0.0,-9.203364300491494,-0.9144372988446592,0.0,5.843953809945884
10,213,-0.44199145073938306,-11.083612015649067,-5.318525270795776,-3.696366199871934,12.706319884690101,1.4211328447569338,0.9414441355457824,0.0,-4.620857120899718,0.6985376781195004,0.0,3.5246116037677715
10,079,-2.931841969623454,51.46210907690681,-7.66533518515547,-4.192712608119162,56.180997083416685,2.8943517281817766,1.1014780822816541,0.0,-4.868168340212346,1.1268092924838835,0.0,3.6175056977924265
10,328,-29.696751405505957,218.6286051832336,-10.386381259585164,-24.646643489083953,198.85480378138578,-0.33317823194100304,2.401955842558663,0.0,-8.101804793317099,2.8822112843623344,0.0,5.81697482554521
10,292,22.072382432491825,-316.4178108976082,34.331334175873124,6.5063676494976335,-85.78207666986224,9.819170615446827,1.9261515270266334,0.0,-8.250649384601678,-1.295942781782089,0.0,5.3780084287987
10,285,27.85340067857249,-399.1325875254424,47.61485802111072,9.207835147704921,-100.99527826762437,14.413197768219902,1.6475695764449467,0.0,-7.729620637583351,-2.3677451733755905,0.0,4.92258080663886
10,237,-11.188448381398784,193.16420016711612,-20.50830525844569,-13.384249042660022,163.0741297881386,-13.042009457339672,1.752788162324555,0.0,-6.0841499916103166,2.211579869374866,0.0,4.414614452259659
10,294,25.212477729650193,-359.8308898115467,43.38868979559051,6.325982989112733,-93.51984248020368,15.200654248375168,1.8517207824533326,0.0,-8.706716951208666,-1.8341947520509232,0.0,5.384329061577802
10,250,-23.19122239360685,310.4479184335563,-25.355996018336935,-28.14265120189292,233.36169748297218,-8.480237616299801,2.3549853274489343,0.0,-8.329263215324742,3.4303940452457704,0.0,5.605022061875901
10,357,-35.002934889783205,740.2767061202815,-49.88480938676014,-6.52200356853287,361.0254247977147,20.79023173880841,2.3409298052766676,0.0,-8.077211249829656,7.570322085044017,0.0,5.261855070163464
10,232,-5.136703939436411,131.8101511764711,-10.343351174110195,-9.7079576249588,123.75942377763516,-8.183925907084138,2.1210973436810967,0.0,-6.90666781667706,2.219263935654078,0.0,5.210016463370495
10,171,-45.822009949722116,626.122994558324,-50.81008106477186,-15.972344694789935,303.27828057581536,-7.869755439828916,1.8101315355251215,0.0,-6.512705024773087,6.377575087477497,0.0,4.13011253494076
10,041,20.72290378712007,-251.75833315703352,29.115587429126652,3.7646385977630628,-59.756082972921845,9.845226094743728,1.8051463995314623,0.0,-6.343902434839904,-0.7162585294336281,0.0,4.1560989335806235
10,214,-2.8653763574242674,-10.78583026913393,-2.3815911463533213,-5.177446512803315,14.689001985517475,5.94852488867141,1.299008337808257,0.0,-5.141224127909199,0.9366492047157582,0.0,3.8234155885139582
10,353,-54.721930068227955,666.7271475284447,-42.022313535175996,-23.24711422870209,319.30374165334285,7.976241487113158,2.062402500634487,0.0,-6.912818811421645,7.311727793148494,0.0,4.504408283364843
10,085,-2.074032681544523,50.10985181167246,-10.879936201936124,2.5404947122166885,64.07368943589861,0.05339006660211454,1.9314740082105202,0.0,-6.466080976014304,1.7832704815754894,0.0,4.688659295514856
10,316,0.03871495365863864,-33.57299322106837,8.920853127115292,-4.841630164459435,19.167120700111866,18.34424389655402,2.3819054512229725,0.0,-10.329983860999182,1.5635990934476744,0.0,6.818213028059967
10,320,-0.2998972573847576,110.26630766445065,-6.826564483674274,-1.5403717662059007,121.67974579009382,-0.27725753405114034,2.263557025480055,0.0,-8.40347109618856,2.41324721290459,0.0,5.889017426976184
10,009,20.33424569839346,-264.62110008838533,21.3901243824291,-5.124764867625804,-71.49211546765956,9.936368543898345,1.168859106681446,0.0,-4.573778923101201,-1.4508835022290438,0.0,3.058953494182673
10,321,-7.481564205597461,94.04834673981593,-10.157570806262342,-8.853629253886597,108.4868698876486,-0.17820677225859094,2.279241562781351,0.0,-8.249338124394253,2.310986759279967,0.0,5.906971957753626
10,161,-35.24724678670946,439.7142515722055,-44.6305172141073,-13.380231838111468,213.51973253425226,-7.769016175966244,0.9603539247502724,0.0,-5.228153843813558,4.157602143968806,0.0,3.352418115544314
10,284,32.06073324832622,-402.7153018825053,34.699241679133834,12.249136750947596,-112.72226186419263,21.864636144800738,1.755832287764881,0.0,-7.481902795909394,-2.3086929508775316,0.0,4.794816953793794
10,254,-23.031588143904905,328.21678675837103,-33.1948177156315,-25.248207188547426,207.43970282154143,-9.623971961659983,1.5165232865508966,0.0,-6.398009112735317,3.184868240109049,0.0,4.5602265550570635
10,236,-9.35310145700224,174.60456672339683,-21.334940538726112,-2.0112446968353694,141.26204298876334,-8.17440927842278,1.3552514934855933,0.0,-5.230990596328914,1.8705458574133795,0.0,3.9135236442565637
10,089,-8.060184481617556,38.20768750983172,3.64307203614568,-12.164262938076384,58.70710163873677,-0.4841132519385718,2.0552823274946217,0.0,-7.403488132718316,1.945688303022095,0.0,5.295249815538844
10,270,15.578647979194164,-234.16701380153313,16.903963819191322,3.2348341310544617,-73.3860111117076,8.27756647630099,0.6683373460954453,0.0,-3.8068036281684994,-1.4335332406366292,0.0,2.642793632406128
10,317,7.2874572224271255,-79.60484798305518,14.70709955871284,-2.725788591994765,-0.07052249463061794,10.534381671930278,2.32997021624732,0.0,-10.553759809126511,1.4328721140863034,0.0,6.964183593195549
10,055,9.403835610321222,-111.27574541012203,14.365082037405358,3.825238100832189,-29.524973909126945,5.192846114712538,1.5787564340931255,0.0,-6.509290004248257,0.5190382029727089,0.0,4.485515374702421
10,309,16.649476098637862,-140.36620160174695,17.87829167395645,4.318610887901208,-3.534747068875265,7.5073007502539095,2.802816373079467,0.0,-10.450841773720425,0.6603294353381153,0.0,6.655282056914712
10,065,-0.27478616353280305,13.804226135044315,-6.731335212930856,-1.8575034817114346,30.795989796794373,1.2185111990146353,1.1817401201570301,0.0,-5.006341605615985,1.0074315128039797,0.0,3.6526246133815254
10,325,-9.020327432007608,97.35013894451917,-5.212286645659462,-12.555534418980667,100.69887011176964,6.079079833937347,2.554120370022652,0.0,-9.61496991304595,2.539693758863679,0.0,6.748504349569451
10,029,7.966605858762918,-163.26940182161977,13.713853795380361,-0.7193293142190056,-49.87005995282518,7.8395616382319115,1.0028115896360528,0.0,-4.473355073539664,-0.498463491825894,0.0,3.066493896067519
10,227,-11.393035374805125,108.20696011340553,-14.517693593945141,-10.28229707264966,91.81261978647775,-2.6650320329333863,0.9454367282303519,0.0,-4.615472493327052,1.3066434341607076,0.0,3.4914746603272415
10,347,-32.10323564187671,399.84605197043203,-23.644494293416003,-27.402408968384034,261.9651102122297,3.795298885028642,2.24343781652735,0.0,-7.7787928243865085,4.181533645254906,0.0,5.513817727066226
10,001,14.981412450565255,-211.1623934605964,15.478642500075722,3.724569103555237,-80.36743097023452,7.732433604821312,0.4495160711262627,0.0,-3.617629734048244,-1.3234004020514303,0.0,2.498064409022586
10,061,-2.6978210624367023,12.516446658713209,-7.995857800362111,-3.6077546284681463,21.76078982776123,-0.8894641336905498,0.5567618343399093,0.0,-3.978601173679156,0.5162603284815728,0.0,3.0622885930970547
10,342,-23.963176976671416,318.55338870576014,-20.74705899847436,-27.318728011306707,249.16782033825407,-1.3613634682139195,2.493382203551232,0.0,-8.775579461057697,3.6941098278779108,0.0,6.0858883571332445
10,186,15.16826003410065,-295.90935327525017,21.994337911944445,0.8125331078941467,-69.86031766921678,11.268212429470621,1.3776651858504674,0.0,-5.331904386771577,-1.5191148687714224,0.0,3.6429748206467765
10,313,-7.470530110274964,11.30125558394614,4.0938131559964495,-9.974536487993113,45.49872722449974,4.160403734318928,2.128801347730619,0.0,-8.576527964824818,1.8461108115662517,0.0,6.134531691551834
10,282,11.172397750753875,-368.6708370183348,42.297021887384496,6.042509051874628,-98.11168327482318,14.155440733341505,1.5100142602640176,0.0,-6.649984494733599,-2.0850094186218238,0.0,4.426837539332918
10,330,-19.728775445338442,224.12833387001655,-20.987328663998287,-24.759054753763962,199.48542609717018,-8.290959977198618,2.545654746075654,0.0,-8.954910690696378,2.931154489763508,0.0,6.1092582893285305
10,159,-14.112521573533105,381.411049680497,-38.49716733636547,-6.175444925370819,171.55060525961343,2.7000229984650908,0.7061747173822025,0.0,-4.63069648881047,3.565663334640223,0.0,3.099327636291488
10,311,9.799802873321628,-177.8220625477806,26.87333155415653,-4.920128704326217,-31.855944834158652,11.537791539438045,2.5101382153635616,0.0,-10.915777681688251,0.3496834415843151,0.0,7.400599161256919
10,045,1.0349177229007862,-59.616702853214036,1.991096646780133,-6.773861929270682,-20.163599817024217,6.005757385073656,0.7973559325373287,0.0,-4.082268911476609,0.18703868315673688,0.0,3.0666450031868018
10,281,25.582606860867813,-361.9524529101262,33.5249338799808,3.4863926030687598,-93.26158376338296,18.28921168057524,1.5635354039266969,0.0,-6.6480502611708205,-2.067363610179497,0.0,4.24813035170732
20,037,-2.832577371664348,46.211211831296026,-10.252094670694651,-4.758583758703679,62.63283908773906,0.3032949544800829,1.4756163368527113,0.0,-3.9922162171039743,1.3285089753460508,0.0,3.147179211380483
20,209,8.536741389371718,-326.489697868831,25.362697743422757,-3.0302456272756655,-40.04969875152319,8.985903589404186,2.604779181194821,0.0,-5.5019353667878725,-1.232788493672704,0.0,3.8708636139340733
20,141,-1.557659868964777,0.09420909095042664,-5.720051888690204,-3.0980731328732256,24.07616689188751,0.4180176985573557,1.06782888597779,0.0,-3.6920184243487695,0.7702459677423598,0.0,2.8600870389035897
20,331,0.15483442594756402,-60.21356739739327,4.981075582027499,-7.468793230049235,42.37498693245872,7.030842100467864,3.6977422346829396,0.0,-7.998969254429004,2.0974931225056044,0.0,5.082102489528829
20,152,-1.9080327793737384,39.04187389810207,-10.447840422191575,-7.617337900041762,55.49794872267056,-6.544713576164332,1.7049047994870112,0.0,-4.6698051579086,1.399171488969709,0.0,3.3943355729854243
20,375,-6.604840459090248,417.5080544050603,-19.139980718936137,-13.166744888356908,317.26290680812457,11.045521983675446,3.9455415377065988,0.0,-7.814102629932787,5.144075911377307,0.0,5.331341584218965
20,031,-4.129154639479383,13.875002584944093,-5.5717778153304085,-9.118451299691667,54.957121658767555,3.107694784177085,2.3935444229629663,0.0,-5.031389697099985,1.8296627869367423,0.0,3.6953774447738503
20,248,-8.136955438423064,-160.53524396927554,24.20238203364105,-18.843448384350136,29.28413422680249,14.527185558030066,4.434894831572482,0.0,-9.69809748967421,1.4566212776413756,0.0,6.368428816933852
20,249,10.827359124087497,-154.5213436243445,14.239287471274217,2.1871179436505463,37.726434284647944,-1.9485158480671452,4.211674811319526,0.0,-9.644135582627884,1.4108416500688012,0.0,6.397284935732033
20,262,-10.073966866571041,78.85722290543042,-6.267918329073289,-23.759812739520004,110.5931008753955,11.262919603962551,4.05193890574199,0.0,-8.54198678034371,3.6055421305307433,0.0,6.058774060533652
20,341,-2.2929251796587535,-33.691251223661304,5.512504576347221,-7.762101659508655,49.009785890328416,8.957729421129194,3.689190558005315,0.0,-8.095259567273645,2.4339306724422354,0.0,5.769447759442654
20,383,-42.459933664960644,721.9990385984258,-57.73874148477677,-26.58959990078933,362.35947884684845,-1.0978991107338194,2.9378094868981997,0.0,-7.219082743541046,7.755159266056144,0.0,4.638551028299576
20,335,-0.39391590234683527,-155.6926815244039,15.843168537504248,-9.081494623181019,46.399824337243686,11.29349913344709,4.1823153694055994,0.0,-8.770602231269278,1.3575193775132157,0.0,6.093710861957738
20,371,-22.50842035097955,387.72610068125414,-25.884269562800817,-28.40570247433996,301.8681164297995,-0.7737832612488607,3.5550281661709957,0.0,-7.239055636384058,4.7157555210078375,0.0,5.172975167754988
20,322,3.23535289011486,-185.7915790918281,14.878875061171902,-6.614224880920791,9.440259447406838,11.735724638088566,3.380567707953719,0.0,-8.052847204200926,0.7127721377988943,0.0,5.387995556733176
20,102,-14.560248306575344,481.25944855521294,-38.00192775900527,-7.950924612249825,269.03587830243,4.390495903632662,2.1933572891140187,0.0,-4.891290813819544,5.10103652834132,0.0,3.499920870666104
20,107,10.878106825401284,-212.41135837948372,14.078197736327681,1.7542630061381472,-61.45305196520895,5.979124198516065,1.135147980180982,0.0,-3.673019395825651,-1.0450682598898,0.0,2.4996969571913463
20,188,-10.528137503391374,338.3977524506454,-31.28947113552576,-15.97813642026555,258.629600038555,1.0006986978907673,2.789696549473687,0.0,-6.349141849233678,3.935136019331238,0.0,4.513307033460429
20,100,-9.048240205645207,388.59290966619255,-33.84115352420984,-6.346762133609258,216.40169803893048,-1.6264567338148828,1.5270292970701957,0.0,-4.233943228381912,3.944811239297369,0.0,2.8280468601215984
20,014,3.3641865512049813,-181.25021355101532,17.866834537222264,-3.4320603817244657,-43.48470182299076,10.506955078609757,1.8101467296846916,0.0,-4.598848061979435,-0.26081174411320196,0.0,3.1485059833279143
20,075,-20.38483081927142,280.15762034262207,-20.93797189137824,-21.52542896465374,239.5016001006243,-7.724252105390649,2.8764603220987226,0.0,-7.116417530467882,3.478911001914599,0.0,4.898284043162122
20,134,4.444222323310811,-63.9964929901622,4.289101161810145,0.7278693126284748,3.4111364440822554,4.936963059692222,1.7644746849398176,0.0,-4.468144319575982,0.8009057933979653,0.0,3.1660226838292833
20,385,11.49738916793929,-321.9939674441968,29.075267964713916,-1.0228769033903555,-40.678261359602175,10.785542765217546,2.604800516375244,0.0,-5.748177476489654,-1.2331525157002234,0.0,3.8205796781568973
20,173,-17.53945433384876,219.2865723990922,-12.582467686179058,-24.83698463079086,215.12638685484208,1.971980616311117,3.6033331516654927,0.0,-6.925340821514028,3.7012417320627096,0.0,5.35523702317539
20,361,-4.338042136695154,201.93196762493506,-18.053481842454104,-15.415753388367374,203.69648738064421,-3.552920219980301,4.341757365371899,0.0,-8.683598964517556,4.068328605104392,0.0,6.243045521357038
20,229,15.444825647698972,-295.8982858954161,40.67967068481391,1.5276304024633518,-49.270925937610166,14.292333211692839,2.932908167503182,0.0,-7.211677588590001,-0.5257322220660262,0.0,4.526010096642061
20,024,2.2185067095220976,-69.49528411672695,5.00508588396298,-2.887295883478662,11.71126211071252,9.736116266560433,2.325425954648418,0.0,-5.01495330910859,1.11769030370645,0.0,3.5846351053437364
20,105,-30.865257331213826,592.0457186150464,-49.03461793882128,-17.887231691912753,341.9990257481611,8.124200847481518,2.715140928925786,0.0,-5.817642078641382,6.370380240659759,0.0,3.7502993207138475
20,136,3.487302742925356,-79.96378521702694,4.383155890861342,-1.7166047808378488,-1.1913674803633438,3.699764885620393,2.0718268014938017,0.0,-5.002639651845404,0.9333494638347808,0.0,3.557357612099991
20,339,-5.038741134952941,-25.964055633356995,5.711373804266631,-9.899428745562373,49.02264523381818,7.599974058407419,3.6373781780237944,0.0,-7.814783383574934,2.2729812707479997,0.0,5.173166420444127
20,253,-4.714208434638637,-22.67230781898401,6.607044888515417,-12.019468892131723,65.81868456486899,9.300577587341124,3.890154773634406,0.0,-8.588430667213466,2.595004540138964,0.0,5.734857657973981
20,117,11.176031388786,-312.2409194551736,29.90542990323819,-2.63154392865154,-58.37049488826564,11.877586814267005,2.2335707103315796,0.0,-5.624756980640387,-1.2881337880353483,0.0,3.83888304374661
20,169,-7.001462164498173,183.74636830890634,-13.559827951178125,-11.61864392212038,165.05776536333295,0.7681517985572164,2.5742691551550307,0.0,-5.339842943739175,2.7597750622688855,0.0,4.227551819018829
20,032,0.20659163434430056,3.8042282552327658,-1.4535256517709858,-5.514117390464726,52.23769003741803,6.458839925643157,2.5341554028767135,0.0,-5.195527234081886,1.8899494869256206,0.0,3.8855940276421475
20,056,-8.007863912896667,123.06299939510248,-10.325669359835366,-10.016177085624998,120.96504807127987,-1.8735612583994874,2.295816111586283,0.0,-5.701346433028765,2.3059238628641916,0.0,4.181730584208996
20,156,2.92797870487661,41.30803673837344,-8.418212514524349,-3.300196279190665,67.26933625287027,-4.205148902646025,2.8129385907702984,0.0,-6.709369362080143,2.4434857221118618,0.0,4.921947798918292
20,022,-1.1408885288650936,-56.62847091125676,-0.06054332757801656,-4.81281366036946,11.145953597262997,3.7742375249822944,1.8505320573923167,0.0,-4.309324253357107,0.9209459052620903,0.0,3.175038796004232
20,350,-5.540466328985904,55.21420346513877,-9.724041318889627,-8.586386901251153,88.09126245800272,10.415183804010915,3.7940827675701216,0.0,-8.37005665484804,3.139198362456436,0.0,5.690335425049869
20,125,9.876719657173428,-223.9804795649291,21.68572010474024,-2.1203349611269675,-48.3098117361451,12.852068020109785,2.0401518426262752,0.0,-5.147248446595506,-0.350082542469212,0.0,3.6757090155504564
20,093,-28.590653958248232,530.0471008026456,-50.144608017987764,-11.883395281249097,301.1859509246875,-0.05207984836435342,2.5377892761702943,0.0,-5.664883603297622,5.647752345127732,0.0,3.871426597570137
20,252,-3.803196350058819,-10.67162936874734,2.269511790591931,-8.319973010351069,54.50685558548868,5.511995274097992,3.6903622636178346,0.0,-8.372667821023086,2.457826296180515,0.0,5.509950329612183
20,369,-25.098819487286384,382.15973307990254,-8.10568694826021,-22.63902281195051,294.0106557942994,6.37914756923393,3.3628453039064863,0.0,-6.854594679000509,4.616315773051702,0.0,4.897557018160571
20,177,-9.827001057169706,258.2702069211474,-21.479511274042018,-15.702990504516276,215.83809603084526,-2.6002462310263046,2.6950673502888853,0.0,-6.0157959621761385,3.226339138309136,0.0,4.250960753728717
20,370,-17.130417635283422,406.18014077138395,-39.4949709154183,-19.801703001826827,319.0961310488972,-0.986262482391842,3.860631731218108,0.0,-7.616362038017568,5.006105034797879,0.0,4.997865800927919
20,215,9.970841492422597,-379.8133593159458,46.708256897996634,-6.462843901136692,-57.07319487896996,15.240652347619237,2.965226762869819,0.0,-6.822835172573665,-1.4631094197037584,0.0,4.606418404281679
20,217,2.3827613409181208,-398.5618073837211,47.76504079046539,-3.0714440047876788,-65.99799444428025,18.691034077789755,3.0776591204653556,0.0,-7.123228160788556,-1.769718605427606,0.0,4.809397539879244
20,008,13.370887467355857,-316.88265131475845,25.428046599538952,-3.4347022194794796,-47.499488234341236,13.777757766585056,2.456952472606433,0.0,-5.045647145169657,-1.319221464257934,0.0,3.460433876585191
20,030,-0.5367481566606853,4.109382322445551,-5.6972662040391535,-2.586608220209148,38.73731533310984,0.8496563559228374,1.7185647518489682,0.0,-4.511950468168438,1.2808789174743413,0.0,3.4123916972018415
20,062,-3.8395614285206103,102.72764805557749,-11.422419710573532,-5.271689449808261,90.15452014220551,1.5075687887031781,1.634038575417971,0.0,-4.669726361844503,1.6750927045480197,0.0,3.4787131998284417
20,054,-3.683172498445752,94.95191722868111,-9.195070102401399,-6.594957165705327,86.49305569528786,0.7064358963087458,1.4676700397319833,0.0,-4.41560765306456,1.6472870978910876,0.0,3.473713761033367
20,337,2.302025428447008,-177.47701939152668,24.337321965417015,-8.554603088201002,31.613114714271923,8.122342267144361,4.269362209427623,0.0,-10.644951545496486,1.0257676376327964,0.0,5.818575833836334
20,368,-12.337240186585978,297.8001281930287,-22.904628435214402,-21.707018642655623,274.43790159374333,6.024883969469146,4.082010344509902,0.0,-8.118388132385455,4.378294254575893,0.0,5.9921034824134445
20,175,-6.0878836209469505,194.44811451626126,-27.2766473967907,-7.617420011461794,148.9305953721292,-10.191841839900203,1.6173757365693378,0.0,-4.796672092807956,2.1481199840475607,0.0,3.3838840807407307
20,351,-10.1847317365264,56.01906320001732,-7.406350863225935,-14.347618188212062,90.49822579300313,6.435190412193145,3.6480348847140838,0.0,-8.199915503601579,3.0896323611509358,0.0,5.728771225889549
20,167,-5.273045868021375,136.74786386237486,-19.549406015161086,-13.563102399254714,114.15097075935773,-3.8057562581590134,1.6760725220137607,0.0,-4.370418502686394,1.896808404889946,0.0,3.426257492931419
20,231,20.70386867076288,-325.39546980225674,45.82165773540952,3.6989693098661314,-52.69154206936915,12.31133319252656,3.403259489154179,0.0,-8.077674846782065,-0.6618501936635492,0.0,5.09216740510728
20,092,-23.256154229735287,484.4295342561455,-37.103324195905145,-14.64507643167141,275.9050532194456,4.2808279153252995,2.39660060752248,0.0,-5.187757374324889,5.221915354582189,0.0,3.453667056502476
20,364,-11.170785713414075,302.72055894412676,-17.824389252915033,-25.17868502103035,271.46178248263624,0.7134164381331392,3.663676322086161,0.0,-7.482634296176807,4.152296264841925,0.0,5.41424934168579
20,073,-22.9090798712295,267.72852789691524,-22.93099408079431,-18.09723663131279,225.50771008632603,1.7516229331432909,2.8353134520215977,0.0,-5.8182449529914955,3.3585365736254156,0.0,4.168554358651432
20,071,-10.00748301500569,152.10501100379622,-22.697282293990803,-11.70585204524209,135.3584890992093,-2.3183846555163856,1.8194177226385633,0.0,-4.670872099182762,2.1055900953269813,0.0,3.4112078643581416
20,185,-15.404473354241045,299.05361409052273,-35.50047216408613,-11.115794970409558,225.64269333205982,-9.01659772539881,2.690205898272791,0.0,-5.603743408302784,3.545714032828053,0.0,3.9809414233317266
20,028,-1.6156835187676137,11.321463529721067,-5.10903626495594,-3.0127020346130617,34.00354488733668,2.978363292158416,1.23067168243314,0.0,-3.661531572659065,0.8918371716705306,0.0,2.855072826593323
20,344,-2.2697154774459802,-98.49314158677205,20.56308791993073,-13.168802819041304,34.58625001797116,16.06567368691585,3.904030239632344,0.0,-8.993193867984408,1.8601387899595483,0.0,6.418737300018259
20,287,-26.534773167256184,405.9854238227073,-39.49767587936722,-27.06107752682143,312.2502951059951,4.809931015065601,3.6919875753262144,0.0,-7.585146930597401,4.948408349713041,0.0,5.439732709335809
20,148,2.6896301038405688,-21.01277345636809,0.2920012623547409,-2.232316440221247,31.526490284651967,0.21701699643781236,2.7818580040930723,0.0,-7.1200648749866895,1.9603578445243264,0.0,4.779241470669745
20,277,-15.303411794068849,299.4567568501021,-15.221159447726375,-24.453136488527562,271.5814835601887,5.261118194184605,3.7360968127899694,0.0,-7.805106510031221,4.226150364270538,0.0,5.555564004200852
20,082,-30.25487529012506,305.075350214052,-21.48464403611291,-22.1947106955059,239.41107411758142,2.0736384092533546,2.591900942751332,0.0,-5.2790895725901965,4.217581561950359,0.0,3.362408459799801
20,128,12.508441558740415,-242.52609431994324,28.757423958988497,0.9846643372336858,-42.97670608453404,11.630075006896536,2.1364366750125474,0.0,-5.504939562957805,-0.5179095427812987,0.0,3.649963501797466
20,110,15.196099447655104,-250.19786779166535,22.153381371359938,-2.310129280083255,-37.73905606223831,8.7665285393904,1.5669160414083425,0.0,-4.1294710273410615,-1.2845615225759346,0.0,2.6736751412066444
20,143,-1.7822303900432594,-8.69470812854214,-4.835627957371858,-3.992734007709209,15.087968309452933,5.521172908224527,1.2276542703028668,0.0,-4.144533451661274,0.8826703432889857,0.0,2.973872687697221
20,315,11.454225313837407,-321.9252254011489,36.81716343983387,-0.9202464537607717,-60.56795454210759,12.670905242056216,2.928907088178819,0.0,-7.069631633196906,-0.6669257092717132,0.0,4.5486422644797955
20,374,-16.23356149655497,400.99009454089577,-36.73463662963566,-29.713070755281876,305.33256054571547,-2.444466233795467,3.6668446885663366,0.0,-7.492190880172654,4.8389976850275,0.0,5.3181517905804485
20,034,2.8987944515442634,0.2082809977484766,-1.1324934300466718,-2.403850383205412,54.70847120204849,0.9121726698050383,3.209678036085239,0.0,-7.022293336195641,2.3074123777610587,0.0,4.791192065096764
20,135,3.3569919849177885,-66.93260213867914,4.040880577277387,-0.7750180388538164,4.369540965755909,1.3074223636387448,1.9346834144392118,0.0,-4.690578322997509,0.9440027540554575,0.0,3.329499740459288
20,220,9.720904821942485,-279.14497298303297,31.184260844884108,-0.7332938821415786,-24.02541722193898,4.489009481490036,2.8111992425799235,0.0,-6.155055741637209,-0.6071491150967343,0.0,4.164083155459506
20,149,-0.7932077643635976,-24.113389758406488,4.75916883204505,-6.478335632916212,32.845117958940534,0.386161229873653,2.9280027532843635,0.0,-7.042913825545787,2.04987070648935,0.0,5.0467028434873935
20,360,-19.979113911030744,190.15535411437466,-18.08795466219899,-29.806527082077153,199.7513814304032,0.8819149527562704,4.00786273165204,0.0,-8.111953725774839,3.8484476257963047,0.0,6.080706848250312
20,043,-4.869589679053206,60.379201573935994,-5.299897882074122,-10.50322146303398,93.46837761270473,1.8837489834827292,3.4299234295186354,0.0,-7.581693155189366,2.962919735896959,0.0,5.18894270159085
20,200,-32.67811428482086,381.2902333761844,-39.842077510203396,-19.84808720753522,209.95062576005597,3.666605551867839,1.46218362323574,0.0,-4.526864690587897,3.831233957877924,0.0,2.8847567918186785
20,077,-9.112182111424191,281.14865112444954,-28.137588402318944,-20.51212616306998,245.82015698523017,-3.4243497306362265,3.0691076879469485,0.0,-6.872214075140702,3.6566390400021183,0.0,4.919785883321818
20,184,-15.457893327281587,264.71187151275103,-34.795604415471274,-9.160655623939778,199.82978804121086,-11.86459518903008,2.071566321054179,0.0,-4.7250296536967955,3.0788128300556266,0.0,3.3812260150564377
20,336,17.174143716737042,-161.04911961112245,11.99251443753044,3.1656943918121505,43.42767374922415,-4.210965847403463,4.656486700759806,0.0,-10.661713756655276,1.4578708598471934,0.0,6.692061078746548
20,355,-13.989348849303987,218.7907164902522,-10.063208984455354,-25.387342158883367,217.86961363590737,-1.117418998421532,3.8708475165320078,0.0,-7.744481937495479,3.8667968173819105,0.0,5.599329683569822
20,074,-7.106551096868352,284.0602945795321,-26.551383807298485,-19.23306514522621,232.37077069931166,-7.353208492448591,2.657715255986927,0.0,-6.380086463732466,3.4161077706512444,0.0,4.557074762634211
20,247,-6.371472273175863,-130.17225489375755,25.081914180511724,-14.893606260625422,34.55512062013197,17.67530700689536,4.252702933997659,0.0,-9.061707631989144,1.683033868219626,0.0,6.190913733546132
20,119,5.307272488974524,-164.14967792314198,13.065919260800388,0.8601991472713442,-51.611084532177145,9.061409103653887,1.1813717978946245,0.0,-4.045333014442524,-0.4663778445315761,0.0,2.558422686278592
20,246,-11.00160509309394,-120.87622600472261,19.74527189077048,-18.000161812176696,41.52564570347257,12.23717891144035,4.250146245433684,0.0,-8.75650087895362,1.7083846701242065,0.0,5.928621076780156
20,168,-9.814029906876158,166.7422889872094,-17.852528925975026,-13.56493704620248,154.59976202984927,-1.2260078034523278,2.1829699370390676,0.0,-4.904647779892427,2.484015709801014,0.0,3.745149898674769
20,381,-50.841442509047695,739.1673997513175,-78.48422279318483,-24.696987038027093,419.56736299193506,13.984479956718118,3.4604056928904927,0.0,-6.852484367551865,7.900475724518968,0.0,4.878877350551705
20,259,-14.974556790879493,135.40069020715612,-15.76242553130804,-22.37703375316584,161.3502670194005,-1.2660692004178244,3.7434008679697484,0.0,-7.55425820454568,3.5833539552412703,0.0,5.651178651690754
20,230,13.74996558286194,-349.2849456896076,43.69183750100794,-3.99311972500263,-51.96389614400628,18.542399477240025,3.345105817446526,0.0,-8.073321820541608,-0.9906411808574795,0.0,4.853152947466164
20,352,-3.232685971780136,47.59142777750676,-3.4485025195276346,-8.837383640853401,82.72919752268993,3.4852111523459954,3.715624980739282,0.0,-8.266769975855597,3.124031348447289,0.0,5.877228777398273
20,068,-16.356029920567394,216.75908028994263,-13.992406568148432,-19.940660187371243,222.21442837969985,8.181081638949632,3.6467317001255175,0.0,-7.0823400160570635,4.241559937714843,0.0,4.453786177889867
20,147,0.6723659306148027,-16.753477728902652,-1.7079274065519296,-1.622850134481729,29.122595109654707,5.779800785026654,2.5443049315548074,0.0,-5.931537257964332,1.7967946380748425,0.0,4.241074332265725
20,354,7.436903295273686,22.445895580814458,-11.051867328436042,-1.3241558405474976,90.2375208396454,1.6393014242040835,3.963561038183916,0.0,-8.781256703938528,3.08871705362751,0.0,6.031930846597021
20,038,-0.6412054426574598,56.05940655338583,-11.541892099739178,2.8169221877277604,75.25025100581392,-0.04942469465001642,1.945926243603035,0.0,-4.625142491537364,1.6715535695158263,0.0,3.5422040401360246
20,145,3.6875780310152413,-7.370542779109656,-4.499820106101497,-1.7229399698306542,29.526075399051678,1.5617534660093169,1.9959334232042114,0.0,-4.814547241593836,1.4017988268524206,0.0,3.5656451014443657
20,040,-1.282480698848906,74.95592817549435,-8.702310855864868,-5.314167936853639,91.95106402629798,-2.0920373157976084,2.7347986498094783,0.0,-5.426367539737019,2.3982841574591975,0.0,4.2713600744988485
20,340,4.862642668900314,-28.28303504443772,4.1928633736880485,-4.151534580090394,50.28970190020874,2.622295192720373,3.807774098022405,0.0,-8.55077986948814,2.3147264920358688,0.0,5.517245324353569
20,163,-2.0481527733059504,130.2905316147085,-7.047110408275216,-7.483134144383047,132.68053173507369,-2.1118961253105946,2.905635889736125,0.0,-6.708925334085522,2.722240301400759,0.0,4.929046706951094
20,257,0.0888449894952199,-91.05307970602009,15.215827244908956,-12.681527885381662,55.52080410685224,11.10686289542326,4.228921694799965,0.0,-9.659208416541754,2.1225715407655867,0.0,6.799831418351553
20,182,-17.10595253961094,284.6758367098882,-25.349201156279733,-20.714393211478114,245.4956233267051,-4.285145393641861,3.2458148873969463,0.0,-7.341638130053271,3.683830071160749,0.0,5.031797454082002
20,181,-7.167828866880915,282.6525515481694,-23.241913611283262,-18.354863643776685,250.88718956836738,-6.680223672821721,3.0905765115090436,0.0,-7.014963176201117,3.638804874768467,0.0,4.99275960616589
20,137,8.073764170564731,-95.51886009787923,6.550300095853901,-0.16864500303481123,2.6732289602279806,8.185675925674133,2.531051699500248,0.0,-5.704611758741095,1.0359263747447065,0.0,3.9075482801214454
20,308,12.059817468764296,-404.86971816899,28.860365765543655,-2.5094740702608926,-42.33344141549789,13.327836724550854,3.3406172376156524,0.0,-7.122116113206866,-1.8346033797117158,0.0,4.631511224179122
20,304,11.352861592199893,-370.4820483537132,33.28388802014781,-4.8989137295974405,-67.5320146891944,12.949115436860254,3.099371183558099,0.0,-7.232391319062101,-1.4056530951911033,0.0,4.412963386939488
20,130,3.0268751576065833,-55.346761989895356,0.8970235883591141,0.17288856575285527,-14.911458035678635,0.9318735496930429,1.057639486301697,0.0,-3.769687977136915,0.40090682139755685,0.0,2.7577287512964466
20,334,2.998684222712578,-129.74447067590216,21.86539070393527,-8.568166114516032,49.81739944741703,0.21915709963218566,4.116580254926026,0.0,-8.761334091626525,1.4830879012510108,0.0,5.990538238956419
20,362,-16.195935355987416,208.35836033195034,-9.372571176186309,-27.66771394883651,211.47464705204234,-2.0890360358251066,4.574965232489463,0.0,-8.921606875007694,4.314289735526805,0.0,6.559115836622929
20,087,-31.410205718886036,390.43994109096593,-34.06436819936049,-33.479720184014084,296.2774264847763,-7.733788761625606,3.6814232208120505,0.0,-7.610046295863612,4.761551698088656,0.0,4.997871876861986
20,050,-4.658213933487709,106.2660372575411,-14.413353553339505,-7.066365512556658,101.21256965920374,-5.84598024938987,1.7092998711500773,0.0,-4.405989005958348,1.8333134994858726,0.0,3.4565932537632795
20,346,-13.943734308111967,-98.43710751949266,19.862917721737755,-19.0673867768415,60.340895852434215,5.379001166397824,3.9911891124359387,0.0,-9.47610727305843,1.9248798191881713,0.0,6.554779708496513
20,258,2.276097400301544,-107.83887784634607,24.054774343900075,-15.218045768776948,60.03152212551525,9.309101338255203,4.34605785612512,0.0,-9.745931016455593,1.9893197880216844,0.0,6.6267438217553805
20,080,-17.38434332787663,227.86420614968236,-26.41720273132838,-14.336460585543847,161.62965848090383,-2.760927776752233,1.541032477041243,0.0,-4.295575675996459,2.4341660954430973,0.0,3.05296719093118
20,286,-24.239686183201425,398.4884562025426,-30.483275059441752,-27.378021889409478,302.393063760651,5.133484462984619,3.528043358003178,0.0,-7.18425890353702,4.805923906122211,0.0,5.136963970102508
20,178,-21.40229783341774,274.46933820146955,-26.197716298748404,-30.794545614961585,226.08004420951903,-9.111915585552657,2.808502919143428,0.0,-6.6179206186404675,3.3079017157503827,0.0,4.549428226053468
20,150,-1.3091957136119503,-14.173306007412751,-0.8039227283945192,-4.402872950551252,33.727763049761435,10.511933123810117,2.969874645778275,0.0,-7.109590009170353,1.9881074453100132,0.0,4.851998643392915
20,348,-6.764651754269075,53.66860417282184,-12.737100208777589,-9.982870260238148,86.5336841730157,0.1552098118477927,3.4719200594118,0.0,-7.500547380338087,2.9896567256266593,0.0,5.383549293247642
20,256,0.2697835137173352,-76.57425405222791,11.044508678728866,-10.117137893907323,69.94722811579108,7.375290499431884,4.268576431133214,0.0,-9.62215152943465,2.247292588127074,0.0,6.850101383725093
20,114,3.926823902749536,-304.0410810753589,15.924271321145348,-3.44671391355139,-35.20650603755876,5.01786546450204,2.344260073917854,0.0,-4.956184809997005,-1.4769816128353517,0.0,3.35604904719419
20,365,-22.030458538289082,302.031797920826,-29.088558025283174,-26.637517166795423,270.6694630387378,3.908343886161161,3.8672567667418845,0.0,-7.680905661358067,4.359359560945766,0.0,5.570815809112126
20,051,-6.9963667426738505,119.93748088162023,-14.731815426297366,-18.210814156930006,120.23376300731836,3.860324791339046,2.1510021761428586,0.0,-4.90173190354774,2.2556543160274165,0.0,3.785083554565413
20,245,4.364892633361322,-75.53333676305273,9.377585619315429,-3.2456047258979743,53.98982737329932,0.2568683985105853,4.121519661198574,0.0,-8.678273680785177,2.08844549376641,0.0,5.966296560522677
20,202,-17.516465977928675,492.05780257185035,-34.17814417148293,-8.004949117242168,281.5110583426096,2.183411267118128,2.3031534004953462,0.0,-5.207006076662449,5.161079038617542,0.0,3.587713833917425
20,097,-26.691502429815923,601.7372154012536,-55.11457496531644,-8.64959399624756,316.33388811532575,14.253182755121319,2.796610595009481,0.0,-6.100930427145818,6.4710407609035325,0.0,3.9843297079422175
20,183,-11.97045493267629,239.2280199248553,-24.806549510503025,-14.898624071910263,167.7534389558923,-1.4959999077352633,1.6939542253304023,0.0,-4.344229566583612,2.6009101474321352,0.0,3.186681345050286
20,280,-25.76249482053148,298.0304701439211,-3.0204291381459107,-24.996569983805813,277.8215816098149,10.001701367700274,4.346989725463358,0.0,-8.693742729311799,4.412848496295454,0.0,5.910272766481166
20,276,-13.728904886532199,298.19932823086407,-18.500151474276333,-29.958915025469476,276.7694859192034,5.670225745696257,3.7496921313888296,0.0,-7.589083128666949,4.23494280259178,0.0,5.258037992333972
20,170,-9.386255593353965,207.4177973236132,-18.095227099094835,-18.69617230305976,195.66046306861696,-2.061465164334315,3.1041409559176585,0.0,-6.116134834039863,3.256634041024464,0.0,4.711910069985631
20,349,5.212150312260923,73.72131189423314,-6.276601982075456,-4.280886054120899,117.66046989288989,3.4999077987500167,3.582582097382492,0.0,-7.881186208821339,3.2191641958892943,0.0,5.581152901894074
20,324,-7.68303510556051,-239.98689276556078,48.04913838139033,-17.8188770447051,-13.457001150064183,15.716093889308981,3.522876882774496,0.0,-8.231853574808325,0.2465165627378758,0.0,5.408536803460436
20,274,-13.62558498735704,302.34740268990134,-23.710674797791068,-26.057796746148625,272.9609778003947,1.1532526994483003,3.72994911467884,0.0,-7.365682436997725,4.204252858116292,0.0,5.301439152951418
20,226,12.317445686448748,-307.3886423561705,41.112508894804556,0.19666787153439502,-50.235304306276234,7.947563029724602,2.9576780637968474,0.0,-7.107846454786477,-0.6456772655883131,0.0,4.458210047136322
20,084,-15.992832031842953,359.6411949146342,-28.699259701661788,-13.828442484148384,277.20951329924077,3.7689846765542026,3.2027623929416382,0.0,-6.425176923076247,4.382653932382318,0.0,4.5344525419261394
20,035,6.81608972951603,14.754812930884622,-3.620887280492373,0.23866208712810644,74.63061715617738,2.9155060808911784,3.6515118941262976,0.0,-7.524762769400436,2.744753906207544,0.0,5.288035853058734
20,295,-50.604396770139786,746.1572756788707,-50.62679306860259,-36.691235307075075,406.2122119605493,2.0100960951713134,3.63990371009513,0.0,-7.1142700581478975,8.169354774086273,0.0,4.935037601028959
20,373,-24.366590323991954,426.60679608365405,-33.526664051013434,-19.107897102995686,329.3986295531517,-0.1127831118855891,3.8471648034938646,0.0,-7.43823739944715,5.3289289680334875,0.0,5.271237916849557
20,091,-18.92239483147673,431.209319918281,-53.018021377012694,-10.85108076856385,248.9291270013483,6.219661854591976,1.9276455590693349,0.0,-4.768236098455866,4.546163125117033,0.0,3.1404655347874777
20,069,-3.4729065262966756,223.67525254527627,-16.275326307615618,-17.649200991390497,222.50923082554954,-4.962710853093788,3.6703803135626547,0.0,-7.159286828567123,3.7785643281228714,0.0,5.213639497140334
20,133,1.5221501850601418,-64.42206769571926,1.4231696145344839,-0.7418496040943344,-12.874860138673315,1.9330011687033513,1.2264397506937057,0.0,-3.9957792832371934,0.49644906688920076,0.0,2.9486173453440294
20,072,-10.914317456392768,233.9451603525686,-23.59729801325668,-19.69022130324229,180.8915996701107,2.539371819463006,1.8583196899842536,0.0,-5.140221359219877,2.5690678764714745,0.0,3.7538034214869533
20,271,-10.607544244625828,229.379530082505,-22.08452563711495,-16.225671745802686,232.41830712240258,2.8903250018263025,4.329252354074845,0.0,-8.694472049931939,4.389506873183926,0.0,6.4706215615233305
20,042,-0.3441492470892489,97.89944184967642,-10.72424805474638,-5.894384953202097,120.96469258596309,6.931427781524255,3.427020568246231,0.0,-6.853038176306803,3.1231319067519516,0.0,5.125445291462017
20,366,-20.366872193751995,330.32401160354453,-20.241382904074605,-35.288193418871025,293.30728904930595,4.486102498916317,4.108853909673009,0.0,-8.13004521001072,4.686283341078999,0.0,5.915538672465535
20,300,14.415167003989481,-377.5591625989553,32.16286799767598,-5.147854716031984,-39.07144288086658,1.184948664523295,2.814597724696267,0.0,-6.154549723040757,-1.9142486879496219,0.0,4.0739314044129324
20,386,14.566554240338238,-342.66050604328296,26.099187829551372,0.5367303324290691,-40.38794771921697,8.17697664406571,2.731385199957583,0.0,-5.909766002238855,-1.3887311524945976,0.0,3.8811987391870093
20,382,-24.697633333529133,734.4669968776275,-43.93565768228921,-13.160917993377478,406.2761854404975,16.774434983002415,3.3045810240836597,0.0,-6.922499645728961,7.786356824562648,0.0,4.83384485918577
20,079,-7.438761407127712,201.69522089783038,-24.340602610192345,-11.444753506236289,154.93105318527287,-8.520033266570067,1.685670625649008,0.0,-4.8345098265339566,2.265491712737182,0.0,3.3606533235028557
20,174,-9.783711044480063,214.37143022533544,-11.071485794624042,-25.052144081926375,207.31484352372192,6.94836622177663,3.575861417334138,0.0,-7.115218626387499,3.6937890998913097,0.0,5.323504366831328
20,066,-11.041214381885132,193.73768743128122,-17.994091088177292,-17.340996949744614,181.07671014528168,1.42556825561896,3.0946491244233894,0.0,-6.124366358573926,3.132094483876684,0.0,4.631955340361511
20,191,-13.198118498175862,342.7383941368568,-45.55850843671953,-9.627388064495815,177.19120487079502,-3.89936767830032,1.0724200614016053,0.0,-3.936455884965628,3.3633182866579046,0.0,2.5910656903847142
20,292,-42.39890558182349,677.7064454864498,-64.64163512261895,-27.97668164645138,389.62376329160287,4.449286281370275,3.2701044583432224,0.0,-6.784604678797737,7.327569819212967,0.0,4.563404241757493
20,285,-34.043978746260485,389.2556915427629,-33.93971969989898,-43.7245133135254,302.378783803825,-2.5871625732600716,3.660806361281797,0.0,-7.79493689935978,4.699436282114297,0.0,5.032365213403825
20,076,-15.318076897694105,295.85030698870077,-26.43187941365204,-18.308060160965535,261.6661269945291,3.704865055589133,3.3247918114929322,0.0,-7.02801781182007,3.8194700526480587,0.0,4.657849517558509
20,294,-28.50024793889372,722.895130574461,-53.47602099203906,-18.871711575507515,413.0506361613117,3.8459072283564684,3.368808837547931,0.0,-6.701370254887639,7.718848887836756,0.0,4.694504625289903
20,176,-12.377051309910089,206.95544775672397,-27.386343936244174,-8.762024092818208,171.81454508304483,-11.143658036330834,1.591073246657985,0.0,-5.4757616449265845,2.1729942736740457,0.0,3.3389909670609104
20,013,8.701937375511651,-173.95762054468736,15.915935490959164,2.02724977883912,-41.430387976052636,6.834999568063351,1.4900900817302076,0.0,-4.219556522074533,-0.30732328129149644,0.0,3.047760656445967
20,044,-6.431196457521944,54.43369473713828,-0.6601662053585302,-11.570987767042649,96.33341695510504,4.719675656772923,3.661364745002593,0.0,-8.064768178136053,3.0331965904276705,0.0,5.532923370944223
20,027,4.6205125660711825,-114.52957605482437,12.256949517076709,-1.3629480460472354,-1.9497217641611766,7.558258056450384,2.7911085312340185,0.0,-6.887166753883116,1.1326258794354584,0.0,4.672993262761599
20,187,-12.195160640595855,363.89528935128135,-18.58539361516971,-14.847211210663886,279.13270222281983,10.331426189444633,3.3445801231640235,0.0,-6.6866010633733834,4.384010441343303,0.0,4.534550584742979
20,018,7.658144535611926,-245.21661236051398,30.227591416025756,1.196374710438254,-34.22637399605985,6.997080219190897,2.5341172329031387,0.0,-5.776782447271984,-0.3765619640881164,0.0,3.9566659473721986
20,041,-3.0889401996125607,94.02665666825018,-9.181545949234138,-9.409042128270384,111.55784055710686,1.807148996923266,3.2310236967201793,0.0,-6.2824658553219015,2.8562994517057696,0.0,4.920728837183344
20,090,-14.622895832806742,373.93608278862627,-40.283895261864735,-4.659781734060966,203.88237316081523,-6.124973233960745,1.4249819097350942,0.0,-4.367632962353928,3.78230704162425,0.0,2.9019423669147164
20,214,22.634858092039284,-373.5916577187367,37.805684437830465,-0.2649673182162453,-42.324278624342455,8.312154393120538,2.94902275869295,0.0,-6.591578017516405,-1.5900030531257772,0.0,4.348738406325723
20,353,-14.532144911541522,56.28619474250975,-6.745165784128775,-24.899321288781326,93.68054284661441,4.44603632113375,4.04936683223014,0.0,-8.719592119640286,3.354832174956467,0.0,6.108661832622884
20,067,-12.421654309568357,226.57208820149887,-12.58231401796446,-16.294911822960138,212.5063302795051,12.500500583758848,3.57337547801493,0.0,-6.549839807150083,4.854165742621416,0.0,4.3128654360294
20,319,14.983464954158707,-339.54671719746926,40.52152104835421,-3.803423560404236,-40.23696591985463,11.209923744731176,3.5700473176895335,0.0,-8.649261066582342,-0.8179445875180236,0.0,5.09679355127921
20,158,-4.568230109858125,18.63531711357805,-0.23988332374471444,-11.263762461960876,58.49710010563635,1.346697922058683,3.0381066128384537,0.0,-7.511236717513837,2.5145912546111022,0.0,5.388576552250299
20,316,11.742547670666019,-328.0212534118073,38.576933077731795,-1.8087743210687732,-55.961634820115236,10.891020713420971,3.116476517416611,0.0,-7.585752189806949,-0.7204939968136966,0.0,4.781149942056369
20,235,7.843435610356626,-211.2685753755562,27.291660166996476,-4.671464788712989,-9.92084645766018,14.266036381906744,3.571351568245925,0.0,-8.551843919750691,0.4457236781497551,0.0,5.689685337953111
20,192,-18.39995653362007,376.00515552916755,-45.1305312050772,-7.948336221683307,201.9038848164843,2.565705748229765,1.5052715458791746,0.0,-4.4811748361692265,3.8616565747032743,0.0,2.9192000244486405
20,161,-10.367864949366997,116.59402682816096,-9.71601932118082,-12.575553884055324,109.731437242579,0.20476305855902677,2.1657884521220927,0.0,-5.437250836862155,2.093511444987807,0.0,4.068449815968423
20,377,-32.322469870996585,630.5150701185732,-59.73297316776358,-14.60469063546698,365.7499538755702,7.239463748802115,3.0651516436081394,0.0,-6.70000528746232,6.757077782178484,0.0,4.238140702616929
20,033,7.100632336441494,5.911948366956593,-1.844040357830599,3.1998806073048227,50.07727612685493,1.4247528294862433,2.841999532094881,0.0,-6.321393239070584,2.0775960145723085,0.0,4.290147892562763
20,236,10.17782133152312,-227.3049456281495,28.99951960361259,-5.213824066211345,-8.898280919114947,8.468114436566104,3.6769981710731896,0.0,-8.479604869620653,0.4880710904722687,0.0,5.827844691467133
20,165,-5.519386877010575,127.31785962052317,-12.063998076476585,-10.22752962617409,133.1613410694456,-6.089419362854978,3.1899094948323516,0.0,-7.379799810970049,2.9438661911596498,0.0,5.213390526302946
20,270,-21.817955502345068,175.405929314734,-23.907093493779364,-29.422992796848725,183.15505651152216,-0.318691933977826,4.085708166102632,0.0,-8.547671339085095,3.7532948806154462,0.0,6.0029835618999705
20,376,-23.927571203370952,406.0033606167356,-41.509606806364154,-36.11981939757093,308.65735478966747,1.014610411062142,3.8149736558758165,0.0,-7.992605103950911,4.98411732625536,0.0,5.182308215219305
20,026,3.799110400623911,-100.16218519037234,9.155968500665818,-1.3405052632749908,4.162321415171327,0.3781848730680108,2.674905577244675,0.0,-6.375428140286082,1.1521079313238114,0.0,4.392852642496637
20,372,-14.957034046734242,409.84309304083854,-25.688321085252433,-24.74460612467876,313.5634412053799,7.549966197183364,3.7129621360435747,0.0,-7.608487598048831,4.9349757846146085,0.0,5.26218058653861
20,384,-2.180804718236713,796.3410491677308,-33.5630087041306,-13.166765647892879,433.46845501472274,8.646778327823428,3.607076825887826,0.0,-7.1104963499269696,8.659180184916835,0.0,4.929833277217278
20,015,5.165026451477464,-201.93834888992174,23.044250915280855,-2.6320573296895136,-38.79217234417707,8.160531530617062,2.133208508672454,0.0,-4.956958021007448,-0.2508429688555185,0.0,3.288069470726066
20,065,-12.632899417899214,190.98661158232264,-12.363305738770128,-16.015057722492884,176.5816927839715,7.397114551193835,2.7648184524104362,0.0,-5.442185384762819,2.9158137264349433,0.0,4.207346873123942
20,367,-1.6308717270940623,285.7673541222683,-36.26206276029127,-15.908000372397186,269.0565146818042,2.3460129837427104,3.8320889344199736,0.0,-8.000915152877345,4.199194940950438,0.0,5.757260387809292
20,288,-33.72222768991811,424.94228705642297,-26.749267853759115,-46.258569716770765,319.3623798610489,7.613074965156224,3.901323139678226,0.0,-7.786176693165189,5.1696590345890945,0.0,5.3206557011898985
20,347,14.886656917143895,-153.1817373738207,16.228060123905127,4.066383206687003,21.145473157867645,5.426929256973117,4.327099124924603,0.0,-10.766498326867394,1.3257639604802098,0.0,5.879514413184103
20,219,20.75991149176896,-406.50687954154085,42.35414312575922,-1.3862762058756608,-37.35702581820479,9.910028409978173,3.468868632254266,0.0,-7.8695916504251,-1.8345613764735655,0.0,5.048461572301748
20,086,-10.118665253264396,374.6894257511241,-28.59310395184657,-11.562299891256675,279.94208882578897,4.496074230429449,3.060745614559357,0.0,-6.695973825993887,4.413109820003021,0.0,4.603744440483726
20,070,-9.375482728153381,233.90735212030967,-13.064897363049411,-16.715071651148143,219.04922182922124,-3.0269287649068928,3.8503739589803807,0.0,-7.432762986420213,3.9125232204171985,0.0,5.457608936982038
20,160,-3.5870340684811,105.69978561040566,-6.758623934267838,-6.467113681958173,101.99260850908134,-0.6947211665646829,1.9001756701725616,0.0,-4.910349157473541,1.8761089064734646,0.0,3.739561072978206
20,113,10.284048992091574,-295.6534043172899,24.084700268211165,-3.0951114514946982,-20.70120401949206,5.743523283394632,2.2089098835760512,0.0,-4.476950445851659,-1.3898953418157614,0.0,3.172364288224332
20,061,-9.766441602030543,141.12184085856538,-21.822180229538432,-24.14379523145577,146.12755251459183,-15.288107856670841,3.1087503072599696,0.0,-7.541403256165068,3.148888027604411,0.0,5.446155587127666
20,004,11.79283896741525,-243.38795465299452,16.859297503752224,0.4064493931938493,-43.87400925210243,8.853414209271577,1.6239147994605285,0.0,-3.8738561861827714,-1.0688364118288576,0.0,2.6248476808218437
20,338,4.57974203611884,-185.6228345812538,25.978901137019026,-3.052291928815894,24.14642053771555,2.025416988580523,4.20990447160276,0.0,-10.367279410851278,0.9746968236502385,0.0,6.0860095537283865
20,186,-22.553446426948806,334.8389550945862,-29.103048191222207,-14.261883380267392,250.48688696823365,-1.3772005372971892,2.746797721907101,0.0,-5.928855869440327,3.9192244870528112,0.0,4.1819264644186145
20,106,-20.399840486316975,616.8740173446764,-45.99295814192121,-10.526410261294178,364.2676036905187,0.9180012072849704,3.0476552416890748,0.0,-6.192604209093222,6.642028057597556,0.0,4.168302309423629
20,116,8.838942728166565,-307.8111924354704,29.245860956646567,-2.0461743482625763,-47.11614009314323,13.897790506792088,2.3305506946341707,0.0,-5.32531299125052,-1.2551128892765406,0.0,3.480731345617169
20,313,7.853961900896021,-325.7099997190564,38.12901748210942,-3.5914195321004128,-50.73465823498158,13.789306406002439,2.8988381093242666,0.0,-6.657272264977121,-0.9983145594813347,0.0,4.614651819030218
20,282,-26.556436241342553,407.2175444236804,-14.822278444186686,-24.61997064026096,314.3136132401317,6.389809691292082,3.6365424759242084,0.0,-7.094990928323146,4.92330113268014,0.0,5.15386868048717
20,088,-18.405018102444764,221.81882430314062,-24.509615746579716,-16.670166134685836,158.66644553210944,-2.4046172337595233,1.5102832174674576,0.0,-4.427311899407487,2.3691308765372603,0.0,3.0914596741795832
20,243,-6.508427588725827,-23.220945520833133,5.60618059705321,-16.226424397767065,62.89043043847226,9.3549252811938,3.823943289647994,0.0,-7.7130385031673105,2.4419615788904023,0.0,5.583115695947012
20,064,-2.7734816873075596,169.09343459464347,-15.848618923110921,-6.629717548926009,148.58044796904434,-2.7008771714315403,2.3419944441376317,0.0,-5.205607492986358,2.480534790447223,0.0,3.902081918489491
20,159,0.40157659976019033,82.26826200299588,-18.165271275912215,-0.6983005041250614,74.35118164440347,-2.4683258339739433,1.369403342871784,0.0,-4.334999501022036,1.408545696101625,0.0,3.4003835734271486
20,007,11.973324734796783,-300.81890153656127,21.73781153227075,-0.7362302844790282,-20.78161973376011,1.357311917093759,2.3728075331674976,0.0,-4.765196024214291,-1.281227071925154,0.0,3.3472909060645715
20,045,-4.322754720392764,107.27259237461155,-9.43165255442563,-8.831545268423245,107.91748757693279,-2.6875127875932154,1.8537091033464541,0.0,-4.289607225184057,1.9698455797867078,0.0,3.4623385181627766
20,281,-22.941594302443843,371.63143887701705,-37.097156602632225,-23.12851013633033,285.9697461884063,-0.12039212769908136,3.3457488509470306,0.0,-6.634312794678844,4.517241119711522,0.0,4.789056561146662
