racket_angle,traj_dir,spin_before_x,spin_before_y,spin_before_z,spin_after_x,spin_after_y,spin_after_z,v_in_x,v_in_y,v_in_z,v_out_x,v_out_y,v_out_z
0,037,3.942763081490344,-61.590757448646116,1.4206041114715269,-3.0882159421605526,9.039921997256094,5.020034501048061,-0.11699552382372971,0.0,-4.257137032743513,-0.7922195058001398,0.0,3.474906912247099
0,502,-0.0724495577233048,84.63202647493732,-16.699108399362498,4.427157495156955,32.15252811779513,-4.369726478590635,0.44662300142394046,0.0,-8.671221841741698,1.5369588745058274,0.0,6.643743249298758
0,251,2.232216035894273,-198.63814023075224,35.760500533556225,-17.785849754651355,42.95011606434897,19.602956962689618,0.5214171168084772,0.0,-9.535154400457722,-2.2781230109226747,0.0,6.9893062463101305
0,141,-6.157041517445633,126.78453168981564,-11.845655013660917,1.7879853607574077,30.545171373443132,8.099179195957948,0.6323947173896852,0.0,-6.523913456428932,2.107378511256032,0.0,5.102595206470302
0,539,-127.78167083482128,721.1951327843087,-13.239668831929537,-18.1169972722256,133.96979974614794,7.0202250948396285,1.1267595460368303,0.0,-8.212759682375564,9.442324411274834,0.0,5.6832083570880645
0,503,-4.4312820895622,59.695024900245684,0.4032187203721277,-2.866284780464846,24.695019106250047,-9.914349154223991,0.3028722693259293,0.0,-8.819649441308963,1.2151630569673628,0.0,6.518652553909748
0,331,-16.44014615931847,113.47078625056481,-9.276216328626703,-8.59309389057135,33.92317980687496,-3.5462928914503333,0.6330747583126475,0.0,-8.08382997837101,1.9941916045600145,0.0,6.269353823906247
0,003,19.480660359944324,-225.56553836613693,13.143780524030685,-7.984360246628265,28.150649786881882,4.22202365287422,0.13913477216063985,0.0,-3.963761844776083,-2.9620965857628176,0.0,3.39756487727272
0,468,32.81609953547802,-278.32328600209325,37.903286769590856,6.499146928539008,6.8552828393782965,-3.794822367446741,0.0033364646270798637,0.0,-7.604832996631293,-3.7809768409877362,0.0,5.290058793273685
0,048,10.225776899454937,-193.8165040861544,14.71593594019685,-12.163470032832539,68.19199597847779,6.696223855281654,0.8649422902387809,0.0,-5.404595489907006,-2.4482965384320736,0.0,4.450605186484756
0,152,1.8528943746541555,42.25743042996848,-3.0960022146564414,-0.733826608045864,44.107170697514924,17.59016901522443,0.5900623815845909,0.0,-8.635207504739164,1.1481547605788431,0.0,6.281233707200926
0,434,-27.080253844644794,263.8720925272339,-20.95292238423535,-5.783354219472545,36.306297836448884,-6.817690742407487,0.4709384697123966,0.0,-9.224071853490816,3.9941966414911434,0.0,6.530716819803668
0,193,-29.59002794876916,240.21842983243394,-28.55735639055439,0.5165889860881621,-11.953210942876105,8.617791024269843,0.0033882832924624993,0.0,-4.972000082833227,3.520147174135751,0.0,3.9512539209680972
0,450,-68.20447083900335,766.4207487078177,-56.03136084474909,-19.987047515663196,112.26772463200061,-12.4556569952853,0.8147711691821645,0.0,-7.957602437718172,9.968675202639703,0.0,5.660637655339777
0,375,37.71063672914628,-396.0142455416159,40.61217757456831,3.901088081932046,-0.8799460900852455,-3.827640208094056,0.09339326199894595,0.0,-8.232245366789645,-5.149388435334134,0.0,5.504170846618207
0,248,21.967058495866162,-309.88772338561205,23.73169232712974,-7.207489572895205,54.218772260939424,0.575296242853323,0.6893343577665677,0.0,-5.942774427170363,-3.93896674621798,0.0,4.608493759742304
0,529,-51.982491543315334,374.1123110987321,-20.495239286366047,-17.902686880707606,46.873150218131556,3.511567915297487,0.5546007456546088,0.0,-7.953574158337208,5.332955293709874,0.0,5.858275705647207
0,396,4.826220096183456,-68.8065404911585,9.880720380111567,-4.541502014096989,22.517615687391114,-4.277591211926485,0.15501384151810535,0.0,-8.991705169065627,-0.7468194066223093,0.0,6.248338436703515
0,425,-22.100618516383655,185.23380534646867,-15.710873266791314,-9.57113431989216,48.7119497024471,-3.3246464267829525,0.6982533013066343,0.0,-9.668241426180023,2.9624162704170622,0.0,7.005466068384558
0,262,17.974339975055987,-322.9253327874798,39.64788935700787,-12.946947987015122,17.49931615017199,17.76726678317151,0.2423692134619997,0.0,-8.286890623713232,-4.114791958916779,0.0,6.054106766891743
0,435,-51.44700832620566,361.0176708617883,-23.00109949665307,-12.671990977420815,41.366751773440484,-6.957043586680053,0.6486475177318234,0.0,-7.827415565287617,5.176563496351099,0.0,5.7074543965372255
0,540,-96.21339464530227,738.2097742288482,-29.582081764388857,-19.055686089690493,120.9142753251903,8.09377242709158,1.0715139917807832,0.0,-7.830101633679891,9.27756360727938,0.0,6.186305195313022
0,371,37.362567692968554,-359.5636983683195,40.20481236719679,4.909578524277783,24.95819265634466,-6.362706949346968,0.21033875897457296,0.0,-7.181452486646053,-4.506911039133025,0.0,5.431430747419188
0,205,1.3791888298840265,-155.93364142760404,26.566386011052835,-10.884938805596683,13.177219373757247,22.093258265915843,0.2747982773959387,0.0,-10.06779946504133,-1.9822818148286978,0.0,7.0938741638512495
0,322,-15.666263629860833,105.77669468489134,-11.36445489778688,-2.3644137464807464,5.564850916632625,5.026648858608162,0.20379621690587635,0.0,-5.422773158677056,1.7247258316404654,0.0,4.283095635616661
0,102,-2.6400700581235177,0.7397500459289174,-4.64398262628947,-2.3298355929145447,14.33049844162342,11.988654779585811,0.12630241928861854,0.0,-4.825646981455927,0.24212898396314178,0.0,3.847504578167578
0,492,-0.3820318850180257,-16.577387791328917,0.3817573695244185,-4.4600757685000305,27.89914048788716,-3.771082163424861,0.3447921960325698,0.0,-8.54726404845239,0.050474357605626824,0.0,6.374613793816318
0,107,5.847333874522762,-8.148994711788498,-4.287100797877319,-0.32709526400175865,41.136425220568015,3.129707285050869,0.543362613365752,0.0,-6.462663961856109,0.2671658108974259,0.0,5.0538996614140625
0,223,-6.70542957043609,182.39242702238067,-25.000157524266108,7.810696852856186,50.09960598458424,14.578264298431062,0.7670086447453306,0.0,-7.834164044704842,3.0052138808936353,0.0,5.698138179394529
0,127,-3.1270742660630333,44.72778070459728,-5.637109110404671,0.26650277141062734,34.12770068627961,5.491754959967839,0.5600299902283488,0.0,-7.2280115116156995,0.9949383364965845,0.0,5.735090555476479
0,188,-5.095756789395716,150.48176115229202,-5.128187736493993,3.118815885362917,59.857350799622864,22.96683069266382,1.0132129163475765,0.0,-8.034306645808636,2.6081443544294602,0.0,6.0877490491855495
0,014,25.861067164255836,-302.11203399682955,23.86799922622197,-4.200988982037751,50.29706004978037,1.2773545848743675,0.5194436399494232,0.0,-5.6043359391832634,-3.8268148946712217,0.0,4.6406668195961585
0,075,18.73139044891413,-236.19566599745832,20.29314810131766,-8.179759049073168,49.86055620288595,3.881047273100797,0.5659584027061785,0.0,-5.955138932834249,-2.860075143384573,0.0,4.905880898388613
0,134,-6.507387025053803,42.769764020648296,-6.437707869212904,-1.4193729423876764,1.9529828317163755,19.07537478733422,0.021783523658251248,0.0,-4.397368510861603,0.769786542424034,0.0,3.559475585726223
0,173,-11.39571615741448,119.44084665313123,-8.50111247635414,-0.2751540929484725,31.81375339321511,24.852962959839072,0.6258125550041153,0.0,-6.122179502715594,2.0308143050836533,0.0,4.764407568285151
0,002,10.24280106487136,-208.32895973996665,11.510973818230527,-10.014167382966123,19.908252348964886,9.11194416516952,0.07115091508983036,0.0,-3.6671725968248676,-2.8515619785514605,0.0,3.2399218364990556
0,099,-6.1889753889006,3.987186103724301,-4.348191981248174,-3.945908846246249,-1.619355540549161,18.298445805821732,-0.13914413576611628,0.0,-3.9614552542603856,0.20370635094555906,0.0,3.33810915591754
0,496,5.889034755908972,-64.06177258026203,10.770184638599714,-6.243142851122041,21.356667871118255,-8.74093833507108,0.21859265701859978,0.0,-10.259188394695647,-0.6040012712309265,0.0,6.876765904128983
0,063,10.485408957010083,-152.7253238255802,8.02894980095896,-6.596656566023285,19.368857416368687,5.187965162538697,-0.06528837875389741,0.0,-4.2086865109015115,-2.067724835989205,0.0,3.4380769615619644
0,537,-75.30673748922482,667.3963120085116,-44.249839720747,-22.911363675233666,115.62990639096977,-2.004104116152483,1.039926426209542,0.0,-7.439389431631979,8.549820470217918,0.0,5.679990317841811
0,024,10.114540253072956,-183.4374377901983,13.14937233777617,-11.711863073626121,34.57199238385788,4.2833351466005976,0.21470319674875255,0.0,-4.89901626094682,-2.529484659358269,0.0,4.002238393766943
0,439,-48.74467115216409,377.383788744165,-23.481535286987747,-10.346731306162548,33.468837805177,-6.1533926259741,0.5004292000362001,0.0,-8.151090885298506,5.39277349592259,0.0,6.047293322166757
0,105,3.5674358662613113,-2.3972911855036965,-5.548650445488168,-2.373388132110516,32.61728250071446,8.658662735050147,0.4207540336493088,0.0,-6.005761704857711,0.24576875180649943,0.0,4.600674190819426
0,290,-3.9404541063196694,0.561935000329942,-5.0700541767556375,-4.349149099567963,13.7371033945443,5.5212427617532525,0.14895443745578868,0.0,-4.840693935515698,0.21024701612775532,0.0,3.9222510944983964
0,289,-26.44624495792583,359.9594647492605,-25.93444247033355,7.464738776948627,52.19583288964652,17.301374172807037,0.8332453226412115,0.0,-7.4075850626396464,5.222399948617911,0.0,5.629593188963642
0,081,-0.5485393455067654,-58.08532509788337,0.09798365268667417,-4.998260089561882,11.023772401832934,9.732882590550776,-0.024123236786575415,0.0,-4.043051940709141,-0.8498633354330316,0.0,3.462068252191979
0,190,1.5364584731237152,-17.123144352061413,9.636202871494657,-4.1944542268292935,40.45882319879695,7.345709574072034,0.5663340479633223,0.0,-8.357108144836063,0.13884441652650623,0.0,6.404074032717335
0,483,13.738493291823596,-116.32752702554052,12.196328053953998,-0.6883459579476955,15.970930218252693,0.4378104284838679,0.09383195806708296,0.0,-9.714521924491153,-1.3787055880854877,0.0,6.633858086424861
0,423,-20.162535965979632,179.00146986914132,-5.243647364381029,-7.159814469055497,28.313575520752458,-3.2456019094951274,0.5355416364686794,0.0,-8.984131746957921,2.7394770131346626,0.0,6.692753297672691
0,203,-11.238553050413923,164.38941291489502,-16.439738787051674,5.473194616920638,25.770633364193483,18.345538927854413,0.4795529050314001,0.0,-5.874312159143441,2.6596963934458295,0.0,4.72930556024248
0,253,-19.308634051153362,270.3346653742804,-8.08184602718418,4.436035798743618,42.47698966814564,19.597087307969776,0.8132041000931259,0.0,-7.827773390276023,4.107948042045566,0.0,5.823842373550156
0,117,-8.168016903344862,43.40091261369588,-11.136616541142978,-1.944998331491613,5.43772795979273,9.5582549734815,0.09827867341914302,0.0,-4.887714670193617,0.8331512002422984,0.0,3.855046058798774
0,323,19.014407211622558,-348.262416191113,33.05463556640035,-16.012876200607092,44.6801090919828,13.173164029083479,0.6043102542030855,0.0,-6.70267237900653,-4.480298861662641,0.0,5.26643527289265
0,212,-42.40033319402951,423.59997679619795,-33.06061068159227,-0.4541249276002833,29.750770965165085,8.938913574866065,0.4102775330714143,0.0,-4.849167975120113,5.778948541417899,0.0,3.7863270990758404
0,032,23.025750530544656,-233.0723923980208,24.600412040033973,-4.136018694911604,45.14114963604896,7.029173715334556,0.4181353032558442,0.0,-6.116717470082879,-3.036875890760525,0.0,4.667572950237628
0,056,14.731205384076762,-227.3898740720551,20.60407177207737,-14.412042627281096,61.16006836958767,5.487858087066915,0.7127086467257724,0.0,-6.232189730075209,-2.8414724875483173,0.0,4.874609482142109
0,196,-26.52767191163458,295.21153870308683,-34.603917615871005,2.5966747777745365,15.66059990787472,3.0313647072331733,0.3891529538942116,0.0,-6.213290995187154,4.332870114207513,0.0,4.902265670733362
0,275,7.5335437535006005,-67.07451799767676,3.6934847148025214,-1.1521203900754395,28.222789983172216,2.071703131341413,0.24303429872341017,0.0,-5.1407989866351675,-0.8253589906728,0.0,4.070838713632627
0,156,-5.118582031054448,83.09349662808656,-2.765338507918124,-1.2268461663718386,45.345577718458834,20.084787115911176,0.8029502210314029,0.0,-8.61133763334512,1.5978343728652882,0.0,6.476746150616513
0,389,21.70313679834625,-204.70300733858747,23.3971962316717,-0.29303081740686193,19.76392795475204,0.14483670539564963,0.03817103528765715,0.0,-9.023589510505056,-2.6341097377578957,0.0,6.2301638102716215
0,422,-19.095901517584924,178.74693912889052,-20.649095774849314,-3.331349228787172,30.07377612165297,-6.2526274025862545,0.6357926340780018,0.0,-8.333039421149778,2.815472750704311,0.0,6.30712676906742
0,535,-59.006837284323296,403.14134147131114,-28.770628010608284,-19.43360323146034,62.17369059704344,-4.648531626638913,0.557088862832788,0.0,-8.514864259575761,5.5298849742004625,0.0,6.1529928604641455
0,327,18.399269532107407,-329.8166386186306,24.899277221741,-14.589852335936223,41.59475434163267,8.58119917905974,0.5266616807691601,0.0,-6.491562445208171,-4.16750635687564,0.0,5.0590462950247685
0,532,-45.89682816331648,416.31292586563256,-28.282100258913438,-10.511843022738137,57.166075362322786,-0.06458807208614753,0.770925201564021,0.0,-8.049699843930664,5.944175683975359,0.0,5.933214963227882
0,022,13.980161868805432,-168.53712086894737,11.804478097623488,-5.073559166019767,24.798626086908364,2.721953829815313,0.04930041609639822,0.0,-4.554993328697176,-2.3195329299237253,0.0,3.6665584589258873
0,350,-27.182427411672727,271.1144947149308,-21.313102324316354,-3.777686295631604,13.312300900669543,-0.7129683857464814,0.22901398069423023,0.0,-5.815400810009334,4.069774425431358,0.0,4.455086932187197
0,499,17.007547358310354,-104.79621420631027,14.654319217313429,4.107965907004344,7.210847021544062,-10.846735685546918,0.10012512914494773,0.0,-11.457966834823603,-1.3302811836730786,0.0,6.746749983806843
0,120,-0.174881027691701,49.143218439417495,-14.690869412547583,1.1100925305663283,27.231953352135726,3.9675374268098413,0.3713570642863799,0.0,-5.8754603739955185,0.9836715203166959,0.0,4.857869335365368
0,218,-54.00597030579413,536.8065893647872,-36.43835130672198,1.6143113416249044,68.76866435187897,16.553548321587957,0.7475860489986323,0.0,-6.116145463587594,7.075659494132899,0.0,4.498434737664884
0,406,11.166669319972424,-61.848366054319555,-6.876214526928509,1.7108824163811194,16.342948015907353,0.031752528202371635,0.20972649025957674,0.0,-9.726725708861423,-0.6224936388562328,0.0,6.491547526466471
0,266,-15.623295602552947,263.1489517439333,-21.499598324319344,8.643180541630919,15.072139094747675,18.82129119618638,0.31207793868919154,0.0,-5.634654248645448,3.902463609969576,0.0,4.318254737462563
0,447,-86.6801189411414,733.4782523328075,-44.95154707596131,-15.030102519787045,120.23961434961888,-3.50539539438342,1.027488804132271,0.0,-8.131031456056522,9.43878602816256,0.0,5.760911721768899
0,260,-14.142533546249618,210.04741626116632,-22.47939226355825,8.93528079962541,-11.642025286584008,15.507965049513196,-0.09434576922062472,0.0,-4.421944412390044,3.1147419286040083,0.0,3.552988456101297
0,122,0.9133538172758213,-15.858688200452564,-0.9048945621164483,-6.277896127639394,52.50049459437191,13.6625161845763,0.7566123576101143,0.0,-6.578470294567322,0.15350675106971487,0.0,5.091878901844211
0,078,-11.358502066097136,251.64477614026652,-10.186266333631657,4.366379670699131,56.81206222866924,18.032029264792826,0.7983793890919904,0.0,-8.23260714357465,3.903096388812854,0.0,6.2013079846908274
0,252,12.389547160574327,-132.31174776548644,5.684345149248451,-1.7421930047630858,9.072453683416335,3.0543639560141465,-0.10156485344738213,0.0,-3.9139789177756525,-1.9089731242327033,0.0,3.3227553533107583
0,369,38.61059373552362,-345.1610946858927,30.18230849446619,-0.00578866387955881,19.39543329673631,-4.507612212657356,0.2800441536503911,0.0,-7.135311178773431,-4.457959165532506,0.0,5.398988113500367
0,177,-3.3535387397107588,135.7195543832664,-9.786803727132732,5.110283457268054,45.83862245806626,19.243824427617803,0.8500878412024274,0.0,-6.818331332122511,2.2867160152330555,0.0,5.327583127328104
0,516,-29.112547596132146,177.52860852174442,-6.230547441202358,-17.38143586906767,37.01231810036942,-0.6367289813056866,0.6068932271268286,0.0,-8.967462708189286,2.906367112228693,0.0,6.593107899002108
0,453,34.346989070996514,-345.47852048543695,33.21862352726965,-3.87754806928145,18.434360405864215,-3.2468582496117806,0.223889939848421,0.0,-6.974316249358148,-4.286839467702216,0.0,5.429416733317971
0,268,13.143887121841072,-295.6459087914346,36.0021919905695,-15.225153619582592,16.364136613239967,22.755333995807174,0.20168065729795234,0.0,-8.239896390378696,-3.717533281500212,0.0,5.878803622185405
0,303,-24.34227678752973,475.7474412799011,-38.52575912922896,9.484416305268764,41.5087376617771,16.31249704631321,0.6021934861284151,0.0,-5.5031076071161555,6.55226580180459,0.0,4.315976452910998
0,162,1.5785655479817067,19.093752580418546,-5.913915302370744,-3.8354740071183366,46.56966985902269,11.830917815891246,0.73116558156958,0.0,-8.34374121669735,0.7382971654717048,0.0,6.129036342275659
0,215,-8.214044186765367,202.62480252854758,-6.2239859274481075,1.1332785646426082,58.465364877255944,23.572886480617132,0.9199977928630533,0.0,-7.389792604632235,3.2776667162761304,0.0,5.848923539982707
0,217,11.760949134271582,-108.82520163409708,6.894241994753302,-6.2830570654433515,36.16457745416625,17.477604498163043,0.4318813673570719,0.0,-9.501081545812394,-1.1624708770813421,0.0,6.674820212678343
0,198,-23.238878785437556,326.38576939278533,-24.595837450703772,-0.20339081760567193,35.94515821809634,2.7570761685091436,0.6373113810188045,0.0,-6.552269145902608,4.700496948061387,0.0,5.048162211883751
0,427,-39.4831009934867,262.5810041289428,-16.689462128829042,-8.814299673737587,33.469482244518595,0.14364691561328333,0.5323246306117498,0.0,-7.840562718299053,3.990274065901432,0.0,6.043688566836633
0,523,-37.8602294097725,299.5090527725603,-20.257054880123146,-11.750963853362446,38.066426983211166,-1.0422825135866443,0.6154853456355281,0.0,-9.064893483523697,4.304126202205016,0.0,6.40817362142212
0,030,20.050486602483417,-214.7029844849157,25.998006870920864,-1.720566250142833,54.00358993343929,1.4081536150660725,0.575474709238699,0.0,-5.79916744222729,-2.7572700154273884,0.0,4.512481024167744
0,054,-27.921919206579467,379.0125384382457,-17.34007072780604,3.4932426862589154,57.73283377601728,23.44602752770769,0.7409478072735691,0.0,-7.834724714149154,5.435132723331918,0.0,5.826919038762645
0,368,27.491508672912737,-332.21639524070633,28.955363656819337,-5.6348873620799935,29.229407946311042,-3.080301658056625,0.3438067030484122,0.0,-6.481051969472351,-4.298811487789092,0.0,5.172979178782768
0,244,32.71756419909018,-305.12925237222004,16.43763766762449,-3.8135996580517433,63.07147290049979,-2.8698393990755626,0.8846560544747054,0.0,-5.148811593124069,-3.8552750062999532,0.0,4.390390197816136
0,480,2.8679314516068866,-57.37846146193509,12.688960596427659,-4.266079696260743,30.65832068598578,-10.231228635628584,0.35035795765174715,0.0,-8.403290253251063,-0.46876072554174936,0.0,6.181582624254882
0,419,-23.985750057936247,189.13586515889904,-18.14224385412344,-6.424980997540286,36.294239622697496,-6.544517233141668,0.5266239960979133,0.0,-8.086959288140923,2.9942306048685925,0.0,6.127007652892044
0,351,-27.172895379268258,283.6716841891645,-12.621861793546095,-2.787595802965234,9.701105944396351,1.5561299118982284,0.2981652769441556,0.0,-6.604964944174661,4.19743962812292,0.0,4.870897661147797
0,412,-9.941076660754769,53.90853140475881,2.5506629298078614,-6.620032428600565,25.903673906124546,-5.606192437440456,0.2862287697890128,0.0,-7.675303261383618,1.0789980690032885,0.0,6.0520295959763155
0,047,23.215405972756017,-264.6873859792003,16.309108405483993,-8.156649714391092,46.28567292168007,-5.086503416476904,0.5381445794007038,0.0,-4.558033649791141,-3.4580029118330935,0.0,3.899227683968135
0,167,4.777119936897739,-96.44422600438334,21.858664652318765,-7.388034431786124,40.85507009066841,11.359635260931993,0.5926514928291291,0.0,-10.534498183223103,-0.8209650372426542,0.0,7.726739756635406
0,231,-20.723543453936443,214.26557300401504,-9.155858827054994,6.1962292007643365,17.45882721216689,19.866692205333955,0.4128163742810212,0.0,-5.259528111440947,3.2976448669922336,0.0,4.261067567343229
0,092,11.922052940613266,-137.47229654047683,14.90086906905806,-6.063353424728585,35.41957911821762,9.93853629898085,0.3129849840666725,0.0,-6.819466870500314,-1.7179841113970662,0.0,5.65426339578674
0,005,15.320449576471669,-250.82479430293142,13.081957689154766,-7.640549196235773,32.15243366081536,-1.4853880101342813,0.29111259590080046,0.0,-4.157216762745425,-3.328409254504932,0.0,3.598676414390614
0,424,-19.45953766568707,164.31902720629913,-21.031309281776636,-4.983921858377318,38.43596085653308,2.7312480635015937,0.5955517139774139,0.0,-9.06345528501899,2.645660940245799,0.0,6.873824914670592
0,071,21.736864233948612,-216.58326844295806,15.72133532752858,-4.887287387878488,43.69503808347282,2.5985174524628922,0.4285357900752389,0.0,-5.78585097756936,-2.8440829098181903,0.0,4.5181270288662585
0,538,-79.55051367869551,699.531763078195,-32.86248307678859,-23.231404839277193,143.07850014019692,-6.042961950131187,1.1325053427661504,0.0,-7.6953649984578165,9.112649422763521,0.0,5.510183606304202
0,465,34.21092743065409,-293.0100910618944,31.82417662968724,-1.7187313678419551,28.096448843247735,-7.618113073695815,0.30271814355430643,0.0,-7.398330752922522,-3.7256758605353064,0.0,5.59104469547244
0,185,-30.907491658855538,274.3042335350597,-14.540645615528517,-4.491642499889975,42.873586375010724,5.51576670684332,0.7536840995908961,0.0,-7.474497051996225,4.103373004819139,0.0,5.571067664760613
0,180,-6.420999956560474,139.61606809183624,-8.672405711017543,2.1533350001959284,51.424601248459986,17.9465023001511,1.0035221013507496,0.0,-7.514323218154704,2.342877350686177,0.0,5.717186475223606
0,272,17.17753701996593,-313.52699889418267,32.97619251168355,-10.621496274446866,15.85334951063607,14.676941718429616,0.273746345920806,0.0,-7.829929018343684,-4.019916120960539,0.0,5.855962180434197
0,344,-27.406052024293615,274.5398075729849,-14.579444246028428,-4.981229096988593,36.99747809757795,-3.522433820890003,0.7244952505001163,0.0,-7.194031955500952,4.1214628653763885,0.0,5.6469578314727364
0,410,10.594538110091992,-99.4910303916446,13.21598038691828,0.900416473324863,15.046419495605383,-12.173720598477901,0.135510004329077,0.0,-11.672525392520132,-1.1535365273425173,0.0,6.8667549141301105
0,020,8.323014972054407,-156.5262767255504,11.10291595980476,-6.001777563823447,19.020211341799072,4.654566052655945,-0.042001110127391945,0.0,-4.1158710076354845,-2.143398794315271,0.0,3.4762780531197324
0,408,14.19880651862378,-106.63584347729575,3.2460023232385673,4.832126575360565,21.337567665055772,-6.760571078788146,0.18168064547227844,0.0,-9.746527064852108,-1.3470025976664868,0.0,6.492840626928329
0,448,-66.06441467531884,752.7115136169188,-33.46807932141291,-18.02446330983226,131.5593994326551,2.899882287603678,1.0468039690287216,0.0,-7.848399538533106,9.66594134017033,0.0,5.756643348618273
0,140,0.1797910164861427,56.30853935237994,-3.7051660041828143,-0.5327655209632524,47.85376432095495,24.905796849338422,0.7354558049507456,0.0,-9.673430075735705,1.2166758262252988,0.0,7.0971758632929935
0,148,-8.471436805402414,78.25625702029711,1.303263954693755,-5.922097602731401,45.653962055450705,19.164985085250212,0.7850595569894246,0.0,-9.4450448683161,1.4309762481101658,0.0,6.824263266798921
0,277,7.1662724596348895,-73.35570535357606,6.4297682161892205,-4.56892546413342,39.7552180901271,-2.0314409693829605,0.4312543799817337,0.0,-5.437953070453655,-0.8738129580027791,0.0,4.403984166340408
0,390,18.933749876880434,-219.3110546834525,36.868785962987396,-5.109320129508001,10.62246868894219,-5.443685000083299,-0.055291051263365344,0.0,-9.609798611711334,-2.7701255922283794,0.0,5.805405897659812
0,082,-21.178597255759545,244.11826970051752,-11.805521837649128,3.346669500825958,48.001110983704194,21.365805232429995,0.7454297949550753,0.0,-8.181888864026504,3.754972994412717,0.0,6.130891591049614
0,430,-28.66913983705848,239.00775758410424,-24.4665330478122,-4.653879996441873,22.63827387333844,-2.0197903473353715,0.33819866926696407,0.0,-7.839417827160093,3.6057041435537203,0.0,5.838025642597889
0,519,-18.421840697061356,163.1031791942364,-8.924220826796681,-7.991463608247728,46.80636466177618,-0.16223776489677702,0.5806466146815038,0.0,-8.998976467888333,2.7709276467553186,0.0,6.73039610373345
0,128,-10.016349050212947,156.82062813120126,-12.11401176532262,0.4620971843261162,41.18028649092792,25.488257080809056,0.6913516734814558,0.0,-8.208461950507202,2.542249711490013,0.0,6.107313085490596
0,400,10.055752004908072,-176.79031138629338,33.220523693788515,-4.5515814901761695,9.367896269969076,-1.7815636514743627,-0.06933063170797031,0.0,-10.58019305441927,-2.2080163704161593,0.0,6.413852972572091
0,110,-2.5347328652846595,7.30803612484447,-5.279700667311757,-3.2948148297402886,26.179515982087292,18.555804273407663,0.3170861440377018,0.0,-4.679941557395406,0.34353475306702286,0.0,3.9547905885730685
0,143,24.21235414707637,-231.65673570469548,12.518866213088316,-6.064676661437475,25.631080624697937,1.2559030222854368,0.11420055896686156,0.0,-3.8748903198939253,-3.1543437546507382,0.0,3.3051054083307454
0,544,41.575081348259594,-315.568704376799,28.693509487767276,-0.7810355876567636,29.324298108450012,1.1726653810954533,0.25775468907086174,0.0,-6.412867831445147,-4.14070321928856,0.0,4.998409934558102
0,034,-39.7070396667664,682.6513049119716,-18.956067727686168,8.754143021773178,144.03560254153277,26.936511997239304,1.2471224860341756,0.0,-7.412410873443269,9.002914573749328,0.0,5.1451143779941
0,220,-57.364110401938056,592.3724266982786,-30.59060411175298,-7.623496191406379,90.34815166817636,5.906306107075341,1.0749827816718187,0.0,-6.654799126096444,7.8736672480225725,0.0,5.0598718212145455
0,103,1.6198164182541035,3.9330546502054804,-5.5786626802986135,-5.1203965395398665,24.56801650714783,4.9599412588369205,0.2977193998808739,0.0,-5.452788714634022,0.34386419430730636,0.0,4.280766362822464
0,101,-11.690294188266858,287.2528896466981,-22.523027923258947,5.8282530394979455,61.965922135508265,22.166215756826933,0.9041260301929659,0.0,-8.182800875870337,4.2034158448112535,0.0,6.208199520817171
0,312,16.140105572666275,-373.4366345927843,33.59181774187272,-15.515249537861354,45.15600924192332,5.901101763423878,0.5636244187879899,0.0,-7.46261186214375,-4.569019769882007,0.0,5.682014094131722
0,149,-12.645960506628228,116.68878766701884,-7.028068246359184,-2.2206051002145286,20.12038602979041,6.727452638357594,0.3714436176942979,0.0,-5.9416785233437075,1.9460021782668089,0.0,4.649846774757999
0,201,8.26205142039035,-158.83772569456957,27.16053354188893,-9.894362575519374,24.078207381581173,22.579119814607477,0.2783566208575955,0.0,-9.992719534954986,-1.8070108889692247,0.0,7.1996794050339945
0,228,-44.55526678351727,376.7784409808129,-33.443587079287404,-4.249651879772501,25.528849496254175,-1.708201890654494,0.023421868379675293,0.0,-4.674363094493507,4.887744759834757,0.0,3.6489540541228935
0,497,5.782273060092816,-82.80341596283628,22.479839239467186,-4.77246543914224,16.642013981595106,-8.732884489059373,0.26899471558041776,0.0,-10.279894727223432,-1.0538866256900767,0.0,6.8704002652009475
0,363,-65.94962723169914,601.9342409905123,-46.16054688666344,-10.823884306710422,76.5156032359243,3.5036342625875423,0.8595746088822156,0.0,-6.625124757521619,8.147276454284484,0.0,5.041817283835182
0,310,-36.13168445821133,568.715559663958,-34.30747540707112,10.410910766225124,81.91843768334677,14.842352296307334,1.023552659582372,0.0,-6.3150194882440935,7.7515397656559575,0.0,4.7331040103504725
0,043,21.425354623422788,-224.47064214858295,10.155852559037362,-4.650102793059633,30.806092640945558,-0.49741915223712285,0.10262297564927213,0.0,-3.9927432119938033,-2.9617367067550378,0.0,3.446667365588848
0,200,-29.206895885210223,345.5559471873779,-3.415408150589966,-3.9309328858453996,37.96705493693942,8.521864534122257,0.6532849414009381,0.0,-6.991013183574252,4.92035467482359,0.0,5.273528854812863
0,298,21.485429828901026,-402.69081913076536,38.68951951218117,-21.311480662132716,57.70083602843552,19.411102105873884,0.7478515656508795,0.0,-7.762497966864458,-4.9651610122842404,0.0,6.037575856266111
0,405,1.6454739130888065,-36.36518780542578,3.6675761894868724,-1.7763628964631106,19.776591853664907,-6.188075253560547,0.27345714808835137,0.0,-9.606962249674197,-0.2620798189610976,0.0,6.53694988367576
0,019,-59.65276529095112,774.3241197296162,-22.242544679210404,2.403198336069803,179.93735508492665,21.25752949309007,1.3849963589550816,0.0,-7.723602668622461,9.857633808937114,0.0,5.538547746779108
0,077,19.613137611035846,-243.00394215552058,20.66138324997563,-8.595705415129062,43.79807217968572,-9.416732611132076,0.4348124977445451,0.0,-6.506742561162881,-3.1682460324835637,0.0,5.003077092832671
0,466,25.771013961119813,-270.1398503971123,29.357805958692424,1.122590241968217,21.149732683397946,-2.856049021627308,0.12080923049514647,0.0,-7.018430458433166,-3.5229490367899596,0.0,5.269319525934453
0,336,-21.521188825854544,210.44116054338193,-8.890808948801011,-6.5016013380892,49.23267616179461,0.5060059034544021,0.7925679537770903,0.0,-7.35343818320324,3.39280496021889,0.0,5.573032776618962
0,355,-35.24584051513193,343.31642270327507,-22.196611720961027,-6.375072569097502,39.52929049203113,3.2038895953690276,0.494306460261481,0.0,-7.253271241152126,4.986810042849158,0.0,5.490194810512277
0,247,12.867875219974039,-241.4228666484007,39.71879607433584,-14.284462164833617,17.48444477967998,18.755996490795063,0.10984695102295959,0.0,-9.132955363692648,-2.971178904511741,0.0,6.473537009076688
0,471,35.77429913750433,-311.31658735186215,38.80123890887692,2.419404834301403,6.042003975569523,0.95163211985205,-0.047531884712013216,0.0,-8.526027316521771,-4.048255944039739,0.0,5.433525768878803
0,445,-69.83465806149589,681.4960298509977,-49.683021299189555,-9.122592773747602,84.52944396114623,1.099928374132256,0.798219220927812,0.0,-7.31130713403865,8.946951257184022,0.0,5.455187506289626
0,531,-43.142840499242055,391.66557265855744,-27.39351971364743,-11.374013321818223,53.0067151468487,-7.139422738089237,0.5622930514927812,0.0,-8.157652697913177,5.546333594930872,0.0,6.202225013717061
0,455,14.5193372326397,-322.55779577205317,23.995507812901824,-0.21491310293799232,28.470198447702135,-2.462616906126308,0.4840067167521355,0.0,-6.122796656489921,-3.969403101463569,0.0,5.0407169793430056
0,234,-15.032355857874476,244.26494668655937,-11.9629613903376,7.953030911160622,31.16563826693527,15.557386668239817,0.6581935388950391,0.0,-6.462778034938442,3.8136955096284977,0.0,4.911090063012947
0,481,0.5372582220902239,-94.44049140898845,29.39151553127979,-8.126176347540948,19.97163702797885,-4.047458009769742,0.15205690861824384,0.0,-8.476041960988757,-1.1612802384979173,0.0,6.1965343196797384
0,199,-9.39713842512712,156.41946311103604,-9.754241017047859,3.149772943197563,13.819021031577778,18.60004438177715,0.3470162066798351,0.0,-5.531191654166276,2.4756720429308716,0.0,4.31874131949796
0,514,-23.119891607007183,187.73196289126338,-13.857842522439103,-5.565274065573119,33.700752378737654,2.5436957797501356,0.48192045394600946,0.0,-8.453143517276583,2.9890871924653997,0.0,6.441753227999579
0,111,6.637893883072758,-22.18241077925278,-0.9639902550315935,-2.491729610488599,31.746150702811793,6.436874334936217,0.3744842105126399,0.0,-8.487237166859533,0.004537946184708486,0.0,6.357185745516637
0,039,-0.21115590111807467,-56.93624943584781,0.8424558395806223,-4.196522415562864,20.72562818480208,8.164965695507586,0.13322519032688904,0.0,-4.62413577421603,-0.6797277275726495,0.0,3.7602377939828484
0,259,19.59772327704153,-201.18652006039676,15.660430751271436,-8.851991395444415,56.17519951108508,-2.1973217876792726,0.6411049714483442,0.0,-5.481159872261214,-2.60854760002663,0.0,4.331655404698624
0,273,7.001802255153777,-57.435523181570744,2.4331108853071517,-0.48354520471176365,21.992610423189433,1.7031935144716606,0.1441420632493051,0.0,-4.691388606831519,-0.6667880279661783,0.0,3.8350038736855856
0,142,0.6655358795068025,43.14660797710977,-4.973699437275064,1.052710227745982,30.611708747711866,18.189279070263737,0.445550718839131,0.0,-5.379560804181348,0.9368253971973007,0.0,4.381796699918683
0,333,-25.925555039199462,153.70852212085,-18.291653798534487,-2.9242294027176214,3.7171802079156575,8.331922807475324,0.21294251500415887,0.0,-5.406927529621709,2.4678682180536886,0.0,4.2334191304520825
0,527,-28.86847571800827,293.0779593176025,-19.30143844886037,-7.454925560014211,56.215943864966476,-3.7525266093184553,0.8130130409497981,0.0,-8.925108996939777,4.290905754641419,0.0,6.58940011972762
0,230,26.438832602950345,-214.10608600621654,12.477404119124763,3.3622948792835383,17.350749340182563,4.261776126912694,0.006893899494275503,0.0,-3.589030235302062,-2.9796418083539784,0.0,3.074969612333661
0,352,-32.091250392915505,314.06203986348595,-29.698659782657547,-1.816666668708779,25.241691616873158,0.4583141306935545,0.39145515773740625,0.0,-7.013081194393374,4.646671866999988,0.0,5.20865983419456
0,293,-22.803696904791803,324.2270929917402,-27.545344103060092,12.406742573779635,-26.975212810313508,13.068746353943158,-0.34819848484366467,0.0,-3.922795358623821,4.441102038170301,0.0,3.1470616265033935
0,068,-0.21260487616354448,-60.40389257271623,0.8124502234565021,-8.763258355439675,22.190580129061807,12.941409705870973,0.10220946044006504,0.0,-4.229735537823472,-0.7165521630516233,0.0,3.4789094586084848
0,147,-11.596390894326833,109.73131527851822,-13.399320161250355,-0.47638869107755205,7.354443285871652,8.16022769513485,0.14480713125160674,0.0,-5.225104676831161,1.841425609676893,0.0,4.16367053111734
0,354,-39.06377233212083,345.64929466804125,-18.736607540692297,-5.8763246363372215,41.08601906371715,-1.424224189240505,0.4970236577099539,0.0,-7.270824910882003,4.979351822270312,0.0,5.5832725193377915
0,038,-54.79402192924609,644.4932475079904,-46.318325427880886,11.059586257982293,105.724620240208,16.57100053703579,0.83365643080471,0.0,-7.317233644117967,8.207537769933614,0.0,5.506942873994862
0,145,-13.443665140497703,85.32478751354708,-10.221452877646554,-0.8728900633825168,-7.462367601592604,10.158535473574865,-0.1333301497976996,0.0,-4.586100639499506,1.346870505678277,0.0,3.7552156539735257
0,486,14.720291713059222,-119.50213159777708,9.03967844257201,-0.22334299904994,13.857479245150211,-1.125569048829717,0.209769493985492,0.0,-10.917984651551528,-1.4969644727099847,0.0,6.726360136173155
0,208,-23.278266338298856,314.9051757454843,-44.32450215376065,2.5260794522144265,-39.11175832068093,10.24188754884224,-0.5733472336359257,0.0,-4.0036482370483455,4.187160163494368,0.0,2.8999018912315377
0,261,25.506026412477386,-215.9577063017686,22.076327336009996,1.6701249985841689,48.440926100621525,-5.859720654634499,0.4673728667515953,0.0,-5.6830867060680434,-2.847448949044256,0.0,4.687940312498619
0,340,-23.734987789054944,185.28419884287243,-16.909725926481485,-2.5406128950421296,-11.197347299855434,10.51227576216831,-0.05375298538779029,0.0,-4.9203822218406215,2.774129705794953,0.0,3.8395218652041905
0,345,-34.90840689835697,275.8380270177042,-7.425267450457263,-7.064168255504518,42.52734887199309,2.7835413751595084,0.7862177064928015,0.0,-7.336079363730732,4.191890175169013,0.0,5.520170003093674
0,257,-14.257722661248584,248.59903776729104,-31.376062534014938,10.706541525841171,35.022567075481625,19.075981659060805,0.6195993649854844,0.0,-7.639427714295368,3.7171550810513754,0.0,5.792844463471535
0,518,-26.286824852921583,162.73431531845233,-8.533902724619407,-9.88785183604608,39.84107944546726,-5.79079532347006,0.5742566511332982,0.0,-9.219095253564083,2.641038055689652,0.0,6.884761036216439
0,017,10.3868907380125,-139.09197893443985,9.206195623837205,-5.427067127755854,3.741563621576224,7.593708189272785,-0.30436649700701773,0.0,-3.710029706963352,-2.0570342396200294,0.0,3.0730426940877984
0,524,-37.08568821271962,300.92864714957756,-11.452546446792914,-11.982785956697988,52.13042320736571,0.47491264444591036,0.6260117758010744,0.0,-9.273139052304584,4.267790274315712,0.0,6.6691017844335825
0,358,-42.54934074119368,422.43790691360476,-26.527032528021493,-15.80281031446835,42.877296997257254,2.738243082528763,0.26133075254458255,0.0,-5.050794716879456,5.666588162620551,0.0,3.8305754577002435
0,182,1.4965491993740065,-44.55399329555398,4.630804705501208,-7.694127869200827,44.977917364524856,21.241927110085285,0.5026532508264987,0.0,-9.329134112503585,-0.14062715145507998,0.0,7.251768621933469
0,181,-24.02150826840749,227.62242584877603,-17.863892364131463,0.5851697142171758,19.15236482763174,7.6102991989864055,0.3671741171009909,0.0,-6.368156295823451,3.468101570047157,0.0,4.85142938298628
0,137,-9.702730916474717,105.40613238382876,-4.11482226958022,1.1003697967676527,4.712461116055807,10.566823911311834,0.17846542458893452,0.0,-5.316701605096377,1.6768137937321308,0.0,4.283926626497138
0,326,-14.020183365568728,133.82781187295691,-4.291130177652114,-4.081291727275414,34.12762045897098,-3.6546950301265553,0.5643271136637095,0.0,-6.855256465060666,2.328703835993711,0.0,5.3240298356000215
0,146,2.3039885279585897,52.49543027302859,-6.950738863758357,1.4020596370742138,35.53460617608263,17.104951375624108,0.6171190238426092,0.0,-5.953372116725418,0.9878131982612682,0.0,4.901504677952635
0,304,-8.074053419215245,39.96428158715881,-6.494053497619085,-4.216633373074095,19.277247787434586,0.8099477131166107,0.3015781863542122,0.0,-5.473708049127802,0.8646466818364379,0.0,4.341371284641675
0,334,-20.826978521984245,180.39990313372363,-21.18245061524994,-2.3892552402584486,28.19240484743575,6.800520422244732,0.5011938383245429,0.0,-6.078383928653878,2.9101871795535117,0.0,4.794625214960437
0,362,-76.05061377235477,579.2631194096949,-48.79258240478718,-15.732432624108279,91.05588332312439,-5.715243755948255,0.8224743858085279,0.0,-6.94765068929411,8.107341166744321,0.0,4.887174068717032
0,407,5.947644026336679,-65.30113256617938,6.41374835586545,-2.533908958664944,17.64398563075305,-2.1590856900131516,0.1884302243120493,0.0,-10.037619104087332,-0.7134152122020859,0.0,6.835320276504588
0,297,0.2583485360054656,-16.282423937313816,-1.3696840391397447,-4.729339673551216,34.316416877454486,-2.6703397696897526,0.5538631501695211,0.0,-7.7251522825289625,0.05895417761562374,0.0,5.6154430774450805
0,087,8.70910271888616,-67.44922971116786,2.248673115030603,-5.353553278993534,32.2916515611725,6.73731916842401,0.3206523068438146,0.0,-5.127224303206489,-0.8509989485704397,0.0,4.095299597978423
0,414,-3.7187945991307827,56.70989275460082,-1.4946291146434079,-2.9361452556119674,25.112244410680926,-14.042197956037151,0.410061416417766,0.0,-8.935146772204522,1.0141936722945348,0.0,6.778197599589071
0,189,-17.36492637621054,243.70198007818982,-18.857064951546807,1.9253109415913294,15.02052994089376,7.261480811529025,0.2889481218506566,0.0,-7.326381407637364,3.523913931074619,0.0,5.765625581165072
0,296,-42.2007275271586,370.9796823676211,-27.792894935603517,12.262252927179812,14.10756637071636,7.030668249464624,0.14772050502865705,0.0,-4.621511651454302,5.239579058098576,0.0,3.5600572967854114
0,050,-33.96247665556899,393.5101742393447,-21.12247344536996,5.560836203483728,56.75904606750598,21.903920473661156,0.7403770646226753,0.0,-8.496569809709863,5.619561705197586,0.0,6.041002283463759
0,346,-28.448791080309096,265.69743594046486,-22.246337995186373,-1.041940834776789,30.745547689522578,-0.8416591808177689,0.560129096767082,0.0,-7.831721476693822,4.046348474671325,0.0,5.71804253584216
0,258,23.19338762467129,-183.239185121271,15.18026753654493,-3.408636916316652,37.5101849795933,3.384357491888208,0.34717090329397665,0.0,-5.090560742305092,-2.4819238417727734,0.0,4.010175955909281
0,080,5.158887080992596,-85.07025640933266,5.350426265244575,-13.498264323331785,53.73231791988165,10.164668620923782,0.7051526451144721,0.0,-5.315833157964983,-0.9942719993764135,0.0,4.343619682890069
0,178,-17.651581744343726,178.78863441376666,-21.209610530944197,1.2148975517009335,-17.080957963342332,12.614496095015005,-0.14599183464378773,0.0,-4.664022513406882,2.638538442443404,0.0,3.808809890806062
0,403,0.665374390668109,5.133919415640692,-7.221233327386006,-2.2013312368767277,25.7099163207534,-3.6275686571912726,0.3056857396194209,0.0,-8.384539150713637,0.4287367459533273,0.0,6.248304119806836
0,150,-0.38583190838226544,68.2099349097412,-4.147163000680576,-1.1569513684492105,50.398732031032345,17.4638718726967,0.9375066879385235,0.0,-6.7609821103124155,1.3156978587280268,0.0,5.488133336143731
0,348,-22.41612356976256,192.13104032728583,-28.892377884589436,0.591703643297526,-31.068875693401207,6.538873317954574,-0.3712507632466757,0.0,-4.35399721347618,2.7740150343074284,0.0,3.449390474035963
0,256,13.915562543896252,-162.84487407775453,12.625825960313671,-3.0499483677134247,34.9703250523629,-0.33429112178613357,0.19644083197195544,0.0,-4.621063093143727,-2.185085804231833,0.0,3.903050677334548
0,118,-15.262926437797324,153.12836077699106,-3.4402297441191894,-3.1898795708380314,46.20971308006387,28.404563577293764,0.6916038293933711,0.0,-8.650635186699077,2.5288325210237748,0.0,6.258367195705787
0,239,36.05233712972262,-269.57278287452783,19.359461592457993,0.6951808895274312,44.55440973060585,2.5680766263227017,0.5162883733737916,0.0,-4.472685732136784,-3.385791726814451,0.0,3.8682318348334697
0,051,17.727825532154707,-289.29311426244874,21.787860653446355,-10.096162371528472,61.93349122202867,0.6097204336376003,0.7415659636012252,0.0,-4.980120068449018,-3.7544568676567383,0.0,4.163979548833563
0,242,30.711453898650777,-286.8180449550859,16.373538847046714,-4.893826726708481,57.48124404087938,-3.2760298119061058,0.6904641824787242,0.0,-4.993429430722924,-3.64851338981464,0.0,4.2652927180216915
0,245,-8.020357140810093,267.34082781662704,-15.7260751634932,8.340104763007112,48.0310857469854,19.8488684716306,0.8618002178392077,0.0,-6.981605539040394,4.075497763755372,0.0,5.5306619709870315
0,459,38.42952006760883,-341.8852450450599,30.297661419660383,-1.2705498440325977,16.780300995572198,2.154516877982679,0.24355763684487666,0.0,-6.896284742124335,-4.35057486948411,0.0,5.347996361946037
0,202,-32.04883049867105,346.8089847334854,-3.233054394521775,0.7707355923858996,28.38116711713677,11.615772088503602,0.5123735794876784,0.0,-7.220951453603854,4.98622371378451,0.0,5.463366422386581
0,225,0.6122603788370417,-34.096148124764795,4.300858745906689,-4.562070359170914,42.98166449865508,12.115677776793362,0.42874376983366125,0.0,-7.575248833564825,-0.210551634261469,0.0,6.353804352957157
0,513,-21.836585595114546,194.33905527557917,-5.806612326068957,-9.772829452445947,36.499725446237605,-2.6441026986726825,0.5819111559061554,0.0,-8.349326365312525,3.016351955736864,0.0,6.327682225981721
0,183,-24.39650465482111,243.43048422180425,-17.355826153459144,0.956535749169632,26.559672025280136,4.848797999232717,0.48863538616424146,0.0,-6.89056191943929,3.7475806376453367,0.0,5.24572508300139
0,195,-8.623693671325057,139.9860917393668,-11.881771331723543,6.189682927759047,0.3415986007311567,15.290209242350786,0.10796911881802818,0.0,-4.745175758316292,2.2635913840924657,0.0,3.815389456841861
0,379,34.899814244813946,-292.2630035835921,32.285916402468004,1.592183932719931,8.832711197000725,-8.61590123839875,-0.04411614442713688,0.0,-7.656011367889677,-3.9594769391278337,0.0,5.314647342324607
0,025,19.941304350272436,-314.09754102099816,17.30268211299396,-17.97997764110443,61.58241502109783,3.885503532118718,0.769461904179409,0.0,-5.554069806860362,-3.990909774345601,0.0,4.570059763783312
0,170,-17.133941426535113,201.82133607568474,-17.396396981349596,2.448794107340877,39.93630904953104,7.619827278143335,0.6227877931550286,0.0,-7.26487533936513,3.234511624000908,0.0,5.571002581380291
0,324,-13.887025758313314,118.4031892948577,-7.725423471323869,-3.1292862821161713,19.38166573085434,3.107180825974765,0.35549054472581965,0.0,-6.221014849179577,1.9992738309460751,0.0,4.805045377194783
0,530,-46.72603857982587,360.56290053189156,-31.969313601267817,-6.300615412616115,27.192037574529177,-8.476377989910253,0.4518781060359005,0.0,-7.9316871499009505,5.296179899160212,0.0,6.043517092409906
0,274,-16.827780706419375,321.06987454060805,-13.14738502985573,11.313059969275907,40.730140442888356,23.12283398069238,0.6758560716451937,0.0,-6.980232910646265,4.656715715412678,0.0,5.147873656634669
0,084,5.104264450135105,-94.29460695858393,9.03853465722307,-9.471309165909348,49.41864608131925,11.824555043171575,0.5694658990513335,0.0,-6.0106733101934555,-1.1444474156089541,0.0,4.795904815441515
0,035,-0.6374693771840422,-55.68978178267707,-1.5073992340208273,-5.180145351467059,-0.8656711399857729,11.447691612099618,-0.2406149455198351,0.0,-3.800990631585708,-0.7626284910019,0.0,3.141847464387675
0,295,5.284428078460355,3.2033829723617235,-0.5150596626754097,-0.951334771343479,39.13633736924536,-4.6361367247202425,0.5858120130464659,0.0,-7.013253928778644,0.46019871447319294,0.0,5.179856940624082
0,398,16.18920139532223,-128.84433755876412,19.27194259826901,0.29155516814342053,7.691924445500031,-10.181095722176652,-0.14312951010337954,0.0,-9.381523779520146,-1.675327815266572,0.0,6.215859491877022
0,072,-0.008337704667846278,-62.40998340055551,2.4310190451025266,-7.108283413825705,31.379750562517316,13.058969296340468,0.2942908215858333,0.0,-4.760964001605369,-0.7759960970983794,0.0,3.8169025894593474
0,139,-10.862563474196188,108.19078951836917,-7.945814150678101,-0.17926655975276293,16.270819535616933,9.421452722671457,0.3258754251366083,0.0,-5.979360597106144,1.755219723700954,0.0,4.734497912798687
0,172,-19.27064603873105,191.57811478010865,-12.078826770059528,-1.8311952586560223,37.91686405572228,16.43989991186297,0.6370916873616549,0.0,-7.414523130708523,3.025785920745432,0.0,5.721858751747344
0,545,32.964261065442976,-328.16768854887346,32.601923685274194,-5.305350612155688,6.433314844592594,-0.8712416739021455,0.19444805586653766,0.0,-6.66385562425911,-4.237953498870326,0.0,5.083808723265835
0,052,13.892034044943307,-220.08663580040127,20.336235930322424,-13.560895233836769,64.5859707292159,9.114193605310644,0.8498611444908906,0.0,-5.64466629203036,-2.855837599542257,0.0,4.643624581164476
0,194,-26.65583665521145,261.91063390585765,-19.49179215711605,2.032108800242945,-4.198344815804041,6.224498697581861,0.04419813997731051,0.0,-5.838163289983437,3.752806262929494,0.0,4.488441708098563
0,300,-25.642745617464186,427.11401416660556,-29.06784058404013,18.073526856607685,32.228621102610376,15.759421957789705,0.4734400959141686,0.0,-5.036970578342936,5.867706347824328,0.0,4.0067127066178365
0,442,-38.035817494237804,374.8261478044599,-35.18288590192497,-5.440461338383357,28.082586980240283,-6.028826973840872,0.3205461249005809,0.0,-8.530360792030082,5.269793877511822,0.0,6.299104377381296
0,429,-29.145340573045907,284.98570976131697,-21.96334705971487,-6.509760288323786,36.796100075844905,-9.467946858619582,0.6520442247607142,0.0,-8.405042001168221,4.143101642757096,0.0,6.4073225253163715
0,386,19.66773222725641,-171.5261069845421,20.81041413874904,1.0140207138859538,14.25061369785434,-8.558857178825123,0.0479649697169723,0.0,-7.9054912542328175,-2.281651615799746,0.0,5.4483341098469955
0,115,-11.035042074643272,159.2527456209753,-14.14031136280161,-1.1198593955812857,51.53800460936314,24.3707982036728,0.8257391386855144,0.0,-9.172374143663266,2.6364873376032874,0.0,6.621524693825279
0,213,7.877597291531229,-127.07627816835117,10.116079759485839,-6.766099343485067,32.55229082383263,15.659596369765946,0.4656450261620053,0.0,-9.440559789166747,-1.3642695805885081,0.0,6.986203177881064
0,060,11.56782575665111,-231.46950248711545,19.87280990826735,-15.940025879204846,71.47503503449778,6.944700345842557,0.8967904803393763,0.0,-6.67654484710189,-2.855356359204802,0.0,5.2543131428706324
0,359,-56.19799236002967,481.5631551467965,-33.391123296094094,-13.457318399652944,63.892203551810695,4.335400255795171,0.7690242968258217,0.0,-5.603033253868144,6.633383291811582,0.0,4.394151011245299
0,382,27.991384353763777,-267.2610531977236,37.52274853637323,0.055604230739634254,17.71188044289373,-2.5572800267876064,0.09264888313631992,0.0,-7.616716356064232,-3.402392211778805,0.0,5.679529176487706
0,079,2.7195874663644095,-57.25065699013906,1.6512159374321678,-3.7094546319918145,3.26093345562908,9.644130633889569,-0.20819836158561228,0.0,-3.8945530058186435,-0.7511869445872932,0.0,3.185342080901697
0,446,-68.7293027537909,726.3342370250688,-34.0139968304008,-17.06506808457703,127.56393846175077,5.118359034737475,0.9867176385612275,0.0,-7.8353470518148916,9.287037705596548,0.0,5.708506574536261
0,528,-60.08198639078848,388.7695153183775,-39.959985288217304,-11.935736892887345,60.051455454073725,3.3999451124451596,0.7273465693860315,0.0,-8.3955277188371,5.445776046474963,0.0,5.947978228928985
0,066,-22.014804960333827,340.206603662321,-16.984621566705982,5.303871605040281,48.46083402841297,23.274545525605582,0.5970969200495568,0.0,-7.548940529477472,4.916583363660196,0.0,5.550204819298563
0,210,-40.04072438274591,366.41720220293627,-31.220375428827236,-4.552761822670623,20.2512996818926,5.358275095303545,-0.02975754823445929,0.0,-4.3461799290575325,4.666723640000528,0.0,3.498325270649271
0,191,-22.404233959423056,198.48776525546347,-13.377939270334341,4.308266311301609,-30.210393947635932,12.167703695321046,-0.30711256464458747,0.0,-4.553283990237169,2.809002462220454,0.0,3.510214527568652
0,292,-1.189686694276379,-0.07503401235485523,-4.820859388246245,-3.552510720659433,22.204535891707934,1.6690605860038534,0.2789267036924207,0.0,-5.323070584780855,0.19525914493993787,0.0,4.286958637488036
0,432,-27.8442713916381,279.79254751452373,-9.283371449894775,-3.3781055226781334,34.10155800529663,0.24380094015130374,0.5325127343216056,0.0,-9.320478672788903,4.1519909355985885,0.0,6.485157126337919
0,076,4.752940831683426,-76.10113962791496,3.224650918943413,-9.085440341721245,39.99305538400848,13.257046297253968,0.42739194590780205,0.0,-4.9559303742619125,-0.9353550362486913,0.0,4.0478758430386135
0,294,0.6707838047616852,-2.273353420321719,-2.6736249478025327,-2.8917769758237317,29.683623149188,2.004335724840333,0.4174044759146703,0.0,-5.827455549609188,0.24502312802030884,0.0,4.633547073896406
0,517,-20.56262841873717,169.80649809791402,-18.606803464506214,-5.780525177527589,33.459771065224466,-6.523872112749173,0.6244440510290095,0.0,-9.005199083392098,2.731224388373498,0.0,6.73109543464927
0,176,-20.06309368577341,178.38187075343188,-7.4246244638659995,-5.077976315381011,30.046498862082203,7.323875592792702,0.5193856034069841,0.0,-7.802314802938965,2.795854762997812,0.0,6.0251574175217355
0,197,7.93758429082008,-158.75533388081064,24.273352792447696,-5.948775384379882,19.236554184560035,15.289263314977289,0.19919070405392666,0.0,-10.862056526002018,-1.8426157610599676,0.0,7.304489825281437
0,302,-8.773105324922474,40.493541933779866,-6.739258563096614,-4.294248249420444,8.409477761432804,2.9874174052870326,0.10540804108066908,0.0,-4.835724108988373,0.8389830718147631,0.0,3.9062515210177557
0,013,13.325046154339095,-333.817225913433,30.22033044975149,-12.953142296410046,41.80706540989328,11.052081769258876,0.6701429843275096,0.0,-6.005048995530858,-3.989139470491336,0.0,4.851041989625528
0,027,-32.61778636703567,733.5573447855552,-38.697895062164534,20.28455006199213,130.02337344305712,17.316001647398966,1.2264247199287954,0.0,-8.023272790795884,9.43572853897382,0.0,5.765432441691502
0,187,-25.35401659932404,270.41767501724064,-14.251313359651762,2.0130382293473748,37.097958507894894,5.784139985417272,0.5258589254214926,0.0,-7.441119339610485,3.9871311377875887,0.0,5.6419346028187105
0,501,-15.048418562122587,96.70546024460612,-2.7872040004971574,-8.97675662597642,31.99400141058258,4.246948155864413,0.5469301758475367,0.0,-8.624153963564543,1.6729386237880122,0.0,6.391089885771735
0,283,19.518819870342625,-293.4658102061811,23.314716012947997,-11.04100602775696,37.56210666587145,10.935447608453615,0.5058411904025004,0.0,-6.934499731067071,-3.780997856805895,0.0,5.389030061738478
0,232,24.668807175564485,-227.88614059890494,8.74135770813161,-2.1323356140180043,27.68279426000589,5.680964134789817,0.09774069732896397,0.0,-4.025702038839543,-3.172246935819979,0.0,3.392994470537209
0,426,-10.919456025207761,73.56414358018023,0.3974438430710469,-9.217649315298548,45.431220794091715,-2.9844866414094993,0.7197466610926793,0.0,-9.88891922951598,2.888995257486637,0.0,7.23394352432038
0,036,3.310127952582736,-157.9816681984802,9.661496004333275,-13.915958860934698,23.209674319252077,11.412186118815255,0.07264166521174396,0.0,-4.214141361150361,-2.1355059560733474,0.0,3.594714732623405
0,171,5.246788283011926,-99.01861941236342,3.77982721803988,-9.148193442755034,40.19721640184799,23.546451468951577,0.5251412214301903,0.0,-10.238865553812499,-0.9843331339117722,0.0,7.196979715335476
0,546,29.430447775745897,-349.8458431090403,26.545417312110676,-5.799111878239151,34.844989630324086,1.7263179758562388,0.37492454312684614,0.0,-6.702177040343941,-4.4804115516220975,0.0,5.36921859022701
0,211,-8.540174688692533,187.4592840634348,-4.442482916271166,1.4635479083854237,53.53956474076385,20.371081697871638,0.877758520801973,0.0,-7.106476980836395,3.0524708852038165,0.0,5.542333664775384
0,041,20.582030234233798,-209.3049052032046,9.552201192892722,1.3474941656635135,4.978146763698906,2.176272271947144,-0.031036915878716705,0.0,-3.5301915774083827,-2.748620878038916,0.0,3.0786228515514678
0,090,-19.344687156579862,245.33867888382966,-10.828768939108413,1.971456393652759,46.52997624132649,21.180271852912682,0.6640164333474925,0.0,-8.239164196838631,3.7545038355743463,0.0,6.026088775988461
0,214,-44.14812460198979,478.7362352765448,-35.08844253479904,-2.2944179143057575,45.867573259478746,3.1985439635830613,0.5859305118188496,0.0,-5.645674127035507,6.6153816498034,0.0,4.267457003237005
0,353,-30.46649527604205,331.7215286965849,-34.90325898557974,-4.216488714138818,33.41381016858803,-7.868410780683842,0.5726703351289711,0.0,-6.9372463778373845,4.906906350018841,0.0,5.234969958263041
0,067,14.99772137722081,-185.16577997141474,16.075079324729487,-1.1369804725938966,34.33335936743259,4.518357388905189,0.24078429475253796,0.0,-4.749776384527629,-2.547250867883924,0.0,3.985905059384877
0,457,47.11446385474334,-334.4739916366236,28.30999824927575,-1.1413310876651648,28.63756100267621,2.2006370269795275,0.3578612951206126,0.0,-6.440366716476705,-4.296000152505073,0.0,5.11043599157067
0,437,-28.261421413583765,368.12452432883487,-31.143204039429147,-0.8931940681922479,33.41156691346415,-4.503940331915077,0.46384546570595564,0.0,-7.774454853826547,5.32298156803233,0.0,5.850969859267757
0,319,14.684422098392117,-358.72852905425566,30.48349861268697,-19.958601456215856,42.55445890156396,11.049028837004796,0.3161061470785898,0.0,-7.353236161907648,-4.609888020476182,0.0,5.502796718738178
0,085,3.5502929234094034,-66.9099596558352,5.624293983715497,-5.926469266513261,19.574267657180627,10.195097492003566,0.056410942814220114,0.0,-4.633245885798896,-0.8579073050343389,0.0,3.751878458321171
0,158,-2.571830693055272,46.487424560018596,-5.160035336551227,-1.1829204296922429,51.21188495654932,17.961428544561404,0.7975482101773891,0.0,-7.811526695468381,1.1380988988662015,0.0,6.081061301294197
0,126,1.0717490318092566,-13.98099155841585,1.459729352153307,-4.03795623376026,54.33863212349123,12.543910542289751,0.8050614085949399,0.0,-7.455145190589204,0.1850449592953894,0.0,5.7611860288552785
0,510,-10.031035910139758,29.458623322013928,9.210523392977757,-10.200341054062731,25.67540179313677,-4.488815918662064,0.34225242059006356,0.0,-9.964061440424699,0.784497014993179,0.0,7.241880244808935
0,235,26.35132144624279,-241.70705971525487,15.112295741194771,-4.759854439454896,36.76435418118979,0.666425463294037,0.39802848591707196,0.0,-4.345104406891696,-3.0983989433149404,0.0,3.6908744594045655
0,009,13.70084584812271,-336.2261097496545,31.07238456195367,-17.66047125886588,37.9053055248275,18.681662002187775,0.3485515766821244,0.0,-6.644921521184736,-4.4581080471794445,0.0,5.064628711476371
0,192,-6.433866229972181,115.78567496373834,-4.954813562679728,-1.0373306296732585,49.45318215048414,12.134477309326497,0.9291677254129755,0.0,-8.176458598127999,1.922810498025775,0.0,6.152711892660045
0,108,-10.804077630065006,138.38847824369043,-0.8942566045330952,-2.9450619679085035,55.53192470578988,17.33962217577597,0.844306591911103,0.0,-8.74306328114221,2.404926597880384,0.0,6.564354071425694
0,420,-27.958005889231153,171.47814303713636,-18.535952408845183,-7.196738239007573,25.892367098405902,1.5309558551020583,0.32244001325108984,0.0,-8.587262203420703,2.8200160085436368,0.0,6.14426118301248
0,046,-46.83792935411514,387.2071871214809,-20.366035896201495,0.20112356551858665,57.66129752249441,17.184673753778533,0.8506024800269549,0.0,-8.311584999085694,5.520475699492196,0.0,6.0761024769284795
0,161,-8.403139417804534,97.6989823090441,-10.579380145435039,1.4076059014182494,-3.3153559597267184,10.213580856775378,-0.08258332288265237,0.0,-4.58335311776925,1.5973571503624595,0.0,3.773483241238298
0,204,-37.324238883482806,337.7622883351216,-18.54831472363455,-2.400140367318618,33.60196433242425,12.990054260816935,0.4589462170127829,0.0,-7.540994762982973,4.827415875043041,0.0,5.374620572461621
0,153,-9.617054835854246,142.2264641019451,-11.68253070624092,0.8516111647418002,39.5427008484342,4.3026339815706605,0.6432735482293838,0.0,-7.197810355334148,2.36868407650935,0.0,5.634347945992781
0,377,33.14429045374115,-287.6749287527204,29.574987725923076,-4.830151794032788,27.354364488227027,-7.747140305573457,0.270389257980415,0.0,-7.140821486700489,-3.73412692422358,0.0,5.617158795699901
0,269,2.126343483980949,-55.61632164975423,0.2083628630574718,-3.370868782446032,10.505920010568065,4.431613649390068,-0.0201017424827071,0.0,-4.311191443482913,-0.7544386138916426,0.0,3.6601679152834103
0,033,25.560691843472036,-242.06752826687767,18.99579978303205,-0.32129384942975775,33.367335698237234,1.6642328080615907,0.2907798269073144,0.0,-6.375249365901277,-3.138832623726788,0.0,4.93151471847794
0,284,16.781953363231608,-137.33232647918248,13.977596154292458,-2.6134889727738955,32.64846487724687,-6.801512658163879,0.28954881731076226,0.0,-7.375924671556257,-1.6513332280711772,0.0,5.616823126593369
0,010,21.656760399863703,-290.0944270151353,18.95223283350083,-9.349853291694366,56.38174838628883,-4.299390722429008,0.7758597191604398,0.0,-5.071783893865461,-3.691665851769406,0.0,4.209031711939323
0,254,14.565140793612763,-152.95164365782833,12.612133313743715,-3.03864309754984,14.018849827406964,4.523901350073305,-0.10581838313680936,0.0,-4.2354019820491375,-2.1799745855895183,0.0,3.4902000467476446
0,301,-7.120853824019538,47.01217763946958,-11.727319858130087,-0.1454464947930395,-3.487558903151875,7.628787267572437,-0.08475927866066325,0.0,-4.472199084152242,0.7753673901805487,0.0,3.607376571036455
0,525,-50.11032932696921,288.4418511741918,-9.029053562857628,-21.888604142698135,51.16367341037832,-5.3911955597216235,0.6896925372222403,0.0,-8.891989685916702,4.342992945258235,0.0,6.447747230811819
0,522,-29.844624376485232,276.5085559927508,-24.113740624185002,-4.806037030449098,46.70857750250612,-4.905122500531778,0.731146997248387,0.0,-8.292808444431094,4.100707035577048,0.0,6.180762858059124
0,089,6.541807959627131,-69.07474804678989,1.5521290975628406,-7.785142471842922,42.69356942586764,6.097168659481451,0.3738819322148519,0.0,-5.223239868723093,-0.7296572719077301,0.0,4.363832533702863
0,270,-13.472724003750052,293.1591161272235,-13.58968218580763,8.259951920145957,25.07064696156362,15.195979215177529,0.5014448858007222,0.0,-6.265890964438397,4.380545141367143,0.0,4.7408380841376765
0,533,-60.202290600046126,396.0828560780429,-44.3310874600528,-11.320572870888622,58.36963475391328,2.202033155669157,0.5717892311875578,0.0,-8.519204077114614,5.568398688374285,0.0,6.307956884897075
0,094,-17.129061386964093,255.6242977653249,-21.19403959439648,6.896204778940244,48.90192855925189,20.78841012511936,0.9592294835117553,0.0,-8.289885130618153,3.894163034086215,0.0,5.980633564459488
0,104,-15.763412426924852,267.2063439291209,-20.537945829328432,3.665131965070666,48.06353526992061,26.91618536377278,0.8027244372811562,0.0,-7.767836876364176,4.047968446395231,0.0,5.943319576899086
0,317,-12.915025540521404,614.1339258611742,-37.798981501667384,22.7895067784438,111.26464541089408,10.413338288733407,1.1305334130252507,0.0,-6.677702489736859,7.995815119433162,0.0,5.062049598220814
0,376,33.95193226116501,-270.4000967977683,28.364268390000806,-5.240592872459556,35.559157391947515,-0.5547741087459677,0.3960662207331427,0.0,-6.850355981199268,-3.3676476156031945,0.0,5.402765969974765
0,055,21.299608052649646,-306.21359913887113,12.148472453133332,-6.298281555977606,51.678757701439224,0.21068262274041982,0.6739369129822123,0.0,-5.42524929963155,-3.840548099672254,0.0,4.355446040797297
0,144,7.037091874865406,54.5969782066785,1.2953458692057491,0.8861638248793156,46.49163714010852,15.202506991890424,0.7245436589610349,0.0,-9.028769633043451,1.2997455405402945,0.0,6.983302549782662
0,372,29.56895007995289,-365.0314912005013,38.598457477609045,-0.7398780315385564,12.560942819722772,-7.560554694900383,0.1455633440391229,0.0,-7.266060638471406,-4.60147970471378,0.0,5.424670009850266
0,015,19.569067243801463,-289.1534527343923,16.535390864783622,-16.415183103341892,61.06272106324977,4.668616493046549,0.8370685893334102,0.0,-4.875147975504286,-3.693045790958854,0.0,4.167633675645515
0,131,-1.4358175984522659,55.861984493385044,-4.507105528973482,-1.2020855026422548,35.77255779339878,3.568317328279223,0.4984424942592549,0.0,-8.069167071135823,1.139589457232398,0.0,6.268603227273002
0,325,12.572610703878645,-216.46134147324187,14.603842105770028,-7.865780643184848,24.70618875545427,6.047052366949714,0.09706998714218731,0.0,-4.071066600434493,-2.94440321661386,0.0,3.4891445428474337
0,029,20.55492703266774,-319.1854508044675,16.220232185487397,-17.148454925749043,52.92102568275338,10.436574981518257,0.6675072368958311,0.0,-6.0863429332189645,-4.055297954423596,0.0,4.901717168630843
0,227,-10.338932802313638,179.31343225993854,-13.478441683110063,5.77782366302609,-4.088382104897353,14.34720402658898,0.04151160015914124,0.0,-4.807920198981925,2.6950608289315787,0.0,3.8907945942674007
0,521,-37.48323777731086,274.4415897743932,-14.584254229926735,-11.441793564770876,49.65667447452817,-4.413665630366754,0.7283852750108312,0.0,-8.025705321304539,4.26489425597991,0.0,6.030262110966224
0,493,-1.6623902802981347,-30.55653337385255,18.705437958001244,-7.528176510700874,19.16596731800953,-12.518777253215676,0.3179898336818152,0.0,-9.353140326872452,-0.2851883034674038,0.0,6.596359732731418
0,452,32.35202873845151,-339.7185906134095,31.448599341104416,-3.5054873147814027,41.58165778344131,-2.2361508285889378,0.44614995342980485,0.0,-6.587480468500804,-4.270721729267628,0.0,5.136796618518107
0,443,-34.11069411002384,638.5509458578192,-62.981534483913364,-12.55293263774338,85.95277495618053,-3.390882718394848,0.8868096569134676,0.0,-7.0989024616998995,8.666393698853884,0.0,5.199391764838015
0,367,32.48560522624739,-324.08729417046175,27.660065486772172,-7.504687472814065,28.01332991832872,-4.852315446667619,0.29836629106705764,0.0,-6.566250595693252,-4.166490311090654,0.0,4.985642501343413
0,288,-6.363435004339089,4.894973595551229,-2.9542255421408807,-5.196072926128674,4.734840991541324,8.471985968815144,-0.03587962704943039,0.0,-4.283482429755187,0.15073271737884428,0.0,3.5792463459524955
0,462,41.111955736715444,-366.2929481080609,35.81010305519518,2.593078578056265,6.449544962664682,-3.4267657502927604,0.19455011263896713,0.0,-7.219715424154019,-4.5511788882905995,0.0,5.449510554613562
0,347,-28.42529729958049,278.57154818984037,-18.84142897844172,-5.138118922039665,35.9596862004785,2.150007164679742,0.5127963941754988,0.0,-7.705597950942238,4.170788168271073,0.0,5.982464829687722
0,449,-75.03662608988648,770.9085984035995,-53.71126946814387,-22.016024022466706,154.25467546210734,-8.370871142844416,1.0871698357126358,0.0,-7.9811139209328905,9.697394959444246,0.0,5.874555393874666
0,219,-1.5081300086933673,193.77146113996432,-7.156355701218471,5.675814872131533,54.32490188354421,20.546057093836705,0.9128783824426361,0.0,-7.475603997242629,3.126616767421339,0.0,5.8821044863841525
0,070,-27.68133677920409,354.40069815289166,-31.412548860788323,4.01666880569419,52.01271070954917,27.36562709573554,0.7356950351763312,0.0,-7.571702979268352,5.0983345280788654,0.0,5.452128066052764
0,001,17.021139610579286,-207.77779127743906,11.66491973248564,-3.729458599328854,15.481464811983988,0.053956412482086255,-0.028832765187123872,0.0,-3.5810169529931843,-2.8387892731220137,0.0,3.085929145076345
0,436,-43.330936760342325,384.20587815695853,-28.051022112997224,-7.79476854492643,51.55216178284514,-1.0404899815953517,0.6794114650502073,0.0,-8.06740066318786,5.508708196600658,0.0,5.8436940862495925
0,021,10.226915081802606,-302.02851588390246,16.300870378038464,-13.743762825218456,64.55383528778626,2.476786770929356,0.8558990367371827,0.0,-5.323774337500268,-3.73698683753414,0.0,4.4282572317980105
0,160,-2.119230904672451,90.87902249527663,-8.568727056325791,1.4951636120721865,52.900645160425476,18.767246405000133,0.88449625998068,0.0,-8.473253948299337,1.7692310119103372,0.0,6.360423143621426
0,388,17.55653216563178,-181.01288524794998,24.417061113810703,-0.5053721909547011,16.254038878145987,-7.592951092612489,0.013571723862121266,0.0,-8.488572798134685,-2.373613235735566,0.0,5.838446245938756
0,061,10.302418474962257,-135.31867670274823,9.425462656716146,-4.237885674654975,5.957790067699305,9.40385002543338,-0.2517004551042985,0.0,-3.8346355579702514,-2.012486363425374,0.0,3.100188492829158
0,342,-23.883095201112802,231.16640314727047,-15.40423722560183,-4.5018032316400065,19.79509516141283,4.386484928986623,0.44064565938984007,0.0,-6.288135672230283,3.446921966447937,0.0,4.7576742323339385
0,112,-7.007419024081932,151.2223781790427,-7.472025321429477,2.3167979782620893,56.24299160019943,19.806028339616383,0.7426608875639752,0.0,-8.450177829842993,2.6419997052258344,0.0,6.584217121904951
0,004,13.862922178235142,-227.89502255346207,14.472112818794429,-11.358700297098185,36.34543635462703,3.9609006104471627,0.2184254987315344,0.0,-3.927159704510988,-3.0902408962123267,0.0,3.374533577757378
0,508,-7.433612409673286,52.96367918845852,2.2163154137330174,-2.8898553895561685,28.811537628358412,-9.23040034679823,0.29177004370906545,0.0,-9.519131632312199,1.113598759536968,0.0,6.946004610094868
0,338,-20.55480756524256,187.83579403375433,-22.18897103242108,-0.6835711110163987,39.418455440204546,0.4863797558680617,0.6972360313509897,0.0,-7.899957906527724,3.050390494302362,0.0,5.740300456868162
0,186,-0.2521643587818769,-57.80778906169343,12.78377933393274,-8.544881509374031,39.15811737286886,10.686103134452644,0.548680086967938,0.0,-8.715860808922207,-0.40096649253396954,0.0,6.59698715551239
0,138,-1.791225297636685,39.467907621030406,-7.516554871805603,-1.6865784667779633,17.850207672616445,17.58380103272957,0.19880644688350307,0.0,-4.804100474769235,0.7907712271613536,0.0,3.954284012767914
0,536,-56.41081068255807,655.8784801173873,-57.10108311052935,-5.632248266864336,136.33730277056102,3.103068777804858,1.1832475660409398,0.0,-7.247412793084769,8.412780137540361,0.0,5.450024177656966
0,399,14.735389361051784,-144.22103625409983,27.094100376235016,-2.1057506916130655,10.908797313292382,-7.604817327625709,-0.02709976603737179,0.0,-10.436355005797,-1.8736836239323473,0.0,6.46643366984089
0,520,-30.02826138669882,300.52521588804694,-21.93115871235348,-6.06314062262611,46.21128558130557,-0.035444893742665344,0.7155688131288241,0.0,-8.581631942619069,4.347882597973491,0.0,6.226997122916237
0,088,7.430100849024823,-120.14657496588111,10.575654914404476,-9.236994075808354,42.01783248789456,11.92443264437535,0.46723342570600335,0.0,-6.646293410970657,-1.5309491055042872,0.0,5.144691079267857
0,330,-9.122074987199456,122.54033448645656,-5.031576954562847,-3.5080809770631753,40.4195132100804,-4.10402249315901,0.5666854038021848,0.0,-7.234796221225523,2.1253069636989737,0.0,5.777676187980763
0,064,-0.8787767571843751,-59.15383863441461,1.8914724057799026,-7.74419556190569,8.935813989776777,16.061536248214743,-0.13970999587584745,0.0,-3.7774557621068716,-0.7507262690056168,0.0,3.246107703927651
0,159,-20.451429708997154,129.3608468356538,-6.555655768343079,-7.896541972577868,39.71821793819351,-0.04336072415581432,0.631037891672476,0.0,-8.58483683561709,2.2447779008651514,0.0,6.3022717816331975
0,460,40.579569490766914,-355.6494930889962,36.25489598076323,2.3431037103214014,19.886473956527322,5.49842605672807,0.22464878961021312,0.0,-7.12188814129563,-4.536705732981551,0.0,5.532933585200805
0,132,-7.854495101999854,185.5427474844548,-20.719773103063485,3.4777183362449042,51.64001540156334,26.23711630631612,0.7861416057182598,0.0,-7.982021502140688,3.030461147802546,0.0,6.019174670393476
0,007,16.257582965649352,-255.32359536055438,9.63796538719264,-10.518562784889744,50.062741199622344,10.05283763641242,0.44651172384380944,0.0,-4.085101705158494,-3.3213032583266684,0.0,3.659682865574859
0,451,30.923949367516474,-319.0360215996273,29.408151558681276,-1.8984417197605445,36.537882841002336,-5.074220502466247,0.44082568297701125,0.0,-6.361695267565872,-4.179445246880574,0.0,4.930079941760623
0,263,28.794341505116687,-236.81492513291852,23.16636585447057,-2.3759863080092565,40.927352003368924,-5.5732348361843,0.4341284073837539,0.0,-6.172157145297385,-3.1472008805816856,0.0,4.911442573262024
0,311,-5.064292626462484,66.45963194158767,-9.806631780988273,-2.3198604711602835,38.899314367603665,-2.243974445734813,0.6819697330440772,0.0,-6.684720338928937,1.3055100304118115,0.0,5.426184062746215
0,045,19.12369842159829,-244.36359713327712,13.78257100454629,-5.879255999138199,34.56986411224953,-0.7979320519539235,0.2789964349191268,0.0,-4.259814272062128,-3.1543316274359823,0.0,3.651703533187247
10,037,-5.730062150283218,29.407859542461747,-5.977423125197175,-4.782307307157037,56.68666628634006,9.038479478669894,0.9666273912485411,0.0,-4.752408850948023,0.9107950936469318,0.0,3.758546236691051
10,141,-12.961260736419476,203.21312171390343,-18.28348877058223,-5.313855548548932,113.75082488596506,6.565803904448319,2.225413639750526,0.0,-7.286270400264698,3.5462634424314725,0.0,5.5969414518201
10,003,12.00659668855907,-251.39904649267382,13.89949279736565,-12.41803709716704,59.281670244083344,-3.5797582658881972,0.9498713924652578,0.0,-4.239940060469655,-3.080946779466407,0.0,3.51442088812312
10,151,-25.16053798478316,290.1948471210569,-27.87595781301101,-10.152878111991459,118.14088684781574,10.300409410613236,2.1580639842466183,0.0,-7.5243632299697785,4.78974536723922,0.0,5.675292657669654
10,152,-13.701304321329072,221.97998723070975,-20.569487246280946,0.4821725594930123,26.124666148104744,3.7296761106059084,0.6729270059796211,0.0,-4.5138660477376895,3.4250950259334156,0.0,3.6736496887992423
10,164,-43.04420085575205,572.82412148084,-43.91441441471993,-8.641868536457041,116.39421516902419,6.87447893015769,1.7791496415239278,0.0,-6.314956649928364,7.906193340732898,0.0,4.721566599726585
10,375,-35.46412947898817,381.62649976704955,-33.15417017893452,-16.205779700140354,111.38636632294708,-1.2367112396024458,2.1675413222803233,0.0,-7.341678272746664,5.62722675418149,0.0,5.744402468793458
10,248,-49.15535025518439,409.37505813485706,-19.897348774923714,-21.804281468444437,136.34332993158924,6.850751203702781,2.2855582746413945,0.0,-7.561870119313085,6.24368196165245,0.0,5.686427612947726
10,249,-43.77665811833832,413.16088097669814,-34.27270703857968,-16.082933274310978,134.00017632379488,6.460058100168949,2.462077547807451,0.0,-7.910162091617688,6.335729024489829,0.0,5.9749467825425056
10,221,2.7869160802835142,-92.10999348143956,14.763860485866324,-15.04783208401887,128.72436911953227,-9.89368905167308,2.3296473390385852,0.0,-9.6056180618847,-0.37005547733280486,0.0,7.316138403007575
10,262,-56.49076200161495,758.5166506975964,-49.7055103986837,-6.107074382120812,192.3529739336749,-4.3579113305987445,1.967728030695244,0.0,-7.496305783411152,9.959407775560749,0.0,5.315020255955117
10,222,10.170442815611931,-86.7293150081632,3.7899661057756227,-7.729714440721651,125.58008797737722,-12.6277103148664,2.3784798815708363,0.0,-9.992100699881046,-0.2444364783553945,0.0,7.711370199746627
10,371,-37.22431987037233,306.9854372651063,-25.360436557211543,-20.694521110993154,137.1376923109407,-1.921660501869937,2.510082352502402,0.0,-8.861945088222638,5.132022781059691,0.0,6.494142364817229
10,322,14.31092868179554,-163.29983263261371,18.30728677481984,-7.813326970191325,103.489499815708,-9.680754749083603,1.490984303039522,0.0,-6.682002305810001,-1.7255918555039833,0.0,5.671373881063566
10,102,0.7658189197375129,-52.16191444069597,0.550590599455904,-5.631742247030927,42.14765301630269,5.922203261839728,0.5851738190396596,0.0,-3.8546586140767762,-0.5283907394237042,0.0,3.1908468075496943
10,264,25.013338359006045,-329.5727472230885,22.11883733158587,-9.761276466593051,88.78320667021936,-1.6698727829843627,1.6843877195522674,0.0,-5.9886347456722335,-3.5997166396335016,0.0,4.804569867644258
10,083,-44.98433256037794,623.5483163840439,-38.18587888871454,-3.9835814537538323,140.38785500495212,6.903332056484492,2.01559771009704,0.0,-7.024618293439715,8.185591034141158,0.0,5.128565335096236
10,127,-5.175135115487876,2.632105636058481,-1.534503660975502,-16.369050874948023,109.42436849233009,-5.632893144641608,1.9812725351677565,0.0,-7.931047313371196,0.7348043425608802,0.0,5.854851363586446
10,188,22.563901672713,-269.08033753870785,36.71245517502066,-12.881744257763447,91.59411194899205,-12.373143812357476,1.596990981936228,0.0,-6.461619023782153,-3.056632652846326,0.0,5.019069717337724
10,100,17.409426595891727,-243.96086410503943,21.526233837290025,-8.596905723259514,114.52219569720712,-2.4592393957151137,1.9067771071936912,0.0,-6.320736570403182,-2.689740227812644,0.0,4.838643620593151
10,075,-23.408369472095643,340.2797518797248,-39.47434771784023,7.441046032145592,3.7137410581448203,6.792653890499749,0.26617733373231034,0.0,-4.092236371898384,4.97864401275125,0.0,3.2292084061634574
10,134,-10.775346096874888,119.70914585610814,-1.7048915624756509,-14.698373570435745,117.6953892959814,-3.020720715121326,2.1300363567122185,0.0,-7.477923583379415,2.4175358909683835,0.0,5.641532622425152
10,385,-61.51860639901786,691.3898937303024,-77.80143831654422,-9.4557353565651,167.01783024314517,1.0202115286314892,2.025839377928198,0.0,-7.246536847190238,9.074857723175025,0.0,5.403586916262728
10,173,23.2701747778148,-308.57031508328083,24.71971100989125,-4.310040980233483,87.55479449170731,-3.845882298644292,1.4003695606302458,0.0,-5.353471272740016,-3.656310634123911,0.0,4.296382688910232
10,002,14.367848328290759,-231.62194580152408,17.75951433739229,-9.139367183930846,41.41535215701974,1.3563491384491495,0.7175782473347564,0.0,-3.940342474137018,-2.7695970692275944,0.0,3.3153047318767723
10,063,-30.00715515370224,279.60779698311427,-19.53197074142677,-14.896513855653309,109.24286736034658,11.720567829475398,2.08303624479741,0.0,-6.595549362160085,4.509286715373435,0.0,5.154750005286664
10,229,-4.149197205768585,104.0875047379737,-6.6465443016513195,-9.312915712579107,143.16392075009156,-3.340385723497433,2.7374853656732823,0.0,-10.263158481716077,2.3670124025781565,0.0,7.390777964828075
10,024,7.603094293379936,-80.19734338169525,6.490907901216222,-9.90901720212267,99.36546057207792,-0.3374615190634045,1.526723044260919,0.0,-5.1765254400448795,-0.6941033366805198,0.0,4.2563350089305985
10,166,-74.08156356419327,604.4165227041394,-53.724746973806724,-1.3856937770167361,138.01831341615107,11.115984769233291,1.8673416424889617,0.0,-6.383343684514966,8.271264658540169,0.0,4.884679563384983
10,136,-11.01791986439877,143.56997332244663,-17.670815249644562,1.3872559702728946,43.459624135828214,7.862465015423359,0.9947402509920464,0.0,-4.869586762327395,2.4253535147465586,0.0,3.8606194282356534
10,290,27.446181920693974,-344.725956274656,40.293653505524475,-13.851039671492043,91.4947600862854,-0.6351672913779003,1.7113250407495952,0.0,-6.588745556321366,-3.894238800029104,0.0,5.149588675126019
10,238,-27.57840908485028,213.47003591758445,3.2541020525675597,-25.919900105565503,151.84623459441934,-5.597091427057744,2.749049479006802,0.0,-9.671705357374194,3.9777412730582,0.0,7.121170883217505
10,190,21.621930014164892,-309.4246736658237,36.45418540012313,-7.212330618694496,107.64457563419037,-9.271000848954294,1.8756386964320806,0.0,-7.358404162292158,-3.512878979262053,0.0,5.622786398496693
10,203,19.575048044925452,-253.87693322743485,26.090959190669047,-7.853453450296484,91.72769801215229,-12.271358232391625,1.8638813032414827,0.0,-9.786820804017854,-2.6140833410679267,0.0,6.518248242454178
10,233,-23.62314755354088,202.05678380064978,-11.224517801398974,-16.053867981742627,128.078920261098,3.253280819275426,2.3475078046575417,0.0,-8.754676788345659,3.7631254880083853,0.0,6.218754158045345
10,117,3.711728084932237,-12.410563507688645,-0.21017311980298126,-10.656973400493854,105.47821022564787,-0.703458729052592,1.695364286031809,0.0,-6.045209737933941,0.45845444561605875,0.0,5.091013649452691
10,212,8.184660003031574,-151.2270532295839,22.087474651502045,-19.056538914269872,139.49534964948353,-8.302071444850863,2.7039281886688284,0.0,-10.277172406070862,-0.9920251104161564,0.0,7.068659093481344
10,314,31.786427306156426,-278.4924530095605,29.63756776919692,-7.903615258754069,96.03377447829573,-5.681997746154446,1.7165181153842628,0.0,-6.3654068178446686,-2.963636330691758,0.0,5.043411621922358
10,169,13.695450032020776,-231.2430379737008,20.000018061158382,-4.830960370838241,33.4875174616949,5.704593288509111,0.6229991010816436,0.0,-3.909966539451727,-2.775770466551253,0.0,3.2814060307457367
10,032,1.225626245977354,-1.4790669290583114,-4.380640124915291,-8.139297832511364,95.26906746820954,-0.3435116442858155,1.6262834063137246,0.0,-5.672000910781445,0.4990765885732341,0.0,4.600064295779192
10,056,-12.440100631258758,195.30877905325383,-16.049862220323252,-9.040722459416386,109.8836810422921,6.28235755493216,2.103761671213055,0.0,-7.021258795883995,3.429883587554294,0.0,5.323771525292861
10,129,-3.8874375767538845,104.5882891485383,-12.870799146573233,-2.0746603929093794,58.98890833266091,9.575818811967025,1.2033321711770435,0.0,-5.1629214867832545,1.9169164712516333,0.0,4.122050977226138
10,275,31.356333359904873,-335.20454431144555,35.22652181140518,-12.486010389106132,91.83901364423355,-3.6053124471232008,1.6779696067435002,0.0,-7.907333128823854,-3.7090225125924503,0.0,5.77712688196013
10,156,-24.35852708089695,365.97156652674363,-23.152891641617316,-4.096647022449279,108.36540186821892,1.0947285407146143,1.9537539103812,0.0,-7.036958817032111,5.577106749346544,0.0,5.442116547844368
10,389,-68.92614241511775,768.9076650578716,-76.8165486216076,-10.304757218470886,190.3602526850051,-0.6519166779401864,2.055874863878178,0.0,-7.58960366993969,10.11571975019681,0.0,5.478740487730951
10,327,18.9610347892383,-253.95759560158172,31.48922422189409,-6.546286229336795,93.73758512966715,-0.2366279448518931,1.8881612485908832,0.0,-8.990931745796255,-2.5586750585846953,0.0,6.3315444418976705
10,022,4.673055744508964,-65.03349569303512,6.946154702891292,-9.368706764474359,74.00466120574097,2.030367772002502,1.0962631941965355,0.0,-4.621863816910392,-0.5598961550449535,0.0,3.732594415270537
10,125,-2.2748019708894156,59.90845098257904,-8.37912230882951,-8.017513088996704,113.09591911604961,-3.200973524408061,2.0781514949093993,0.0,-7.280698724352003,1.4584857349904663,0.0,5.535596517082261
10,266,16.030633918131727,-357.9617870176061,32.4958191615813,-11.104424409329122,91.22710064510494,-9.755545839227814,1.7485369035587057,0.0,-6.570452920378612,-4.116036324603505,0.0,5.09794760225168
10,260,-83.81559177786856,744.1112984578882,-42.88374381537234,-13.972467697435745,180.97604821374327,7.120134623820161,2.2956192956811474,0.0,-8.17732508821141,10.376374885314798,0.0,5.500041052793646
10,078,-38.438260533738195,494.63396042556485,-35.49087496249611,-3.6539649947122137,94.47775817066834,7.183886630915413,1.4561980892934585,0.0,-5.274705465411483,6.773050808897305,0.0,4.135422298602105
10,252,-34.84212145120905,419.65147499656445,-26.0997952969031,-17.41283420856003,134.2973356379662,3.9844449619702034,2.5142845844307344,0.0,-8.584239421970183,6.203223013559695,0.0,6.299631168806815
10,177,7.168822043545386,-140.88255267466747,8.561533783275186,-8.916817024573056,51.81731721444182,3.203892544745839,0.6371371008087824,0.0,-3.8175424844920185,-1.7815165393898689,0.0,3.2234370894817435
10,291,23.885066641173403,-353.9963698324606,41.33751422869366,-9.758517551784118,81.17633927548906,-1.0891294877680202,1.4487507643835307,0.0,-7.1474073258456725,-4.345055882876614,0.0,5.159007574266467
10,303,22.878810604758424,-344.5389359856096,27.707061382692498,-13.060790579856773,84.49476844392822,0.22556523804260253,1.8485220383604632,0.0,-6.20662393161319,-3.858698030420085,0.0,4.919585935243294
10,162,-40.08681867846856,482.8990782445153,-40.119334775329015,-3.989056720811849,93.48956140889436,8.340099965097828,1.3796838951771342,0.0,-5.397679296995062,6.412785797295123,0.0,4.313354679167746
10,378,-37.29474593166528,396.4289021615169,-29.43262182066066,-12.461910217152322,125.92447682544936,11.707042732226212,2.28397131656977,0.0,-8.138812223793815,5.998203535549085,0.0,5.81194821666357
10,030,-1.0656320561383008,-4.2492764442176405,-7.04122012054929,-9.226420722881935,61.1892654395656,4.762230060494348,1.0097921503187908,0.0,-4.540705857111604,0.24848728655178598,0.0,3.8508188670948877
10,054,-11.732055316598395,178.74477650421363,-16.741643292577404,-8.670391852614497,78.40231436397625,-1.1268287237195276,1.648247940529365,0.0,-6.05065258657951,3.0190533080009216,0.0,4.789343596641208
10,244,-18.12798165400551,337.89775636534563,-35.29255370152556,-7.425146867699133,155.64348522982016,4.822123429604187,2.746652912774738,0.0,-8.863431279480624,5.458807070509266,0.0,6.74452524434554
10,047,-8.1311622421791,129.5046002755405,-13.697417981807217,-4.630071365670874,101.40180481367318,0.3598968734977087,1.85923348072453,0.0,-6.2728956040969095,2.4361456898664664,0.0,5.012823621198107
10,167,-54.147438221028004,623.2178060651221,-41.347219493092425,-15.116031847608564,144.99217098400212,3.5689879099403434,2.0280996495133903,0.0,-7.003714027877743,8.101827963247136,0.0,5.028156199314356
10,231,-22.844565024590896,225.56053388186277,-17.38243706971616,-14.336726072893809,133.3680065030319,5.513421272977868,2.4389586388197264,0.0,-8.696903875501587,3.9510378469040557,0.0,6.1515155316893
10,092,-3.042407188818955,-316.5532253957934,28.01567515207412,-18.13383121993798,84.04801817385818,0.8336870312953888,1.299238808499337,0.0,-5.831507130237999,-3.795097062588618,0.0,4.787225250744122
10,005,16.150472635723915,-298.0424196020814,25.60917811284926,-18.95669633662622,89.13379956265744,3.751658355799762,1.4707767652726969,0.0,-4.838203182377673,-3.350517067604249,0.0,3.9834024307574674
10,265,26.294384979004676,-344.14942600824287,32.74091797003407,-9.21372012571768,76.70430473742847,-7.753514964583093,1.6903060921223938,0.0,-6.1413939627044565,-3.7935117449570788,0.0,4.91937256776115
10,096,13.439630145302841,-199.31200341268286,15.254418586390456,-16.24754424332409,104.18578654304237,-3.441605990244865,1.5756300121927156,0.0,-5.076540346684699,-2.3816110160220383,0.0,4.251528395873834
10,073,-15.971613047095731,346.486645364725,-24.407234455214162,-4.414716092720166,91.80472414036977,7.329355281680199,1.6838868748529932,0.0,-7.487167616162173,5.264288830173033,0.0,5.470920532558999
10,071,-15.984998448312382,334.8579520932666,-34.52732430557894,-2.3766918779178585,97.55358629231056,11.66425383671635,1.830435296381155,0.0,-6.483066365826953,5.016105453993929,0.0,5.0754420870868096
10,185,26.563375266228558,-408.4905725434001,29.295327970275004,-17.056923781051673,78.67198778335126,-0.18468334140310994,1.7552587428007915,0.0,-6.963246641872541,-4.617352134453065,0.0,5.3861895208934465
10,028,-3.3764558883268725,7.351943329887235,-8.220081062160713,-3.4926456637250043,34.613833915789726,10.229064803614277,0.5467427584328375,0.0,-3.935218345584406,0.3282359704248138,0.0,3.3136299417856385
10,224,-11.326830890633795,97.33932822687846,-5.785455273502205,-15.958550948571842,123.46472197748396,-3.9206956506176143,2.3060004250313653,0.0,-8.264836441114024,2.1005615891475498,0.0,6.3135026357210045
10,180,24.780091662180944,-346.1458863487659,28.181565368740188,-12.754899185557099,84.42223268124376,0.9563858828588612,1.58661482027718,0.0,-6.2913970210864365,-4.0171302977107235,0.0,5.096542725609455
10,272,26.789202015573785,-315.15479688674094,35.71926512307506,-14.544534513282263,113.35750874460136,-4.3476876409226755,1.801564880174773,0.0,-6.701368827362921,-3.5954695854736114,0.0,5.224452120325992
10,397,31.90336645098413,-355.30579796446165,12.472616769515088,-2.8745247606075486,85.5725681159649,-2.07763736242335,1.6314898328030303,0.0,-6.514906270701992,-4.196624134491939,0.0,5.1448565040129735
10,344,-5.851593180926136,-50.336461028912666,8.456829027261605,-15.819566741826963,123.77342487691519,-5.459650253814088,2.291565525088405,0.0,-9.061392382249176,0.09079180970237433,0.0,7.075724263547776
10,140,-19.109530255878582,207.21402231719853,-16.572053708877565,-11.612180237855707,115.71152104736449,9.067993945130514,2.2372033480759947,0.0,-7.210834822529208,3.7096258812585092,0.0,5.411472596682713
10,148,-26.82396287432287,300.20835014997965,-13.984470888966202,-13.364494182393216,127.05602930897633,8.600987484810824,2.4519667074504214,0.0,-7.466216166401511,4.687237065741337,0.0,5.498583619622686
10,277,22.494207683043786,-337.43447877026205,35.48269541257946,-5.350835551495313,95.46815952329116,-12.424483713963516,1.7434897472712185,0.0,-8.43780029022635,-3.6868632755664903,0.0,6.040595003477915
10,012,11.35315528735801,-167.5183774449298,11.913168636991797,-7.321744672959585,67.72278442939026,5.542379724502006,1.089993407888601,0.0,-4.466345219918311,-2.009691408067482,0.0,3.5690386400606045
10,082,-64.33893480444567,605.6751154849395,-73.46987238775367,-6.770268087175017,147.06738632292866,5.576003919498376,1.941629900353599,0.0,-6.3151423705127705,8.07844190885752,0.0,4.882796181610051
10,128,-5.628318341386035,98.04761076961825,-17.516482768201243,-0.05402442137489749,45.357326895368296,7.922321171062888,0.904914296603348,0.0,-4.526532585060789,1.7789596810395163,0.0,3.7203238225581954
10,110,-5.426711805007072,1.4464020129509216,-6.158843751095975,-7.4700341671748305,33.451371363247915,11.630718844737741,0.4981160537800866,0.0,-3.826074867454569,0.27714036211667226,0.0,3.2468771823573688
10,143,-14.594260189830605,202.1936030612859,-11.080774210362918,-7.408159959767819,113.42323103260865,6.1914359724354044,2.2372996774901974,0.0,-7.665492596222542,3.612725070783327,0.0,5.91531392035785
10,315,21.9714319029002,-299.0019817013013,28.390033878851824,-12.872818297396847,95.25553973364538,-5.045512889923526,1.733057828011142,0.0,-6.845128112147249,-3.333997529504959,0.0,5.41061950417457
10,034,2.3404509409561265,-5.759390468262813,0.07622521185882947,-9.27150999140033,119.3592963525891,-0.5513123386483454,2.1125314866682783,0.0,-7.304442151376602,0.4964387271805806,0.0,5.66987576910045
10,220,9.117725822119853,-57.214736149002164,1.3639344585742699,-10.592834544433714,97.64010396251264,1.1866050632662488,2.3578637951034005,0.0,-9.689524913784489,0.17884086869145688,0.0,7.196296894556186
10,149,-27.452214428030565,301.40281445181495,-24.36052432314345,-13.256033967968495,125.22013355562198,10.398819821186137,2.4350414779245746,0.0,-7.891943737434054,4.83325551652865,0.0,5.788338006662732
10,306,31.26707737868628,-362.4713537682736,39.18403711257676,-15.491982317616644,94.17132051758627,-1.0628752215397963,1.80984334858343,0.0,-7.266646157058259,-4.237917013119161,0.0,5.424696750893348
10,241,-28.19034927930938,293.9402489370153,-20.655371127220885,-18.832332838730547,117.58086073710305,2.741327269311939,2.272278219007678,0.0,-7.984959627038763,4.836755523791991,0.0,5.943264454427075
10,360,-13.17229716776881,203.88426525821504,-20.684414280987998,-8.049557463776871,132.0303766415062,2.8137247043010007,2.419598062394736,0.0,-8.524248462591155,3.6956524413840586,0.0,6.43167738876685
10,310,27.176645111188993,-388.9824438378756,48.277912883917566,-14.209313328564136,90.71443792329109,1.5701265046714075,1.821649516905013,0.0,-7.549799668419327,-4.480735989810823,0.0,5.78123567112816
10,043,-5.162481402105058,18.497708090186674,2.4339032534925664,-13.845585819047383,118.22864242334114,-9.530976582859761,2.0173232424846668,0.0,-7.7079152940378455,1.0542922804308401,0.0,6.21407260940612
10,200,11.986101366354028,-209.8953410254396,40.81332211400867,-20.42794905715499,99.46685630286437,-9.744331908048581,1.9900428534384145,0.0,-8.762991296830585,-2.2045640991607907,0.0,6.276628573049354
10,298,29.12658699023722,-277.14684688275827,22.530008759760754,-12.0704730876937,111.14797644744769,0.12753306070588177,1.9839831138146211,0.0,-6.499884355149778,-3.1167696212444365,0.0,5.051984643176344
10,077,-22.737534299944105,433.34454715353206,-49.895802121397836,4.105634021184412,66.85078557152994,3.642241579851846,0.9775617288831429,0.0,-5.086499580252966,5.727266626679331,0.0,3.951171604983692
10,184,30.023961792879327,-375.44790373163056,35.34411006427818,-16.313982871454677,91.14091533207964,1.3617290177249841,1.6691731706669668,0.0,-7.022656452010621,-4.4365229276739715,0.0,5.367816602158187
10,336,4.936803001764215,-132.54565909688029,20.954360747881584,-14.687273854349062,137.44333828524887,-5.0023765831563765,2.6035375500038413,0.0,-9.282616246183077,-1.0000999839193687,0.0,7.133429209404857
10,355,-24.285745991262885,87.87048724906877,3.9286953185450706,-27.639954418964948,127.9239170456415,-2.1418433300372874,2.5285361391200256,0.0,-9.659007860428863,2.192242573918022,0.0,7.013063535267705
10,074,-31.13844480813837,368.1067212702632,-25.35359646177587,-12.334055824398751,116.71684320484489,-1.5170500900151926,2.0138275385925875,0.0,-7.256473400788873,5.698129292262731,0.0,5.422914739807861
10,016,24.645780111266184,-226.19125109188087,20.19246379922148,-10.273200466057075,101.770650091893,-1.5381696826652087,1.641494167492628,0.0,-5.3235193356572585,-2.6467392464448958,0.0,4.321504598288234
10,246,-25.72481810184183,289.38357475893656,-14.691552485820983,-13.083167099635178,135.91229515771187,9.866947970807688,2.4862530958164504,0.0,-8.451053909953988,4.811584833468611,0.0,6.351987864802798
10,234,-28.944511487052676,213.0028693807615,-14.277191167590132,-23.78891617645592,128.3054467491336,-4.313318840517843,2.5066467573630757,0.0,-8.787561123060177,3.9894119310250407,0.0,6.584985852971272
10,124,0.356264553030064,51.74422792988894,-5.760955278397028,-7.646757314002849,109.84422639820127,-4.4843069792094035,1.9437221486188752,0.0,-6.4675280483191635,1.398675337456003,0.0,5.055486944406147
10,199,8.342960304722736,-192.93302302022582,25.93922871686524,-8.923177852544313,104.99563732653895,-4.666029994389522,1.58283680584352,0.0,-7.482386938489423,-2.1009767754533426,0.0,5.96284964889614
10,279,7.289595272985567,-155.01740999206748,13.532126967728457,-11.736983289833004,105.43500498661602,-4.599760047639804,1.6912234647757964,0.0,-7.91840465083025,-1.5289806867206455,0.0,5.740062815943479
10,168,15.95446749949226,-209.433326270654,15.666296330368922,-6.106561424582263,44.69217772498772,2.3615064044563026,0.4858449574175639,0.0,-3.635896335298678,-2.626448349828853,0.0,3.2375874154843016
10,381,-33.13539244962241,396.78848298796396,-28.323696255773868,-16.364021095630726,124.41414897481613,4.914256675300837,2.2915868642839508,0.0,-8.248930450892749,5.937895292550861,0.0,5.982801531464107
10,259,-79.43336549400033,739.0310875190954,-28.817045528145538,-12.826264721215097,216.5078036638277,12.930539608883949,2.5985149016865767,0.0,-7.885780671514834,9.598221006157644,0.0,5.756217972677074
10,142,-13.482577683861326,211.64990475514958,-15.482778709568851,-13.526703934569758,124.81347012065119,11.139427317209247,2.1043532947094965,0.0,-7.399039439635407,3.746483343031353,0.0,5.647754899549362
10,333,2.090548346004573,-80.79110106568923,13.870104116730882,-17.74597174963409,138.65754887165136,-10.918096933632162,2.5165704385594214,0.0,-8.40054289704577,-0.23750943427763005,0.0,6.4675350319789375
10,230,-6.7999494282511055,81.70011242723255,-9.403745718090734,-10.854438346894753,153.6467440602258,-12.248260708225404,2.881858840457319,0.0,-10.518672264086561,2.2455373862903114,0.0,7.521041459514112
10,352,-14.104512047412564,112.95092407045546,-8.151601292374018,-18.510944696035136,135.20466599426493,-0.4392410240735196,2.476317864228851,0.0,-8.794720156209406,2.5352330994714043,0.0,6.65719855197082
10,147,-17.83021872566905,270.12238477568087,-17.343345487693117,-8.660219964121787,97.48795654967225,0.14220989692820885,2.0623155436971525,0.0,-6.951312589979394,4.30421168070176,0.0,5.28195610978812
10,049,-6.91165831135004,133.0704356525222,-1.8460287418122954,-13.008724144773643,111.03769328819712,2.407388220550964,2.1640655146234726,0.0,-7.552125158210956,2.5450221251397025,0.0,5.66472780389408
10,095,15.543705879073169,-183.66130781128444,17.956025860593332,-4.681749431461154,83.56654947400645,3.032957451646734,1.265604602215263,0.0,-4.613383675145747,-2.1995863721890716,0.0,3.8059708288335603
10,040,4.211468220416373,66.60986271185796,-13.594139171323985,-3.444961005011976,111.60021414891841,-3.9420069609251924,1.963422300577709,0.0,-6.468713192645815,1.5304317049087306,0.0,5.162887304392738
10,261,-97.73834486490709,734.3275838541778,-31.53476797870632,-5.593178927327979,173.06554089643726,-0.489184110989111,2.2085139676603265,0.0,-7.778199636460596,9.709849832320524,0.0,5.451078718934502
10,340,24.472921831638494,-199.38650573475897,20.294114085709968,-7.834025424389798,118.87899654137749,-8.359656797408267,2.50023801257365,0.0,-11.119699035887237,-1.8533492668955827,0.0,7.209124396940899
10,345,-1.5791728481201597,-54.59651814600213,14.180299060219639,-19.41377830186514,129.6126098832023,-11.027773830139866,2.4140895146416166,0.0,-10.206945132674925,0.21960808597998716,0.0,7.212963246147419
10,257,-50.84811737075454,683.3397155300885,-45.24733156799114,-9.491344974125001,168.978588877924,3.9958728928024483,2.1854124655068,0.0,-7.2483531130875205,9.02059625496186,0.0,5.314212212629638
10,395,27.06125686459051,-332.4945730505045,34.32803559784442,-14.982108249089345,81.96206433537914,2.271368824605847,1.7778265244787876,0.0,-6.13953331560678,-3.6889360138806295,0.0,4.817701640164747
10,121,-6.456937774860089,42.73930425369649,-11.979264208528067,-5.993201470956997,60.72625350883789,8.007421184772367,1.0477918541529214,0.0,-4.766144619165782,1.0219721856561708,0.0,3.7806326964822254
10,358,-19.44070855253647,222.69998056307344,-15.92384250813573,-10.035857880830305,134.38628838357485,5.337239156137188,2.4693320476503056,0.0,-8.210154879660694,3.908123576503616,0.0,6.288113676264506
10,182,32.71860704425685,-365.64766663735355,10.50986515126284,-6.5654423644375095,85.45244701489531,-3.129206257733399,1.6902448385371223,0.0,-6.767570524741656,-4.265872399496153,0.0,5.024039962788355
10,137,-9.414272163118643,170.22112889937281,-21.006053863709145,0.8614541486515164,65.63007749603855,7.219131954239628,1.3894226168991144,0.0,-5.408645518984221,2.91778279547635,0.0,4.345610528498785
10,308,25.41567321272136,-372.5965659640697,38.08940899604529,-12.352781987252735,90.14736675814805,2.518976090371689,1.8125640384943233,0.0,-7.184368921833066,-4.20719345708257,0.0,5.394226514647972
10,146,-24.726973553706255,250.69454065800585,-23.517548186577205,-6.305787416172365,81.88659204131226,10.090674283662016,1.7434674958898222,0.0,-6.125730821953235,3.9270738850387743,0.0,4.783850778248066
10,304,22.987356046373584,-358.56415851021023,35.26480989605772,-13.428725108784214,89.42328111937954,-3.6866786848982223,1.7408918034789327,0.0,-6.459514155466687,-4.060031911961821,0.0,5.117752351006378
10,130,-8.744455533627573,112.99350538662068,-15.683736255721355,-7.987069431936694,76.74584615421479,5.550682705434941,1.5220861431320156,0.0,-5.743848650389065,2.04917355315528,0.0,4.637148177444404
10,334,0.8580970435379833,-100.27824794060895,16.20385119410213,-17.30293615610045,129.90438025923405,-6.142657357891534,2.2592973412103587,0.0,-8.472169237117493,-0.6283280798158827,0.0,6.5192451249301495
10,087,15.347762292751547,-272.7524837536882,24.590511542207025,-11.242858702622048,60.37471906564377,-0.9301541645894884,1.1840290802076507,0.0,-4.623037092457379,-3.12940303068289,0.0,3.7278515676879667
10,189,22.61467567098852,-302.3334920305143,34.51164602403017,-11.691808054369833,96.63722117750025,-6.709573962685513,1.652798515123604,0.0,-6.709504599506607,-3.3795145813043046,0.0,5.381535505901026
10,296,30.526101587810018,-398.61158318875596,33.24609824477116,-11.06514425370841,96.90146708358726,-9.872462833084903,1.887018157409361,0.0,-7.498696820747592,-4.531761173837204,0.0,5.777414805284804
10,346,4.076824906697917,-61.96638977783562,11.848039351456917,-11.205806587162883,122.78851076984071,-12.826202527122385,2.5016310173099163,0.0,-10.48836928751545,0.17403708238947058,0.0,7.55429174279688
10,258,-55.09906273317447,701.4009990790498,-48.374926501989314,-2.8924656170916547,185.22771731045555,12.616814791305645,2.1217721122497615,0.0,-7.374369690727137,8.893047274134208,0.0,5.3654804912054335
10,267,45.00823421713833,-364.80424540957955,50.64438857142396,-14.487088986933902,94.25150627933985,-2.952859951656622,1.619441428796879,0.0,-6.763553232949353,-4.383221697514968,0.0,5.386969015901858
10,150,-26.47499399468995,295.29700801613575,-14.840198026457609,-17.2000528455031,123.13668774221058,0.16734229967074388,2.313124513248745,0.0,-7.668791741394328,4.799105178771935,0.0,5.760878050741352
10,348,0.3508293175531696,-97.29820609229698,24.431102019947996,-16.427917314071042,117.81780071354228,-14.801274502977257,2.152770385726419,0.0,-8.92378847800089,-0.5394440845983579,0.0,7.5632749268071535
10,256,-32.088701413249254,648.4826929868531,-47.64108252301686,-3.6354228243743343,154.25274823992206,-4.293455006125226,1.9738214204496782,0.0,-7.015242336397545,8.540681786302416,0.0,5.266052733478818
10,114,-0.7150904728570483,-10.118459857550356,-4.806148230935829,-6.078960329893368,66.79453032949309,5.672168794779841,1.00369147415266,0.0,-4.606218397914919,0.3101308764969293,0.0,3.8066779511893434
10,365,-20.281994962988428,189.99451197234794,-6.298577501627882,-19.013394005760304,144.36471981738936,0.7983760186467506,2.639794402374826,0.0,-9.108670098642184,3.5574518545995364,0.0,6.9734537168397654
10,118,1.0919301814755795,-22.384473732921354,3.5841395903575552,-13.859686245319216,118.15225219782522,-6.984700416807474,2.009378967876548,0.0,-7.233404768981024,0.3617413663006913,0.0,5.635277627060117
10,245,-51.840460796264345,316.657263941341,-25.06453124239998,-34.36582037573042,143.24378074223912,3.735302199237454,2.6471855691441712,0.0,-8.971395130921628,5.323590902575226,0.0,6.6804136952035496
10,202,11.982146191891523,-229.58434088118196,34.390436070281766,-12.418899496765661,105.005361067334,-6.997713595604372,2.0321056749468576,0.0,-8.504843956793456,-2.3556437553685825,0.0,6.256775383970679
10,097,16.453403650372433,-215.52251244719153,18.29330907723792,-13.68505640622896,102.3567212083575,-3.776455557190702,1.7090846381229645,0.0,-5.304538020410608,-2.4794808330191738,0.0,4.319178305002846
10,318,17.75851513372246,-334.1956521327325,44.493661019188735,-17.267351597693626,85.20323210285076,-1.853015916393053,1.7746283766750761,0.0,-7.949017272917591,-3.7222081522984185,0.0,5.880616569348973
10,183,26.849124091275783,-379.5793043138011,33.7444001789378,-10.638214940710498,90.13916324340254,-0.33751516058605935,1.6527765706611048,0.0,-6.774074215320823,-4.447915706292079,0.0,5.179153830902394
10,278,34.2799289290889,-353.7070925726956,44.04612451894307,-10.16900069456908,77.61815231534624,-6.569246183461466,1.8660411128918968,0.0,-8.763770704612178,-3.8594659238966957,0.0,6.098563061416889
10,276,22.39299702823233,-344.9684961572979,39.23188886084695,-7.222159315240747,71.46934461239425,-7.000422068957756,1.5012153264050982,0.0,-7.881024949607016,-3.8485507265036203,0.0,5.954267612087045
10,170,17.470123245355065,-253.89345409763482,23.852258901948023,-13.4293587525498,44.10646793528315,1.1021660505358097,0.8218425026374931,0.0,-4.146317871842053,-3.1264021144967544,0.0,3.5237940674478594
10,349,-10.510584554184431,109.70019338222293,-4.695542788536129,-14.857116396508287,124.46095972411942,-2.5353753647050175,2.383574498475878,0.0,-8.040503991232676,2.2923491398033486,0.0,6.291976723234938
10,324,8.678524589646084,-198.53183554695994,30.433339705827365,-12.27797559941894,108.872469361244,-6.987840850931799,1.567846901114297,0.0,-7.521802618612702,-2.182218028657099,0.0,6.052582784203617
10,240,-29.849298125435784,317.7852263011156,-20.87412158731611,-16.690069214110952,131.94492727443588,8.565509410152105,2.4934475671721508,0.0,-8.20378349318095,5.12248037046441,0.0,6.118219023804226
10,226,-17.42983765221094,99.28397338233748,-2.7078768552228416,-20.477271073643063,127.13364113231945,-1.9572520906458988,2.4584595885019773,0.0,-8.873972728536959,2.191877709495452,0.0,6.8605042302124595
10,084,11.864950475683033,-216.31057142833808,19.43298857842035,-12.187708709899766,46.208049514805396,-2.7225346291404047,0.5383237452574382,0.0,-3.717791766446002,-2.8245917270694383,0.0,3.162855352881054
10,035,2.9194741668725643,-27.21559297057013,1.8879914196636411,-7.098831939365907,123.3090457505335,-4.303325240065763,2.083525664884057,0.0,-7.7367441675774336,0.43962023535389094,0.0,5.893209461988203
10,373,-21.282671085067022,307.61454874997696,-23.88235938726791,-18.06091427834125,159.49431700083943,8.407325493139295,2.7311507414854255,0.0,-8.884909438481234,5.141262851704898,0.0,6.594214223117228
10,091,23.27358514339258,-314.7544589056144,23.758995264292224,-14.886717241109727,81.3904991585435,-2.069379614761579,1.4614254068934829,0.0,-5.48980451439023,-3.504993700045894,0.0,4.452801580049614
10,057,-14.242463466816913,191.99637981771173,-21.30149841031889,-7.0542535079827475,110.39249478782594,8.41856822681287,2.130474983788252,0.0,-6.9369572604075875,3.455766965390445,0.0,5.420156457072716
10,398,31.196595676522694,-364.9224608862887,25.31885965999253,-5.976931975618272,83.33471338663351,-6.2238740769094765,1.6476105453426084,0.0,-6.755759109586481,-4.226675610748059,0.0,5.269031429848459
10,133,-10.489571996585255,122.46462446407668,-2.9301175324785285,-14.03034641275299,110.93612926728835,1.5181406557174544,2.126416772147984,0.0,-7.1306478083082965,2.3858520015274878,0.0,5.581985425768018
10,072,-21.023013417150356,335.67317984926433,-28.73295180353128,-6.594659366614364,92.87729918147919,10.18057947948141,1.7225323403333557,0.0,-6.890950462322923,5.177222616220648,0.0,5.134725268846058
10,139,-19.57647004162898,200.64735172763756,-23.870660669168345,-12.587732846428873,97.24719045245587,13.254044531422895,1.936820704700705,0.0,-6.752945965276059,3.4151201458771547,0.0,5.17035990280772
10,332,-4.92929332026668,-58.234821612268945,10.512879935297427,-21.33694547690851,122.63659211414141,-9.553767667089959,2.1384880828612554,0.0,-8.170799206303556,0.050387836467703506,0.0,6.222347414953647
10,271,28.117778235081136,-282.3607756181939,24.94127363464472,0.1400152003002928,87.6117652371415,-12.025191212985025,1.6639958222791742,0.0,-6.416038477504797,-3.255376249452249,0.0,4.997399370681086
10,042,-5.0594697986011825,32.30476709988637,-4.649915353903252,-12.529624389182343,115.09914745577775,5.501321492489436,2.104497012657796,0.0,-7.6731828320883935,1.1333111410217294,0.0,6.009994477141214
10,194,23.79056474883927,-327.77715860884496,43.508595974931715,-7.4680392756916785,95.97525841401955,-8.894251529318693,1.7131129711662676,0.0,-7.843277753738549,-3.637902898751935,0.0,5.962040237373952
10,366,-30.39796843986153,303.57905075038394,-23.28397017054568,-14.830466957397075,123.64492162774576,4.238301167574329,2.374804204318759,0.0,-8.132486433920645,4.931169060201407,0.0,5.975148405204185
10,300,16.030507481258656,-294.28640077227465,37.078357637011145,-14.230382667879223,105.04136158364466,-6.076171492471658,1.8382819363800125,0.0,-6.737473126758084,-3.217538414161834,0.0,5.27032381373805
10,386,-37.577673138186434,708.6355595336732,-69.54693776953265,-5.971505709772505,177.86200837051695,5.226045720912333,2.0271000699692303,0.0,-7.377711806323193,9.179858837881254,0.0,5.3555188395550495
10,115,-0.6849221854613764,-4.256451131569211,-3.719803430957582,-15.101727303719944,77.51679226432178,-0.0756561455000968,1.285701044198337,0.0,-5.068092642331645,0.324618248217012,0.0,4.218034758817127
10,213,8.619970895398044,-174.70581589784837,36.793149550009936,-12.29914971390876,118.48098486873155,-18.466340748614506,2.1255586745445223,0.0,-10.181183330548636,-1.406539522349276,0.0,7.1912082556047014
10,060,-14.25603381993345,195.29795524456765,-25.67886465722431,-1.8057959785980042,39.80807740712892,8.991057460977018,0.9672080284136031,0.0,-4.916193597571433,3.15870564832189,0.0,3.910181598031919
10,359,-18.53941420839444,218.36547162936995,-18.219697502339695,-9.889616095520132,130.32535483421412,13.69864085259829,2.6199053732320507,0.0,-8.861346362858333,3.8664261595182925,0.0,6.356588295892855
10,382,-29.426105035846234,420.2517845743459,-29.113254480269585,-11.830097843960491,139.34649685696144,8.652045714715827,2.355453458451411,0.0,-8.272342819786966,6.316226430087403,0.0,6.204693917320949
10,328,2.6588054657472266,-274.3995562003779,61.01398573518092,-24.783561126939023,90.47907777949965,2.883758354105413,1.8786547519426988,0.0,-9.752053982079294,-2.872856086304508,0.0,6.131696607220875
10,066,-23.37190935589064,280.2727539802638,-25.095590769679582,-11.414511984338157,114.35029841826878,4.071088280936568,2.080646383619405,0.0,-7.307394081205369,4.581953003726279,0.0,5.603695824517169
10,191,30.10526060765292,-333.6774167756625,35.69767309093201,-6.908849245680607,102.84775022295534,-7.678125998795174,1.9818070477276364,0.0,-7.485745966000091,-3.789167187974244,0.0,5.7166836997781445
10,292,9.947424986685586,-366.9457720939184,46.12183905019799,-9.327493492258437,76.61792721008084,-0.04250810157947704,1.6335936012775951,0.0,-7.126449120771008,-4.1712199422150364,0.0,5.454734210378667
10,285,9.649612105725737,-263.8053914798166,36.66396165683118,-12.924298761433036,89.81438917912027,-1.7766997392588597,1.7758100764404832,0.0,-9.75994872167202,-2.7227078386642307,0.0,6.194809186034351
10,237,-29.7705605419304,196.1863977685149,-16.9205185947217,-14.970676507188715,135.88406319315166,-4.75154149743039,2.6565980174850643,0.0,-9.17643527378641,3.5995542959494817,0.0,6.9097046829275905
10,250,-28.068034254178567,406.50126807434617,-40.05091588517028,-11.0110663119947,132.6623423565829,0.832722930305031,2.268960972045016,0.0,-7.832123256847524,6.12081236788884,0.0,5.923400014532218
10,197,29.08358972764804,-374.8845220227481,54.74682346347579,-8.734628724802011,80.8601382102016,-8.271171959521896,1.99939170084301,0.0,-8.816581071313644,-4.2284443052465885,0.0,6.447405519779077
10,302,16.061507972837184,-331.93133910158997,30.910905301795292,-16.582253814644567,88.10130632449692,6.062067521521375,1.6995418167596879,0.0,-5.915847935375152,-3.809662440147312,0.0,4.736121379267271
10,357,-2.1115358170221254,70.7785164541504,-9.87660873010915,-10.155072014865835,141.24396737001373,-3.4809520447089835,2.494389012494809,0.0,-9.894331790923953,1.9182688021383754,0.0,7.38943802041876
10,013,13.43919176739362,-191.0766640058416,12.860557205526899,-7.194687110419795,90.36861927282929,-3.836768735106603,1.3440715937784389,0.0,-4.840385931631392,-2.137607231979763,0.0,3.972097569972236
10,044,-6.105008371718439,90.79513175141487,-14.051891704608263,-0.23762460159120335,40.32430108096097,14.211955179969916,0.8391166974002783,0.0,-4.636781471828603,1.6754010978841671,0.0,3.7124009991873015
10,058,-18.645417931014563,196.4211661855329,-12.294395008291174,-13.771889787346465,112.92715419437177,-2.016504445137194,2.1442882906358762,0.0,-7.365509417878225,3.4901025820736127,0.0,5.8269522988431595
10,187,20.46258683636041,-423.6929754839927,52.05947242117092,-20.40824847434811,91.66469974075936,4.632369949874695,1.8892271779619387,0.0,-7.6962496747729885,-4.8453566892168345,0.0,5.793490071219489
10,018,19.677229194828136,-262.0719053982478,23.11673030026504,-12.366968679838369,109.5845159395247,-4.806857515304621,1.7720210095908722,0.0,-6.199139166005066,-2.925396767208671,0.0,4.805144920920917
10,232,-13.032826437487365,220.13895507691265,-8.396767774777983,-10.750733486413285,126.8490226313229,-5.728759379205824,2.381641613131823,0.0,-8.340018501464078,3.908369062281151,0.0,6.284948019479007
10,171,17.5096319087379,-269.02912385570596,20.57199636957276,-13.98311100499121,72.40073006254106,-1.0668051345793572,1.1276838949877066,0.0,-4.6012691638971,-3.2689140504711482,0.0,3.7336011580480184
10,041,-0.396364578986356,36.62455347500936,-5.003255996772769,-10.85126648211791,109.59492894691344,-2.2475021610790082,1.9717531460859274,0.0,-6.936422795946311,1.0639189674649279,0.0,5.643439468783446
10,090,14.269331176753749,-304.8066832497196,30.577361345985185,-12.138627471921756,63.72319864794898,9.804745165617428,1.5620590561282492,0.0,-5.153048118917,-3.2959816770554475,0.0,4.199354760375135
10,214,3.652674233604168,-153.34272653014688,28.882729140626896,-19.825542983899343,117.44514345556931,-8.92564476883862,2.4122770354500327,0.0,-11.151699269300153,-1.0698125317787293,0.0,7.586249557971517
10,353,-11.49025562865563,100.43736734295136,-7.347759214167201,-10.963866995111342,133.6457044273549,-10.305165389864587,2.512040139419644,0.0,-8.867474912316982,2.3524265589473137,0.0,6.810260173099379
10,006,29.610575161010132,-306.4494701862471,19.42465953207231,-3.9992547717952087,78.8401934483985,3.175203094277021,1.4618748472266125,0.0,-5.112209217657293,-3.3774952054693,0.0,4.232876680264108
10,319,22.006150193653408,-348.7982772520433,38.01181536715258,-13.743514915895528,79.56085362894315,-4.399209182538769,1.8762737162960463,0.0,-7.949779684761093,-3.873711823231395,0.0,5.976600141698204
10,158,-31.358164101713022,369.31168789934117,-34.756028658575055,-7.2110993412421145,113.04474870002745,4.1331424192658535,2.086822510939312,0.0,-7.266289617375819,5.500623596048466,0.0,5.72996388032127
10,126,-10.269657821631023,32.72527009611804,6.3994743871233775,-16.78894198922406,115.13663874567999,-0.9605197967190167,2.0579406799983597,0.0,-7.893092006551497,1.1867292838473344,0.0,5.887998632115511
10,316,26.744215782092922,-319.6768574781477,40.62250374477918,-8.168844351822154,95.7123730176234,-6.0809968895411695,1.742542610702737,0.0,-7.162138997726352,-3.6146702796843875,0.0,5.518213160943933
10,391,18.454856264774712,-328.2132136482978,28.902862441959492,-18.638591175224708,100.6097264872566,-2.612493964157842,1.7444617149849897,0.0,-6.078539935562106,-3.898317871572173,0.0,4.69470304535058
10,009,16.380118894516166,-310.9327614233223,33.84027607363315,-10.845875817811393,78.44403346566585,6.988924468305901,1.2633690400467088,0.0,-6.036089047099495,-3.85433517097907,0.0,4.587563221088191
10,321,26.105585323439797,-354.1582003477063,47.59037095104266,-14.324912580107346,80.61973696811488,-5.266746619438306,1.80821600846582,0.0,-8.38472586533615,-3.8670182635028416,0.0,6.110910015041322
10,192,26.02339730709808,-332.1614859245626,38.314290853620165,-9.469251316458598,88.90457276651337,-10.155164251562345,1.6189848688380322,0.0,-7.615160062728614,-3.7870145461945413,0.0,5.92561297465638
10,046,-9.317735855951833,113.15812736288899,-17.448387322638272,-5.027135337885799,76.33595467837176,2.184061116324169,1.5776358776628356,0.0,-5.942151757741979,2.093370247227325,0.0,4.581691931035274
10,356,0.649713234972563,72.7804234644579,-4.222612977282553,-10.197158812526535,136.36125028878658,-4.997787863155233,2.638421336314402,0.0,-10.05157760625569,1.9368018927392283,0.0,7.129243424211779
10,153,-22.29202726556312,262.163681102575,-26.99680952999849,2.0678222400920925,54.82432438272002,10.77782044649524,1.1875229732219257,0.0,-5.005528966236485,4.021895233734014,0.0,4.011866452732568
10,269,32.01660281395559,-417.9062369612879,45.87838106316042,-12.67270699284372,66.72742883995232,-7.856957768218468,1.8247030179891421,0.0,-7.865959313136757,-4.697255909913231,0.0,5.694343847256777
10,033,2.764612643679185,4.483355559927687,-3.032203244638005,-9.057247101794923,110.85025760211086,-2.559939574940563,1.9144345423154787,0.0,-6.486245806487549,0.70048855171102,0.0,5.121347232861838
10,010,5.428444326834626,-154.60605566218265,14.885134053477488,-9.136844325597675,45.97121198861307,5.993074824806651,0.46589600841293866,0.0,-3.7077807989175047,-1.9235874192278826,0.0,3.189202592240226
10,270,34.108393536302145,-422.72104286327124,45.97420630851487,-1.5375946068811241,79.94582294454398,-11.469980823136986,1.7397008493759964,0.0,-7.802701114318479,-4.945092594483597,0.0,5.816513204407842
10,104,2.97137276962343,-71.5547590243701,3.2283403249730496,-11.561313984851965,72.94730227690766,8.34001665749951,1.0650600403309387,0.0,-4.639342471282961,-0.6797535487565121,0.0,3.660713694606353
10,317,29.42820939748962,-336.9142085453975,34.083190109964164,-4.9798741907192685,99.38586119240333,-10.500292139809371,1.9206571182419618,0.0,-7.567660627159925,-3.7446332615687403,0.0,5.785241460476546
10,026,13.684332953238172,-128.2234879646224,13.126300893461245,-13.843742626888499,98.37722085227641,-1.7859765368864187,1.3982889522806936,0.0,-6.216285434765435,-1.3897262370555965,0.0,4.849217918411605
10,144,-16.577689027205047,200.07082316922163,-19.3977155356391,1.0630349283578977,44.38880097930181,8.344466384539158,0.9573151960605262,0.0,-4.796144714058846,3.2298515615344723,0.0,3.8524707311043325
10,372,-18.09747131242033,287.3990881312974,-19.402020607725632,-11.632375984208128,127.99249212764856,9.663261797637112,2.496687911208879,0.0,-8.92433538228545,4.7300221878891024,0.0,6.701408256521308
10,015,14.966676862859817,-201.29822358534918,15.824776033819568,-10.53570988745149,107.27365900487985,-6.423547950259664,1.603341586901081,0.0,-5.141927394881284,-2.3373206780913143,0.0,4.213248337517078
10,065,-25.094608489338295,282.2181522612906,-9.091264582484538,-17.19207788732161,107.96482799363412,1.5879598905478427,2.2057527395234926,0.0,-7.125738695435204,4.5922508482782085,0.0,5.637348806611069
10,325,16.45598832408185,-224.60530626646485,36.45151926795894,-4.311410840305713,93.7414464916524,-12.428730043012452,1.8057838917928313,0.0,-8.615750910818782,-2.476210454159828,0.0,6.3012328934514406
10,029,-1.7283132335106717,-1.0228712292087496,-5.436973803802171,-5.310787424395947,46.59998544908156,7.619310396378844,0.7123525652092035,0.0,-4.193729298654802,0.3110070074277478,0.0,3.50972980888264
10,227,-10.446443760439267,103.56457686760474,-7.453565859356196,-12.812572057351007,130.33395984232973,-8.572246942399765,2.565170876726989,0.0,-9.487314128092255,2.2400310865209834,0.0,6.926872341560744
10,367,-31.604261389866775,287.14876010185503,-18.16688590673023,-21.37301717788438,119.7858052155634,7.013040955196399,2.2114915313048424,0.0,-7.873262399240827,4.771500493566358,0.0,5.913393219430795
10,288,22.591632379179913,-325.49395108061617,30.267490531506052,-16.037597931207245,86.39999975001778,0.7852195728307976,1.5818633311890515,0.0,-6.00171767773518,-3.643635688039254,0.0,4.7926653288998144
10,347,6.319802859599576,-81.22340753230435,14.478500905821283,-11.699778869562634,132.76079167167927,-7.693724248154579,2.6001658316326104,0.0,-10.97173574248343,-0.2112458828327921,0.0,7.708339123851009
10,098,14.503852300664397,-230.5139744206135,22.42909879052689,-13.718153263059756,108.81833175752372,-6.0079502366684725,1.7803871629496855,0.0,-5.899684384418261,-2.6289367880455674,0.0,4.697108343690767
10,219,-3.953113984988511,-44.197944500621766,9.576899177767748,-17.642170197421663,121.70203779270089,-6.190288984269122,2.095884037350906,0.0,-9.107931181706263,0.20622031942150976,0.0,6.961370688510666
10,086,19.086966528872583,-246.43726418076477,20.81097077840501,-11.35848034581215,70.01402784238678,-0.34933060846021147,0.9516669789448433,0.0,-4.2584111330238725,-3.0015972464527185,0.0,3.5830937585054676
10,001,18.720143374116997,-224.74910257077568,13.500452723551003,-6.582954036340257,29.961779287351764,-1.229387755737421,0.5211616226921821,0.0,-3.605502973665591,-2.7956882357840653,0.0,3.0526709835047794
10,160,-37.07911378822731,394.6096404308294,-36.05022088341483,0.6049813397525958,42.624627076035146,8.583399430305775,0.8012403441209224,0.0,-4.50213261022594,5.821133865939303,0.0,3.58930857245603
10,061,-11.102464576378297,219.19536933887665,-21.180966830702683,-3.182543978003391,62.95469026159925,-0.20042632782686964,1.3112907360933308,0.0,-5.294193198144982,3.5632230538839624,0.0,4.243419472071709
10,342,0.2787462185891647,4.4368399992955725,-3.725478096156979,-12.38791782914041,127.02080224047616,-3.3645655512568498,2.262566586459477,0.0,-9.144264380819273,0.9460061250927956,0.0,6.568330605817213
10,112,-1.5083662165402478,-5.040831811237152,-7.386427642128489,-6.660080498669117,48.75809731320484,8.528076712409804,0.7461267261684981,0.0,-4.1794055542047,0.28383080492628454,0.0,3.5189183390704124
10,004,18.663255636842578,-279.07462554968936,25.77686982898946,-12.921374579694413,77.12569667101214,-7.238814040025694,1.253477035398763,0.0,-4.525705144281135,-3.3925260774352397,0.0,3.847681582201691
10,186,31.28479498096383,-393.61606901767396,30.932589148798638,-7.859730838369915,76.5457902606964,-10.138378849137062,1.6607863027499423,0.0,-7.632425175706286,-4.528490125070706,0.0,5.8883784861033535
10,138,-7.601870459064633,187.51637382248725,-19.84508590410632,-0.8305050573594337,81.21787709466967,7.122356385974252,1.6895653990958721,0.0,-5.8736410068497475,3.1736078384235835,0.0,4.800779334487267
10,106,4.885203703097508,-63.98025957204727,1.5553559339130754,-10.333227485608772,102.98197952256187,1.797968038523311,1.6296769967690317,0.0,-5.51885833175919,-0.4138354611447501,0.0,4.354346724260289
10,116,3.5833011870482476,-2.2742066816880953,-1.8146419192944672,-7.606197141215373,94.69404983017134,-1.9609367081817184,1.6139883372749062,0.0,-5.613106438629628,0.4322424916408144,0.0,4.563842991470691
10,313,30.03213193705725,-423.95921061172527,36.96273643900723,-18.01189953139974,93.24515156146988,3.331257005067828,2.0538617577223786,0.0,-7.895856221976504,-4.705156721262967,0.0,5.802348191938336
10,282,22.85560733822015,-223.43452733249876,30.144483372011123,-8.66771459769306,110.66605954250423,-12.815511328557038,2.133923763759414,0.0,-9.203111707714742,-2.357274761219356,0.0,6.506746802502205
10,243,-25.91614680488339,292.1449781261583,-12.893651492445816,-18.801728846560277,118.53256141353758,4.279977910997989,2.336770058995276,0.0,-8.102764075738556,4.849496069721831,0.0,6.085147258476852
10,064,-24.88821880282766,295.65339747287055,-9.49311961303533,-11.443627678640254,125.9617591701182,12.359342832376512,2.258088067890939,0.0,-6.836464896737308,4.790204880597537,0.0,5.264357867244305
10,159,-30.959326500602472,342.08042438464406,-45.28558458314031,3.3939610186439255,11.603245134309864,6.307784412369633,0.35963129795959015,0.0,-4.176124660454647,4.962904931167094,0.0,3.25069594949087
10,132,-8.798713150690563,138.27781859774709,-9.390414048068667,-7.569101524947424,109.27148050974066,1.9140780807885038,2.177798549315399,0.0,-7.0607407922521945,2.515738421234421,0.0,5.526907984346725
10,007,13.174204211537207,-321.58773886719166,27.61269229891943,-15.68092339929676,69.7178383862144,-3.8746752291301223,1.4512185623379525,0.0,-5.5909637985222504,-3.516202895320946,0.0,4.3475046373724915
20,209,-7.615660274992795,-154.96662364801853,26.507145639160225,-31.637227304737106,217.87161240676926,-17.08663207950721,4.311735271721084,0.0,-9.123814532921573,-0.5923755328010083,0.0,6.664509391620894
20,251,-23.69861365627993,421.2480204571668,-37.22938817733734,-8.621521840409564,210.28240731981253,6.043375901096469,3.98123028365763,0.0,-8.187195390699744,6.833573150948863,0.0,5.815083197568654
20,141,-7.414179355034939,129.31905280609152,-17.418324422763952,-6.202986948923776,79.38075937249475,4.216070459083637,1.6181367556069417,0.0,-4.395413450238761,2.3307155285592196,0.0,3.6434026098793035
20,154,-16.92954680201636,297.6737289045935,-15.216361611264098,-14.110974657315435,182.98326519699373,8.77259940943504,3.384890796486266,0.0,-6.709213785605763,5.192464329518422,0.0,5.122863662700641
20,331,-10.71354346021765,305.5316593175968,-27.471586258114737,-16.149681853704255,197.99824887472636,0.22653915449939266,3.7311706849873305,0.0,-7.763858593918239,5.227760187958398,0.0,5.752241943040374
20,003,15.664002764826076,-248.37579387150646,19.55304867391781,-10.977472726706681,90.5708480791588,-4.421886268089315,1.5805757415968198,0.0,-3.917242803413546,-2.6346712096840097,0.0,3.2710676226429394
20,152,-19.83196221420545,285.5751440302576,-23.884535785779846,-15.38255838992992,162.7487959115945,6.088376578311734,3.1620240513748783,0.0,-6.289792732175591,4.932733930125326,0.0,4.920853076636602
20,164,-12.634414977085003,376.76342501937137,-33.53172295888636,-7.555526677002702,161.93657559087018,-6.430320185318889,3.133484863221659,0.0,-7.005109725340589,5.900044951160834,0.0,5.375368226395121
20,193,23.918578587000752,-332.4419131040806,41.9691332833711,-4.8782026741035,149.04555097857312,-19.01512625873459,3.2710224480926198,0.0,-8.046387606889354,-3.3181298328475197,0.0,5.3990911591503545
20,031,-1.2026786175228548,3.0631373702512503,-5.947426519700209,-6.66377487443271,69.46441302883898,2.4889254600588133,1.1484428067180001,0.0,-3.725259096943835,0.46399455261241485,0.0,3.0968631497196735
20,248,-33.53838846125976,414.0127433218151,-30.737806163352598,-17.12077104332287,202.3789701562286,5.547701186060392,3.758315802866896,0.0,-7.568484859102709,6.553186120022846,0.0,5.4137999826942265
20,341,-36.06103021626443,418.44878049450233,-40.787664015919404,-20.791760918737285,204.03838394469386,-2.501034484096473,3.7422155406089574,0.0,-7.586598309757382,6.801471448014386,0.0,5.711945553480922
20,205,3.993566572899563,-54.84354965216745,4.012211192614451,-13.715810688561284,189.96912935128006,-17.485423155330615,3.6348701750968315,0.0,-7.918421612880309,0.26397985440361005,0.0,5.676714580395803
20,322,-15.017546986073238,180.89407782045845,-21.23903582686723,-22.920298078204162,184.095628414471,-0.7950336199561123,3.5971740982176725,0.0,-7.715043346293405,3.6410360520162746,0.0,6.0163566674753515
20,102,9.095444936311429,-167.56820805424874,13.974915924813684,-9.607050421322702,110.76243435100339,-5.987308189126792,1.7566865977884718,0.0,-4.117935495399882,-1.854530471699844,0.0,3.3974257535650025
20,083,-27.46957718679416,435.73302483134205,-45.69506151062075,1.4233771614592792,97.63680710124892,4.8808372779691265,1.8311022552618288,0.0,-4.785206097427388,6.220490805407284,0.0,3.6523758515170925
20,127,-2.552892291694804,31.974537198175486,-7.727721555788048,-9.61989673085115,119.18797676995668,6.433583895384833,2.258879548143684,0.0,-5.1273319398282196,1.1415354710973957,0.0,4.036929990162889
20,188,18.50085601750251,-409.9609638323906,54.395484373962525,-6.354669457035479,157.86810536190552,-16.683502070267917,3.1142932439005833,0.0,-7.483130558902673,-4.533179124527582,0.0,5.4830604293489165
20,100,6.3559614309165955,-148.98993737276865,12.711698808727201,-14.726646540875274,72.35719797779406,-3.0671785733132975,1.1176861723668317,0.0,-3.602712938936126,-1.766901132360953,0.0,2.9945425688007696
20,014,10.624995465495376,-163.8695366216062,15.222269903364612,-10.09997445231801,111.86057805063406,-7.24206067152075,1.84044845202825,0.0,-4.262693064014069,-1.8387065058484624,0.0,3.3955820864333597
20,075,-23.575868104625684,324.1765918699931,-30.79558623045768,-10.379634091172253,134.655045929261,3.706495028643577,2.516874343568524,0.0,-5.951444553406373,5.295587498178326,0.0,4.567891355900931
20,134,-7.188392892159014,112.04923385038778,-24.25637055873343,-10.22986601232828,110.7395525600579,5.152325208931931,2.0501574616674647,0.0,-4.77130793611837,2.209073475926918,0.0,3.9153575523513595
20,002,12.903357506145795,-227.63200696474263,17.589024971641432,-4.868401788241796,88.59119859167629,-5.014901058930655,1.399961674400525,0.0,-3.6697995547225637,-2.5752683692017317,0.0,3.157583477784731
20,063,-17.136036278000706,187.40087581413454,-11.158195381950845,-15.718688582968374,180.06537322236795,-0.9122959356193618,3.350785893486923,0.0,-6.894235620288772,3.6936838550394038,0.0,5.394044641336275
20,229,-21.78379633378245,215.10237935785938,-16.46357319868277,-23.021886484414633,189.35970877432047,3.980755433652523,3.6616095057665,0.0,-7.3897666476753505,4.14792461824231,0.0,5.711063143657663
20,166,-23.234470335478083,384.20817503757104,-38.133159251908864,-14.583082624238934,173.55867732240372,6.540017945062937,3.2630175661409178,0.0,-6.8439409294683164,6.03036792442381,0.0,5.20545879777174
20,105,16.678705722786752,-223.34590209958725,20.398529504822136,-13.363131313464276,158.96720653103193,-6.540224453086671,2.6230098521205463,0.0,-5.108981593871038,-2.1873594250499364,0.0,4.009114485899172
20,136,-3.7374237762699147,130.8052587091882,-18.639464574408425,-14.053066496765087,143.1950591895595,5.22764357570202,2.862330951981809,0.0,-5.834389004515728,2.649527417100396,0.0,4.7852983651645165
20,289,11.151826306492417,-225.55170107710083,28.732967627946728,-11.928683716249747,199.85704893230653,-20.42755635220152,3.886578108326539,0.0,-8.649719433679188,-1.5916316289299726,0.0,6.356554563676024
20,238,-13.523057967551148,298.9183002800728,-28.52915601512812,-12.295444740826271,192.1724124110347,-6.9160015015939535,3.779152747736336,0.0,-8.06082562826644,5.32463881446091,0.0,5.592575674595048
20,117,-2.696250870919105,0.8179038636774268,-6.493669345388758,-4.864231716037654,67.58784171865783,1.761073527485878,1.1515714875168195,0.0,-3.722302815899715,0.40406643365318573,0.0,3.0908581318345774
20,212,-5.803149786608686,-198.1729849578315,38.21481825477486,-31.976265605248983,189.72163895331235,-18.29121536450326,4.1927344722948146,0.0,-10.072271201774685,-1.1922674421832424,0.0,6.73128246789675
20,314,-1.3482730647311394,68.32162495056524,-1.1940847688120333,-23.42367566740329,194.32896728336857,-7.771545290052415,3.8696512217768606,0.0,-8.38752547761433,2.1005166212436084,0.0,6.145087262763296
20,169,-17.070620705457426,437.60350910681717,-52.2130971338363,0.7851837538150664,101.40145168080763,1.1189350817802062,1.880229971084453,0.0,-4.7862215111404876,6.15624068014605,0.0,3.6475100382165997
20,056,-7.339135510916916,136.24181632084566,-15.948982698611388,-2.858101938670618,78.98324761692149,6.867396692502071,1.5672644941621297,0.0,-4.463638277016404,2.420586225466641,0.0,3.602131509552742
20,275,16.755580154088086,-393.53996693653755,53.90642183417533,-18.239718683747782,171.88490508947257,-20.731429494893213,3.0838748992989147,0.0,-7.1883240591916895,-4.236804052474703,0.0,5.458097993361451
20,305,-1.9000339959718784,4.333584213638657,0.14756048836022595,-24.49764395273917,199.31827128269578,-19.51878408259129,3.80048711195857,0.0,-8.529174383529332,1.2832165358358172,0.0,6.210934181396932
20,327,-11.26204069545459,186.23657089769264,-6.220815947112924,-24.818873713217428,221.685599879445,-0.6291688315118398,4.255958824586139,0.0,-8.676073751495657,3.9520703297962427,0.0,6.521777869872538
20,022,1.532290593399166,-61.00518090671601,3.0384401941002346,-9.867486899433288,94.56130141634688,2.608986599493316,1.5092476090188918,0.0,-3.9545176746576605,-0.3710460745059254,0.0,3.2689801903687283
20,218,2.877189386305897,-59.06085581651339,14.418255420501264,-20.282214877078548,219.12704923582902,-24.007877180071393,4.288306738417708,0.0,-9.859296804481545,0.5648848020408161,0.0,7.2924314838597475
20,125,-0.30868614287415896,40.719156047569676,-11.886567102065632,-4.802422593000793,80.29284818189751,0.8884780302471988,1.4505169804220404,0.0,-4.04183871457526,1.0163015033643554,0.0,3.3444486065858334
20,093,16.8355484263701,-274.2848818142175,16.787614322551136,-3.4091659118012405,86.4833940400934,-6.941244716683292,1.9725430738719187,0.0,-4.273508919503712,-2.639463314886355,0.0,3.5429478673473804
20,260,-38.06102709640501,719.055143636688,-69.680273366545,-7.92746148456511,224.8888044657737,16.27159962860264,3.1554975202273208,0.0,-6.874358710821545,9.97688602354426,0.0,5.0737890673994235
20,078,-24.84586777883115,363.275495560086,-35.753568740599334,-15.613027714327963,157.6334539494473,3.445269196232057,3.0059315798207065,0.0,-7.155481231704243,5.917406685029764,0.0,4.987160884401014
20,252,-41.16559080815956,422.03133179518915,-33.468849884945016,-13.055476422852271,208.78339101883628,4.597636582990667,3.811476590203557,0.0,-7.831791725312673,6.904891945918107,0.0,5.78138929332307
20,177,12.504858110238086,-214.7887143466723,18.659220736738412,-8.624799925847942,73.17654555425463,-6.347958148609505,1.1266400327454946,0.0,-3.547710758637851,-2.5464740762490368,0.0,3.0466531923969975
20,162,-26.381424227571696,372.53715716807733,-31.76023512296439,-18.054611435618824,164.57714496390952,5.470448946020061,3.2697152611835474,0.0,-6.7371045315626015,5.9721930624818285,0.0,5.079956283227601
20,215,-3.098052273410156,-25.73415867740755,12.244743208583134,-27.482676908257773,198.31568775721507,-18.102840309874978,3.667099632994377,0.0,-8.301582367207955,0.803905685172478,0.0,6.339492514118193
20,008,3.76180002892953,-315.9220492017738,29.609753962858868,-10.980191314920258,106.79053335933082,-4.5289649193047055,2.4124048806473697,0.0,-5.196708521347639,-2.8981502590566324,0.0,4.145660071696641
20,030,7.810727918142123,-152.3363019910651,19.550980509512705,-12.222709062584073,167.17594394240362,-19.315050092925865,2.742850992888392,0.0,-6.548507635651758,-1.3059734767992448,0.0,4.962315878463254
20,337,-23.004044399432836,398.52096327890257,-35.324695803205564,-17.18842327170147,187.3258844310148,1.6713479406571041,3.7036573654306384,0.0,-7.2938083884626845,6.344526122390251,0.0,5.381284517708426
20,244,-11.231653917732094,306.2129999444189,-25.091587813367948,-11.724011854883248,213.7233829507817,4.713833899785998,4.04985697810931,0.0,-7.831252005867042,5.399365581991969,0.0,6.017209223372958
20,109,2.0323202846357167,-59.92126201961487,2.558638869598175,-10.683994139348345,93.43569185931702,0.660372441581635,1.5335194009166462,0.0,-3.9973558575394215,-0.41149274161491145,0.0,3.314312453712855
20,351,-38.00696387265576,784.6772054294513,-62.749436701831385,-24.83262042721342,249.94118454003143,10.620436840438073,3.475652855439426,0.0,-7.1005789506415224,10.559730934439735,0.0,5.280779605883757
20,231,-19.750836217118383,214.6791369940078,-16.071892965895923,-24.78245929018487,203.07716286290403,-2.111182491834172,3.917082082933184,0.0,-8.382110786244349,4.340407238266577,0.0,5.949791204374593
20,092,10.521890318541782,-246.240444288472,17.166222434218362,-12.71829219226786,81.54557365510664,-5.3068512284446525,1.6495664904296898,0.0,-4.104851406547159,-2.6187930827817016,0.0,3.3367184929613027
20,265,25.76999133531996,-333.1951167884535,28.795148085476875,-4.1466538150075465,131.68443445754482,-7.965671654111862,2.707776230843257,0.0,-5.606104546039017,-3.470983053654485,0.0,4.5313604730712145
20,096,17.936509452778232,-300.20957704459704,27.57124793773405,-11.668561945673936,117.13010571736106,-6.128497166561267,2.2976934057997296,0.0,-5.043289360676936,-3.0795463768820452,0.0,4.100674676402289
20,073,-12.68837016429457,265.24209382927177,-29.390614370693566,-4.309794413175675,99.06883852110721,5.3107757853220825,2.030461922898175,0.0,-4.815661591441481,4.336744633018209,0.0,3.8573882718854193
20,071,-27.46664227902638,277.02519517067424,-28.848943626216133,-20.429407780634584,182.2066874066216,9.257059614664236,3.540464608865633,0.0,-7.519410462962182,5.02702010412439,0.0,5.319276320788796
20,123,1.533634442782255,-32.93786467857964,0.5621433301351537,-18.939586849074587,177.41905712261948,-6.246459697759417,3.073316174263382,0.0,-6.47225359676781,0.4031604350839524,0.0,5.133423031974695
20,185,16.057931387794735,-386.71180673577607,36.11111364364998,-6.467200191579058,175.66972484432492,-16.26842122658257,3.071304198913795,0.0,-6.683432615128495,-4.00185737607117,0.0,5.169938289066385
20,028,6.699038292733819,-98.74901233083042,9.693326022671766,-15.503121340957279,157.80368392970743,-5.122500607690873,2.5942473153726455,0.0,-5.5316857840446225,-0.6626671717485934,0.0,4.324418664180783
20,180,8.011653012086102,-353.8225138078808,29.688836977989503,-8.622680536690519,127.08636731890742,-5.961068959106253,2.775884157964441,0.0,-5.768225231162939,-3.6377833398472923,0.0,4.711174190946038
20,272,24.491962785991696,-387.6866422012991,32.94870436995372,-10.152070590468618,148.86990412245993,-18.232943005070197,3.0850951172029366,0.0,-6.940371079270667,-4.053834838163584,0.0,5.372694095720175
20,140,-6.368010697773274,113.93102044962941,-7.008727044464981,-19.034889799079085,184.2302182693215,-1.5928161785739858,3.438215336686093,0.0,-7.174348755694356,2.6570994186732326,0.0,5.555644318157321
20,287,10.494561401112719,-184.01545393786068,17.00167367769026,-12.183153466018108,175.70394858171792,-19.97038732680105,3.2372562644846883,0.0,-7.656015807745501,-1.549977783172987,0.0,5.8726769804845045
20,082,-17.926321526739017,387.0342556088483,-48.310931646728974,2.2204244918996343,88.98381484708753,1.281060358054046,1.4894774695267208,0.0,-4.244294407443932,5.617850165017139,0.0,3.384224587388151
20,110,2.064667240633579,-69.44217591827417,2.706300998519188,-11.230481992786574,108.27655571791034,-3.306366658436051,1.7293440462797152,0.0,-4.170500597663836,-0.4934718190643933,0.0,3.4586794004416155
20,143,-7.9181154976303425,191.79843144029786,-22.56817529639013,-10.779576400195975,136.47649863353251,9.444627439369881,2.6262294661397902,0.0,-5.529951850550541,3.3492313897564565,0.0,4.3333263548283325
20,034,0.39073470486288353,-5.760313928226178,-4.798056519301009,-9.19609988392814,123.5534026513994,-3.290016024223175,2.140560496471819,0.0,-4.73885752532398,0.49196898449653315,0.0,3.9060723388713128
20,101,2.1988283532071184,-153.54245868523543,8.874904633509933,-10.258393190263883,97.74354153990413,-3.950149721294036,1.497377913462568,0.0,-3.8170830875398876,-1.7189194158719572,0.0,3.208502034928134
20,023,0.863849297540369,-69.19078662351144,3.0299466556934123,-13.174603536252413,112.60236773701087,-2.1093319084239246,1.76012395481938,0.0,-4.203775933152847,-0.4353699820729908,0.0,3.5490232150807897
20,149,-17.57904862586419,194.35198142098582,-21.559634459127103,-10.049063975115436,82.6030652031941,4.3692698152659375,1.7797908528682065,0.0,-4.609513058013052,3.2386084116846607,0.0,3.611320543636721
20,201,2.9273343788849715,-271.6927382969414,46.73249216334797,-19.34353582565451,156.8501964128559,-10.319153446825583,3.6260298937182536,0.0,-9.367827506375399,-2.37766784048471,0.0,5.786824749574186
20,228,-8.761309590614559,78.3890336598358,5.94122434685584,-27.772599662946778,227.10529767153108,-12.706648533624012,4.2819258917822065,0.0,-9.153045388808126,2.544261368960771,0.0,6.855775112513843
20,306,2.205638063449896,-5.728366552038895,-1.8897925599194463,-12.484906756571348,203.94013974872956,-24.308118061838762,3.836440373287449,0.0,-8.659857790513957,1.1527087221130232,0.0,6.648372813004167
20,310,2.350636581666664,-67.90698454200506,11.338532456056129,-18.95740771747283,223.41235426283853,-14.199638772199929,4.393453086557184,0.0,-10.045620919233002,0.6054712912224667,0.0,7.44925818943698
20,200,4.3811095089522745,-248.68778455679666,41.677876031771646,-17.442177074508322,182.33912232942373,-14.772016638918156,3.7801638107842774,0.0,-9.088605266130676,-2.012258385785969,0.0,6.193301377077448
20,298,1.766952364032699,-118.96680293626163,21.17583294134262,-25.727756623299573,215.2165982513496,-22.575146950983573,4.186626112248107,0.0,-8.762220536232554,-0.3878252983372841,0.0,6.594261715016631
20,184,16.65913065526516,-374.043425715949,30.62093004404453,-4.187425828715509,142.0166353807384,-9.884596691645193,3.0076823303671967,0.0,-6.920088783306235,-3.91159067865551,0.0,5.099418320318523
20,336,-24.120322790427952,397.39236710879214,-38.857314194313595,-14.183273789971942,194.0405179395138,-1.1493416153298908,3.6088742731322507,0.0,-7.038762240210434,6.240906267685546,0.0,5.377732235614708
20,074,-23.29513973976901,304.17047024136156,-30.322470212641136,-13.795758981180317,128.98111812890664,6.690096434643893,2.5846989267872393,0.0,-5.418264987649292,4.837415091667702,0.0,4.164907649665822
20,255,-38.27448996898728,437.20851183164666,-38.44642979183989,-21.434317500994375,209.68509043764183,0.9391303520882124,4.011135306948246,0.0,-8.10229314464068,7.046196779877264,0.0,5.828876742861402
20,246,-29.38806188184585,412.964649975966,-40.937617706346224,-26.634031372450362,205.11239771741262,-3.991770501879226,3.974525233294548,0.0,-7.757346913689493,6.502793335684717,0.0,5.632461405376991
20,234,-15.079458770519006,213.1638538417768,-13.631192781320117,-26.997102720508742,222.4984860394771,0.00917355228125949,4.312474160525667,0.0,-8.683182607555276,4.331125706698919,0.0,6.579568541205932
20,124,0.3798507650194639,-44.80643819331166,0.3255924719503207,-16.837294085183185,186.75838004548982,-9.821393821819306,3.384772994201883,0.0,-7.020325744158033,0.32851870820891604,0.0,5.4024472783253925
20,199,15.53711036965297,-222.05955123179024,36.759017068147756,-13.192293830467532,168.1284687683334,-18.06863575104054,3.47558499272058,0.0,-8.493876743845926,-1.9899995420902015,0.0,5.8576725889713686
20,279,15.554578203389207,-299.766351806986,39.9405171801987,-4.375894055577692,136.09135979748285,-19.888610297789942,3.146044434896675,0.0,-6.66937182409351,-2.950142844511594,0.0,4.88477127394865
20,168,-12.011791482374537,373.4031567877234,-85.86682611746696,9.268662741234984,79.3529299474057,10.445072446448279,1.4730334708613937,0.0,-4.281958747221285,5.434914713777877,0.0,3.4532533715747773
20,111,3.792471535347139,-65.08111237850446,4.703493311393784,-11.25382779860647,130.3827163285932,-4.970830719533995,2.161971378119499,0.0,-4.610447062955267,-0.35338448223599495,0.0,3.7986092933353284
20,039,-3.1807594289852803,36.200979994011696,-7.709261221163497,-7.559747862464309,79.73983283689847,6.112964402374235,1.4134693231337834,0.0,-4.080197824044808,0.9770845935649689,0.0,3.341942138974405
20,333,-21.09768841813707,308.8820546550495,-25.18281497069067,-14.188676555145209,209.6353520884791,2.407183137615811,3.9505452249619273,0.0,-8.103217627750789,5.5258052645876345,0.0,6.133750167156819
20,230,-13.258765222764442,244.42213385264373,-20.209815622981548,-21.228927963026123,208.50028762887035,-0.7543900677802169,4.0108800498956345,0.0,-8.06794407607223,4.466624675391378,0.0,5.9316791962742155
20,068,-19.292717221008388,286.36923949770164,-24.872928990915288,-16.04202134064556,173.38418510234706,8.208407724857118,3.2651441815240227,0.0,-6.41471161866957,4.802240673995701,0.0,4.9902557965389125
20,147,-10.298862801847001,224.6330915414681,-20.28573612487225,-13.566192261716768,191.79285818363516,1.4341072103272747,3.6340793130485194,0.0,-7.18760370585733,4.136886632181543,0.0,5.33435495226623
20,038,-2.835303807061108,-5.32287852963487,-1.7844594442394683,-21.42739484500473,194.95404707319307,-7.4394170412421206,3.6823298779075078,0.0,-7.695433716870798,1.0650464449842365,0.0,5.681184733435975
20,095,19.980028404471476,-303.15950441315215,30.675077462336482,-12.323463345391257,120.69145091263543,-13.003703739843367,2.2510688979741125,0.0,-4.5670824265395975,-3.4253005301164796,0.0,3.683573932185501
20,208,6.824108391621837,-135.76244687791183,14.440099994119109,-20.990905975986326,206.9909729494184,-15.623326529386798,4.068503471276299,0.0,-8.709257485965098,-0.5338897483664384,0.0,6.615157805490834
20,261,-37.00971899306388,749.8436782162163,-59.97449120167279,-5.492416437738363,253.83035494780475,19.40303203305419,3.4587091393362206,0.0,-7.210854844271376,9.914751611465574,0.0,5.1022948345900625
20,340,-41.88731422799895,416.3797651178546,-29.755521280129607,-23.903260895096206,198.5405968827185,5.000422059955037,3.6971981512204364,0.0,-7.518123413922022,6.652797695761031,0.0,5.494544013567083
20,206,-5.471046568522648,-69.31769591673563,14.37638973130552,-24.02897956421481,209.25841160223752,-13.595026126993554,3.9917793221716993,0.0,-8.436355671580564,0.33953854682585827,0.0,6.028290630226324
20,121,3.56069504425918,-4.076740801208872,-2.7367001179747428,-9.580351871249224,145.53152151199663,-3.172928132730595,2.494984626650735,0.0,-5.222863688331344,0.687176810713318,0.0,4.206482136092013
20,179,23.338726515537857,-342.61208286194704,37.28408723802179,-7.780951089904214,107.95464139418868,-8.987769916876637,2.5631578610367587,0.0,-5.498774328806573,-3.4516254384576612,0.0,4.540298130546697
20,181,8.19797997690644,-350.7309604578641,36.45747011238167,-12.067753103148892,141.38962942039757,-11.516018851759632,2.964321718364606,0.0,-6.025149013567147,-3.7320895978469046,0.0,4.775773383274779
20,137,-6.29649773875558,134.11256533512454,-19.634799020398184,-26.213981793746576,171.20066373932292,10.106008558356713,3.3014106483032974,0.0,-6.624207693211916,2.8412733232400056,0.0,5.126037918245502
20,308,-12.35112866144812,-30.825630973221028,5.735126539225082,-28.868008696750312,206.72121815619764,-23.07956581573166,4.176899553536535,0.0,-9.299581859963887,0.9899925241130823,0.0,6.853221609405903
20,326,-2.6883170429813594,189.78018993392143,-15.203945609881103,-16.998006968970603,215.806750338736,-1.2386333831764302,4.131728566574207,0.0,-8.44694262360989,3.9409704599245465,0.0,6.393526782549422
20,146,-16.385065809686452,211.95694319141563,-12.969340424405514,-21.698557608542206,178.56460085173316,2.3936960778173892,3.5027041455618115,0.0,-7.229162310002934,3.8275937082020457,0.0,5.212257316956903
20,304,-2.9453116623660613,10.736832881457149,0.22786767936870633,-17.818997268946664,190.0072928076552,-13.662366962391037,3.642491107422151,0.0,-7.956421399083539,1.312587134554107,0.0,6.050360823921121
20,130,0.9791705890045279,47.97323251253789,-7.520508737979014,-15.353897386227175,178.84275648379383,1.901457344177011,3.2666511406477374,0.0,-6.84104794290554,1.5818950226345792,0.0,5.158253214539153
20,297,1.0740904687822423,-85.19755089442062,19.41371146404502,-18.331094041850573,209.7580256213473,-28.027538396463584,4.197736194103432,0.0,-8.700923186008568,0.030105749396686754,0.0,6.394353731321671
20,087,-73.18463764919463,606.1836393842462,-53.827592530429115,-18.943357784316824,264.6020272409004,21.20109637866182,2.9114743935351663,0.0,-5.857467807626765,7.289263915906535,0.0,4.4990840385657584
20,189,13.242789966119625,-283.12550085185995,31.455262540772928,-9.287635393325662,150.16870874703417,-18.314099940808106,2.90024440364189,0.0,-6.00779134738567,-2.80102185296471,0.0,4.771469738401498
20,346,-32.548095136300276,697.9105262661188,-72.69331655241426,-5.104266577414353,231.99596101437987,13.67667216014353,3.1582218620753704,0.0,-6.733092198795051,9.17108719169242,0.0,4.806607082695894
20,286,0.5643967891737365,-166.45689071628752,18.32473364246978,-17.415287141829534,175.33754114705295,-16.93047365695967,2.7432593126026363,0.0,-6.2167786183520715,-1.4868739818303998,0.0,5.276167257365057
20,178,10.418360342619964,-232.782245303409,20.85911852276485,-11.053674926291016,79.08733459384372,-5.529954577833882,1.4449108542881322,0.0,-3.7637555178790993,-2.546708238726189,0.0,3.182830910086866
20,348,-59.168088599909446,739.9666911284909,-59.531454591888895,-10.651562490561556,234.50592460366363,11.479141398528569,3.6044300737586115,0.0,-7.8569335567217555,10.301629376043897,0.0,4.989414949396993
20,118,-2.7847215784746586,0.5720020735392761,-5.6905026976845186,-8.401975264672501,87.01113540789447,3.27090166871855,1.4545389966592601,0.0,-3.996447697128225,0.5238518184989969,0.0,3.298791008320624
20,239,-23.598663348117203,308.1357631901472,-28.930733797518158,-24.837380480200814,210.0859416719898,2.100586202474191,3.784229197157318,0.0,-7.932455233319645,5.515794388802198,0.0,5.864510666020866
20,242,-26.40822078225313,336.9583104879702,-28.439669141592063,-24.306975517520463,224.99692436525817,1.425381591122994,4.440302663657503,0.0,-8.88630125906054,5.78374592768332,0.0,6.216038197174324
20,245,-21.084228004175067,399.80338868729734,-42.42091480278169,-11.742645871276352,194.16077917284298,0.6648264331127511,3.5806066005458184,0.0,-7.208477798984204,6.495205648386589,0.0,5.281711775315392
20,097,18.246081588433643,-312.5175983048503,31.34687128136288,-9.436110765887072,125.11877280387117,-16.521780099673673,2.4086181172061845,0.0,-5.4189462441622345,-3.4033743537187746,0.0,4.374312988730092
20,059,-13.1229863213401,195.46442057010447,-16.104686181489168,-16.80622770655952,153.86108940224102,-1.4478760890628015,3.067711393414741,0.0,-6.30689890101782,3.465387867786155,0.0,4.866036610313992
20,225,-1.8378852634260188,135.79181552350605,-5.792548596617529,-20.238627202083375,229.76270729898349,-3.8922244522596134,4.360496305000087,0.0,-8.912038017620015,3.2559703200926675,0.0,6.700656498065476
20,318,-11.981103404675011,92.24084373478738,0.8443107911886369,-28.948258355058158,226.1803173614518,-16.716572384503376,4.2446176927434065,0.0,-9.13704050572035,2.6807294272801356,0.0,6.9150771132696445
20,195,30.112079646577868,-307.42757787421743,35.72913411741339,0.7480597351218572,142.51910743303807,-19.92182114171863,3.011721568322227,0.0,-7.145271903531787,-2.884032941113824,0.0,5.4977258260810755
20,280,17.226877675878242,-313.3571747825733,48.07602443309743,-15.231262734711889,153.5658086113844,-18.0208625929821,2.951250915826999,0.0,-6.929427393403422,-3.3161187314855307,0.0,5.146789929673477
20,278,11.985978144514975,-280.95007363346144,30.005881659080146,-14.250736545825298,154.03394460614118,-16.5284878948499,2.939223733572449,0.0,-6.116026095145056,-2.800676731830632,0.0,4.715854004736972
20,276,22.52992492390092,-411.02981686818595,42.66447732825638,-15.659402633206039,142.4150178109286,-11.56195665342051,3.3428373009304577,0.0,-7.579798895964437,-4.221184193313694,0.0,5.724531417941137
20,170,-25.57602232343941,472.43420926523453,-46.27195511719748,0.13673433430386683,110.39942353106488,1.370464234847426,1.9984706516022601,0.0,-5.071277026903012,6.653791095695967,0.0,4.052801468366568
20,084,3.331240680962397,488.48568516255415,-54.15646369135954,3.3194670609955628,137.82631679530715,14.617476865002839,2.2157432703906177,0.0,-5.11118016525293,6.870941070033364,0.0,3.86717849457164
20,035,1.9847910523431411,0.032651435875640504,-3.0562857315967276,-11.180053712282204,144.31634709670593,-1.8090976909104937,2.4819835343345806,0.0,-5.242330667216835,0.7018909713996473,0.0,4.2426140669920605
20,091,13.939283749902124,-230.43729621698336,21.591376786976408,-9.9545223698669,60.40476711461453,-2.3601232240626615,1.3616270935359727,0.0,-3.7424215942981087,-2.4682947450323303,0.0,3.0904872746770273
20,057,-10.618290610967197,165.75401486273327,-16.40051431794422,-8.844540511872694,106.73441874542313,11.183843660116086,2.106340783820642,0.0,-4.811328823635435,2.9603679953453743,0.0,3.9243662775849124
20,069,-15.973554505431,290.27189220241996,-23.848669236430958,-13.279509639184024,176.15372646116367,2.826898649735498,3.384573380246261,0.0,-6.643388671781893,4.939226237541946,0.0,5.0784876221219335
20,133,-1.3513148411141493,89.69831467120103,-14.459848971954305,-5.383366377139967,81.85000374663575,5.28605544580915,1.6472132494599026,0.0,-4.388998649177181,1.7985876110891876,0.0,3.5541954197602315
20,139,-1.6021940584963676,144.19853826441837,-14.749420371978784,-12.649329919282179,189.37594532045281,-2.982717125048958,3.588653744031982,0.0,-7.359144987378213,3.1121051917172524,0.0,5.549672218853385
20,332,-29.757020819176105,293.12560903237903,-31.474393244322446,-26.884895648470884,194.02268305671637,11.48245052352096,3.8266520601863703,0.0,-7.777278849532867,5.182219033686952,0.0,5.817948057018381
20,271,18.625029230480287,-381.67780036803157,50.57320421597912,-8.471802188962425,128.69871899574457,-18.481131289306717,3.0184283256585274,0.0,-6.6292096525663995,-3.9939084843466395,0.0,5.232976706249357
20,052,-17.610828634623445,154.91261634337542,-11.201475384119298,-21.782921867989266,182.83870299896896,9.36805316573965,3.58567660571358,0.0,-7.133457225927532,3.2929064922039872,0.0,5.189462964373527
20,042,1.8883283833159763,58.88252338554065,-11.860229214100599,-9.065197316891398,144.94217190618684,1.6711748909371038,2.614418069651892,0.0,-5.395763173323975,1.551410093669695,0.0,4.424241719626975
20,343,-17.700461532436094,443.4362042141616,-36.995315672716565,-15.015543373263101,223.16655975055184,6.642992276422327,3.922454496721404,0.0,-7.8458580765541885,7.092475942252253,0.0,5.838764678072844
20,115,6.408252518170348,-111.88891558873776,16.090533386080583,-12.75186253351147,162.88331955257644,-19.228341566659303,2.6341609197837506,0.0,-6.113015664343628,-0.9430297287064722,0.0,4.844683732017114
20,060,-9.672545871531678,207.51245621039868,-13.867720092731636,-15.924008587804106,173.9102033436681,7.029329244345537,3.1689120188373177,0.0,-6.31831310344484,3.7638427680571773,0.0,4.965109419901578
20,174,-22.348422998342087,602.1206702278075,-37.762892710787575,-3.0459228119124333,184.271920996643,21.235308621858927,2.8367584661617613,0.0,-6.17698266040818,7.791816515232304,0.0,4.183492222394739
20,328,-20.55320841373906,305.49344365493783,-37.41628792224412,-10.487934472938342,193.41438889970684,10.445436524951457,3.677078951200322,0.0,-7.428094781662486,5.134529362744761,0.0,5.608828533304816
20,210,-6.064576921371156,-184.33094036553277,34.48992064736902,-33.81343292984122,215.38004070828276,-21.981006168215966,4.157478583816862,0.0,-9.197962729468593,-1.0958523263327489,0.0,6.689745813909694
20,191,20.740346236190312,-321.52315480591085,50.044158711535076,-9.789759209828722,150.78407133236297,-21.73571726782281,2.8699593905026015,0.0,-6.752515347283721,-3.33978763648608,0.0,5.106445901071329
20,076,-19.111599920994706,364.6336516986698,-33.73254905793203,-16.655900300909266,159.8174731663989,-1.144779811603736,3.103898701156472,0.0,-6.445534001376897,5.716574620881595,0.0,4.922709629504
20,237,-23.263181865994305,313.6262394232271,-30.84438590716896,-14.191272335602976,194.77401534719857,0.6676429423093033,3.653546272714804,0.0,-7.569852477336955,5.334307776470599,0.0,5.5400985643237
20,294,-2.5984503972990542,-42.796641136603526,8.699329217138892,-21.704722608108113,201.5133346817952,-21.93990639552397,3.572481764252208,0.0,-7.50912223807627,0.5399997369648655,0.0,5.681602556301364
20,176,-57.5471514604625,625.3286484900757,-34.11557338030253,2.438207700499964,185.26928371090463,22.836141981010403,3.017705666681029,0.0,-6.5742695947530425,8.539701039546637,0.0,4.480758997112192
20,197,12.195442642412196,-176.02407937200087,22.646588423933377,-12.380600188638079,171.78998286246772,-16.66372143621149,2.8980521256613847,0.0,-7.053764360905321,-1.7287062150968808,0.0,5.310794973074815
20,044,-3.2280532628518275,66.32155907914411,-5.141598967896667,-19.02680403915476,181.7560059974486,-10.245907629984806,3.4426601496118847,0.0,-6.965251018828489,1.783143644839947,0.0,5.304042323693234
20,027,5.237830671776605,-81.95377943017064,4.9322791832400075,-16.432692870062837,143.49463555437495,-1.8657857810305094,2.402104938903891,0.0,-5.101922301767318,-0.5134321621214735,0.0,4.061673421981475
20,018,10.198869568376285,-237.15513371195354,24.757460440091386,-16.755863765013256,157.5317151402371,-10.516813455288705,2.6936575939614658,0.0,-5.51538652679944,-2.5449675804822496,0.0,4.248041229829056
20,171,-36.84345020991043,532.7954285220195,-44.68566014163409,-1.1672978913698295,139.02062611533015,4.567268515511891,2.468499967504449,0.0,-5.736265577838212,7.669623224261585,0.0,4.151726450372518
20,211,-8.91374721111854,-192.65395708787293,41.55104588243024,-31.260155509963383,198.70987505064448,-21.31856819236848,3.672218857627254,0.0,-9.681795984622237,-1.1714528963876276,0.0,6.610759976665933
20,041,-4.685421712173187,44.46514886518389,-6.780641461502814,-13.354064037664438,123.89203018821628,3.113635710069567,2.1847992975008053,0.0,-4.900207674050976,1.2671217634265746,0.0,4.022928159075482
20,090,9.653489602422269,-213.4473142240661,16.25341295112409,-9.831788682267808,68.3465535001716,-3.5557006714153743,1.096590411040716,0.0,-3.5978439313666684,-2.6054384206207257,0.0,3.058656647610247
20,214,5.488853192411075,-13.496652652527128,1.6496346304456702,-12.447977739339766,187.47131187723605,-18.33372234668689,3.6594265826212773,0.0,-8.334226191787089,0.874960324137166,0.0,6.058785534614342
20,067,-17.293739841675453,254.51185133681756,-29.50718515534476,-9.927322904093936,150.58392839108635,11.700227258949687,3.0554937130139797,0.0,-6.276773735724277,4.231189254649413,0.0,4.77311103026424
20,319,-23.651524856810653,82.22599996270779,-2.014528245048969,-34.89741481513689,231.56507600381104,-23.685375686039826,4.487812362157413,0.0,-9.212311851326481,2.595501436533542,0.0,6.846656939924016
20,158,-15.062774107603474,267.4751105131759,-32.536706246292894,-7.018826053795343,102.2989837011525,5.543438585798961,2.06591033178778,0.0,-5.0927889979284755,4.358908897298974,0.0,3.8864280064510046
20,126,-4.30763323037309,41.32342924813996,-10.634812003651337,-7.00479677536078,98.91486198000985,-2.6930193920378667,1.7703302511265864,0.0,-4.402214013538733,1.1374764931199322,0.0,3.678501119527888
20,320,-11.253569375887594,238.31483912463148,-23.172874679589867,-19.11152761241429,203.36981148438875,-5.793985909823901,3.9204107614671293,0.0,-7.817010841229094,4.428896262844974,0.0,5.923006525794026
20,235,-22.730592760428234,191.32066182117515,-9.858635569647367,-36.04412411918091,210.98323220978614,-1.8623084743059533,4.150058710162474,0.0,-8.617528832965375,3.9699365247645666,0.0,6.474291443254682
20,321,-17.889731744347557,222.81000016061495,-23.24334947959034,-17.837017888131932,199.76727067631356,11.633308347426357,3.775924290836701,0.0,-7.952155262115517,4.404007010912964,0.0,5.620490986161818
20,108,3.417449227054474,-57.01517496817192,0.46692813626600327,-6.2090420313536345,72.92419617458226,3.6597643149460133,1.1967537540432358,0.0,-3.6403146621385063,-0.5003264555630128,0.0,3.0504932991216895
20,046,-3.6645532849556326,51.18004900131675,-10.634146881981934,-25.128399283138545,190.94542902134975,-3.4459464850919757,3.4555884991215393,0.0,-7.562265471011199,1.857288941218733,0.0,5.814196154355859
20,161,-25.624531318778764,369.9829253104331,-35.51314282315881,-3.27468113599302,171.52410728308723,4.483981368179656,3.244228411297551,0.0,-6.40177459074181,6.0868133108271305,0.0,4.99931132088685
20,033,-1.5672052922779254,-3.4880665287177712,-5.457980164961662,-8.55142485124955,105.06479486025879,2.8048751889874888,1.8068498676738027,0.0,-4.47421478781219,0.4993115713743064,0.0,3.6380598768981667
20,010,19.595655589517154,-325.54919264154574,31.90876648255219,-6.492064012521249,127.36871371742966,-15.38589044702488,2.5478207977136544,0.0,-5.567855178118657,-3.6203275105028703,0.0,4.282967853453006
20,254,-23.919187893293795,432.20638117757056,-40.14026704840069,-24.338035752411734,210.726126093282,5.710424580928036,3.895613923335813,0.0,-7.895089760869026,6.8899446582736275,0.0,5.9112846856826256
20,270,28.20188369472859,-363.16551937330183,47.33314097406068,-12.746145279938865,140.36779257754554,-18.443723500489682,2.9312383685873598,0.0,-6.837142218573822,-3.7964969654314418,0.0,5.1953921444636455
20,104,12.408138069278465,-206.70596121105902,16.02412815117272,-11.81998811301024,140.66733939611234,-7.6638958119933225,2.33934905892914,0.0,-4.663447582518296,-2.015656577246855,0.0,3.7735152337902487
20,055,-5.570651715939257,132.0521726336113,-20.258529054989914,-13.128015204590007,193.84705875239544,0.9907161317468676,3.555790246600271,0.0,-7.15860181022795,2.985724617066265,0.0,5.58932610206485
20,144,-7.18716525405472,198.39568687448997,-19.409028967323348,-9.81219229441988,150.63507372420216,1.6580585856956578,2.952531985699327,0.0,-6.004405728148587,3.503760376281802,0.0,4.8442642352971985
20,015,10.121418715891991,-188.0941146670723,17.63744581948665,-14.713728108222151,130.2296186607907,-6.962560193556653,2.125172660343135,0.0,-4.285905949911395,-1.9427546677701557,0.0,3.547393006523784
20,309,14.975407439759715,-85.67446358046762,8.91284780693876,-22.201691696670814,205.87277716368806,-17.139299280484206,4.031748112470925,0.0,-9.304009933308324,0.2666699068628722,0.0,6.700927370798801
20,065,-11.975287065331733,220.5338575810468,-29.548881288347452,-7.2681160345723885,109.00246290971977,5.034629078272735,2.2608268655218584,0.0,-5.18781698879901,3.8071804117840884,0.0,4.000751743942576
20,325,-12.151037555172165,203.0795433130312,-18.228802682354388,-20.887712619702988,212.06564221929344,-0.7145333395516626,4.3142425830378635,0.0,-8.886183542154367,4.143445356922936,0.0,6.465907555597398
20,219,-2.9470461354478394,-71.54587779879684,12.14026033416872,-24.127746908281047,221.50681118560576,-23.42617912437253,4.744394022284788,0.0,-10.348368397033394,0.42582093518350295,0.0,7.277060430445527
20,070,-14.58701960204781,275.00270648607767,-23.51101862796246,-10.72022662986082,173.77395882996845,11.385334028928893,3.36394491724306,0.0,-7.263511954323776,4.665861959744758,0.0,5.407355966253469
20,160,-16.689817124824618,319.6096132425199,-36.55394259023838,-6.908603466585557,129.97715374894452,4.224575963697084,2.642068374552012,0.0,-6.111193880761598,5.215530069844604,0.0,4.614317914322324
20,061,-13.381354554887633,212.33150328677692,-22.5636492922244,-11.723678431289908,180.6303255666076,8.84207972035676,3.6459991929602307,0.0,-7.330196184008541,3.9324047265818347,0.0,5.467122346387881
20,342,-27.649796217253638,427.2030888566148,-42.46917710621305,-20.888780064217485,211.70435507983228,3.427856316431426,3.7994076799876613,0.0,-7.828507725507905,6.943642911184349,0.0,5.7564126698101745
20,112,4.145188918072498,-80.41726974618413,4.9235408491011885,-10.503001002514548,142.5010109988186,-5.8523818694471705,2.347824239223294,0.0,-4.839921287709198,-0.6208951906611633,0.0,4.0029017114904555
20,004,18.419967206355853,-266.8395432704841,19.19310766516995,-4.926187177479902,100.96072341599206,-10.449306250997724,1.9657375457627477,0.0,-4.308411659056015,-2.813740677290393,0.0,3.6134161402992007
20,338,-26.39749174622536,424.4640228057805,-44.02028058547971,-15.402462127454589,210.42029672322855,-9.957772993320868,3.9408207253898357,0.0,-7.7105191483588005,6.932823595719017,0.0,5.518490785492211
20,138,-5.9957288993782925,137.47811461854516,-4.590853791318308,-18.05314815501547,177.10068328052765,1.445872232706618,3.335322738619353,0.0,-6.6701581818705185,2.903610754658363,0.0,5.202073084455825
20,106,13.329960615079436,-238.22726262619724,26.068979368061065,-12.503347311933757,160.26254215158835,-16.77161286585701,2.7432716963610027,0.0,-5.297977078346104,-2.6396533810727627,0.0,4.2593662682195195
20,313,-13.198093710925086,106.84878198089403,-13.572813811160538,-22.52112670845679,204.1656363271556,-8.727631815834815,3.8981332003629126,0.0,-8.31888037929929,2.7128607023448637,0.0,5.9628054229883
20,282,16.232955410125182,-330.2530027517583,35.598908355492,-13.69909718083501,165.13460638223967,-16.01769940258189,3.1650823627112556,0.0,-7.1542425309082525,-3.4085198384339392,0.0,5.46777023265666
20,088,-47.03083438178676,620.3467515007898,-49.507944194219036,-5.250102649247177,181.19122237354873,10.382515083052757,2.9776309926678373,0.0,-6.515442656238305,8.134754500407848,0.0,4.389618374784121
20,330,-48.88244119625479,287.89677634790485,-26.40958429134355,-21.65964281385807,178.72775703959553,-8.55079344928167,3.6209537297618293,0.0,-7.481640170320248,5.106476168807761,0.0,5.757073374912796
20,064,-10.331334599900408,196.35922544281587,-25.617589675156246,-5.263952303704919,82.1800150101877,5.229892589386946,1.739092995926082,0.0,-4.581449895595962,3.2937991424252573,0.0,3.6187961896122243
20,311,2.08318232452762,-88.45286761620883,7.119754097978106,-26.081723490689882,230.81378397081318,-11.76854510123591,4.57312778082128,0.0,-10.786450342016398,0.35647622612058827,0.0,7.256711508262048
20,011,5.167961154341332,-146.2496582404121,11.120999008362555,-3.555430591231543,68.40595424516842,-8.051671788715842,1.2427070663836117,0.0,-3.6951550434384637,-1.7252778633011778,0.0,2.9809985184967163
20,045,-2.753263282019381,52.927654137553546,-4.794887314678101,-16.56308701336435,189.59808521292933,-13.493982210044772,3.5591888208227136,0.0,-7.228827544906164,1.7009028302978908,0.0,5.714363599655543
20,281,1.491971028063178,-336.6010715873984,36.35349342858114,-16.427819086699266,152.98985613579572,-13.493156316936552,3.2170869255643675,0.0,-7.458536173779718,-3.430452469684239,0.0,5.356386229251329
