racket_angle,traj_dir,spin_before_x,spin_before_y,spin_before_z,spin_after_x,spin_after_y,spin_after_z,v_in_x,v_in_y,v_in_z,v_out_x,v_out_y,v_out_z
0,037,-3.6094906145757206,36.95523248482924,-8.709030161724067,-0.8699284871396987,11.376757727760253,15.675010567004113,0.1416014384277352,0.0,-4.865984111510488,0.6438408166180519,0.0,3.308378381492669
0,053,-14.571184978181833,159.11756895505667,-9.409187752593953,1.4126567793917415,21.166586505907944,15.657093145397988,0.3760369034030264,0.0,-5.2781639569895935,2.2513546218481513,0.0,3.8254554197454036
0,141,15.23408912597381,-165.22043895712454,10.899743917532934,-7.643836262333504,12.628079456013008,5.883667342150281,0.32899664581377425,0.0,-4.559870129465437,-1.9488004123845304,0.0,3.3282073432152215
0,154,14.507511859817622,-117.14690447079919,13.091870948492993,-5.591766135513754,37.74182345016249,1.538037649071092,0.570271302534874,0.0,-6.583381470939491,-1.4520497074314418,0.0,4.445447481283015
0,003,20.643892111541813,-241.85466748865193,14.76520198739658,-15.336201189778377,4.172412092045508,8.984040944487415,0.36351444511405323,0.0,-4.217470446837425,-2.754596097432299,0.0,3.3084544473609547
0,048,-12.61404917361389,140.84225125504844,-10.37824233804021,2.51080084646667,44.23567268989344,20.21060716255813,0.8349826251335914,0.0,-7.168571247540224,2.2847562783598536,0.0,4.871522094285714
0,152,10.289617944443632,-72.64831701402511,5.110957426447253,-4.643087946362841,34.006419868110704,8.034350520056597,0.569112281347333,0.0,-5.3124310502382714,-0.8365725299657242,0.0,3.8618057007029205
0,193,-25.309653477857626,248.89678091468676,-18.785335530807775,3.493600277124229,34.72503346882639,12.770116367464844,0.7279168066090207,0.0,-6.173315234481695,3.565768875191613,0.0,4.486735494142609
0,249,-12.421162596310035,83.57359680715633,1.1642611933437519,-7.693487819541342,34.056550382182245,7.071812439239634,0.7927085964286821,0.0,-8.06292193431975,1.4773148490569674,0.0,5.3836851795270375
0,221,16.52724870880274,-143.85312008762378,15.929637823619547,-5.159249787529331,35.997137922090204,-1.0395450840342497,0.40450889216686853,0.0,-7.643907722787606,-1.862780769143741,0.0,5.175529855516273
0,262,-39.35068075924562,191.21799047990731,1.3582025828574253,-7.598145083557355,28.39725352303638,1.4937174446287538,0.6389258697848862,0.0,-8.75596139774671,2.580604050089024,0.0,5.413715539385848
0,222,19.28154982172293,-175.83152485168887,17.46404130710912,-7.963200991342515,34.16839382605128,3.6572977092167567,0.4476508590556936,0.0,-8.327523386142717,-2.4331815709406404,0.0,5.413249049007953
0,383,-68.44950268318466,622.5485146988474,-52.603028074275805,-5.26390106617648,46.048305173066595,8.44822117729003,0.31354968322086646,0.0,-6.874077816509016,7.947087252660503,0.0,4.898334485009548
0,335,3.287933191085816,-60.54990335537994,17.194552003993554,-8.880407770520346,28.80294732684699,6.813648024579416,0.4317407909613914,0.0,-9.708045795263244,-0.7626148599388127,0.0,5.913702425183274
0,371,-46.16253623989191,424.99079462407957,-24.297480340158277,-1.9403907077677172,51.67926509850978,11.841062884797504,0.9412634184459886,0.0,-8.728973378026735,5.878006289862112,0.0,5.913025457350933
0,205,36.90496338017236,-362.2626873116452,31.9154555245634,-12.556110536072993,26.166774050749197,5.883058780225442,0.48433874583473396,0.0,-7.016446250782595,-4.686515451265717,0.0,4.797543267344425
0,083,-48.50048949695342,427.0346438248365,-31.136491459205043,1.2077836153687411,31.35833402162592,6.953255734341624,0.21920422546232146,0.0,-5.046104936458157,5.437927212440046,0.0,3.7164673386155416
0,223,30.360507132577037,-202.23469531155806,12.571568146662907,-3.2092057835219383,36.22213892881532,5.319934838387222,0.19387872337981005,0.0,-9.000976115841949,-2.6688986798510417,0.0,5.595972132410935
0,127,18.80234707809429,-214.76511644986056,15.05626182648235,-7.367459495933428,-0.040837013099543754,7.767210748382094,0.00621928186606283,0.0,-3.6778913624989356,-2.6966630783740393,0.0,2.8336405566982172
0,188,-13.066149160279043,186.08571509562324,-10.372615756452808,1.5203657821368641,40.57527159813719,7.150375285387741,0.7609617152427873,0.0,-6.930492776295849,2.9730616852120457,0.0,4.85735386236924
0,100,31.27374113071115,-303.95889183862386,25.199544553275523,-19.18367181555517,26.492878912839387,13.326971515536142,0.5150595099973029,0.0,-5.677385376762987,-3.8204101401456896,0.0,4.1153937046827025
0,014,11.535460493230083,-207.63378766882946,17.01955230663569,-15.508813934679923,28.470363756354985,12.803842496488256,0.6211681425249714,0.0,-5.1370633932592735,-2.4159850030228847,0.0,3.81220261171717
0,173,-0.1399041258921721,32.166871230808965,-5.393560810143502,-2.55431787833592,35.7184473429273,11.107536948278803,0.6668641995639019,0.0,-7.671511220042728,0.6658678450444121,0.0,5.1600994671828495
0,002,23.13136576249767,-220.82052804072046,7.6820610015901085,-9.55877481329573,2.3718509391351303,14.492393461811858,0.1328685418680472,0.0,-3.940274785217655,-2.653047700468797,0.0,3.0023501494523597
0,099,27.901531175803182,-296.03239736417464,16.481030282849165,-15.830037769888778,32.35278686735844,8.003638136615976,0.6866264543240802,0.0,-5.4361943502705,-3.545600144556442,0.0,4.049226205158448
0,063,-20.35667193862166,261.8033661468775,-18.03100913074989,7.448566735057927,38.12659780993237,20.207692979630032,0.7798494014597956,0.0,-6.643003027905106,3.6963903338952315,0.0,4.73645720979424
0,024,4.485049936128221,-82.83494600379771,7.470047616503641,-9.722230487384985,29.99703551820588,16.03450683714417,0.5240630543029005,0.0,-5.316624506538805,-0.9455119427072134,0.0,3.7429465674916087
0,166,2.04605999711294,-51.7655507145271,7.680930989245424,-11.441763249523829,35.278379324251944,7.668370058330278,0.5123537461088795,0.0,-7.016620752867338,-0.5270218823971042,0.0,4.853477752766052
0,290,-91.6178038019766,787.0022753514671,-51.47431964517873,-11.40310013847882,126.6806521036622,7.790675728409977,1.2481993359835606,0.0,-7.927766817262172,9.864626929111607,0.0,5.716741585277757
0,081,-35.44447720420401,333.37050631739044,-28.202057566481336,6.530581929406108,-5.99541881259421,9.886448568243207,-0.5158723258213257,0.0,-3.9797343271966814,4.08247448386064,0.0,2.9538897829272024
0,238,16.016205330934422,-193.86737097479988,26.825414502684843,-12.103973692544328,32.994895882177836,9.14788456121713,0.25487872167148107,0.0,-10.498189619402888,-2.6175945123343616,0.0,6.503498622703549
0,203,39.32692857500995,-344.96031181892175,29.75480148590511,-8.154533387006893,28.104162349591256,7.368534140764059,0.4501615806479853,0.0,-6.943598546462432,-4.4034170694070385,0.0,4.677524039581545
0,233,8.997390936258299,-130.33016051137903,20.378638385537474,-10.690084896579874,39.2986480280218,2.743319920283177,0.4409364127573606,0.0,-9.177112623891922,-1.659835473798871,0.0,5.67849243896332
0,253,-2.116564079373674,48.16612895012571,-4.416251661935048,-2.437715388339386,31.939365785638753,1.755589677798066,0.542669053354672,0.0,-8.63587809259029,0.9673858008183464,0.0,5.7538516701854325
0,117,37.25054781912324,-305.82350797724126,19.277724757199596,-10.403565568355148,19.150984510398832,3.0578668420355215,0.4924749229586428,0.0,-5.65013468876266,-3.785134862827958,0.0,4.1039776684816145
0,323,5.136715667368813,-63.44330057145254,3.7379977428737248,-3.600418709391311,37.04430397579716,3.6246025022797417,0.5118807323009055,0.0,-8.079194691074342,-0.6865454323777677,0.0,5.388879038779115
0,032,1.275810180200088,-4.018028132854832,-3.086745979529408,-3.468458075821988,32.786866002383306,22.041487906457743,0.5496195552560803,0.0,-5.666686932107709,0.10934799981296879,0.0,3.816239921952641
0,056,-11.039492111763918,194.31731430572586,-15.843156026184182,5.877257682646803,39.276116478547266,24.33381661468512,0.8521334848927582,0.0,-7.002984055378952,2.8920697367255443,0.0,4.898928147554144
0,196,-28.93239399997999,279.20160896939166,-29.28230846192222,-2.298354260884554,44.322462424295345,21.768442900597474,0.8855391232990485,0.0,-7.41915710578482,4.144368084888307,0.0,5.101795565510993
0,129,28.745154586381016,-244.55144885617992,13.934225976597633,-5.029764521603107,10.018959399175266,9.258259611899922,0.17541750576189044,0.0,-4.296733077234843,-3.1217560941208222,0.0,3.2478231318060664
0,275,-34.807453801419314,386.1972516645678,-17.82584604907661,-0.15879312980132396,46.1570077452731,8.472312233832824,0.7793512444616215,0.0,-7.576454482992349,5.39710102358837,0.0,5.3413250850995
0,155,15.42082496919845,-147.48956355643787,17.100290166557187,-4.619839357038234,29.31732894482272,2.0169491219346436,0.301442925504459,0.0,-6.884471906962747,-1.9635456572783763,0.0,4.630432369927611
0,022,2.177516917761948,-63.190286342123684,3.3032977288601026,-7.814415928176623,10.42648570152877,16.33988057144518,0.19355371138664215,0.0,-4.6257317592329805,-0.6616942136991849,0.0,3.2072982491173603
0,350,-22.847563177046407,206.52647497858422,-9.523981189274387,-3.2205164966309185,38.76167361674652,8.385270829833994,0.8554283417825841,0.0,-8.86323554648072,3.204450953819733,0.0,5.600722326047926
0,120,17.20349110083694,-227.38957629597206,8.040148815626697,-8.49404596728138,5.0071995426566005,3.851222000528943,0.13449508875843716,0.0,-3.8746688719093196,-2.813931424652988,0.0,2.9628686254752834
0,218,37.19357652523898,-319.80648727506525,40.2228034702166,-6.899324578613937,28.3779471319493,-0.09955877568542813,0.30665178754651007,0.0,-8.104540705835332,-4.130634908022121,0.0,5.547255167770784
0,093,-20.427994978388547,255.22433046446886,-24.090541603378536,8.09042404565388,19.331651809318785,6.183114557241343,0.2979077252804555,0.0,-5.140683314965561,3.55161665021033,0.0,3.8149319483387987
0,266,-21.30628204308781,133.03889009498886,7.483076583549337,-6.672991428148427,37.708523819049056,-1.745230790437394,0.8427132159958416,0.0,-9.343954679476825,2.19223162698112,0.0,5.710206288220319
0,260,-16.468098436363416,190.21397971285293,-1.135672130155239,0.4521444855986951,32.108256084679645,3.5890874156209445,0.7152700042124331,0.0,-8.703375694706821,2.9932253522775008,0.0,5.542176423625287
0,122,33.66832442425399,-264.395145230117,13.786553433326123,-7.868142944909135,17.597989016125645,6.084050493165693,0.46905016941042005,0.0,-4.59958213959413,-3.2960940337309004,0.0,3.5570300105055312
0,078,-70.32894475232646,552.3731043062762,-49.14331055856422,-0.42576451131051285,70.43747184481859,7.765833277608364,0.8049527933151169,0.0,-6.400986929939714,7.200230760948936,0.0,4.7213073194393065
0,369,-38.8153411274089,400.7520077594915,-27.69045744742715,5.993737905115175,47.71343163346579,20.022767280612342,0.9266770151178114,0.0,-8.317147720974173,5.537439972566238,0.0,5.436248799558005
0,177,-14.617005853166596,120.28888430781706,-11.707102282818886,-0.26715075085469875,27.41913323409403,12.418171727686673,0.5223241862689925,0.0,-5.831834822552816,1.846416609689974,0.0,4.204921600138126
0,370,-43.094636160848914,411.0636959829994,-19.5559924377853,-5.856998071256957,46.716310213248704,15.118222861965055,0.8442985222372436,0.0,-8.386604065370708,5.657914704036086,0.0,5.616958423769539
0,268,-29.492232173486766,288.31080426717864,-16.879487874341084,2.523830546899214,42.0914820682524,19.36050755351007,0.8176381288253552,0.0,-7.907362040196217,4.157292998491379,0.0,5.496337954941799
0,303,13.256304223951071,-390.1732369060397,49.1741715865459,-9.70236991622459,25.369474362673063,17.445974750193454,0.4129942470988426,0.0,-7.937391822419917,-5.08453553229255,0.0,5.271734849907913
0,162,1.211328515135519,-17.652228913140025,0.08911715318770569,-6.687928218271203,36.04110762119883,10.288238896636102,0.5520525668490531,0.0,-6.241851167545249,-0.07831088360538048,0.0,4.341891131625127
0,215,36.9218527857501,-307.48814220155776,27.51372488046162,-12.190781365279344,36.91438746044953,7.178134272273832,0.630165725378104,0.0,-7.362186320195216,-4.010298708825311,0.0,5.046917596294089
0,217,28.971789237939404,-305.1074197988915,35.33823002368012,-10.79275712767025,28.06191565166586,4.1457445474688495,0.31537417164548653,0.0,-7.77726858487011,-4.016911519020268,0.0,5.3075367132793625
0,008,23.031885434139415,-312.48330221255367,14.885618622262825,-19.20839451737701,29.832672781632525,14.249634722603362,0.776218539735194,0.0,-5.4979745523370855,-3.6097835459531624,0.0,4.090655742440168
0,062,-20.839653017386247,237.18769546118781,-12.93622413921047,4.353404539752455,29.567163336239783,17.477029491364277,0.6311161375473031,0.0,-6.1018808954144585,3.2672758642458555,0.0,4.340211072183823
0,054,-9.547318089950366,172.23914803293306,-11.83643143500008,4.945393769992253,21.40318869139422,19.94355134179167,0.4680012116880585,0.0,-5.833088949109648,2.435740901702821,0.0,4.235397665714812
0,368,-35.07522495815076,422.95873516549295,-38.11803396024306,3.229130552249665,63.91960362215417,15.528496679444137,0.9788470742598261,0.0,-8.04922271544236,6.02037726626183,0.0,5.550766164618502
0,175,-7.431344466099803,96.63040431652126,-5.606132396836478,0.9465354311952736,4.479313105008181,9.795824141414329,0.008184448678934739,0.0,-4.570051333023574,1.3893246059062914,0.0,3.2997724572035967
0,380,-103.36955330240218,725.1682341581281,-94.12330443258739,-3.562468696928085,93.7268493132746,8.31314040672473,0.730918556026126,0.0,-7.837177763531297,9.414655558916714,0.0,5.243911407785256
0,109,34.16902963046607,-315.0215332779572,18.863204408865634,-14.80042590448186,33.524113218359055,10.524520171055235,0.5381904732339433,0.0,-5.697823967501374,-3.8964202453513677,0.0,4.047804026816164
0,351,-17.229648435693022,176.53385684198366,-6.9286719285142695,-0.07884550016709226,25.542183751000664,12.90916855578757,0.6492442820098165,0.0,-8.305042617030429,2.5525446234940716,0.0,5.521961627824554
0,047,-12.929792941414782,125.73165139777167,-15.77984250200301,1.2790407497720997,35.683779209034185,22.01286138474138,0.7022867000656027,0.0,-6.657662571152739,2.0110683934842717,0.0,4.46880640736831
0,231,5.386065279220471,-59.54910314158902,2.4992737330480965,-6.678738808190485,32.7955377961693,12.517257051050674,0.4960605919879953,0.0,-8.126579772035441,-0.6632047329868673,0.0,5.223666834774812
0,092,-26.937051178222074,222.43970367662206,-25.047020244282567,3.882953552069561,5.577950126053735,7.535351380555301,-0.08468371123057418,0.0,-4.725205940467841,2.8691765414364587,0.0,3.3597598468135508
0,364,-26.661836538290192,272.84318641091386,-14.331368196270144,7.9539421756683675,41.746718983455,12.862402209969547,0.8310496197134624,0.0,-8.982445957727197,4.045509997210271,0.0,5.729396356812073
0,096,20.56345754660803,-245.02838891934852,17.28734426947683,-7.346799761411864,12.677629286150264,5.996208439724438,0.30295466088527323,0.0,-4.335666731902597,-2.996283872708203,0.0,3.266105843247946
0,071,-29.918048827987327,293.8402220822759,-28.98698836856049,4.6011432800684835,34.553771796971475,7.477632093050389,0.5288310253340269,0.0,-6.2017780912510085,4.11938359409044,0.0,4.213241387083143
0,123,30.008507332253064,-278.42860672330374,14.838891883579421,-6.435662125901913,29.0673295733518,4.175092237525766,0.5274406713353439,0.0,-5.13351092478555,-3.4868488673075815,0.0,3.871451174943878
0,185,-16.80730557947374,171.3926704179869,-13.8870583479214,0.16452215371943976,23.48720830897701,12.860706879595805,0.5053617829348381,0.0,-5.98273519431943,2.477450952209693,0.0,4.270106998549767
0,180,-6.786630653996653,124.17397628810566,-5.935378709336215,1.3183247556912445,38.526369890111184,2.5750585352596422,0.7711341130331331,0.0,-7.37121386451701,2.057510305303891,0.0,4.965863200232956
0,272,-39.39948455802568,294.91122341377536,-20.466711336826886,-0.2707930188775901,42.243065392963146,14.00388397007649,0.8963651299136883,0.0,-8.78479212540225,4.261032090015143,0.0,5.933264530595898
0,020,0.23911654229515641,-65.17069327189664,2.851400311233649,-6.981096701154403,-2.3696880350523792,14.558388089513366,-0.009696156901090491,0.0,-4.000614310866633,-0.7591862846149949,0.0,2.897996665903763
0,148,2.441063672770488,-51.33166751330895,-0.5679884089504988,-4.607569672181099,-11.809790873391739,11.286588618002282,-0.19453578326546694,0.0,-3.8581334166869485,-0.6467413410596338,0.0,2.7141788759156245
0,277,-37.33700359868108,365.3856338415825,-14.84100874842293,-2.374596696052833,39.323959286240175,9.490587032820436,0.6755266379372634,0.0,-7.979775086260021,5.203231643593566,0.0,5.250952357869058
0,012,9.426942936417857,-167.74921333606676,15.006955930136895,-11.2489944599356,12.034713221968657,14.257126775994317,0.31542733794614225,0.0,-4.500000485386157,-1.8927447224897958,0.0,3.210341350013895
0,082,-41.96067608118638,371.9256882759531,-36.85970058781019,7.878702369775571,1.9115614410494146,7.904116923788332,-0.20680996537415092,0.0,-4.6299763446663205,4.72313412412629,0.0,3.406803117730797
0,128,27.06177155228814,-227.14352624957218,11.010669372620823,-7.351002898725949,8.036876658003626,8.199714236696828,0.15714595389775554,0.0,-3.9594085466687745,-2.846774428739159,0.0,3.0242722993095374
0,110,37.603216347208665,-308.1651697647855,25.846522545607282,-9.743046858287588,15.542945871942239,12.804490698071588,0.31235448350236467,0.0,-6.083966043493117,-3.919071183637123,0.0,4.256013594230711
0,143,19.39516866511187,-201.9080525388632,12.713342734967922,-12.841145188902358,34.451339976987235,10.162041209169416,0.6814962566924352,0.0,-5.227359915343336,-2.336738177500243,0.0,4.0550961490040764
0,315,19.524049143172142,-176.52756619065713,22.461774145380012,-8.54689723802589,38.90494266179877,8.91626029489308,0.37552845919590055,0.0,-8.778584235259954,-2.226275847832646,0.0,5.536663078875371
0,135,32.26886869888855,-290.5518090135355,14.238897423159276,-11.971581061201354,28.073696811642126,5.306208755585471,0.7086545124877583,0.0,-5.061663723969042,-3.3750947109202096,0.0,3.807827603978967
0,220,26.447209881208433,-313.4935051965613,34.19714860585074,-17.508364224495903,36.24900696847695,15.08799301833301,0.41755248924580124,0.0,-8.133665281984578,-3.962606111017439,0.0,5.512033410953529
0,103,19.23868060859794,-213.66422969248663,15.690759886000736,-7.345544381805238,-10.881743289517766,7.188034352055601,-0.09371917750247759,0.0,-3.649747237346221,-2.630101966079534,0.0,2.7897196339409978
0,023,2.373040262234127,-70.46151052753036,5.082032457439801,-9.076796401005335,17.598835258529913,15.675788939970547,0.33587647922431335,0.0,-4.843031176104521,-0.7735349145661929,0.0,3.451332136521915
0,201,30.89803805173477,-324.8787941784605,34.35806967678356,-11.168117368128224,33.95913608821607,-0.6578188589304501,0.6843041511040824,0.0,-6.247103724140528,-4.096389082338389,0.0,4.398759628598353
0,241,-2.235961573035585,-18.404101721452832,7.578957937900629,-8.796593245610156,33.67760262139298,4.83725939232163,0.582731517050002,0.0,-8.54541323292509,-0.024842311119597785,0.0,5.598665043288811
0,363,-25.109323066021556,277.482986945414,-18.663728367874135,2.1809390107568394,37.25138488464135,9.708644982969203,0.8420137080065467,0.0,-8.514812262454729,4.030625763014979,0.0,5.720758822810662
0,200,-19.553552165997036,232.08370537169486,-21.783510186817374,1.4211047515240105,6.874083681066562,12.30405134212229,0.0034021735938713393,0.0,-4.8722501209076245,3.0956780717473853,0.0,3.5531503218509655
0,298,37.19630639203253,-361.9485942528406,30.540608597063386,-9.917933407182518,32.43376591499991,11.54304398884928,0.4213282075148248,0.0,-7.073430591862451,-4.607921322728071,0.0,5.004494379010615
0,184,-18.735745568064452,156.81414634648286,-22.4023665122078,1.9005473242602113,14.710247431494254,13.646458403109948,0.28323262865028737,0.0,-5.27908990427972,2.2937461219527817,0.0,3.8116688590630408
0,336,-1.869874977880125,-51.25321011695479,10.437862495463467,-11.934379557832225,37.26254768187984,13.625823601170827,0.5258978257236578,0.0,-9.7961349669001,-0.41850985125942136,0.0,6.353649192821042
0,355,-26.684077149615725,175.1869910238914,-3.2006893199640594,-5.942234494879207,44.37136603205651,10.479444477011446,0.9221591933927764,0.0,-9.076078923440603,2.7815978944295767,0.0,5.975835124968284
0,074,-38.49262001353659,370.08247466965594,-28.914672655131188,7.935700128478568,4.718333050286798,6.893091964940016,-0.1882814070688992,0.0,-4.591371509198752,4.703133966324129,0.0,3.3430514814730574
0,247,3.135327628810507,-110.0987883999899,29.632601042745062,-12.312322427444192,24.87713507105585,5.597937179557766,0.33115711233151185,0.0,-10.30350818959284,-1.3978770677853625,0.0,6.397375681338749
0,119,19.68838997134378,-212.13156595159123,15.023098709756555,-5.818589111461816,-4.0133716419096706,7.388170453971859,-0.07212813836263597,0.0,-3.6052492704532035,-2.6626134630567866,0.0,2.8178059033692344
0,016,17.63041244735331,-246.0184894101261,23.005381797555007,-18.679946372189324,34.87460746658217,14.44519995106119,0.6023315742002034,0.0,-5.934831338057885,-2.8681432506091293,0.0,4.132674754692255
0,124,26.670355982589783,-299.70504409842925,19.242940442307468,-17.62382244080123,27.249706377654608,7.602028575929973,0.5296281942789093,0.0,-5.5052857214602415,-3.686937566197335,0.0,3.988439749526634
0,199,-20.377628591260798,196.73835379421277,-19.09461406080853,5.409691465141327,-6.43709518353537,8.557112359692475,-0.273687713481215,0.0,-4.453464572595956,2.4648574326402253,0.0,3.176845664745909
0,279,-37.590216341389635,399.1630644420474,-25.611152207366857,0.09411987921337887,51.900395877494205,9.87021731833135,0.7764130141281502,0.0,-8.223288809185188,5.6037077408567555,0.0,5.513882449285234
0,111,27.019317281094747,-216.13045903678918,8.630873274418164,-3.737221832242887,-2.336695102799474,8.8279071792713,-0.048775917077568474,0.0,-3.6282699699704843,-2.7274758932685983,0.0,2.7876648457534676
0,259,-21.172511759858402,182.05935369622682,-13.228676457839462,-3.0807117045089374,36.19402590486784,5.092966370557353,0.6594056513605017,0.0,-8.449263501216734,2.837695189457199,0.0,5.402178565185631
0,273,-29.805127241592682,289.2755423676071,-13.960601373266197,0.3680019947492506,47.43328286944762,13.424348197326829,0.9662773430964723,0.0,-8.867257174036325,4.318484958737659,0.0,5.759932036365428
0,307,26.665635623046345,-285.1064905456473,41.604596253289365,-10.529986775651587,28.61899550394646,3.6485720643967827,0.430293244709346,0.0,-7.019187434096701,-3.784440113936706,0.0,4.858819952268225
0,293,29.99678268121633,-343.84973381232317,23.65313387877059,-12.57749385174365,35.789574344671976,4.8228005099422075,0.5766992799302908,0.0,-6.60246405168184,-4.308963932154769,0.0,4.809890812707367
0,068,-30.52030503078141,202.96317823485555,-22.312296982089222,0.7955929225444344,2.6128368268692075,9.846028335706524,-0.18306600342783466,0.0,-4.401284507028361,2.6074272001969305,0.0,3.1945909890203126
0,038,-0.3116071742324425,41.632141610875316,-7.198478981026862,-2.203288018398346,27.71488709673843,11.397839491603312,0.35321540550411956,0.0,-5.467686695012221,0.6736499685039243,0.0,3.7949133736694116
0,145,23.146539669810824,-231.814123834648,20.711328530917818,-15.918311153128101,48.77852465621781,5.290662423772709,0.7957656884946419,0.0,-6.213343685253671,-2.6755169040961704,0.0,4.362993577856475
0,049,-9.054460539043621,127.95034071700883,-1.9251341765146157,3.115953248218049,38.454995220801266,20.68782572122752,0.8255823853494861,0.0,-7.498317363350425,2.0469222737599897,0.0,4.943290975540201
0,208,37.00450591784428,-380.1417169829433,26.117366993996665,-9.22950146813569,21.862891824312253,7.274794277233071,0.3217688186409265,0.0,-7.702668457304166,-4.878883162597144,0.0,5.058610995996983
0,040,-5.0250985208197525,61.656769911763476,-4.695074989459011,-1.2697442333995241,43.41708335788138,17.45992466767018,0.8163056734421209,0.0,-6.496894833975205,1.1379627450026655,0.0,4.558119129998755
0,345,-13.054383517331603,72.21427155210466,-9.883154777518063,-5.290752540740992,33.33811008254692,10.394626644362415,0.6941599702675516,0.0,-8.95198420657566,1.27211558687326,0.0,6.061973154259996
0,163,5.658590438373233,-25.343545386204124,0.4095355880733604,-3.1477520638124243,42.653277129629366,1.242875048368372,0.5918629997640146,0.0,-7.287548336789553,-0.09467637703655314,0.0,4.871180272404472
0,017,20.389437157259014,-237.50054779731954,19.494397646844057,-14.489525946710659,40.698520763436136,16.341254487216304,0.7030665884857654,0.0,-6.464010753283823,-2.99803637349619,0.0,4.432721318349167
0,121,21.724366368098195,-244.3877728477583,13.532694620888094,-11.239740820466135,7.139612625271107,3.0844829436102006,0.21193512281568022,0.0,-4.255659440342442,-3.028261987674175,0.0,3.2641999931134333
0,358,-31.844213180194057,292.9708036614001,-13.18649444582361,-0.5025589232230825,37.71579062470098,17.475587951584178,0.8366662362101822,0.0,-8.132882133707156,4.248253773686395,0.0,5.557372436984231
0,179,-9.831342272957789,137.42682842264045,-14.365830160137042,-2.226022857615562,40.012533705772725,12.220113914799342,0.8847077106040016,0.0,-7.096975452659752,2.099852065361967,0.0,4.970884325136821
0,182,-13.227082561260655,96.87321873264376,-13.726579237985193,-3.9993214383936717,35.2568031071164,6.880676111883825,0.669649916794392,0.0,-7.545966948867295,1.718179893595489,0.0,5.131817599388648
0,137,28.681188115090475,-294.37801680053695,16.899048358196993,-9.798276499069104,25.742987469232023,1.8486471185808824,0.5433106965043856,0.0,-5.415270581155846,-3.638380415458061,0.0,4.034576583148231
0,146,20.712508406773757,-245.2381344480057,22.894278406137715,-8.220745920345662,32.40722764317128,14.022341804350678,0.5942005274014004,0.0,-6.283905191164814,-3.242639414040028,0.0,4.407863866683988
0,334,2.8590805121244736,-36.27343959512751,3.712521325091404,-7.140826103002465,35.224702867154456,15.5502571637055,0.6253733731338241,0.0,-8.912845094130805,-0.3011680348237718,0.0,5.773094071907102
0,362,-36.25314483474852,283.809406783735,-19.179551881775936,-2.4430534413062377,39.62678730860252,18.399891341085393,0.8194433302639571,0.0,-8.362022230206582,4.14016263230945,0.0,5.743316090925825
0,216,31.813604614789462,-294.09936283839767,32.32221437011626,-11.209599747555934,33.64550922286472,7.16137900785564,0.47139554488563545,0.0,-7.486848166505109,-3.7876333988443074,0.0,5.238845924394066
0,087,-18.47876767452497,305.5071718504197,-21.611430610667043,1.2831118155579901,17.504322147192024,16.96915021090471,0.2518953348872572,0.0,-6.231551620010865,4.188144353179229,0.0,4.3807951937156435
0,189,-17.362617438562552,179.28598977120868,-14.341242344089357,1.7620709162202637,35.1819443907969,12.258335203729066,0.8216604898008897,0.0,-7.254739213638251,2.71050973775282,0.0,5.043874450328264
0,296,37.5485823277267,-345.8739066756335,30.419932994299916,-11.117339847765265,22.63632486612689,8.597609085144946,0.41943243670173364,0.0,-6.956708915689539,-4.451494047896421,0.0,4.73510902488905
0,050,-1.5513880272239593,105.85275342300642,-5.784705838152013,5.602642967561622,35.95768751733593,21.63255881320102,0.7137164896331513,0.0,-7.399476222126361,1.7415614730037758,0.0,4.989221989235741
0,346,-4.99082397109076,65.74351344279461,-0.2886110419099773,-2.3059615985951694,35.027802273662196,4.274274590770443,0.6824426728800174,0.0,-9.487501858151612,1.1702685443721552,0.0,6.216311628881439
0,267,-36.38070887163451,271.7230993716609,-14.117251557392763,-4.235449457933074,35.38497027729716,7.175384602677884,0.6607015966823603,0.0,-7.880939512538543,4.0537543646325025,0.0,5.361553850985495
0,080,-76.90433215125151,615.5780137341039,-34.62939032419478,2.1571664582740757,74.9132850527251,10.36702118461732,0.9944911366347361,0.0,-6.904372313348522,7.880894380881647,0.0,5.027530884354448
0,286,-72.78628694500698,705.6469048736164,-51.21086834283791,-17.424827763280014,228.25243408229096,15.684643634973623,1.2066518150886147,0.0,-7.301412155612312,6.389114346699111,0.0,5.944136354855738
0,178,-9.300735154372163,132.38976253755527,-7.19289519253245,0.11859343676538654,38.23826668239862,8.914651470226671,0.7528213153778538,0.0,-6.536366906742229,2.11498196272571,0.0,4.633032989954215
0,150,5.275877096495721,-66.11799664766546,3.0520279047591665,-5.318812032349835,12.74495145616917,9.63979332527881,0.22821440153818112,0.0,-4.499277724203899,-0.8433072244379187,0.0,3.2739883588459233
0,118,31.63192442000532,-312.89055799204726,26.105168960423846,-11.074192173033826,23.502402420127133,2.2013884851817758,0.49695592072775185,0.0,-5.952051403159648,-3.889644910647468,0.0,4.262383519146321
0,242,1.2406059795285003,-30.18331806293113,4.0260942661179895,-6.554244122830393,35.48107465416309,4.5506468576039625,0.6332822528192408,0.0,-9.759716361111154,-0.22910015956325422,0.0,6.018111745252741
0,245,9.900709731798411,-90.39994550576382,12.418158064820233,-4.952346020515013,36.643521876778706,-0.3394392856783874,0.5253532032527457,0.0,-10.618199788219433,-1.0455911805775553,0.0,6.436728415223454
0,097,29.570892095664174,-264.08248569746763,12.15075512426492,-11.288234706691386,16.030005130661394,7.724695463630638,0.47607341607835957,0.0,-4.5720237789255895,-3.1809442969499067,0.0,3.469860708403961
0,059,-16.60410605914354,181.47205233154887,-19.175164476102108,4.171679937159132,37.84576857962522,23.06952092795919,0.734479707877053,0.0,-7.684777380101884,2.844598745051152,0.0,5.0622765317700855
0,225,27.985534331805994,-240.84356638347376,35.69661417517258,-9.564021596631674,31.339842373099174,11.951372077762267,0.30244475456980363,0.0,-9.273707394252671,-3.3188491786115697,0.0,5.5448821836305004
0,195,-22.80581368982073,272.47644614298736,-19.825596277500736,0.8189129489384883,46.05361722498632,6.568677937888895,0.9208720442055758,0.0,-7.090505450778826,4.0557261169807,0.0,4.974730425736409
0,379,-56.7326020305493,724.665462418868,-50.75902144046909,11.936496914306009,82.40740613030678,20.483785505822212,0.7281199007109012,0.0,-7.4455452005327665,9.28843109278123,0.0,5.126676114054728
0,278,-40.99956789603755,384.55172712993124,-25.991484891651766,-0.8812934225586987,47.09705051433551,12.454383402578221,0.7756027509405462,0.0,-7.802335415095732,5.459984940902911,0.0,5.2674702212583115
0,349,-23.60995907665449,192.23000975670664,-13.54167732420043,-4.514947917892788,33.32834131695583,11.269560150168946,0.7557082419329024,0.0,-8.274405799186228,2.9501080364283667,0.0,5.365850428941916
0,240,-7.322218383551546,6.51021857724357,11.500998274746452,-8.95208032534705,28.960983682883406,7.071279219841298,0.4785169546498937,0.0,-8.534480487762057,0.3285815070028123,0.0,5.415417886803771
0,274,-32.09822462281734,301.88428646650675,-26.260170339005693,3.3630313539581875,51.93270043370702,6.729902624881226,1.1277490755165953,0.0,-9.352644895401166,4.422249702450584,0.0,6.019658983442036
0,035,-1.8971509597402572,-29.547726871825052,8.58173290047999,-10.248238828780426,49.112017944197014,14.52328458874806,0.7357397601796,0.0,-7.647521784865536,-0.014450489226353658,0.0,5.067860213178772
0,295,43.110744034616346,-339.50192136638344,30.25292414785114,-3.233362402250565,25.66999377754612,9.009779175744338,0.49237403071997116,0.0,-6.450388027431214,-4.546902250010782,0.0,4.491933908314392
0,057,-15.679542410404796,190.11945496812098,-6.756089528269744,3.7571648748840167,41.041297189810926,22.096386138907768,0.8053537090714236,0.0,-7.426897523808788,2.8110755395422293,0.0,4.998215132511942
0,133,33.550760110716375,-265.0619941833227,16.799368386481408,-6.5153853959620305,19.212218521823964,7.79076919217216,0.47710422562418303,0.0,-4.545822528206048,-3.2687134335467904,0.0,3.5162860322332277
0,072,-25.62155252773632,315.42633680955436,-22.145535755498592,2.051625363971767,47.581232928383635,11.681248639228507,0.8000547746635367,0.0,-6.388276576333812,4.312972005269928,0.0,4.551265629519903
0,207,42.10053954945439,-377.2532287948394,33.96765982477312,-14.941624092962341,29.830037812015714,6.738965844174828,0.4498568161399364,0.0,-7.040918054808247,-4.856038347832934,0.0,5.018509255762575
0,332,-5.6388220671734635,11.286993465027734,7.697967373414513,-7.767969931488842,34.33799454565397,3.763589960813607,0.5959979220328291,0.0,-8.492065965703745,0.34141443545436473,0.0,5.507436152490339
0,271,-31.06188867268677,283.2739131486902,-22.329197435908647,-0.44710858435587564,37.844534328016636,13.648177547446657,0.8493898543716872,0.0,-8.292275920128203,4.0478378868475815,0.0,5.770848179879032
0,052,-10.015945999315553,126.50367198905964,-12.747551876585554,5.126037515917808,2.5073919358139407,18.378512890973578,-0.002191639142946997,0.0,-4.635041355676836,1.6380280473089048,0.0,3.336853964464425
0,194,-25.630675538663766,277.3264283914435,-17.77937636517542,2.1295778223544666,44.88615644820868,9.005163542015781,0.8252078455676662,0.0,-6.925519919978402,4.058774269378739,0.0,4.759545065228831
0,366,-24.122930471609045,389.50673458455935,-18.491387951976627,3.0694819592542366,54.380404572190216,9.28469983883895,0.8872767702520736,0.0,-7.882596922554074,5.478037800246988,0.0,5.360777471092201
0,343,-9.815093665506291,83.8011395503784,2.239125395886416,-6.180068957205236,37.30719920910448,-3.8931157093435784,0.6412225959391356,0.0,-7.825355117311079,1.4724266965245991,0.0,5.530408669831981
0,300,36.11947417834499,-366.34352004656876,29.108404924247946,-9.812519387674973,21.959432182380688,8.407245664810539,0.3258868649053957,0.0,-7.276576720023764,-4.79689412444046,0.0,5.091569773823814
0,115,37.4117431418232,-296.7015578983581,15.717957812909349,-14.19029767006335,19.814748056341948,-0.4445330649171731,0.5725389252299316,0.0,-4.902398420150553,-3.6400432794040434,0.0,3.7036024961481653
0,213,28.667211009414636,-275.9910049419152,25.350095092460503,-12.917127026895733,40.6976677403951,5.7507378476292255,0.5391569576744949,0.0,-7.185594088160254,-3.4024267722299806,0.0,4.750879937492712
0,060,-19.3733430477569,186.48864941544306,-12.371603900411026,6.009375346866327,7.420211988530586,15.124726999145128,0.02597134707631343,0.0,-4.678806561172291,2.4384468701445705,0.0,3.3539321808325333
0,359,-22.799780021269733,271.27818199043253,-17.959538453395023,2.773621856755338,39.99789194085081,15.606650454785186,0.6349251780508872,0.0,-7.661063464931347,3.976368709398978,0.0,5.430915800371645
0,382,-69.07622424691434,792.479263077053,-31.571935115203708,8.547063380881612,116.12987935167489,20.480820498263263,1.0932579564538636,0.0,-7.840092095782221,10.007242675268214,0.0,5.4128323891508
0,328,14.398866225419722,-146.33193759484757,14.841215551420595,-9.012228764492669,20.806211579520724,7.6003026704034315,0.2984952720961675,0.0,-10.535198099338013,-2.0438340730081763,0.0,6.15174462598431
0,066,-20.10260450984492,237.8827933797903,-16.83454146480381,3.9811214417493646,24.778857955354983,16.031325806154083,0.5347820642540533,0.0,-7.010541580225437,3.45956693947017,0.0,4.865751341891851
0,191,-22.25002232612053,193.23171649587985,-17.92053736463271,1.7870505726180188,6.903976411191004,12.346742657954099,0.043969630808010765,0.0,-4.775269517346837,2.656489902931777,0.0,3.413373631952218
0,292,33.87540175907386,-341.88435903266077,22.388721256878025,-12.157148476774852,31.66072166583469,9.480618747746977,0.5661082286890523,0.0,-6.428146041232397,-4.308336507684103,0.0,4.4897384799591356
0,285,-73.3582602614752,688.2668329778961,-48.112585351632006,-28.01138025384043,215.8388744639208,13.918272270927599,1.2637403441904789,0.0,-7.711357547034318,6.239209894705086,0.0,6.0482436517428235
0,237,10.560081922653088,-176.6504554511091,29.242464777601143,-14.16480797740765,32.19528945289481,10.221269094277764,-0.007306523075520849,0.0,-9.682857830596602,-2.4176884659114575,0.0,5.980501501192194
0,250,-9.283297114316364,74.51026980724963,-4.9308013171082825,-4.464819366251701,27.150870756209056,3.480169687146945,0.6328761545019235,0.0,-8.81327168097988,1.2712416153934274,0.0,5.657328957398432
0,176,-15.387221567164643,107.36893772508499,-4.825982396540813,-1.259770760927747,14.242415724444275,10.712973386066349,0.2803518419876543,0.0,-5.294767284961605,1.5998572969471145,0.0,3.675531854985326
0,197,-32.85551826065909,264.4069151629802,-17.588696471949284,-2.253670240743966,31.547748481475015,14.023433549764116,0.670126886551206,0.0,-7.719693538020872,3.908852166195193,0.0,4.993966554961214
0,302,32.990702463584334,-383.1128516624269,32.30569557753319,-11.386774936107805,21.597099878027482,16.866949996837224,0.32471595339398474,0.0,-7.7552268152736845,-5.03085552031705,0.0,5.181453043178716
0,357,-47.081045149954974,293.89975618516223,-19.242022614398554,0.5744691278690623,53.215116640013754,12.199029526478716,0.9226940083831063,0.0,-7.732742923892629,4.469880878259944,0.0,5.216415181393985
0,013,10.290784062423661,-185.5502180365832,12.14491571591518,-14.575413127822028,25.669126457677734,12.414186034486336,0.5152733167560285,0.0,-4.8719960571170775,-2.085299764034865,0.0,3.6340348462578413
0,044,-10.538985019064064,98.68101209358159,-6.7037988258650545,2.720124419655266,9.08334448353894,15.779763106379031,0.11587086060242914,0.0,-4.740633217930631,1.4121855466839517,0.0,3.279715510645451
0,027,9.926174636844046,-131.27021351565477,12.818152916283424,-8.528984823339494,27.246077856668897,14.946532125138829,0.4715927708390256,0.0,-6.2845205486694935,-1.6924113594954058,0.0,4.267865013818602
0,058,-17.13670199488056,177.53576545748385,-7.8152942585132426,2.9161777477131086,41.12584490623136,18.069599075207666,0.6791835397886832,0.0,-7.707328851406051,2.781271336175916,0.0,5.047694840616574
0,187,-15.993636716358612,190.84602609640592,-12.110713270314124,0.5960395309825912,40.00685687518522,7.331473307657376,0.8013292159990293,0.0,-7.1057474723679634,2.918944678290989,0.0,4.912237126804017
0,036,-8.239025558174534,41.10488524313062,-8.494222484074154,-1.917697797722738,4.496029012616704,17.65749659177393,0.0010110219165975045,0.0,-4.219708715124923,0.5954779188646864,0.0,2.9928655574995426
0,211,43.2136822111113,-402.7875480023932,38.61804146834765,-12.604609845250966,26.92530117491132,17.463377812201614,0.2791848965260382,0.0,-8.257969208514051,-5.165731710560549,0.0,5.496014740558457
0,041,-0.9108109948848496,61.53589902794747,-1.9343362859226358,1.0968666440772255,45.520967941119174,21.025136617655917,0.8515045116967077,0.0,-7.624942463713168,1.1364624875801337,0.0,4.8585275248147335
0,090,-40.386729671207064,368.0859995471005,-26.232181764069338,2.4420495065593384,32.88192628571213,11.096935744800264,0.5533162926924642,0.0,-7.354721743731414,5.296433421941749,0.0,4.982094127671321
0,353,-27.39440114245416,174.92812401260764,-5.6993896873981615,-7.73004370912282,30.521900084063162,10.459930240745049,0.820514331565848,0.0,-8.75653171482073,2.5535545314621007,0.0,5.834628946248571
0,006,16.84201159892334,-301.5580485559679,7.653963329358417,-22.7944547392045,22.533168811869274,9.50067381382972,0.7686234700878216,0.0,-5.355942547464968,-3.5503042463318444,0.0,4.095601689825661
0,067,-25.704925864785444,253.56168586481704,-19.21807993258375,1.6672980047170334,31.374613119087712,8.473659682508696,0.6755421209281256,0.0,-7.822145748269794,3.7694282508007726,0.0,5.037814009827353
0,319,6.5978935564154675,-208.58530876236375,46.8227796696276,-17.385401255025037,19.346725092911427,17.201885428659946,0.0023422821091407973,0.0,-8.989909163632639,-2.9224672552175686,0.0,5.5093484130750765
0,085,-28.34334616551794,251.91904391577725,-20.252917658871844,2.5970876060367214,18.156816907143554,10.888460996847442,0.1870437261321733,0.0,-5.148636987280961,3.4180021488623047,0.0,3.771874078900186
0,316,18.657904270859547,-190.99924386011563,35.300785884920145,-8.531614773714226,31.848633684894637,3.585063927570902,0.3572025366420594,0.0,-8.704044979520384,-2.5923470172957406,0.0,5.627368479760503
0,009,17.903591652754645,-312.8834174525191,30.26910053008799,-19.580548829118673,23.188904689021026,15.021106264483976,0.5712622837419001,0.0,-5.907034891053284,-3.8976254690100047,0.0,4.1999257383679955
0,192,-24.674194331441203,210.15028655764476,-15.096620286561418,4.030556112574969,15.314583848010926,10.292574366468575,0.2458880671678993,0.0,-5.379169329626623,2.995483180961077,0.0,3.881807367696685
0,046,-5.101206766229794,109.50221807588312,-9.310034377542918,2.7046186123273865,24.027444749341566,14.938573207222493,0.47433841669777443,0.0,-6.011129573835131,1.5891854126610192,0.0,4.094530120246136
0,356,-15.612309124939273,181.77217602459098,-14.650414592923925,-2.2608344657636645,52.023228884933125,13.724632420396931,0.867787085883445,0.0,-9.116749532763595,2.831427489932428,0.0,6.111207464476538
0,153,8.679255070182244,-96.0392614177827,9.672601823099487,-6.82558179395549,34.192651054322006,11.124644536712067,0.46146849878901336,0.0,-6.041163574107076,-1.1048707139866036,0.0,4.113262578106419
0,377,-97.09089850492215,676.6294923971471,-42.18868258623896,14.739429203859327,78.14847501441785,17.808272500584213,0.7994585530231171,0.0,-7.062599047394477,8.751065011886379,0.0,5.0741611641718976
0,269,-34.31678698287231,270.9321191736135,-20.85691979888867,-2.2323544115240708,41.62270201373107,10.034282294064434,0.813722274882488,0.0,-8.179482998288314,4.062075276076189,0.0,5.413339801304177
0,010,7.041392952836133,-140.04365771299365,11.570512561805513,-8.559638308889529,-16.54489650023958,17.689897266794233,-0.15259818732253275,0.0,-3.8214547057965147,-1.697498012346477,0.0,2.726820782687689
0,236,26.521739742371032,-158.3201961493774,9.02766048705487,-1.1346565229522925,41.5117933717553,0.6380680382386313,0.28615858258519955,0.0,-9.957345210550175,-2.0799834942777906,0.0,5.974425831303743
0,089,-43.998459609530656,344.9894702889975,-22.15478670361095,0.15860622647803804,34.97515488277236,14.259929586470728,0.6126546853643999,0.0,-6.782343617693331,4.847525696362923,0.0,4.712054604167244
0,270,-36.942922826529966,280.61821502828354,-3.610649631642594,-3.802178159308368,33.979912069488535,15.06487958126645,0.8176726778175906,0.0,-8.344207771007028,4.030906116370996,0.0,5.5917209793734965
0,094,17.61485559543178,-212.02315819311295,15.036089292629619,-6.218813882506123,-2.286249266706477,2.307243568417596,0.01428286318298721,0.0,-3.5453753392039045,-2.733771500056227,0.0,2.782942085172258
0,317,19.797269299216783,-208.31128405104278,18.37078974073403,-10.760770866081382,21.038430857096746,13.136608077390324,0.36149748879151916,0.0,-9.453651875596277,-2.980626863372838,0.0,5.832371472512148
0,055,-12.63819395888335,205.3420697041565,-12.510853378405839,4.6536527144760935,36.82401147550635,21.431375588291207,0.755561248335342,0.0,-6.638965227470459,2.960682658461427,0.0,4.509035989830231
0,372,-29.183483781586844,414.6432818507261,-21.16085945950735,7.167892143618812,51.530778066347686,16.508115598335092,0.8467770397278044,0.0,-8.885068494364619,5.754371237077148,0.0,5.66152718706201
0,384,-64.7139702159192,672.4519538457745,-54.92223449329695,8.831369977096939,84.02511380219163,13.21096263322993,1.0247811059856151,0.0,-7.652476275930887,8.857882188545961,0.0,5.301161451450608
0,015,13.022035501274608,-218.4864256369092,17.914156809050187,-18.81056944945216,35.83226127366046,14.255873200168717,0.6875001579497121,0.0,-5.667122277383293,-2.4386909473587175,0.0,4.025895147668191
0,131,22.440221351909344,-226.89935326359512,11.814917540529944,-6.868251604969503,2.4640583666153626,4.3011159875094185,0.0917941339632965,0.0,-3.963384982177678,-2.8542662369189276,0.0,3.0967168785031287
0,309,32.50911506910947,-304.4348895040121,34.02845113853612,-14.435912818201045,38.49556612756992,0.4731180344649318,0.5588548207024203,0.0,-7.854050158925758,-3.828891998359425,0.0,5.26101395855253
0,065,-21.486552064288,254.67629582917982,-13.294195607776855,5.10966223747457,34.08418710294758,23.75140847418559,0.7443393305029005,0.0,-7.093409791274238,3.6442349283833857,0.0,4.860623314036169
0,367,-35.659366928959585,403.24425594861555,-29.33735769206027,5.605081157377536,50.62599249536207,20.232481289563108,0.8542631665035774,0.0,-8.033019738020638,5.627255616782302,0.0,5.536274876448358
0,098,29.315490033188183,-282.8385921549194,17.51945913206853,-11.097832253213113,28.007046732717832,10.160867029471177,0.5774796970259383,0.0,-4.999193294512034,-3.5682655043431843,0.0,3.798770087296295
0,219,29.40055722263535,-292.638928185624,32.02257562349888,-9.784148254524096,26.53321435323408,1.653264363198646,0.3143713982374049,0.0,-8.107164475339514,-3.9451632356296003,0.0,5.309935798558018
0,086,-40.15738359783938,288.13065700774825,-22.77307770421601,-1.3793002794906781,29.417686246046536,12.459505374556128,0.4581436756982298,0.0,-5.664957648963851,3.926360458076993,0.0,4.063018455749265
0,160,-2.3530633379162933,8.454447299204748,-3.5934473356459606,-2.5438640895506195,22.67423033638242,12.630246122018375,0.3680632396258592,0.0,-5.248945857038183,0.3189819067131068,0.0,3.751148064213077
0,113,25.512503676240353,-246.6567182078532,12.768103682973226,-8.84428412951594,7.389109932626146,5.335064037565109,0.2502699727078545,0.0,-4.348232467622356,-3.085908727921945,0.0,3.2553231046206395
0,061,-20.542663898051824,217.79843895446294,-16.723435943407452,4.3624721200532734,23.02160896264034,14.555620060003465,0.34591065139818317,0.0,-5.541697170379219,3.0208325615356557,0.0,3.892495054143633
0,186,-20.269621520634335,189.16335588278994,-13.202622566772819,-0.059891955354583096,32.90775587334156,16.03637744586059,0.6728222573182249,0.0,-6.601806042684299,2.762031255319581,0.0,4.641182326647671
0,106,28.44788392262679,-265.48358076427826,12.568631237170948,-9.219215760710814,21.11643233311412,5.741317705334716,0.47487428404066095,0.0,-4.579567321284879,-3.2342167236682955,0.0,3.592080251499911
0,282,-36.60957770195298,413.517869912062,-34.99540512242307,5.050006380712424,50.82843115783972,7.95008772656085,0.8294516855626225,0.0,-8.21849839622111,5.865222890465015,0.0,5.499367555137778
0,330,9.305177939797602,-150.63869525380045,26.618675660566687,-13.185969419408956,21.57898073508501,9.27368901822667,0.11928309505829829,0.0,-10.209530284087633,-2.0465709205858316,0.0,6.076121790108701
0,064,-17.47338091751725,249.7484348547025,-23.01887590719071,11.500694425364381,43.567140086852895,16.187774098638865,0.7879016188743019,0.0,-7.0733017837749665,3.7051581030112244,0.0,4.86384903069322
0,132,24.122512584000408,-250.724042094194,13.230417548755689,-7.033147714652331,5.890196522076541,6.531437667695226,0.2193881550394412,0.0,-4.170007629289831,-3.1470269136835913,0.0,3.246490677552257
0,011,6.8664408977779905,-159.1368747986952,9.828120805026169,-11.475234700358225,-8.805996795680683,16.654035801630172,-0.01032339665816873,0.0,-3.9792452196430483,-1.958997190374504,0.0,2.855461874301467
0,045,-9.571200242752667,112.70926593991771,-14.590598390643818,3.1930399993847125,16.868355252661804,16.17318304691325,0.27468723560092095,0.0,-5.208132012732725,1.7024100856801534,0.0,3.6636203114487413
0,281,-46.886157080883905,400.9339916202571,-25.984393878039555,-6.596464264493719,51.65308253414634,10.005007665340033,0.751201251170163,0.0,-8.288292202176573,5.715096852149819,0.0,5.483417786383767
10,329,-18.67585586149447,305.31585559472416,-26.398233855034242,-20.064870609315424,116.52816333010672,-11.508962266142978,2.3024159924886862,0.0,-8.306125407286602,4.896105159259948,0.0,5.537678118917844
10,053,-16.05814752509027,128.5718898506897,-13.043119906084037,-16.615278870602552,118.00859511941033,-15.651822795592562,2.322036305427021,0.0,-7.888774675114537,2.4964811032464187,0.0,5.238843159593239
10,251,-41.28721694020588,420.7952680041556,-29.6006383850713,-23.461408720988125,127.863732048311,-9.704626943735265,2.486180260585636,0.0,-8.370366021370117,6.1912768905241515,0.0,5.437502028819441
10,141,-15.32967258814245,156.26176514085324,-13.352309477831223,-5.54904322697729,49.88639263664347,1.2046110941457253,1.028038615668438,0.0,-4.792666045753516,2.4216763280171514,0.0,3.504311838280222
10,154,-39.56003492515636,303.3180815206792,-20.35692702019423,-18.667638043449532,116.05154262617667,-0.3302015856960314,2.313959984983379,0.0,-7.338140101234341,4.867456061713803,0.0,5.179815738647748
10,331,-45.44801503807697,318.82541329943103,-11.425400636668831,-26.774642240977347,126.10860243288849,-9.42414991297402,2.525122893651749,0.0,-8.644782396483961,5.128906929052198,0.0,5.7678054049844345
10,003,22.004226920272945,-238.016194706524,23.123161998128985,3.567799253216812,33.94822726233788,-8.830199690316922,0.7403289866163121,0.0,-3.7889123964962597,-2.8463325923305303,0.0,2.817789273839856
10,048,-12.367024412421559,119.92551760613473,-13.279713638957142,-12.086540655755584,80.11213560051252,-7.70278860446493,1.6095396456689066,0.0,-6.018294248510071,2.188985930472321,0.0,4.043355972048923
10,152,-30.12325952544694,286.08203823915113,-34.38100223657929,-15.956581326142528,99.86923443904558,-3.134635351923429,2.0675004057000645,0.0,-6.751332323066877,4.428599115530906,0.0,4.904123943348362
10,249,-53.11583182995727,392.34175262875897,-15.143223690271304,-32.502463757025296,114.8889459794428,-10.336715459429637,2.1509238373913373,0.0,-7.6095010692371226,5.8249648701783165,0.0,5.159160645509783
10,221,-17.949794385988234,-91.80231960117911,28.404622492324958,-33.56897479374686,143.16434388546554,-23.389334708845468,2.678126018856825,0.0,-10.58883084708932,-0.3495903915805125,0.0,6.687272930051594
10,222,2.276659767303079,-96.10914400255098,20.46939321737714,-21.156021077590133,151.44336714061185,-31.732858603844257,2.7566400045852926,0.0,-11.3151622338479,-0.4950155747593755,0.0,6.877496888310462
10,341,-34.80956052232353,413.02988602636447,-23.522883942472106,-13.790837285391241,125.89869058577627,-1.0902693504896428,2.315810540322161,0.0,-7.9172403905571755,6.14005835244881,0.0,5.322234156868572
10,205,-4.596461008633496,-109.40250492614359,29.141812065093124,-13.801946420054065,128.64062124503698,-27.33688135456346,2.416717799702276,0.0,-8.656036450812179,-1.0570280985647562,0.0,5.609450537944012
10,102,21.77487284589513,-214.28428791039676,20.051368208084014,-1.204546909033563,86.58357164619575,-10.458451348596734,1.6670059589535429,0.0,-5.450142140179047,-2.3234171419827248,0.0,4.047684168718516
10,264,-56.66913894619223,754.4425295723307,-43.55225304480424,-19.011599655459808,141.8648540913242,4.531328102378914,1.8949403552272002,0.0,-8.136044042756104,10.317492423578516,0.0,5.206829282535887
10,107,1.5689694959676515,-62.737202256079016,1.8772091764617476,-6.83062079079598,42.474246404634776,1.5793647852531683,0.7438526318567893,0.0,-4.002549440877505,-0.4346267088082073,0.0,2.9844532854136747
10,223,-13.230214794261844,117.40647785738983,-3.64980935620813,-14.960125287667955,123.87998940518109,-22.311564392567302,2.371191203786677,0.0,-8.401370121047169,2.416078126972492,0.0,5.629658560279948
10,127,-8.814760685394491,47.17796679078883,-7.461446429318474,-10.104128640326966,69.36768141541378,-0.5882038620580368,1.3573788538599512,0.0,-5.261390135986159,1.1377157102616455,0.0,3.8323469076235535
10,188,24.564312737227862,-316.01174552260477,32.64219213137263,-2.997698823002841,97.99337763815964,-18.207636578102747,1.7254044604233132,0.0,-7.253934191547776,-3.6081894406839523,0.0,5.129456656345071
10,014,18.44122606046382,-181.54758854580135,16.347662131389935,1.187199753804904,67.2012581090228,-12.614518394273192,1.418450958810852,0.0,-4.995114445138582,-1.815466729067403,0.0,3.5091346312112695
10,134,-13.176363684359789,115.95819708557295,-12.894684351619993,-8.312397691038813,61.3850250190724,-0.6175071919005788,1.2591245131498692,0.0,-5.282505458320117,2.0185459856627066,0.0,3.720502096449078
10,099,10.685015921671813,-162.48873303729735,10.815005482233813,-3.9161690993517846,52.37119507928533,-3.98685262176038,1.069402053251527,0.0,-4.415506140674163,-1.8459219958336592,0.0,3.2691783489045267
10,063,-20.191334535117196,230.1997469378201,-16.60640367720333,-9.683370389685225,73.22526755858277,1.2664178294716628,1.4384280938052683,0.0,-5.493435681543608,3.510004888373373,0.0,3.9563999776008414
10,166,-37.70737602541417,330.1176167475563,-39.14624294016579,-7.60557661950317,20.550397610155812,3.8867741237168767,0.10767597752307845,0.0,-4.0480070916401285,4.172315644590341,0.0,2.7388255125158096
10,105,16.367167592641927,-250.69443307878979,23.33083058815493,-6.319177426515333,96.80086584281247,-12.085450271066014,1.901664744241037,0.0,-6.2482904493447915,-2.7924365092143737,0.0,4.347123544782544
10,136,-7.500455720625847,127.9183358435266,-15.602230921497688,-7.542969412383518,93.99816239752808,-5.652333801616551,1.898567745155947,0.0,-6.661855183253993,2.379111886505891,0.0,4.566488191320838
10,339,-48.82517913009742,420.9014679781113,-30.72553704593529,-21.08601281123561,125.85182882338043,1.3806313734930784,2.5252541475559527,0.0,-8.172615954751036,6.2453941917307745,0.0,5.431435304180324
10,081,-36.75116937760269,503.24673631989094,-44.73431668245567,-3.6655525740292965,88.52593416164095,-1.2959047658462706,1.5403876956451699,0.0,-5.527589863763013,6.60617616489174,0.0,4.235574719087024
10,238,-17.680155284238328,206.4422022580569,-14.5404251875653,-19.48917839513055,142.38820952322476,-11.548490781918844,2.837787152857276,0.0,-9.56119999864064,3.781492000973159,0.0,6.243850797603186
10,203,-0.7532043899549963,-48.43208043918509,8.326778385587112,-11.832464343582085,117.47684758552403,-20.892019723425953,2.1644465048907606,0.0,-8.176036335319017,-0.08873857061282275,0.0,5.466230964028211
10,233,-18.1441104336262,189.02054993880722,-10.027920047858307,-15.715155006502087,110.63575409507226,-8.059546624050213,2.2765967936840483,0.0,-8.398642807275563,3.4177141244529157,0.0,5.32218148763485
10,253,-36.20722752213005,427.34379687998853,-38.188706716330955,-16.38771610941655,133.81851088578776,-4.346495665812395,2.5500147465629484,0.0,-8.579296737087706,6.392403507731025,0.0,5.751924744857531
10,056,-15.633427696363206,185.22946533042827,-10.734856872863192,-11.2477474666945,80.5389463060211,-0.09032136325029105,1.6285380497919983,0.0,-5.952127523291847,2.9937813513844795,0.0,4.259667877767627
10,196,14.422200271782273,-182.69677941329962,17.59204563907939,-3.5979870854321723,112.93168859779391,-21.599591459101646,1.9949537019314518,0.0,-8.203689919030225,-2.0170739703503875,0.0,5.471386140872359
10,129,-2.948643870135338,67.67133322610681,-7.135844544329636,-7.6959719388880785,107.56895176216892,-6.6327771826395905,2.090611332099691,0.0,-6.835780022625548,1.6670378296576236,0.0,4.68451600520161
10,156,-30.66282736064902,301.32549479561834,-20.669846436291092,-20.758276201668107,110.01808327000795,-7.197099364196888,2.1323511113047777,0.0,-7.810145658174405,4.78149407784909,0.0,5.3057002024541315
10,305,-6.833790164030926,5.249774654548639,6.730049360543527,-15.507300515347069,124.51824379753366,-19.71212895814672,2.34100285452276,0.0,-9.102917794937278,0.7627153163547564,0.0,6.053894984765807
10,155,-24.738829280727852,291.1837253790455,-23.64116749813335,-13.772327153226883,108.13410373565783,-4.000385072021124,2.1519851540762316,0.0,-7.590150552203971,4.630212785295324,0.0,5.253861404251708
10,327,-35.64672200065828,223.27701921045067,-10.094858301429346,-23.730871773759947,139.78855162312936,-11.893347120260017,2.88732101270715,0.0,-9.852687046366016,3.9206730184069407,0.0,6.397322256539533
10,022,4.38559696468396,-66.72824188415879,2.781911143126755,-7.353526291305309,52.132073716708334,3.2386578256835903,0.9998231852519154,0.0,-4.49055202585677,-0.5553775426513026,0.0,3.215637768620894
10,120,1.6239087841132998,-4.364645612093235,-3.825917173666103,-0.03806604574248329,70.23227242513344,7.869143641914574,1.3116733348357426,0.0,-5.318703209928686,0.44557675318705625,0.0,3.7548798957087626
10,125,-3.706823316601648,39.94581234962555,-10.779215323787614,-3.743821773493704,35.13515976017737,2.108624365249309,0.726136284095115,0.0,-4.397788119884495,0.8089676984331187,0.0,3.0888546031309434
10,093,24.371898897653466,-301.7763124780949,22.870253303845463,-2.383942692605354,73.47536993802602,-11.14553571381547,1.4610499503589853,0.0,-5.338291315206243,-3.371729075198725,0.0,3.903906834408298
10,266,21.275190175242262,-349.94770725664875,23.371019056947375,-1.6463495898231282,87.34886688706189,-8.472304323379992,1.7682237059100006,0.0,-5.829154456802268,-3.9794239692932494,0.0,4.3005027865051035
10,078,-22.70262020227385,320.0974077349989,-41.533748292503574,-6.504061100104785,13.804550947611153,-3.4990411828818075,0.08459764721862384,0.0,-4.374977487691175,4.12729651475566,0.0,2.472812444490665
10,291,8.258071454746212,-46.82764931991774,4.133530488096817,-7.9041446412954635,124.57187349650165,-23.450790628427132,2.202288894187602,0.0,-7.942375904220515,-0.1200629595423246,0.0,5.377323032253707
10,268,36.35217082704776,-348.57733770231465,60.15347295317072,-7.870698596059979,83.59875326877251,-19.676121179315224,1.6816332357062156,0.0,-6.306262854146699,-4.21719091455798,0.0,4.356073734898423
10,303,-2.056569392177991,16.692658699632762,0.1491811652921457,-10.418413374772989,118.1372258771008,-18.620059763514558,2.194491504307054,0.0,-8.507196049110169,0.8802845731431924,0.0,5.713610763163948
10,162,-28.93828007181551,359.2308738778932,-25.398986894804644,-15.846961648902216,90.75342764928044,-7.813093452095018,1.9075846688570297,0.0,-7.381737223972599,5.344438048045281,0.0,4.899089873865419
10,198,22.75234864952088,-250.52069632341886,31.148774296958212,-4.893959875797568,112.35902470931512,-23.07587827318201,1.873621973615423,0.0,-9.489015477404154,-3.065184555025043,0.0,5.751294526004288
10,062,-23.3743664190323,196.57393969865586,-21.149834103264762,-7.583788898249346,52.11597246053884,1.0858029967568168,0.9834081533556014,0.0,-4.774035476432582,2.8976458074563123,0.0,3.4369381697863006
10,054,-16.52910423624791,126.70330028249802,-16.3395476129366,-6.086344851719409,40.3451012340814,-5.388771492787734,0.8331250949843372,0.0,-4.650944183488342,2.0021356334215117,0.0,3.3280787791885715
10,337,-36.4993054350602,405.29210883007664,-28.11334189772504,-15.58386273540662,118.17135022134728,1.8880151934072522,2.3350806812807456,0.0,-7.649541869587011,5.959904663732821,0.0,5.27417154504561
10,244,-33.21860841892588,305.21965080146003,-11.645166188461985,-23.045168650340766,125.24872823831262,-7.291318186444878,2.3467164113246275,0.0,-8.6366134761661,4.971057323340275,0.0,5.73782003151543
10,175,32.72637316752069,-335.1863370695974,22.358387957849203,3.5169889414075253,84.29368853268961,-13.849689446648362,1.6210114433821947,0.0,-5.924358387843434,-3.919986739343921,0.0,4.255128530188181
10,047,-9.381820102635277,106.9551994853244,-7.993211752056938,-7.601184031336891,63.80313046682015,-5.01505195773143,1.1899389746107467,0.0,-5.1533661877726,1.9366995641147327,0.0,3.6133734604627756
10,167,-54.07407981627428,400.1192532858276,-45.01768758922469,-10.870436778201556,58.82962519904989,5.775847440636479,0.8919355820237826,0.0,-4.533785970780949,5.3050838847108,0.0,3.37738422390683
10,231,-13.85332163113987,226.39769112389874,-17.791065376866808,-12.757685752912607,121.13350910246074,-6.714242277801896,2.4757477080716646,0.0,-8.244494351393437,3.8995955174392867,0.0,5.559779138748131
10,005,35.99578400338296,-289.90953177243216,14.98205638441812,7.979515584909057,46.844782052511576,-2.1144860261535143,1.2339101016494032,0.0,-4.429944693420249,-3.336720473683838,0.0,3.2553502203794835
10,265,-73.01655510410635,775.6958154343062,-49.64560912630347,-28.878808669084513,161.18996240895734,0.4075479479264388,2.4160348792526336,0.0,-7.899583565097197,10.45349631783012,0.0,5.384410455985223
10,073,-26.885681299606034,322.610821828633,-27.401257178053484,-12.881611166621681,77.50435211222607,1.0733418316563887,1.5353571450508308,0.0,-6.4026407895831285,4.880385010039031,0.0,4.416724413727299
10,071,-22.478360575970193,262.76515666151687,-24.14197460007968,-9.18704568970217,66.00666945671873,1.4487870517949948,1.2424966571458194,0.0,-5.178787399447332,3.8886103509633405,0.0,3.6455644872903763
10,123,-1.7021590062554166,-13.305025793046275,-2.501850344495416,-13.383069998704915,116.04118472250632,-14.262167717011147,2.1098672495541355,0.0,-7.38928431646763,0.496023232583619,0.0,5.019803477301541
10,185,22.453971293960965,-279.88694679236465,31.474639415036634,-7.947053027913169,90.90808204145758,-17.438564606307402,1.6590132983669739,0.0,-6.619222287307737,-3.2139053505561277,0.0,4.718183034608169
10,028,-4.900954343936402,3.5801975437098186,-6.144122397030415,-5.336926314770282,23.475206843504186,-2.5061070230596263,0.4680037541185171,0.0,-3.867134879781628,0.28239597975107544,0.0,2.828640784466811
10,224,-2.6977044934553946,95.54302140419485,-8.245433822000455,-9.655604752867786,126.05768846051501,-15.305278103353492,2.3244670023989316,0.0,-8.273878961321554,2.210513625856741,0.0,5.600331408203657
10,180,40.40344547835936,-377.30022316626895,29.653471657038008,1.9630902850519665,86.54538921676094,-17.88338912513582,1.6637415500893742,0.0,-7.0231603301493255,-4.4014711893627885,0.0,4.969784530646062
10,272,28.78791639034566,-391.57623295066026,44.20742041712302,-0.6448111999440131,88.35283361741814,-14.712603148362984,1.7597014211531712,0.0,-7.251063722987464,-4.5738009894504374,0.0,5.069307400018206
10,344,-60.88412641534092,672.3089590400391,-48.65897395363337,-14.88054565076353,150.0245095305043,5.2570239354602375,2.2896951159975574,0.0,-7.079560337773321,9.055128947617714,0.0,4.663147128075651
10,020,0.5189537368252573,-58.125422448903116,1.2423656518053168,-8.045460916976479,40.45301975158457,-1.5231707371690475,0.7991034800559565,0.0,-4.214658149912365,-0.36333355269472645,0.0,3.0786949874778746
10,299,21.353651811562766,-161.5543887668938,21.72596466306344,-8.231065787874053,142.70202336569383,-29.252325870787512,2.4619746531965867,0.0,-10.818992655184314,-1.477155418285204,0.0,6.77042804315434
10,140,-8.666929715545622,135.3080675650853,-8.703926931226905,-14.921683868975109,120.48785559161544,-10.947955929693553,2.4892242681127623,0.0,-8.668595810616607,2.625741485684906,0.0,5.423958057692397
10,012,14.099347931330161,-153.33549170091567,14.030415169546217,0.035197736228203325,42.35492450613915,-4.902910433839214,0.9052286787281185,0.0,-4.196806794279609,-1.657859026008368,0.0,3.1080916790098754
10,082,-57.127016331446875,528.6779045625249,-44.70095345062765,-9.61420442097339,96.77917739147078,-0.6164318757051181,1.6127130582474394,0.0,-6.116372336330891,7.032682458480371,0.0,4.346647841251859
10,128,-1.9968250377464125,61.57384658770618,-6.588497223494155,-7.86170259432291,85.46080923335327,-2.353955764043967,1.65492309778333,0.0,-5.886379899992121,1.3857259442176222,0.0,4.260506829334585
10,143,-18.930368620823394,184.59419538999165,-17.19197962866355,-9.7124231805238,79.57276584369647,0.11026956105903496,1.630877442246769,0.0,-5.916104431619853,2.9684649123764824,0.0,4.324515893879762
10,315,-22.701066407051222,142.8306179836003,-1.2608242005146706,-25.081413888295977,138.54294407227036,-18.839290533639257,2.59751524364088,0.0,-9.295504117013522,2.9433900085585183,0.0,6.088750439254315
10,034,-1.659501153344797,10.178852609322739,-3.860221861753357,-8.021666189233024,89.3284325262773,-13.032772118498164,1.774533298162371,0.0,-5.986217844117201,0.6993373516726764,0.0,3.9543540491405778
10,135,-8.459932371306772,131.01718910693813,-9.787675480918812,-5.112900453006843,79.68238444349785,-4.219905568187182,1.6089248607183837,0.0,-5.816617876423166,2.342290602275228,0.0,4.17508403647896
10,103,17.508798244923632,-230.86058510192618,21.006642420589728,-8.192742905526051,94.43307488811813,-12.722585214598336,1.8449101313401381,0.0,-5.911399779461177,-2.417735637614385,0.0,4.321332741816391
10,101,12.358231666479911,-196.52746016557438,20.520823665256753,-4.303228799824334,84.92861994854945,-11.0168497253554,1.696965870868056,0.0,-5.004492856531416,-1.939940561546885,0.0,3.9121216344110765
10,023,10.354800842762035,-70.21610892484914,8.277614907824667,-5.471834112392565,66.38265320685358,-8.864272918068064,1.335287222167257,0.0,-4.837021380359444,-0.5283024900655272,0.0,3.5128737981021296
10,149,-27.46342082021277,208.99854387838093,-17.2425395042613,-9.215785027877942,57.06338396567936,16.669337012036088,1.1015518269117484,0.0,-4.982365463821484,3.1822629839717362,0.0,3.572573022118174
10,306,-2.2854938457106684,-45.565323222006135,8.558015400203281,-12.469997903989166,130.94441441954783,-27.343123541215583,2.350740478464985,0.0,-9.363644356274396,0.2075232520316297,0.0,6.214172494869515
10,077,-36.26341419836189,390.22252417845607,-26.76477256018074,-20.274228271805054,114.5639396681627,1.0258644484576829,2.227108181543871,0.0,-7.120713747103012,5.824538442147149,0.0,5.092569277674544
10,336,-37.495975300726386,368.13521516275176,-25.33701785483256,-13.343448085455332,103.66897465018519,2.2389184201286674,2.0912549159793725,0.0,-7.359627348448329,5.613852878721299,0.0,5.07550040673521
10,074,-31.710362116482187,342.67817012883023,-18.478333459360208,-15.556171397869543,93.28797482449798,-2.0166020544427985,1.9316303263358536,0.0,-6.8754436243263015,5.146849844800314,0.0,4.723148290158431
10,247,-53.052765409007115,310.4928309581839,-16.43076722977997,-36.54439677852061,128.26135330060106,-8.636660791724065,2.5593121645304655,0.0,-8.966272272060483,5.153808833053459,0.0,5.964762896012609
10,255,-37.52857652327516,428.09183181295015,-22.731103443601008,-24.140211540585618,126.62585661234979,-6.884360925297271,2.513658686270614,0.0,-8.218715323309254,6.256502754373754,0.0,5.5959269391062065
10,016,25.873480325310666,-225.772601010606,20.480322787347912,9.55663391245045,77.24437749408177,-2.9773709558251955,1.5105954536689241,0.0,-5.468552252051043,-2.4381495641327047,0.0,3.9682920741081076
10,246,-45.61973091511903,308.58954438671776,-22.617022589508714,-27.54384976064079,126.64851121193993,-3.5164004967213733,2.4942775736822553,0.0,-8.72413774773962,5.053844646640789,0.0,5.7720593114511525
10,124,-10.956079483114861,-24.160182559015038,11.176800998155429,-18.502177022435117,110.05909339771868,-17.459934880948985,1.98288318756346,0.0,-7.649052513493888,0.23541277500066182,0.0,5.282826827467535
10,279,26.136361758433225,-314.36558568621723,39.69166507383021,-11.345290883202212,101.7074764723719,-20.88468253625123,1.797740267968393,0.0,-8.231382408844896,-3.761858375406379,0.0,5.477635409803412
10,111,4.094696968438539,-69.18028898384416,0.5516144663262701,-2.109004323568741,72.38008768398433,-6.144213194462099,1.3246710296999282,0.0,-4.977259629521665,-0.2893523873115278,0.0,3.6147486981727055
10,039,-6.773205304637369,37.500448324423914,-7.058264502738199,-8.797944606677037,47.202797952522715,-1.901957073047681,1.0217754310440283,0.0,-4.850564862975708,0.8737194678403946,0.0,3.361399437922641
10,259,-86.61647261677021,690.3259313584017,-50.229619042085254,-20.81346539753469,148.1769047612352,7.365357310791746,2.1871933867533384,0.0,-7.578335630202698,9.222170406395229,0.0,5.180030698614954
10,273,36.29517360463333,-402.22206175159624,43.36868637093842,-9.242139076531451,90.53245142313105,-21.556378418779076,1.8513672008647368,0.0,-7.9550567074091445,-4.859764063861764,0.0,5.2207692953644464
10,142,-15.358891878377268,165.08552114463245,-19.48090154765952,-13.720468283949577,62.694762697529164,4.05053655475815,1.2887222062841441,0.0,-5.403641569410794,2.6569171163026275,0.0,3.892392652068384
10,230,-10.755942516688457,110.9503484728093,-12.310388826639407,-14.734427629305438,138.18237764275653,-27.165082987647274,2.7234427717203147,0.0,-10.272337005001926,2.2814567718604524,0.0,6.7111457900371265
10,068,-33.277728864322484,292.00122434167696,-23.066916069764087,-19.88394225029315,109.25006504099635,-1.4375646319853854,2.2928658389287055,0.0,-7.931790027512249,4.693304562182291,0.0,5.180031970142855
10,147,-8.758937058309725,209.95038363363432,-15.571983836234551,-8.514999641129839,114.32298320495933,-0.47893693399189163,2.1814188921583013,0.0,-7.447896879874811,3.6244515155510246,0.0,5.136293116751857
10,038,-2.643526945402137,41.92197954296212,-13.14005704676799,-2.029618888504772,35.44420363677268,-5.399659625611361,0.7120810321879805,0.0,-4.373503386282588,0.826064626121793,0.0,3.061633735828071
10,095,27.504397711058658,-328.01669589301537,24.542178730661202,0.48696686204747097,70.68736945165644,-1.980183074173371,1.4072359648729487,0.0,-5.6331898742326825,-3.834107896411158,0.0,4.107149147993008
10,040,-2.819213458262791,45.64567605108105,-10.60131397347129,-3.551943985189978,70.36782355886085,-8.319210635774223,1.3269211939094203,0.0,-5.326973645163287,1.119534978559726,0.0,3.7360357689564054
10,340,-21.60479800577134,407.57466809555643,-41.08803504161508,-3.9481201423586176,120.21301751933511,2.7764968471432256,2.37186425421372,0.0,-7.864771889474532,6.167651486035848,0.0,5.472973359682547
10,345,-66.22706504013856,666.3575942454669,-60.02004765467906,-21.81324988580761,133.43593196739835,-2.1052923189346755,2.049594332508255,0.0,-7.524758143119522,8.85613454480475,0.0,5.0895171707897475
10,163,-31.014438297637025,362.69658135718515,-28.375154140265145,-14.677224318193872,90.42783433635391,-8.130187312810968,1.771492572503461,0.0,-7.555469280158899,5.484313954896503,0.0,4.875348478868331
10,206,-0.6008815569634294,-152.07160996232193,29.11712373498766,-16.178145116068364,132.3020977846724,-22.583135890329462,2.2501090838436952,0.0,-8.907947586730524,-1.426405196228096,0.0,5.88333438954048
10,017,18.490382072478855,-233.4415608620039,24.616698399229094,-1.5504819264977558,92.23505700725455,-20.250924827334902,1.7756813341075333,0.0,-5.8342299704082965,-2.4580937794190545,0.0,4.174091784051181
10,179,32.77899726718957,-366.76772945107814,33.30416766918501,-5.388075408479283,86.51459283763441,-17.811705280241682,1.7587576211350733,0.0,-7.1095861492986145,-4.318769794737508,0.0,4.813671015343162
10,182,26.03186131055086,-418.0122174847301,39.762409205328304,-8.061748412647482,91.943603240427,-8.028362482581223,1.7974664521517822,0.0,-7.18133228241935,-4.993030235818698,0.0,5.06408583731644
10,137,-5.3700419176979945,138.28642304738602,-8.25306978332638,-6.43626168075829,105.72742166219936,-6.783730824775359,2.166770760364235,0.0,-7.372989903826337,2.5676164654006857,0.0,4.813475096829214
10,304,-5.480403554656888,5.892027633282713,8.10206009039492,-14.90599271690199,115.67151535974969,-19.134257945618447,2.1129350032837455,0.0,-8.716039020694177,0.7846517655795838,0.0,5.736921985097469
10,297,16.410743670304747,-120.39217529374844,12.309530657252012,-5.338350795440921,148.66363550458004,-27.366767358910636,2.7946362707954324,0.0,-10.570615880462173,-1.0314211694085844,0.0,6.351452863234675
10,050,-18.463835081343248,157.4006891341897,-12.037194070175005,-15.293038317786312,111.03675233897064,-9.565523283392583,2.3276857730443155,0.0,-7.42176700773602,2.890307257014735,0.0,4.685022478687314
10,346,-34.048975433084976,691.7877814416726,-59.65261998268913,-6.308523539002336,145.18794707869336,7.840753890631828,1.9654407239836647,0.0,-7.349457046562284,9.11886438707698,0.0,5.008113044558833
10,258,-55.13359777775534,659.8095773093688,-51.06568451227542,-16.17001844138177,116.79234107378262,-1.4021652302489545,1.7906741713249419,0.0,-7.113812057447438,8.904633810112006,0.0,4.911448647630366
10,080,-47.091039627060425,447.7299921901645,-36.929577770606315,-18.12135908436561,82.837931298427,3.9117155249814117,1.2462815384821604,0.0,-5.070999919323048,6.10513041673725,0.0,3.706233452605738
10,286,14.922526196675584,-239.88997748386177,37.64068960363762,-7.524616713474846,122.245589303036,-24.805773694164674,2.008561309681429,0.0,-9.614189281976541,-2.81031467932229,0.0,5.86311705333635
10,178,29.428842880696283,-372.1767309506758,26.58506669800543,-0.14382154126228563,81.38372933420385,-14.282928368398156,1.5411327074894363,0.0,-6.314624965927898,-4.455434052748165,0.0,4.477580780008169
10,150,-25.15980526899152,232.41359178030856,-30.691397314332548,-13.738167789155236,69.35271011507066,1.50929073120255,1.3834269983828649,0.0,-5.430224807899284,3.542986202917746,0.0,3.9577107312155984
10,114,12.596651650071149,-119.99925816366199,11.58505960287248,-3.9534845916029324,94.10653176415414,-7.169094379863547,1.5345082250990474,0.0,-6.388056164889782,-1.0728945125214908,0.0,4.348306219876956
10,239,-46.530665954648896,332.3426390164775,-22.646235585810423,-27.025208534516906,128.0779183804427,-5.505065428982924,2.629914093350399,0.0,-8.809762711012988,5.2718576472592575,0.0,5.645854936432576
10,051,-12.163550065449591,155.91065161079317,-19.817976104678575,-14.11791670837893,110.75971474030005,-21.73608635710813,2.2762103130734976,0.0,-7.317983424144218,2.9009467570101806,0.0,4.743007289877061
10,245,-31.371288949037506,314.98933450727975,-20.652799615259724,-19.864685440177986,122.89479238669088,-8.531863722700448,2.545855679576704,0.0,-9.00602744362597,5.044970276865046,0.0,5.97742537488621
10,097,14.527072331829805,-145.89931588739321,10.75064708344376,-5.9890974206506336,42.60166689967934,6.019981984797385,0.9142674547930529,0.0,-4.125422056742658,-1.6161567343640018,0.0,3.14350939125161
10,059,-16.035603620953896,190.24399084125247,-14.025667618742165,-10.307766478888198,105.4655302921232,-2.901004897414757,2.3174533142311584,0.0,-7.2614010658302695,3.2399698881831807,0.0,5.018092922299835
10,225,-7.875191768740508,102.77458027811387,-7.948812776131062,-11.698226700033974,129.5986534550334,-14.921430614296199,2.4708986230368493,0.0,-8.959690156857297,2.3320910333342915,0.0,5.8492696158499005
10,318,-5.497074992602377,91.99410043241434,2.911261516574904,-16.191490574973283,134.69517885675887,-19.408657191787388,2.550701715207323,0.0,-9.57684077786234,2.1026354576872364,0.0,6.49877297560065
10,195,7.426264480448692,-162.34026472651487,13.436295895066332,-5.2583353327042115,101.707044238525,-14.900757374888885,1.6980965969378246,0.0,-7.295907411481151,-1.8526428669226387,0.0,5.038227282574105
10,280,27.654131257809567,-325.4400499681063,38.67086670937885,-6.718500113489555,103.39898835100003,-18.98132560397768,1.864391811834632,0.0,-8.652878368743698,-3.890217081327706,0.0,5.71541021904636
10,278,25.52575236615225,-315.1477233136008,43.774443165792945,-4.9593711233989985,93.01589014098647,-22.703981312497373,1.7969075845894296,0.0,-7.720043412923435,-3.8255434975875646,0.0,5.162291876850455
10,025,11.489694990387942,-100.07872578962154,9.57864224997469,-3.335324838830882,87.3973907870875,-17.620226383137165,1.586075431844164,0.0,-6.050165044922724,-0.80950250769455,0.0,4.07322206175616
10,276,32.81799586106921,-290.3311303524514,30.855400082655365,3.2895441782952703,97.88931890486063,-22.268690424717345,1.8801497948184318,0.0,-7.2479878647901,-3.304963186858358,0.0,4.845082471787972
10,170,-48.00107040171533,542.7739584851048,-47.679840379624466,-19.730151059553393,109.7838760926512,-4.089616243753181,1.6137167869879858,0.0,-5.8111953656671105,7.23622766184102,0.0,4.311446033784234
10,324,-14.036750535036282,215.14763682379095,-9.066351122501704,-12.284432816025824,131.71113817415977,-19.33848189521178,2.5835006119795225,0.0,-9.086886240328276,3.7928067417765305,0.0,5.9806700678167655
10,274,39.78339739351836,-425.9724351340645,49.07164399724518,3.6402514865253597,88.20399236530183,-19.400098138544703,1.780461131310866,0.0,-7.667630688388325,-5.17901662781274,0.0,5.301583476520385
10,084,-56.16888368388807,592.1998543113702,-51.86185843558575,-5.374384481773207,106.8610158448234,0.14687771751094714,1.7970147390616513,0.0,-6.3201077083316735,7.768831161788302,0.0,4.725920801086098
10,091,23.243500875184072,-270.439043171163,22.621356042597853,1.4299858690401683,56.336398391608704,-3.937020096651329,1.1433498065383099,0.0,-4.698557851604838,-3.0869887642049716,0.0,3.4853539857166993
10,069,-20.560299177436946,281.62689470531467,-24.44775275284083,-15.922203971288418,103.3193886706487,1.2173671251441651,2.2055982574009976,0.0,-7.883737728920247,4.467366161664795,0.0,5.189191886548337
10,133,-6.803567823001547,97.65637748107176,-9.105310359036922,-4.767402451812511,44.23813694008206,0.22618788746880303,0.9102589777104887,0.0,-4.757536779084074,1.6513485953657936,0.0,3.372494300177122
10,072,-22.323132265388516,295.63133384251483,-27.53831232140261,-12.81103562078298,79.95687519470691,-0.06159175287652241,1.503756890230387,0.0,-5.516656865608508,4.397116873689533,0.0,4.067787645416113
10,207,10.81248474830596,-158.7254028575288,29.975525551267772,-13.13775733854309,135.6188017242193,-30.755298485844172,2.336078458670178,0.0,-9.052165450388223,-1.4854268496119472,0.0,5.936690393233826
10,271,21.53641401208177,-376.1438039050801,38.51951887640092,-4.0559554127084105,82.33832131775827,-17.733938121054976,1.6934856908241178,0.0,-7.392514158208266,-4.588137657614795,0.0,4.988955445313249
10,042,-5.2035362794085,54.53586102227357,-6.408694814838469,-9.630569331764026,104.23227792093407,-15.297924890946408,2.0443260414584845,0.0,-6.786909133707611,1.3935113480173449,0.0,4.428172595842572
10,343,-36.17411653641102,409.4978825818218,-31.480531710134443,-22.251453749200152,120.33857510410847,-14.7507326878248,2.3536989884731843,0.0,-8.142471085314,6.256601138803238,0.0,5.4510230666140655
10,115,12.832793742498641,-151.8596163455614,16.82663182793347,-6.0757339523292995,87.33832161583732,-17.725865727585944,1.5116019125148914,0.0,-6.817790387842394,-1.624774740701218,0.0,4.635020580313183
10,060,-24.739008991222953,232.65936242259204,-19.563713749375495,-23.647036181263797,120.66578439068685,-7.290806381769697,2.3641817474164064,0.0,-7.797235582728444,3.9760003072132264,0.0,5.374152606772884
10,079,-40.95398256857016,383.392686777723,-47.56278396214281,-9.25850211573303,45.099157925872035,3.993820133380959,0.7796516733328653,0.0,-4.649432198456301,5.015034991176446,0.0,3.419512080479471
10,328,-31.757770011862416,309.2011952597698,-19.037277964882442,-20.365462003914818,111.7994183086289,-7.828769061250154,2.276551692965176,0.0,-8.026734817138486,4.933410493562956,0.0,5.531837971440467
10,066,-22.252079956881,290.1240346116731,-22.62902814335831,-12.393349325059928,109.45382735877037,-0.4682734687993313,2.1905800099725514,0.0,-7.162531536164805,4.584014524774765,0.0,5.014446327741134
10,191,23.96671250967626,-310.4516270044068,41.392913473115875,-4.0128455516505195,89.57200785966545,-19.3580531664887,1.5214887661109664,0.0,-7.83558393387886,-3.7696491976800988,0.0,5.1322538126880595
10,285,12.860063401050288,-205.4123692819559,28.05104271225374,-11.769228189409874,120.69026426868538,-23.28031216206454,1.8156920521855922,0.0,-8.941583691903134,-2.401849658476511,0.0,5.989133181442388
10,076,-34.53711608647686,366.05712758516745,-27.48862626714182,-18.105937509603933,89.49004104314149,-7.222196013600673,1.7819485978213387,0.0,-7.270997052331016,5.345155927859766,0.0,5.036408625530477
10,237,-18.643347998392056,208.8077619284394,-8.528300619256576,-14.63614365607966,130.6864603689809,-11.668317086458,2.7608439718978675,0.0,-9.294340923354573,3.6081194909618124,0.0,6.286175632886705
10,176,33.068582702807596,-346.1237093136367,39.670480034120644,-6.572269458824854,81.00202526536115,-19.729400775121682,1.6705533398114818,0.0,-6.411510331827478,-4.017339153193091,0.0,4.496819326826995
10,302,1.3145020543638788,-178.38308747097994,44.520771329154144,-18.91356307464929,134.18620370052363,-31.78868632940715,1.9588576760194845,0.0,-9.293978898992734,-1.945037008000377,0.0,6.379529043820209
10,013,18.006177055723146,-161.4317071205803,13.324078018765622,-4.882964790332085,57.04219080718392,-7.525404680227668,1.1877850312198095,0.0,-4.591079371219893,-1.7183088360257763,0.0,3.336667360528341
10,044,-7.046949630866564,41.984198995993744,-1.5999110778940153,-12.162650647858731,115.60057203502272,-23.369690497192675,2.119328461979017,0.0,-7.644362320247836,1.1571362447702631,0.0,5.149469593101551
10,058,-16.15931569731061,213.9162398560506,-25.94257788053599,-9.856599470875455,108.68824307759955,-5.271370076965258,2.161239455841882,0.0,-6.985773809406861,3.5957084392778205,0.0,5.029269325601316
10,018,24.056432915274037,-262.52505125424045,30.490620404948984,0.5725412405181802,87.39043148655762,-24.936729837937847,1.8549643205497823,0.0,-6.165393560434815,-2.9703510012757737,0.0,4.456546403780706
10,283,17.970856963311682,-186.32000824610677,27.144631741642893,-3.9854529529095064,114.04623196027619,-21.475752961537008,2.0159263927454334,0.0,-8.323150866690503,-2.0638625107882187,0.0,5.597292828744828
10,171,-45.94047064192493,583.7723883301126,-39.99792572976284,-12.941397551205453,107.53340306815413,-3.8089570330776628,1.9178027866771088,0.0,-6.142291456905494,7.877842691451638,0.0,4.743825580218808
10,041,0.256728009576479,49.60480646540052,-3.3120042176534756,-11.960870119904175,85.39754945591565,-16.61925246260644,1.6482627157871994,0.0,-5.829036196205959,1.1962202306937793,0.0,4.034578108184254
10,067,-20.682352524836798,292.82354978301146,-19.262309287209376,-12.909311889437978,109.64183036764067,3.298176940609444,2.283145026904914,0.0,-7.615274670209931,4.653996265354212,0.0,5.151462980280077
10,085,-58.565772587141645,628.5917456169121,-58.80855194878881,-10.544887613851248,127.08227334063606,-0.7017013237996166,1.9336990324443022,0.0,-6.832664514633833,8.71103506736972,0.0,4.813658087895142
10,158,-26.428774663926365,268.8925323070187,-27.43753120209992,-12.509195768491104,64.78550349232047,3.35689463438442,1.2853120001820157,0.0,-5.105792843096871,3.8060640320427948,0.0,3.84028123752248
10,126,-3.773447043972079,42.59589965220805,-12.873519290305733,-2.314247891790007,51.09864371453288,1.5499007470271517,1.0318743667912778,0.0,-4.75827792420756,0.9666693367328582,0.0,3.471788533163862
10,320,-23.460940708507177,208.86441830254617,-11.947438807673095,-17.394248520158385,117.51678252105083,-5.886129474821011,2.3937118508404835,0.0,-8.659838515651133,3.576856389213502,0.0,5.4541771306101055
10,235,-24.164928075544456,211.23996316205103,-14.276053733780262,-21.17110323145365,129.56089778091606,-13.430009983256548,2.593712551873992,0.0,-8.827924980163177,3.781431605045107,0.0,5.9445198037238995
10,321,-26.222016005363592,233.6888364594492,-8.89978213579868,-23.015286777691955,123.58809016354103,-14.347836904462682,2.469560508717704,0.0,-8.733352574307123,4.068468554928896,0.0,5.552488783899106
10,046,-15.390055270882511,101.2520300107796,-8.254919065129922,-4.517494160153939,44.941685214373656,-0.22736848962892453,0.9726492766690431,0.0,-4.783449329886736,1.6829175772058553,0.0,3.3488620157417133
10,033,0.366625209760933,10.367432625610993,-4.821532068800913,-6.905548271227026,75.10885821029137,-12.409178086891245,1.358484803926122,0.0,-5.301778464142671,0.6863604531143438,0.0,3.751901498322203
10,010,34.358966374380216,-319.302847610204,32.65774099036839,8.062288282377985,56.3753876515253,-20.53826367158242,1.350294479434159,0.0,-5.971828770437482,-3.620356910377093,0.0,4.348095331449463
10,254,-39.254814831705396,462.78124653744504,-38.81078807004934,-22.503024450023776,144.72403299642463,-10.042342832897049,2.7104887157336046,0.0,-8.883350912910222,6.966490578942309,0.0,5.984875915668159
10,236,-24.40167182757478,203.07474285120531,-16.31420786202869,-18.109786867545232,126.76573404309822,-15.607574018750253,2.5190773680524385,0.0,-8.525090632959325,3.617532509954357,0.0,5.958426124803288
10,089,19.723468434394896,-252.28701893975045,19.226408570140407,-3.0363924286785995,49.753930585311394,-4.206212785406201,0.9586741365357742,0.0,-4.218442478358475,-2.810060225663816,0.0,3.2208713927236476
10,094,16.881583104749986,-305.1554160354634,28.528819499604932,-2.2219963107732967,67.09010852424584,-2.441110403513905,1.3928969918233758,0.0,-5.683416454167992,-3.476885348391504,0.0,4.104667946160078
10,317,-21.869315619382025,113.64736767113189,4.540614898072735,-22.52643183519369,140.1531434617241,-23.68380264738846,2.703919579106069,0.0,-9.541495586614248,2.3993098900337713,0.0,6.209923941605273
10,055,-12.617759129524842,166.7363133706434,-17.493496468071175,-7.646755835053115,64.20063669142692,-3.1865546544723657,1.3348972395974386,0.0,-5.316530083444563,2.6993850613893025,0.0,3.75892615588956
10,026,13.885557787160554,-120.16405489329475,12.530486981276429,0.1695591673440342,92.37239789631315,-21.994297074758975,1.6472427170927795,0.0,-6.608624860528091,-1.0523442504233462,0.0,4.358494819490534
10,144,-16.66808647147066,200.51713909152545,-16.836825415666087,-9.534414882568237,94.04126043267341,-0.9020049810501777,1.9693945186848265,0.0,-6.809752226075344,3.3178746118904345,0.0,4.716998517833618
10,015,20.873249535284664,-201.66604771025953,15.694560689216448,-0.17886037477873495,78.27316328370208,-15.043096296146782,1.6856972802771142,0.0,-5.377145350079804,-2.0754313635204737,0.0,3.6906278956108114
10,131,-3.6918766615227407,43.766144323438894,-0.2939416987482938,-11.827914643038499,110.53672110477874,-24.7825709700411,2.107067910341964,0.0,-7.944913219604073,1.270548259330223,0.0,5.274987870334121
10,065,-21.590183942863458,279.4434395100011,-23.99118904850343,-11.508135374204178,102.58523820612047,-0.5862862128174839,2.0457131964184763,0.0,-6.7059502639826185,4.335081757520297,0.0,4.882198830200338
10,325,-10.041318753541375,196.06215579960292,-8.657977573205159,-10.473751368138998,124.90417534790583,-18.989290874389003,2.6320440652796013,0.0,-9.48274300238423,3.4282005988085014,0.0,5.893100282159018
10,347,-60.90824652070181,717.2319154269974,-16.11891721379227,-14.497203136528977,156.2380002424185,-4.269140973016686,2.1233179845205887,0.0,-7.314395917222341,9.88096872908943,0.0,5.0287569051713135
10,086,17.274304505163556,-212.4942494298598,17.81856708423009,-2.276290880029757,22.61485081588991,-3.6446660458161086,0.49360936185848137,0.0,-3.7279165428034102,-2.4917160794448514,0.0,2.811535342297206
10,070,-17.38911153504096,217.5722035859418,-30.664774451090018,-2.3366775649395355,41.41356730487441,-1.471856472865697,0.7467921694333146,0.0,-4.673098493869836,3.1153055749029575,0.0,3.324412587618326
10,001,33.67407159967302,-215.9081277070936,19.003672212569967,10.24616365831505,9.67464222170769,-7.079959649019996,0.4191586657445486,0.0,-3.658562942637256,-2.5358140995706284,0.0,2.780006971805798
10,160,-33.593512346629986,327.4773218618561,-19.244715307425622,-17.911745905549438,76.64602636054788,-1.3790082536325183,1.462752691577721,0.0,-6.332097319942215,4.971001444784522,0.0,4.37591829221379
10,113,8.518482489746656,-94.34407037547442,6.468308875278667,-4.244952204550571,89.64331525679218,-6.724296036196399,1.6594134352714112,0.0,-6.181905594097512,-0.7554755685478202,0.0,4.107570040539147
10,342,-24.7909806675882,424.93450894222667,-30.634351295850443,-7.390965948826033,130.2416862556864,-0.14709098061325654,2.4389065965415204,0.0,-8.151831103159173,6.461036269865742,0.0,5.5000085046347635
10,112,2.5420626332776726,-65.53365162868033,2.905237051757047,-8.195383852915972,84.55513340527294,-5.689093027217858,1.5805345779417919,0.0,-5.428265010773115,-0.30362399183405814,0.0,3.9200336140945633
10,004,30.929018477804735,-252.37639176699685,16.914289702122225,5.332707060904403,36.957031296093106,-10.720080045389913,0.8939392908507696,0.0,-4.354394361715671,-2.904966163126253,0.0,3.2858773674458206
10,186,25.804235375323252,-295.4496930730554,32.37533161389382,0.3597177670230236,96.1762067311457,-20.477082672694426,1.6575564390934605,0.0,-7.136151037160445,-3.3554122631994914,0.0,4.955667926008317
10,138,-13.347906634184838,143.7633543220993,-10.601865222106301,-10.567027341303639,110.27546718475277,-12.363921550107095,2.2547597038464455,0.0,-7.354865463326255,2.7171615916424487,0.0,5.117274956868204
10,313,-14.952046194001252,138.17543861250982,-11.916591443515966,-14.435754895158786,137.41264281278282,-10.73259398489491,2.5375094656235033,0.0,-8.953978254382246,2.8727375551835648,0.0,5.922979768377522
10,088,20.617486570171234,-236.2871379824462,15.668919481942813,-4.19435065318561,39.433143775320964,-5.554735604911865,0.8601977858186525,0.0,-3.8189162368131493,-2.65765795666288,0.0,3.0405526110882874
10,064,-15.948482399148922,260.5740613840148,-29.828255524919545,-9.694199381726708,92.0999692609416,-2.805088832187535,1.8551695484861428,0.0,-6.221621651924733,4.126510639181087,0.0,4.352555562049169
10,159,-30.39897581885695,300.21946676878997,-31.455259637926495,-15.176066800481966,79.15985082452976,-3.828436566548751,1.554006045297665,0.0,-5.799422142162355,4.49065960437792,0.0,4.206291482346811
10,132,-5.445682781441279,18.45941549239648,0.5638742951657799,-10.661244952502377,110.28669280727821,-17.775566267681356,1.9729388436805317,0.0,-7.815039630748224,0.9581392950703318,0.0,5.274700702504096
10,007,33.18648101402785,-300.15235322257337,22.38285918597135,9.722848971270253,61.97358961139974,-15.138227257629934,1.4378726042795162,0.0,-4.943640213851734,-3.2891393444975483,0.0,3.668162426816462
10,011,14.206893945511322,-137.08820613377503,10.202954590884465,-0.350133725006623,26.93131190393101,-5.36417441369162,0.6268164193585946,0.0,-3.919319125470345,-1.4944982059030396,0.0,2.857618834216075
10,045,-5.116666490032762,29.547894263540215,1.177722492127159,-16.283871103687055,113.01239225721235,-30.93535328805758,2.1530783760213907,0.0,-8.268143878998925,1.1338653454710041,0.0,5.108292375202334
20,037,0.7527087291873815,-7.035732445729219,-6.438776089054375,-4.260026200717183,101.06142043940841,-2.915406458521515,1.9686307838497479,0.0,-4.8736122741689325,0.6332024904022242,0.0,3.399037898935552
20,329,-11.923942483005398,-148.06509977302676,27.09568250096512,-14.61322601341262,230.87558375693763,-38.110439425626346,4.257448529705601,0.0,-8.661129000873718,-0.8022192644354207,0.0,5.804913811963958
20,209,14.181771389633937,-271.9327147834163,23.540502453621457,0.9258669814462435,157.8346884888449,-16.420092874589834,3.047699330781824,0.0,-6.12582946699623,-2.5741374456079944,0.0,4.307240959174748
20,141,-1.6475570377935123,40.65875352904325,-9.829572140712626,-4.066204869145256,79.80562848066658,-1.7080424203981326,1.587642735156602,0.0,-4.478015419366712,1.038755333262515,0.0,3.204498446544875
20,331,1.5421752153966768,-204.46642412848016,27.980138940627988,-10.734198201826798,224.84614868770058,-37.095069504461094,4.550951456298686,0.0,-10.551411132413032,-1.3866213157358276,0.0,6.530449408617264
20,003,8.080513268548113,-231.8010208014911,14.991221223499158,0.8861354908657755,62.1161376967879,-5.619010064079591,1.264623425800358,0.0,-3.7887155366811034,-2.4283088383091638,0.0,2.8328298193459722
20,048,-1.0705247065269607,42.6923142704663,-0.5150886883478019,-8.064643336459076,156.23291058638947,-13.909599954208723,2.900555176450464,0.0,-6.69182798235598,1.4540894847767571,0.0,4.56631654754824
20,193,-16.10898079098316,293.14595017529354,-23.8297081271254,-13.986803542815561,153.89131393788853,0.9091088935647651,3.196338538550579,0.0,-7.1162531266584,4.962526869487322,0.0,4.466320714712678
20,375,-25.205184494969423,704.3205386452378,-43.97864377187547,-8.702782997616684,220.42826992724525,6.644316344776439,3.427771395613814,0.0,-7.015290214293228,9.747050709711946,0.0,4.964320797840306
20,031,-0.7387515995631295,-152.1620230367394,20.145340787753494,0.6689237465963984,121.84643014823055,-21.36310329125078,2.47099662777927,0.0,-6.961066799761269,-1.3934883436527947,0.0,3.7254260793196066
20,248,-2.7491821922245823,-94.28557903915988,13.731830251714541,-9.732185752561913,213.12412926648193,-22.295982758552174,3.907982082529382,0.0,-9.09244215367577,-0.05938433321987158,0.0,5.947406048026345
20,222,6.4566174020921245,-177.37431790868834,23.31547242039338,-1.1207342479136306,162.51332765602217,-19.90788728512941,3.0971469151440605,0.0,-7.478746152284872,-1.3814291059405448,0.0,4.716589346885247
20,341,-4.269695209930794,106.81230678637759,-5.929761271156613,-12.171655399203978,188.44599286061677,-13.360054902433992,3.6343397814146865,0.0,-7.4880653103170305,2.5666091354949536,0.0,5.194066317694787
20,335,-5.36995044003087,-15.423415465438607,-4.498889742111903,-8.282268040656517,212.0738642073132,-16.175722947748643,3.9484443555990523,0.0,-8.248987690814682,1.006785532445571,0.0,5.610881440478129
20,371,-24.699462438392437,452.0152211783559,-31.74352793146518,-14.251997867432424,217.87763095804485,3.4170749679059496,4.204781624059974,0.0,-7.853695818777901,7.474778280946715,0.0,5.224587875216057
20,107,13.080724532462154,-317.0363994447722,28.210912906349808,7.444012045297525,115.04374273924856,-13.648667939867972,2.4593783264301172,0.0,-5.431117601984982,-3.40405490201036,0.0,3.8806197168573586
20,223,1.0448926028791234,-208.00922231757048,22.517434647451154,-0.45681983954840977,176.4268632927432,-20.981548985841055,3.2910936076756596,0.0,-7.234226103425322,-1.8242138846949982,0.0,4.999805352005727
20,127,4.246945052709507,-138.03467911178151,16.825473588025915,-1.774073446012875,125.21535757229655,-14.870753461457763,2.5056329892664047,0.0,-6.437516218466504,-1.0623990496527709,0.0,4.266969125820756
20,100,12.718045493873166,-253.09439765248553,16.435336060791776,3.4598791191795333,73.19687392685195,-0.8486777165792585,1.5610446351362521,0.0,-3.892327810288693,-2.5836363940492237,0.0,2.765813860436422
20,014,6.5261974230521815,-191.7896491875588,20.028895779575535,2.765129481564168,78.939380116811,-3.463886113582872,1.583051633267933,0.0,-4.625474704975904,-1.8803225337251328,0.0,3.215035394906459
20,134,1.1318863700311734,-8.052494207213309,-5.760153584588355,-3.740805822191188,99.82609952906166,-3.2591982318832295,1.8521787682990063,0.0,-4.7807665377934265,0.5834475966358292,0.0,3.3769850765274945
20,361,-24.966879548889708,298.4899586445868,-23.669380118385927,-3.448514337279493,195.11938414260132,-3.8986649906699764,3.9128147148916295,0.0,-7.710263850846289,5.0864404760438395,0.0,5.2248215764372326
20,099,-1.3243295238194195,-226.8627606034374,12.110333791295545,0.9469924318206495,65.19087961016993,-6.679692545596865,1.314767606306279,0.0,-3.8055200542359247,-2.5251073264111064,0.0,2.798779712493145
20,024,1.8213253447327897,-73.60676570750078,3.840063228169879,-2.7932732005351615,95.66079973761684,-4.33572069104005,1.9532483911550238,0.0,-4.760220919579856,-0.24648944667221162,0.0,3.313787425479627
20,166,-9.187198735081964,252.16357042233773,-18.517078916798162,-5.816154379278305,124.68491932374707,3.096956138176969,2.385640216068404,0.0,-5.272345820909764,4.115062783580846,0.0,3.9149823240001664
20,105,2.091165539355842,-303.6148342982084,25.936055558930413,-0.8188533403189922,105.6351453626297,-6.186440157773236,2.333372949756185,0.0,-4.612984351419039,-2.832857969641898,0.0,3.5735296302947432
20,290,-17.548908855907158,786.0656405758042,-12.99932657226768,-8.169799437586553,243.58209918783865,0.9934649985860013,3.6453922247113275,0.0,-7.2988223549169335,11.075803352149364,0.0,4.734975445488853
20,339,0.19409230493372576,-114.07970242335439,11.601685033972242,-10.65756528757478,217.36197338974395,-26.14506489455204,4.166348377848543,0.0,-9.345316759650988,-0.36383806623003667,0.0,6.10363039199855
20,081,-15.968519732649193,358.546108691799,-26.404814025490992,-12.798357386186632,149.56200258209844,1.8982545416208336,3.1048567066767325,0.0,-6.980723156869507,5.648550672545319,0.0,4.642362386977961
20,190,-9.678403138927726,227.78983899542305,-33.7884567059546,-5.350617717534927,89.46739087308227,1.67389656177238,1.786371678772456,0.0,-5.321224407265049,3.641764441422044,0.0,3.581291327981055
20,203,9.212555742587842,-362.5167045288539,33.649797216083506,1.7384597915658078,144.7528949897168,-11.598955239824566,2.9093896237715566,0.0,-6.228072972863978,-3.6299157753864506,0.0,4.207868335633504
20,233,-12.193932998516598,-63.84347796337999,17.53756820157678,-17.82006680906359,184.284942454994,-16.00841731378018,3.488721129832194,0.0,-7.108527886190213,0.2281571684200665,0.0,5.034092948872131
20,117,7.19709794581982,-269.9544430590872,30.137029677117393,3.809132588967393,125.55318137360159,-19.481324163526867,2.37201850986023,0.0,-5.630622099562047,-2.828003665232376,0.0,4.173254434216068
20,212,9.824018761831857,-319.0711598023908,30.6516382925894,-2.4451911398402233,154.98945317496077,-16.7465262048303,3.14195417255436,0.0,-6.855759734946597,-3.3546112113374145,0.0,4.716133624068599
20,169,-9.834046416304794,267.0742024658445,-24.4787751991227,-7.9373070621961554,149.2088909721577,-0.45605411031361953,3.0009109665242137,0.0,-7.284039361784976,4.492303286213922,0.0,4.735479229992919
20,056,-5.851700841664972,126.24435602479973,-13.252399921640976,-9.633975327963656,142.7326870380317,-7.8733951505230095,2.680980145805656,0.0,-6.697213418295925,2.475821664831905,0.0,4.588240335795896
20,196,-14.394915865287002,286.066908651898,-13.745267887872188,-11.154226979447017,156.72470276704013,-9.262947994728048,3.180100797131222,0.0,-7.456075313644464,4.88098095032629,0.0,4.794866582458785
20,129,-1.8186531042794853,1.5254452516615586,-6.470734180868193,-2.522605443935607,48.22276514144184,1.1339532092229816,1.0331001194559506,0.0,-3.842889017128744,0.4213530264922689,0.0,2.7006759395333586
20,155,-4.32105357315023,81.28823629162507,-8.715782151386176,-6.9505218562936,151.07372632477714,-6.886773424930188,2.6663192627546137,0.0,-7.104351314059366,1.9597242512616244,0.0,4.6287774388267495
20,022,2.459705144559329,-56.62408746220132,1.0217212364884116,-2.4666285753306174,80.29046139124956,-3.2967253827093703,1.72018785817006,0.0,-4.4460417601267945,-0.0921579266617718,0.0,3.0858025080632885
20,350,-15.67832627377595,229.9026707534318,-8.34715782906208,-16.559333156544398,201.91420079346867,-6.324282954380434,4.106000683549641,0.0,-8.117627027542081,4.338545166572261,0.0,5.337837079486732
20,120,0.09522455797881313,-66.22116671379173,1.5506994409804937,-2.8798421016820983,79.7466863107336,-5.9238594493250725,1.5627635033607472,0.0,-4.2445134366058355,-0.2927550514304368,0.0,3.0284802636307395
20,125,5.340025705345296,-106.44943064834854,12.430443329385554,-4.074925868281717,124.79980151488076,-7.277175179416967,2.4010450614297323,0.0,-5.360353063422395,-0.7119349157596241,0.0,3.969517122957398
20,093,10.837300346894645,-229.44623777376225,10.011767395504808,-2.701073577140524,60.952464650952884,-5.281336198450639,1.2955441868427526,0.0,-3.7133439957499688,-2.538020135114999,0.0,2.9132923394352104
20,266,-2.2330042338200706,214.42800384474174,-11.178884986488876,-13.702237293238664,223.69120158104585,-3.6072476681222607,4.360937502969835,0.0,-8.5074720721858,4.312506575731547,0.0,5.9178256986538464
20,260,-9.787857404938919,214.61258626244208,-8.073193294190201,-12.636752386468677,188.94932095451904,0.5544031058935204,3.7471346927604285,0.0,-7.308668290714747,4.072244981956301,0.0,5.190961495410926
20,122,0.30469319413260987,-80.78698222936556,4.34637445111207,-3.7273082045568415,96.07291816594496,-6.485667776035822,1.957952236162495,0.0,-4.646496146334246,-0.34728619241982817,0.0,3.2546980389603033
20,078,-12.16115799361745,317.0055103420286,-21.66567058567416,-7.856503254750899,123.42678311248031,2.9484175295449067,2.4672881371760385,0.0,-5.8705272494562175,4.925117512475926,0.0,4.0438750272586
20,252,-0.8802851424612288,103.38463386103487,-10.09305630303546,-9.265551601908687,194.08847582380017,-3.588356947525151,3.5686643806164517,0.0,-7.216618800159828,2.5380420071612804,0.0,5.04538079205647
20,177,-16.31163671664006,382.3727758233716,-22.905466249886704,-13.510366246658178,175.06979030992449,-4.242481012873603,3.4312516769910624,0.0,-6.681667309919142,6.129949934737411,0.0,4.796071710826718
20,303,-3.1662881684611417,-384.64667123235637,38.48300694340412,-4.530589718712241,145.44695921948684,-19.505419875437738,3.1430997954384567,0.0,-7.078609948973775,-3.9711615151582715,0.0,4.738000699566065
20,162,-6.278814211245258,183.6515007693233,-12.189968709327186,-13.143440952854416,162.9067469006713,0.8846186712725386,3.2812226185395392,0.0,-6.377028045431119,3.489037071783345,0.0,4.6150841179679825
20,215,14.974548259500889,-307.86512793194817,33.814867601961225,3.195901307252554,161.66389424299675,-28.392319133750718,3.1960739074316384,0.0,-7.377082823572203,-3.074642749461021,0.0,5.0016319101924385
20,378,-45.48831058822674,736.1892444657705,-61.55931048186061,-18.22096723667288,214.17304459521168,-3.2103084905650072,3.249441009833265,0.0,-7.249299848622906,10.276835250684385,0.0,4.54823252619773
20,030,2.012773667535037,-124.97992659966748,14.709339224613714,-3.791397837951666,128.7814714896682,-16.994514121219424,2.3720811095705643,0.0,-6.003033515906715,-0.8687791683555516,0.0,4.131088811461237
20,337,8.140647942941449,-53.182093681536486,5.258115679233075,-1.887414467666913,215.28631754695638,-21.891392511069487,3.902091255901162,0.0,-8.756308807530027,0.3376859479238843,0.0,5.882446292216241
20,244,-7.691872739762579,-21.535522977833406,1.7901336039783429,-13.902100418039565,193.09848815366635,-10.913568692195774,3.6069770394998097,0.0,-7.482803190879411,0.6714813063189913,0.0,5.038905851044689
20,380,-32.7315409864413,781.7014593054139,-58.46893534526096,-13.97595575945839,232.35971899286815,0.36146454080281476,3.5434254655127244,0.0,-7.2288704869210285,10.910358729194726,0.0,5.150240383347522
20,109,2.5082849249236174,-168.76684791144785,14.494680230013381,-6.247090114928537,51.399923209542216,-0.965043295448629,1.1297937035007553,0.0,-3.9697946370098824,-1.817188075091123,0.0,2.7118716857442227
20,351,-9.114850016058696,221.26614416786012,-8.447309872102998,-14.968934243192901,194.74280867166254,8.035452066114932,3.9277750229875164,0.0,-7.769416931609616,4.190972231609466,0.0,5.406377774602575
20,047,4.821105268712442,49.67643737725215,-7.0051495376013415,1.0696159410760213,141.84375323235054,-8.772810549637475,2.706054279302859,0.0,-6.0290992839464055,1.4930523772524495,0.0,4.206603977832598
20,005,6.466270455840299,-276.64934082629435,16.579814349598955,3.678327833305347,87.45054608234697,-9.616405184237438,1.8328349910045523,0.0,-4.178018302147242,-2.8344791014677377,0.0,3.263628517504533
20,364,-15.021936598430884,288.0968573235009,-4.178396633149397,-18.521551842656063,200.86458104340298,-2.269922773444164,3.944202737557529,0.0,-7.9089494650005205,5.112644004459241,0.0,5.448014877188118
20,265,-14.463988829867251,213.11358007036256,-13.149796307630414,-21.253897906341493,215.63364103003926,-3.5490922191763565,4.492590836782827,0.0,-9.04288402189787,4.162485154900443,0.0,5.799690071002244
20,073,-20.94900987654233,258.59024738735656,-17.208692993441254,-17.877672137021342,146.470279315766,0.1833649302604865,3.093039037004457,0.0,-7.035776151540713,4.358474280377798,0.0,4.486534085103098
20,071,-14.040834163552143,252.79360829172288,-20.636846591920467,-7.975901379264321,130.560476294317,-6.930780642566095,2.423330453251408,0.0,-6.489620946344226,4.244094401071105,0.0,4.319380462899121
20,123,3.0378750296492965,-85.0662313176728,6.591697261813547,-0.2731465552125236,107.61969885833997,-10.982348047013293,2.1502870452064133,0.0,-5.183601361691757,-0.44763650706079594,0.0,3.5271463488740573
20,224,7.542611585285586,-225.39907662513002,29.789038061802167,-7.387956248313083,178.2353054564337,-22.187851536239545,3.438400741689798,0.0,-7.6643131543498875,-2.10344444451987,0.0,5.326343219380948
20,344,-13.872385216823988,90.53907232559797,6.2657861938758135,-23.422795040365443,201.68478332076762,-6.959154916861496,3.847237179990229,0.0,-7.806801568745386,2.3075478380294565,0.0,5.430680710354785
20,140,1.3976076075620347,35.18230839126115,-6.787254100964686,-3.5423937946365793,61.501129785319826,1.8743559593782377,1.21301206420282,0.0,-4.05061882083486,0.966213147214909,0.0,2.8882664626472834
20,287,-33.05440500991821,707.8514498970319,-73.02906172953251,-7.43069648103512,202.3973692619556,-6.616246989943596,3.2460257672301798,0.0,-6.782443712614245,10.01250273391311,0.0,4.737050368252935
20,277,-13.673388346361119,399.47809456916167,-29.997853738214047,-4.685035145360918,189.81616186349936,1.3749767657629488,3.703902034422768,0.0,-7.158469041642126,6.444525845662566,0.0,4.762041800122066
20,082,-20.522956270245576,361.5086216866238,-32.129050714438584,-15.802839594486649,158.65087590129613,-3.4018568836728273,3.166658700996397,0.0,-6.725277435108082,5.725774412602755,0.0,4.543466720195613
20,110,0.4641676991844186,-181.48517997098057,15.351089182026083,-11.83683122857373,64.72761739568838,-4.030329957895979,1.2856307672910772,0.0,-4.237476544234028,-1.8410090278580393,0.0,3.1363048504596507
20,143,0.3834987322526162,36.00245874976493,-8.332373436793437,-2.4161867132094335,115.3988521909589,-4.107295837096316,2.1207231545504017,0.0,-5.3224800814759705,1.2047137844143916,0.0,3.747610915754211
20,374,-22.208454797417815,671.5012446798783,-38.87440342646101,-20.502557369315035,193.23370065068835,7.0618971273597095,3.1801807259141652,0.0,-6.63078814615606,9.441495357821466,0.0,4.893145963556354
20,034,-3.037630246040585,-11.972660668535728,-6.367542767649644,-6.147101495106558,54.35298975851454,2.8574125863457365,1.1895349336181082,0.0,-4.118679787291021,0.3130201938494014,0.0,2.8177683558512583
20,135,1.4569410481290002,-5.896189458772913,-2.5199491824802753,-4.890997415716553,119.16202945809177,-4.825728869991891,2.275594523078097,0.0,-5.2889845677229905,0.7727358751212596,0.0,3.737191470571098
20,103,10.60945169973769,-291.3178410188176,11.869480744525521,1.4949011149365572,127.72250686738532,-5.113647982634233,2.369893987012531,0.0,-4.560170369377745,-2.7778424010401053,0.0,3.7353338569468857
20,101,4.668219373011972,-269.7877247810746,14.082874450350065,5.860043958784317,87.92032488549258,-8.88051254789732,1.957280176704418,0.0,-4.2182857000284235,-2.933069619423826,0.0,3.2921434752130296
20,312,12.039695654856944,-321.13392007123787,34.56443595630125,2.2406393477503848,159.88869138791975,-23.47380395920416,3.1126992184243445,0.0,-7.249065540525251,-3.2783256838180552,0.0,5.049009848340072
20,149,-4.072529545205956,100.28085018545555,-19.0544847799066,-4.254122104428335,90.18698836713193,1.5503665781101368,1.6482150376975913,0.0,-4.604423400782568,1.921337156658989,0.0,3.336734921117258
20,201,2.5392388686179252,-334.8864433928052,11.436589135598531,1.5552605744419128,130.1032056522187,-11.714792874844742,2.6822433276326434,0.0,-5.486569503812684,-3.5138144200759855,0.0,3.955139007758497
20,241,-2.2540917200765245,-184.909638170045,24.328290914149754,-11.920592255859896,231.05416054937146,-28.058771658876676,4.4724866666979946,0.0,-10.527604455046383,-1.1782535102318499,0.0,6.343708967939571
20,360,-2.8515363284240642,304.0337888839296,-20.078069259718298,-4.4337084572571355,202.98951221193357,-2.969312143894599,3.800504739338309,0.0,-7.827887008003032,5.339895595402947,0.0,5.248795667839082
20,363,-9.182542692496394,336.8902910543257,-21.09927214349186,-7.226300995233825,220.26939163640435,0.4145546651467833,4.274517613247877,0.0,-7.89748382092867,5.696759067386637,0.0,5.719156805428875
20,310,8.42079442547946,-321.23485928466226,31.53679169283231,3.776113394683377,150.4029632759939,-23.048720381003033,3.1047830801403022,0.0,-6.975855316156522,-3.3355359572628966,0.0,4.64729343018465
20,200,-12.058363190198495,289.39256779187093,-22.724467780802577,-11.203463506436426,137.2581033132733,-4.979161325402763,2.815551998703106,0.0,-6.52109282392249,4.776397931388898,0.0,4.351823240307345
20,019,7.300018382985609,-261.803423869409,28.89713060688016,2.9736228004297525,120.91742681899515,-14.401093834376246,2.247854225436986,0.0,-5.745630888026266,-2.6949829281927484,0.0,4.410043836785126
20,077,-9.99739720889974,291.5441963196372,-37.405142419778336,-6.338106255033216,129.49486000783025,2.1600714024908094,2.489697523172923,0.0,-5.3497250206969085,4.527186301915506,0.0,3.771999291408018
20,247,-4.90143493081435,-65.38456230943578,8.644046661836233,-10.58043291982721,210.0810643161476,-27.616977849420234,4.271448425842677,0.0,-9.642644268750272,0.2446801963888754,0.0,5.824208206603815
20,255,-0.6125259473009379,97.93524230977123,-11.677597789686576,-10.411713506314648,207.24238133941125,-12.663938251141895,3.9964425944992006,0.0,-8.038844668049489,2.487739236936687,0.0,5.581725665587137
20,119,-0.2583973681414178,-68.24882239198377,2.5188371146210162,-3.212113357756847,60.97603993844533,-4.410010931229223,1.3344069145821023,0.0,-4.053447495742756,-0.39610525249601747,0.0,2.928087326766754
20,246,-1.7404191113662582,-66.55564479391462,16.1978982714924,-9.990247171862219,200.83274956597836,-16.325384782532595,3.9201580511885363,0.0,-8.800039920242368,0.0807851978026326,0.0,5.431679068869968
20,199,-4.523202716917439,260.3522360281075,-22.41435311032743,-5.187213010645677,132.33540083030746,2.9440882834424196,2.62370786582965,0.0,-5.765029278390506,4.349710311739488,0.0,4.0864678063590665
20,279,-20.913491630064417,402.7791465670407,-25.629766138036587,-13.797314158427005,187.93711513615838,-1.5517391097403967,3.7812175296411095,0.0,-7.45763966823902,6.557262849776891,0.0,5.087789245065309
20,168,-14.679652539982454,260.79351199200175,-19.23382039293991,-6.577331901427231,147.95839998134628,-7.82488915712544,3.0709351807637955,0.0,-7.232334267183829,4.4753547547032415,0.0,4.561213052749423
20,039,0.5202596734778729,-29.268050805629986,-1.1003164687826434,-7.583194477194182,150.1818110969709,-14.230773358829179,2.730411214279596,0.0,-6.563446062179374,0.43533875122070564,0.0,4.561247747509629
20,259,-14.157328070031328,86.96217869801035,-0.12138378492562207,-20.796021852339145,241.1561878474516,-11.888411195054807,4.4889067566670615,0.0,-9.116903723036453,2.6100432848503594,0.0,6.137349928640005
20,142,-1.8038038919051902,32.68490525029075,-2.4593696122537776,-2.95270153168631,100.44149154886813,-1.3017151912833342,1.849772559379146,0.0,-4.786478241404681,1.1844818605515592,0.0,3.4621990813824715
20,333,2.851210372856219,19.210748311696065,-1.7408721035411654,-8.031483249890176,189.3484630008749,-22.890905667136646,3.5345957941162127,0.0,-7.565127753755371,1.3795306992676974,0.0,5.151147523433961
20,352,-20.70671040922536,219.90700409799757,-14.335994375324294,-24.153767799111822,212.2326995220882,-8.121529418273562,4.040175306374507,0.0,-8.078516953758218,4.106927068291608,0.0,5.379353357226495
20,293,12.596575434079954,-341.139198356038,32.64233979908552,5.776784887178166,129.12377596903718,-12.537738961096549,2.673369207091713,0.0,-5.314625013205379,-3.321429533960659,0.0,3.9567298427868542
20,068,-12.289520719665438,220.17625780889978,-30.27016637151695,-4.021850710695552,90.2312481570804,3.1168032514152317,1.809965333475727,0.0,-5.485700326628963,3.562794443467748,0.0,3.507442385472489
20,147,-5.5789596248467594,-6.642405972609843,4.7001916942555235,-11.479088432869876,150.1468943597745,-15.440072177498706,2.8575663977945136,0.0,-7.262169778291888,0.7230983650700245,0.0,4.866756205054186
20,038,1.4779247256109154,-16.720829388099332,0.7001140483817663,-3.4244349326145866,129.3088974927534,-13.431257900035318,2.614406520122915,0.0,-6.41806408818813,0.500509619303243,0.0,4.167974655582362
20,049,2.2143416188840264,35.67495428154385,-4.6358854406108225,-0.742039550079248,159.07191978696605,-13.349429925775054,3.136960677286995,0.0,-7.771078518886494,1.3359201830783323,0.0,4.817290468815769
20,095,10.534207523023907,-261.4557644326134,16.058328872799315,8.42463439691254,85.12602000845385,-2.596631704068032,1.9396055654479567,0.0,-4.419823551345549,-2.7725949720519374,0.0,3.2872647665855492
20,208,5.979010788544407,-407.966720650652,38.92188150087796,6.371213099608404,168.60214786710077,-23.354871782564825,3.264792847419815,0.0,-7.267063237335133,-4.244550829744656,0.0,4.984903884961706
20,261,-9.017858908036413,219.6179780111427,-14.279237517120137,-13.749482408924992,196.9265044627418,-0.3167900651867015,3.874933386658073,0.0,-7.882204770519351,4.1879139506202,0.0,5.265397751061701
20,345,-5.923125000470932,105.46781472393715,-6.13624258506519,-15.983491047395887,211.9553588162457,-17.442466892744246,4.301084212895975,0.0,-8.913851914653977,2.561738534068411,0.0,5.705108716779431
20,163,-5.232349493159797,189.80257366134964,-14.150864416126783,-8.479916960994085,173.97001572574285,1.8382030156497717,3.527228235587632,0.0,-7.136930608487538,3.694248697646456,0.0,4.761582959522638
20,257,-6.074974415526028,96.59604376126543,-1.591857333625084,-18.059179695514416,225.38073919076962,-17.60270686822623,4.188442628328942,0.0,-8.516179064987085,2.626825954226221,0.0,5.7601632557512445
20,017,2.3196050505158885,-228.97563500378453,24.20316088400523,3.22923493235469,103.73699454321455,-19.29806366131774,2.0547412461304746,0.0,-5.165113081865093,-2.3534150855769194,0.0,3.7749556642499593
20,181,-30.330508632995766,433.2597573353684,-36.52777023048084,-9.670624445470306,103.55934961759631,-2.393368884135048,1.7988360536315118,0.0,-4.6113441266159505,6.0765342584830675,0.0,3.4091462602820934
20,308,8.372221679636919,-295.84088386096045,26.980323242460607,3.364578112188182,148.5819281530909,-18.30184339793489,2.991207594297995,0.0,-6.205143154238201,-3.1206608930862223,0.0,4.381533606981627
20,326,14.011136652298239,-300.1593377609401,36.546143950954026,0.17012199669694628,193.21985536492105,-24.80653737447983,3.669818955515498,0.0,-9.1196432460152,-3.1122326810768355,0.0,5.198324933912397
20,304,10.931434384874217,-402.31226460728874,39.90036687688375,3.9612170450876825,157.15623899327974,-14.218106381889951,3.325747700959738,0.0,-7.2262917267933116,-4.232857887081883,0.0,4.760068981521527
20,362,-17.884920558223005,302.2468065393874,-25.871622719202527,-14.626697060489219,199.88832375203057,2.0347139416755438,3.9480563946857097,0.0,-7.636125602306845,5.376843138890115,0.0,5.298019297108286
20,297,11.107007302294026,-338.48853391204534,24.469993404895938,1.561679362608898,128.0623794678364,-9.836705940410642,2.7747731417617514,0.0,-5.740829801182637,-3.3682985404966033,0.0,3.956389786138006
20,189,-6.1375790200351386,199.61149603227577,-26.68587931212626,-3.582623835746702,80.37692761008171,3.337985310201307,1.6196901280782998,0.0,-4.814366647371608,3.185502785826535,0.0,3.3172271461766565
20,296,17.140929662168798,-353.42904260465633,30.6922007783568,3.3767701069125002,148.15798655098803,-14.069958660865003,2.834091063534891,0.0,-5.987890865534439,-3.5444971034845087,0.0,4.304749704773042
20,346,-13.923004518973572,103.94003326729623,0.06786700718961391,-16.607167080291447,224.78293217048986,-17.552236966525214,4.281155311955988,0.0,-8.602536100412589,2.709603615937,0.0,5.827905194068014
20,256,-6.694822743406218,123.7631638880492,-3.525526873040328,-16.814852603635476,215.1437687760042,-17.662835268050436,4.272134593938146,0.0,-8.706617451579294,2.9461517744720878,0.0,5.759911738666585
20,365,-20.44647198682558,403.83637881751,-9.032262410454768,-17.05996265312061,190.8896486221238,0.5246948627198949,3.6610352520485385,0.0,-6.932103744308273,6.732103895205407,0.0,4.776759276890171
20,118,-0.12800723904719524,-55.223319730469456,2.1465012324220796,-3.9075025529573724,49.873420689102986,-2.244786120453396,1.0629614165418337,0.0,-3.64901607464271,-0.25124025240422443,0.0,2.69089443188224
20,245,4.097816466164797,-43.45574391655851,6.397810703194654,-5.299022294333846,206.49453340915096,-18.098485603754355,3.721236277133757,0.0,-8.048089394162991,0.581518407950967,0.0,5.346440684466815
20,202,10.60593794530396,-344.5810219809142,27.07578250733407,-2.8264203891126156,135.65322985081875,-12.149527409601182,2.8086427680992703,0.0,-5.891727357557216,-3.5669371792527977,0.0,4.073131198214048
20,097,9.837552395237926,-212.0632175030216,4.328506721379242,4.3320714859679335,50.73581285765092,-2.8726185311775803,1.0684147000574837,0.0,-3.5596678555991383,-2.3714242549888915,0.0,2.702467110834594
20,059,-7.80029549853569,139.83638566977027,-11.062333006312505,-6.9568181491002425,82.0270571387172,2.265660234950697,1.602839026162034,0.0,-4.412267882173868,2.31651260376569,0.0,3.0599055070105896
20,195,-22.97746540174192,280.3173091835501,-25.411872743901576,-11.714599401806513,158.7115126938315,-0.9668613575469256,3.030152487641537,0.0,-6.824393009680225,4.82644444437707,0.0,4.641079751126153
20,280,-17.777317223489185,421.593833685138,-25.63265411852956,-11.204827775670635,194.35754029174987,2.760586540778087,3.709388323515146,0.0,-7.602779803015825,6.723526505232387,0.0,5.266418059481532
20,278,-14.164672585756822,415.5282232563273,-21.166069000915087,-16.288707347985962,191.37286993902308,-14.108147196466577,3.9332492729736517,0.0,-7.58344572995359,6.416052374292197,0.0,5.252588407887291
20,276,-27.360168419727117,387.9209661378212,-35.63592100060386,-17.33860587864701,180.74092920826408,-6.336492028812317,3.5516814225859576,0.0,-6.8559952333534655,6.231133072321681,0.0,4.932929593212833
20,170,-5.460922618598412,226.69343988486375,-32.72408396267947,-4.075040431388776,75.56031635276601,1.319573562399146,1.4907141409697369,0.0,-4.22117818530845,3.43588232203264,0.0,3.0497295297389484
20,349,-6.681558851945635,226.64001165263969,-5.719816611535393,-10.102359146186325,193.3617070353315,4.319998822241903,3.6943187387934486,0.0,-7.291965776224704,4.300320771978762,0.0,5.143309506858172
20,324,-0.5125402663122909,-271.9208259031532,46.379278823134236,-5.7046806813386635,192.28170550839945,-35.50926178267735,3.7253501458547813,0.0,-8.93790422801288,-2.7073227472576287,0.0,5.64098456901655
20,240,-7.510541331677123,-175.82902508745946,23.365694586339234,-10.731430979798208,229.91788152859914,-26.43580469644231,4.39626597226097,0.0,-9.707517392222929,-1.1958724419301352,0.0,6.407190174134193
20,274,-0.004727985823828718,316.1469792882965,-18.110065300129463,-2.212337296927168,205.95016282052384,-1.66646976775887,4.37734477797321,0.0,-8.686511736033331,5.586917160868351,0.0,5.4216347304527766
20,226,10.795274432858806,-249.9895532707003,26.52463526749093,-4.523258510096269,193.76914958274668,-19.828597790517072,3.8891956237763208,0.0,-9.2328853377819,-2.2845555417297843,0.0,5.579453954613963
20,295,8.007700975290293,-352.6800257669881,27.075072141971894,0.6140911474138644,137.95554376123758,-14.337754308534493,2.7957615110347778,0.0,-5.773292732450125,-3.537742800925881,0.0,4.215726461178665
20,091,-18.44266881365873,618.4519342771517,-37.07847832959828,-5.101719449157346,172.90734921198992,10.257480796531436,2.838583517039623,0.0,-6.299244896608758,8.608816062775883,0.0,4.500363971186866
20,057,-6.1816828666003865,123.20948371836145,-13.578417776724704,-10.862303089360612,161.3096887180439,-2.6221224865820467,3.157351986667508,0.0,-7.514392706994513,2.545990236752276,0.0,4.84645065301595
20,069,-9.47927530466721,246.25132320026657,-15.049267648268433,-8.886837016918758,124.63008913680746,0.8362201368626465,2.505433097274552,0.0,-5.618062511093674,4.049294222551634,0.0,3.927491979885202
20,133,-1.1169081753872536,-15.917589042219854,-4.055441680443105,-4.207731998535881,71.1832300729384,-1.8470958874502157,1.466707106306723,0.0,-4.460210943803249,0.35090891112406286,0.0,3.140334388406983
20,072,-12.268727113352114,258.9263605592652,-14.137768013159638,-10.270448702845785,144.26107724411224,-2.5754005430616562,2.9459393282005104,0.0,-6.550976457241498,4.447623864920038,0.0,4.402970209303544
20,207,4.921722959813065,-396.93762179894094,37.96119696519589,2.854926187917722,164.10337699059252,-23.978451014128364,3.438375391982975,0.0,-7.300443753657027,-4.10255159449081,0.0,4.876280444790016
20,139,4.159579865339068,-48.409778835799024,1.7630799416154717,-2.673443904356775,140.8214540570016,-18.245679145919674,2.598605562110837,0.0,-6.468119663931477,0.18025855408148206,0.0,4.569268308628937
20,172,-5.279286961370262,299.9455012262374,-25.36631944689065,-4.451683558031417,126.1875766196527,-3.8270714032047426,2.434783329596601,0.0,-5.390477040343101,4.754724722201429,0.0,3.822801832270235
20,271,-15.712787264748096,297.4750448082968,-17.85357739702083,-5.2560483897961525,191.03299345812962,-0.9065755977072243,3.7787825284958085,0.0,-7.4255599631543605,5.201108921531294,0.0,5.185803913064031
20,042,-3.0796076731320947,33.88400261782492,-7.56906209863422,-4.8826015120110275,60.05084251203924,0.6476902393115347,1.2664430400190327,0.0,-4.210250773395512,0.8865569445192648,0.0,2.8797429041142566
20,194,-17.136834380123638,284.4941285363901,-19.227987257505603,-16.25138648334779,159.12457003541962,-6.526705289558167,3.171619988703401,0.0,-6.611056969981748,4.835980813430655,0.0,4.677045366745968
20,366,-32.92936940389522,418.77815468786025,-35.92978272667004,-9.581206273659888,203.49592807046102,-3.195695719062712,3.8280803522543256,0.0,-7.304525499596928,6.776825664943235,0.0,5.25913465543519
20,300,6.700736032072511,-372.3335310070129,30.081195689661325,-5.286247106468145,139.98578995570315,-14.35532084250766,2.7951393820242325,0.0,-6.181276071406504,-3.9353685652640484,0.0,4.431035161299986
20,115,6.585601526831208,-239.08528086330602,25.33281730225268,-0.9541368086089408,103.97383381941559,-14.355871979353928,1.9647692257821137,0.0,-5.038380710566048,-2.545750976244605,0.0,3.638811511025394
20,213,13.008808451879137,-293.8008551835681,27.778414480512044,8.134162283977613,158.62340097232,-18.728640144108223,3.0216368353742458,0.0,-6.508401742102942,-3.037749533602894,0.0,4.679426085704799
20,359,-17.665012633606867,320.3478180067122,-19.993502836028014,-16.97974529034115,201.67201109337324,-6.490075694185216,4.065030273870249,0.0,-7.954104341205589,5.595649625793687,0.0,5.3029357791686085
20,079,-12.515463112137546,346.9472284620352,-19.326543205593083,-6.122504489728911,157.79515150055948,4.112683273564114,3.023154768360029,0.0,-6.037479599900587,5.745912691664567,0.0,4.166916209775758
20,174,-7.130789253293083,355.40644824985105,-17.5719251517772,-8.388617819128484,161.74608048234649,-2.73199493575163,3.0437492746689845,0.0,-6.312682459650657,5.63561044918897,0.0,4.503891707399127
20,328,-2.391020154141365,-138.68974547269036,14.922954296257606,-11.336420359429528,219.18269900688688,-19.69041030772499,4.098380368216811,0.0,-8.27000854788692,-0.6641561742018236,0.0,5.558161219904668
20,066,-1.122487947785829,193.35593271537388,-16.928157779426005,-8.421521492814811,176.32376482034846,4.685236275223803,3.3757471690084566,0.0,-6.755679246329985,3.6859466548594537,0.0,4.851107031136352
20,210,10.834449208248284,-294.913991266028,26.819858068605505,2.2193884908868817,151.5624014240447,-19.132153602890032,2.8706304759520482,0.0,-6.159257140254869,-2.958402782363841,0.0,4.47548063131404
20,191,-5.026616582093993,263.4992368935105,-19.177403020426038,-3.2890083501426846,134.8970589223751,0.390189111481843,2.5787042233218984,0.0,-5.584805383561904,4.396215207992862,0.0,3.987640184018865
20,292,-16.698590714351106,775.4381324994597,-45.57753146003434,-7.37708388443163,326.28440082116384,5.166546365822569,3.679848852536838,0.0,-7.015612636773222,8.680927673291881,0.0,5.707012273311115
20,237,-9.375983200236508,-163.52805088214086,23.598456791240967,-18.05699807519068,235.925122402264,-28.052410650406394,4.317809637809995,0.0,-8.64437483703912,-0.8096423100734631,0.0,5.727341445572034
20,250,17.283557397599516,-102.94968470684073,-1.2872000934811219,3.567372111163697,243.75136910358722,-18.102464509982067,4.586199859501778,0.0,-9.929250792560845,0.09072525323743674,0.0,6.513376119702404
20,176,-33.1149061835966,376.00264504707224,-20.57074425386538,-3.3304092010974395,168.32619578921467,-3.353156139814196,3.2302360664747756,0.0,-6.894105868212328,6.030335539497578,0.0,4.653610431402065
20,302,12.471293145903253,-393.595598478135,34.09149363211432,-2.863675415046392,145.421412319255,-7.175046150621535,2.9958420400299985,0.0,-6.260494759693722,-4.148029591496116,0.0,4.381051860925456
20,044,-1.546612297344733,40.586975804401334,-9.552661529767505,-3.6886722021403937,77.84598822320434,0.5047495663398438,1.4948695977717943,0.0,-4.3934790699634245,1.0689176374843963,0.0,3.210515187300224
20,187,6.507505991929783,-212.8941997557041,13.253002717486375,-5.863742251813366,50.32194200111604,-4.21775820440104,1.03319432759629,0.0,-3.5238552355847044,-2.332383151388652,0.0,2.735744739404173
20,018,7.3725730079510345,-247.7907433394865,25.167568612184027,0.44794402392129484,109.5625089763832,-11.280783945917618,2.1780619662160237,0.0,-5.772292392155366,-2.53373123369948,0.0,4.111008978706906
20,283,-14.66716433239334,446.9045971410889,-36.022433841886844,-18.167667824010472,213.71685878147335,0.3656868221990015,4.0260115719455865,0.0,-7.750208989812886,7.148676381756555,0.0,5.441304686935762
20,353,-13.994990288317782,207.24590423423965,-9.125355693022527,-18.856396597309978,215.81860036500933,-1.4655464246360523,4.241919571654347,0.0,-8.628355062510664,4.205064967098814,0.0,5.5093403649744115
20,006,-9.604580464172166,-296.74637007969693,13.462978005768523,0.7775017139568994,101.13454430230104,-5.955501704819113,2.2095232140439407,0.0,-4.694776578512087,-3.0930400522751,0.0,3.3475912846208438
20,085,-14.180414353925446,384.47825100361626,-35.57733663961112,-6.78639260961117,86.07533639898675,3.5209031377753126,1.4487147163192235,0.0,-4.3250550443586855,5.319210067076927,0.0,3.0519710136806677
20,158,-0.7753824535763236,178.7011251800699,-13.516770930691713,-4.354608926271794,126.5941341685945,0.9397666267570475,2.5704729440398864,0.0,-5.429866691838755,3.196398198857089,0.0,3.8868738028413663
20,235,0.6818594921835848,-115.66441859173759,19.773222906136514,-14.205535575531094,203.7345735667463,-19.98843779181088,4.068506320581651,0.0,-8.524356204195081,-0.4723579193902654,0.0,5.422798831421676
20,009,9.861463697994905,-325.8507192698445,33.607904526944985,1.6357023755433304,116.83443235939065,-16.67884481381312,2.2791483770138248,0.0,-5.378122277363172,-3.333297831336614,0.0,3.9612435789229608
20,321,1.6679174845681306,-212.97888106561442,38.69673720578401,-7.245169489078872,189.26184841280917,-29.85134441225595,3.55264935580915,0.0,-8.094250994876122,-1.9307779273263466,0.0,5.294257360463676
20,192,-12.839987865674823,306.31132782704344,-24.028091143184255,-10.955190420948517,156.45950437923187,1.7661851335691043,2.9372199510681445,0.0,-6.391803414437277,5.037927069664012,0.0,4.504690261458693
20,108,0.10414666526093486,-154.9170788560061,11.296770515395208,-3.162492876259031,38.91034098168343,-5.436751321752016,0.7223193657868541,0.0,-3.6168689106128293,-1.78168699564123,0.0,2.0457730624936397
20,046,-0.9906286557592576,42.4405091169723,-11.274397078342522,-5.648583783007282,118.34394070590565,-6.031007755945346,2.34272634127607,0.0,-5.525471775463013,1.2412404793374403,0.0,3.8028303988777497
20,161,-7.117246640764396,184.42050661523984,-9.282833713924406,-9.83858380634755,157.74187030875984,-0.19024396779708752,3.283844437913599,0.0,-6.367573192617923,3.4367048016984096,0.0,4.590641153967349
20,356,-11.710321101921947,205.38814762326268,-9.574303917543311,-18.81654048493613,227.98230298820047,-3.835873630154838,4.427905577789622,0.0,-8.64995980407777,4.228773532280021,0.0,5.975665182381715
20,204,3.8244277240301017,-354.4244711794249,40.5234442465992,-3.405000814260159,141.35583101279525,-26.02517705846232,2.7907980522093725,0.0,-6.767619863232549,-3.7090240906353396,0.0,4.603409504340252
20,153,-8.403343399689977,101.44610179428227,-4.667362632750419,-11.189869038439086,136.39888444971226,-3.791904718407849,2.579678686936847,0.0,-6.408765667030766,2.1999793498484186,0.0,4.407523949119602
20,269,-17.162723739688417,280.9772012726762,-24.99919477888031,-7.699906466299932,176.96942394205678,1.5135206869968663,3.242145852441419,0.0,-6.945711818971024,4.891646806797406,0.0,4.769092122918556
20,254,-8.453200744677284,105.0275444876453,-9.221249958604265,-13.681958132508555,201.01491347389188,-4.213814887849923,3.8905032998135165,0.0,-7.872910741484722,2.5252868330828533,0.0,5.2450251807175245
20,270,-15.190765675648972,294.3437463335374,-12.365629333764678,-18.139231185466567,188.7875427112523,-14.560116947218742,3.9051421063423195,0.0,-7.9777696259811375,5.159216867041139,0.0,5.1310870908590775
20,317,11.331409035927857,-331.8376750512312,33.72564018114455,-3.555085252102563,172.44294583111352,-22.794862054910865,3.2671690192791893,0.0,-7.530225454032302,-3.330165152404933,0.0,5.574793693715881
20,055,3.9005638337297697,133.1707561593296,-16.90890654064771,-4.352754450191397,145.4628271528804,-1.1592111730183086,2.8727215010594542,0.0,-6.464861626522314,2.6716698321655024,0.0,4.471055707623507
20,026,3.725346266162833,-80.18207417811905,1.4507245468267729,-4.969583863895788,107.79676578559051,-5.351188512833653,2.1066605781684604,0.0,-4.9244736672224185,-0.31610572215371757,0.0,3.5919203102754658
20,372,-27.471529351332208,420.6604358948159,-44.76680784259866,-19.543588542770557,199.48232589546575,-2.360633582404887,3.970541063357973,0.0,-7.889048077902273,6.847423295771992,0.0,5.237607590403089
20,384,12.682287946128607,-330.3081543315654,21.263809816722617,-0.7181522933142377,138.4619276282174,-17.178425015091314,2.719548963270867,0.0,-5.485271635581746,-3.276605281934086,0.0,4.114712367088749
20,015,0.8916337392231783,-221.86096275432064,18.48263200830036,0.22577826181915484,93.1954877760904,-9.963710505391832,1.9055867189175903,0.0,-5.0795266195908635,-2.315305198183272,0.0,3.5564231721986914
20,131,-1.967035241979653,-10.922846540239881,-5.906911121981929,-0.9350662920344878,54.54148902051769,-0.5649655827130913,1.135632706230297,0.0,-4.02497400565282,0.2783487542418883,0.0,2.8516036908356046
20,065,-3.215402884718573,188.30191769686627,-8.31050437310893,-9.237123358624588,163.17074005555327,-2.5992010977253783,3.20123250792164,0.0,-6.311522873202832,3.455361597764736,0.0,4.646048266285075
20,029,4.022871584188653,-108.43926498833211,6.925014816908302,-1.8500098236457623,127.06168490562112,-9.784882886134115,2.3365627054932676,0.0,-5.316306810098994,-0.6348879392858815,0.0,3.7202150229730178
20,227,-6.893882964406418,-285.31022102889943,42.632648382365275,-5.4924895076056135,192.48861812147496,-27.975609397193686,3.4488565380862024,0.0,-8.647113019017889,-2.7620679162869113,0.0,5.33271782255767
20,367,-23.576411045815508,398.4305954749915,-29.40770966324032,-10.883522300757129,189.14612595288912,-0.029037440689904326,3.7971235636565277,0.0,-7.495657482847145,6.409360592134592,0.0,5.05334376664687
20,288,-30.466898705864445,724.6378105511466,-53.3072953575022,-13.259402313082214,223.36933635870733,5.045866068525675,3.4966637720086835,0.0,-6.8793542497686175,10.028826206712386,0.0,4.940496281966599
20,347,-14.242469089351449,109.2691982616902,-10.791156094237625,-19.846456742204825,243.05662734510366,-14.371055647980457,4.549550441459753,0.0,-9.372548288177903,2.8387147717854555,0.0,6.237164589742882
20,098,9.61312790683907,-215.44118362886547,13.305703441890472,6.773261749852929,48.40253973896893,-2.615061276783065,1.0508253182941925,0.0,-3.5025483740941734,-2.3854619758041262,0.0,2.7062100123577824
20,086,3.2705436997381643,430.90773280817655,-18.306969243605284,-4.994961926584884,104.1851454027164,9.774028269614996,1.7542951824878728,0.0,-4.6158735730119735,5.979166836308385,0.0,3.3908125998039966
20,070,-8.75289972518829,252.47179293109554,-22.32040295047873,-9.44900000657998,120.24416407761439,-1.3699854293506593,2.4693825922892945,0.0,-6.375649838495284,4.103160409215385,0.0,4.180609359251324
20,113,4.388343734539679,-226.07038277733787,20.184929819620564,0.6713958326940643,95.34550600920551,-10.885680124761198,1.8845467405624488,0.0,-4.9830670296193675,-2.337652001040693,0.0,3.4917665681789556
20,061,-6.097798536992597,173.88042192620952,-19.891990200664814,-6.9425282726061575,126.39710286892165,-2.1115458155600777,2.56005849076186,0.0,-5.473694219147565,3.117495846978501,0.0,3.8247699300289426
20,342,-1.5736861780950757,92.53215954370977,-4.328742470304652,-6.681296476234802,192.59186547733717,-13.01713810108462,3.7682828079953197,0.0,-7.894952137261399,2.4241288571345128,0.0,5.213709312873735
20,112,4.094146615086464,-191.49901230039032,22.16598932210157,-0.9357911497940092,78.14274319467525,-9.195708138223935,1.2808207572391506,0.0,-3.97505045584428,-2.019574987754405,0.0,3.3414356345512726
20,186,-36.67538924373951,603.5267167857962,-52.602651886066944,-18.04882720523574,158.1687310858025,0.9793289097107829,2.793522650582841,0.0,-6.1657698288181475,8.552182040035806,0.0,4.430951978844944
20,138,-4.992524023178054,-48.69873919134765,13.149783239259596,-10.866898843403728,156.84870848041294,-23.96908501211317,2.806481432023352,0.0,-6.702495070248661,0.14383796046065012,0.0,4.776713953541786
20,106,3.033001492121868,-302.1058120572742,23.2056470970037,-4.30459838805221,121.43649004071108,-15.248692682648667,2.473866321391453,0.0,-5.510092083405432,-3.053041358559731,0.0,3.8118563632336095
20,116,5.731072487187687,-244.45454138107604,26.876173641362303,0.9887475623099213,110.72413256459669,-18.756292627169895,2.2623518165005767,0.0,-5.877664030227811,-2.441005696047206,0.0,3.865836596266934
20,313,14.015941003420503,-329.6439492381621,32.06259764249865,-1.7780257530531092,164.70253595015006,-17.27908914310509,3.107095955461079,0.0,-7.787642899409605,-3.5070236841648814,0.0,5.38130163941923
20,282,-19.21563134920354,414.443115827339,-19.227214446684435,-10.62666542925854,189.35027536172103,2.617845475971221,3.733176931994333,0.0,-7.530057006399578,6.53602628668246,0.0,5.34580101256563
20,088,-11.073334025454056,525.7883432424237,-37.7901572889876,-16.442623141726305,144.1533506906772,1.1205330328479652,2.56479928908944,0.0,-5.6616209566135955,7.48788874547709,0.0,3.991264774233853
20,243,-1.2916763626032275,-14.992619135566985,4.074389387207928,-7.7697651743107174,182.27038981482437,-13.577174810854284,3.175953891344207,0.0,-7.094085496087427,0.8085186958512072,0.0,4.94277561337157
20,330,1.462856909120518,-193.08901323621984,18.440396624320805,-5.727076438246689,220.20572955723,-22.82038987279895,4.261653454764368,0.0,-8.91118339398027,-1.5355039475583618,0.0,6.230874903249448
20,064,-3.5343792487280545,187.48303504694474,-14.507577395956261,-8.730883209977334,163.8961865903775,-0.8172215617624401,3.354758072978779,0.0,-6.689606777714274,3.5687550847458387,0.0,4.639178458433417
20,159,-7.182483191814798,187.20254166244828,-12.188942369791995,-8.371097295114696,138.47568438250622,0.502307500786038,2.8761027425924537,0.0,-5.86882697771557,3.310168893529658,0.0,4.249733917484648
20,007,4.7792065118404565,-301.30408306200826,21.189596258061755,3.093724211463094,109.99510270066727,-10.170740164383336,2.2657858062962446,0.0,-4.889448195299503,-3.026246932420942,0.0,3.6642926962928635
20,011,0.4604860587074846,-166.337418254589,16.106662819348514,-2.935720952989495,52.03630191155513,-2.6485934407071117,1.0858416829502837,0.0,-3.9892214607585124,-1.6922705406328884,0.0,2.749869354415845
20,045,-0.22324623834985946,44.888444231317564,-10.172954416240078,-3.039695635174695,99.91631182716436,-3.680881208610006,1.9942746245299565,0.0,-4.898502018842779,1.2477844142980645,0.0,3.490507931823897
20,281,-13.467872903202151,419.6217951080799,-33.07440365798456,-11.949601831836608,198.80776152311532,-3.096357330727903,3.8562120261657196,0.0,-7.676107016570191,6.789118820622754,0.0,5.306533293888341
